<?xml version="1.0" encoding="UTF-8"?>
<?xml-model href="http://livingstoneonline.github.io/LEAP-ODD/leap.rng" type="application/xml" schematypens="http://relaxng.org/ns/structure/1.0"?>
<?xml-model href="http://livingstoneonline.github.io/LEAP-ODD/leap.rng" type="application/xml" schematypens="http://purl.oclc.org/dsdl/schematron"?>
 <?xml-stylesheet href="http://livingstoneonline.github.io/LEAP-XSLT/transcription.xsl" type="text/xsl"?>
 <!--Converted from a TEI P4 XML file to the LEAP TEI P5 Schema by James Cummings on 2015-03-02--><!--TEI encoding revised and standardized by Adrian S. Wisnicki, 2015-2016-->
         <TEI xmlns="http://www.tei-c.org/ns/1.0" xml:id="liv_002124">
	<teiHeader>
		<fileDesc>
			<titleStmt>
				<title>Letter to John Murray III</title>
                <title type="alternative">Letter to John Murray III, 27 November 1864</title>
				<author xml:id="DL">Livingstone, David, 1813-1873</author>
			</titleStmt>
			<publicationStmt>
				<authority>Livingstone Online</authority>
				<pubPlace>London</pubPlace>
				<date>2008-11-25</date>
				<publisher>Wellcome Centre for the History of Medicine, UCL</publisher>
				<idno type="LEAP-ID">liv_002124</idno>
			</publicationStmt>
			<sourceDesc>
				<bibl xml:id="shelfmark">National Library of Scotland; MS. 42421, ff. 23r-26v</bibl>
				<bibl xml:id="ccnumber">Letters, 1545</bibl>
				<bibl xml:id="recipient"><persName>Murray, John III, 1808-1892</persName></bibl>
				<bibl xml:id="date"><date when="1864-11-27">27 November 1864</date></bibl>
				<bibl xml:id="where">Newstead Abbey</bibl>
			</sourceDesc>
		</fileDesc>
		<profileDesc>
			<langUsage>
				<language ident="en">English</language>
			</langUsage>
			<handNotes>
				<handNote xml:id="hand01">Scribe: Unknown</handNote>
			</handNotes>
		</profileDesc>
		<revisionDesc>
			<change>
				<date>2008-11-25</date>
				<name xml:id="CO">Caroline Overy</name>Initial Transcription by caroline Overy
			</change>
			<change>
				<date>2008-11-22</date>
				<name xml:id="CL">Chris Lawrence</name>Proof by Chris Lawrence
			</change>
		</revisionDesc>
	</teiHeader>

	<text>
		<body xml:lang="en">
			<div>

	<pb n="0001" facs="liv_002124_0001"/><!--pb/@n='23r'-->
<!--printed letterhead--><!--<p rend="center">Newstead Abbey</p>
<p rend="center">Mansfield, Notts.</p>
--><!-- end of printed letterhead-->
<lb/><p rend="right">27 Nov<hi rend="sup underline">r</hi> 1864</p>
<lb/><p rend="no-indent">My Dear <persName>M<hi rend="sup underline">r</hi> Murray</persName></p>
<lb/><p>I send a parcel 
<lb/>this (<choice><reg>M</reg><orig>m</orig></choice>onday) 
<w>morn-<lb break="no"/>ing</w> booked at <placeName>Newstead 
<lb/>Station</placeName> for <placeName>50 Albermarle 
<lb/>St.</placeName> containing pages 
<lb/>87-259 inclusive 
<lb/>of Manuscript. It 
<lb/>is much interlined 
<lb/>but I think very 
<lb/>legible - pages are 
<lb/>introduced but all 

	<pb n="0002" facs="liv_002124_0002"/><!--pb/@n='23v'-->
<lb/>carefully marked "Insert 
<lb/>slip page so &amp; so" &amp; ten 
<lb/>pages at one place 
<lb/>185-195 <persName>M<hi rend="sup underline">rs</hi> Goodlake</persName>
<lb/>wrote on both sides<reg>.</reg></p>
<lb/><p>The whole is 668 pages 
<lb/>I question if I shall 
<lb/>need the manuscript 
<lb/>back as I thought if 
<lb/>you wish to keep 
<lb/>it. I shall require 
<lb/>to add about as much 
<lb/>to the first part of 
<lb/>the proofs in proportion 
<lb/>as I have done to 
<lb/>this.</p>

	<pb n="0003" facs="liv_002124_0003"/><!--pb/@n='24r'-->
<lb/><p>I enclose a much 
<lb/>better lip ring woman 
<lb/>than that left with 
<lb/>you - also other lip 
<lb/>ring women shewing 
<lb/>the markings on the 
<lb/>body - the small ones 
<lb/>were done by <persName>Meller</persName>
<lb/>and photographed 
<lb/>at Oxford. I have 
<lb/>them from <persName>Meller</persName>
<lb/>and if you think 
<lb/>right would like 
<lb/>them as woodcuts 
<lb/><persName>Need's</persName> figures he 
<lb/>himself complains 
<lb/>of as ugly  - your 

	<pb n="0004" facs="liv_002124_0004"/><!--pb/@n='24v'-->
<lb/>artist need not make 
<lb/>them hideous - I send 
<lb/>a number of photographs 
<lb/>of the very women <del type="strikethrough">of</del>
<lb/>we liberated in the 
<lb/>slave gang to help him<reg>,</reg>
<lb/>the fellow in the hat 
<lb/>&amp; jacket was a rather 
<lb/>good looking dapper 
<lb/>little fellow &amp; once 
<lb/>our own servant<reg>.</reg>
<lb/>The thin legs of the children 
<lb/>are very like the 
<lb/>originals. I may have 
<lb/>three or four small 
<lb/>wood cuts in reference 
<lb/>to the Arch bishop<reg>'</reg>s idea <hi rend="sub">x</hi>
<lb/><note n="x" anchored="true">X I have got the book</note>
<lb/>and if you don<reg>'</reg>t use 
<lb/><persName>Waller<reg>'</reg>s</persName> something for 
<lb/>N<hi rend="sup">o</hi> 6 it might be one 

	<pb n="0005" facs="liv_002124_0005"/><!--pb/@n='25r'-->
<lb/>to shew the progress in 
<lb/>iron manufacture<reg>.</reg>
<lb/><del type="strikethrough"> No 7 I shall get a 
<lb/>lady who excels in 
<lb/>that sort of work 
<lb/>to do</del></p>
<lb/><p>My brother expected 
<lb/>his wife from 
<lb/><placeName>Boston</placeName> on <choice><reg>F</reg><orig>f</orig></choice>riday<reg>.</reg>
<lb/>She has been at the 
<lb/>American booksellers 
<lb/>but has settled 
<lb/>nothing - the <persName>Harpers</persName>
<lb/>evidently think 
<lb/>they will get it 
<lb/>like the last for a 
<lb/>trifle - she is an 

	<pb n="0006" facs="liv_002124_0006"/><!--pb/@n='25v'-->
<lb/>American so it is 
<lb/>Diamond cut Diamond 
<lb/>I think - she says that 
<lb/>if the Americans have 
<lb/>to pay well for it 
<lb/>that will be in your 
<lb/>favour in the 
<lb/>Colonies which I 
<lb/>suppose is true. 
<lb/>I told my brother 
<lb/>that you would 
<lb/>not decide till he 
<lb/>could go to London 
<lb/>and then you will 
<lb/>see my Yankee 
<lb/>sister which is 
<lb/>more than I ever did<reg>.</reg></p>
<lb/><p>David Livingstone</p>

	<pb n="0007" facs="liv_002124_0007"/><!--pb/@n='26r'-->
<lb/><p rend="no-indent">P.S. on second thoughts 
<lb/>I send N<hi rend="sup underline">o</hi> 7 by <persName>Baines</persName>, 
<lb/>the artist can reduce it<reg>.</reg></p>
<lb/><p>If the Zulu war dance 
<lb/>had the photograph of 
<lb/>date palm &amp; other trees 
<lb/>at <placeName>Senna</placeName> <add place="above">for a back ground</add> - it would be 
<lb/>historically correct &amp; I 
<lb/>think be very pretty - 
<lb/>I send all the photographs 
<lb/>made by my brother 
<lb/>as the Artist may 
<lb/>get hints from them<reg>.</reg></p>
<lb/><p>I send Mazaro by 
<lb/><persName>Baines</persName> - if you think 
<lb/>it otherwise a good 
<lb/>illustration it is of 

	<pb n="0008" facs="liv_002124_0008"/><!--pb/@n='26v'-->
<lb/>geographical interest as 
<lb/>the canoe lying on its side 
<lb/>shews the bed of the creek 
<lb/>high above the water of the 
<lb/><placeName>Zambesi</placeName> - the Portuguese 
<lb/>minister draws nearly 
<lb/>the whole <placeName>Zambesi</placeName> there 
<lb/>running away to <placeName>Quillimane</placeName>
<lb/>the distance shews a scene 
<lb/>just after the battle which 
<lb/>I describe in the text<reg>.</reg></p>
<lb/><p>I have applied for the 
<lb/>bird's eye view of the <placeName>Falls</placeName>
<lb/>which I sent home - the 
<lb/>enlargement was exhibited 
<lb/>when my paper was read<reg>.</reg>
<lb/>I fear I am troubling 
<lb/>you very much but 
<lb/>I conclude with the 
<lb/>profound remark that 
<lb/>this is a world of troubles<reg>.</reg></p>
<lb/><p rend="right">DL.</p>
			
</div>
		</body>
	</text></TEI>