<?xml version="1.0" encoding="UTF-8"?>
<?xml-model href="http://livingstoneonline.github.io/LEAP-ODD/leap.rng" type="application/xml" schematypens="http://relaxng.org/ns/structure/1.0"?>
<?xml-model href="http://livingstoneonline.github.io/LEAP-ODD/leap.rng" type="application/xml" schematypens="http://purl.oclc.org/dsdl/schematron"?>
 <?xml-stylesheet href="http://livingstoneonline.github.io/LEAP-XSLT/transcription.xsl" type="text/xsl"?>
 <!--Converted from a TEI P4 XML file to the LEAP TEI P5 Schema by James Cummings on 2015-03-02--><!--TEI encoding revised and standardized by Adrian S. Wisnicki, 2015-2016-->
         <TEI xmlns="http://www.tei-c.org/ns/1.0" xml:id="liv_002150">
	<teiHeader>
		<fileDesc>
			<titleStmt>
				<title>Letter to John Murray III</title>
                <title type="alternative">Letter to John Murray III, 3 January 1865</title>
				<author xml:id="DL">Livingstone, David, 1813-1873</author>
			</titleStmt>
			<publicationStmt>
				<authority>Livingstone Online</authority>
				<pubPlace>London</pubPlace>
				<date>2008-11-25</date>
				<publisher>Wellcome Centre for the History of Medicine, UCL</publisher>
				<idno type="LEAP-ID">liv_002150</idno>
			</publicationStmt>
			<sourceDesc>
				<bibl xml:id="shelfmark">National Library of Scotland; MS. 42421, ff. 31r-32v</bibl>
				<bibl xml:id="ccnumber">Letters, 1567</bibl>
				<bibl xml:id="recipient"><persName>Murray, John III, 1808-1892</persName></bibl>
				<bibl xml:id="date"><date when="1865-01-03">3 January 1865</date></bibl>
				<bibl xml:id="where">Newstead Abbey</bibl>
			</sourceDesc>
		</fileDesc>
		<profileDesc>
			<langUsage>
				<language ident="en">English</language>
			</langUsage>
			<handNotes>
				<handNote xml:id="hand01">Scribe: Unknown</handNote>
			</handNotes>
		</profileDesc>
		<revisionDesc>
			<change>
				<date>2008-11-25</date>
				<name xml:id="initials">SM</name>Initial Transcription by Sharon Messenger
			</change>
			<change>
				<date>2008-12-07</date>
				<name xml:id="CL">Chris Lawrence</name>Proof by Chris Lawrence
			</change>
		</revisionDesc>
	</teiHeader>

	<text>
		<body xml:lang="en">
			<div>

	<pb n="0001" facs="liv_002150_0001"/><!--pb/@n='31r'-->
<addSpan spanTo="#p31-01" place="marginleft"><!--addSpan/@place='left hand margin of p31-01'--></addSpan>
<lb/><p rend="no-indent">at <placeName>Mansfield Mechanic's Institute</placeName> tonight<reg>.</reg></p>
<lb/><p><persName>David Livingstone</persName></p><anchor xml:id="p31-01"/>
<lb/><p rend="right">3<hi rend="sup underline">d</hi> Jan<hi rend="sup">y</hi> 1865 </p>
<lb/>
<lb/><p rend="no-indent">My Dear <persName>M<hi rend="sup underline">r</hi> Murray</persName></p>
<lb/><p>I send you today 
<lb/>by <persName>M<hi rend="sup underline">r</hi>  Waller</persName>, one 
<lb/>of <persName>bishop Mackenzie's</persName>
<lb/>squad, 353-486 of 
<lb/>manuscript and 
<lb/>1-24 proofs. 
<lb/>I have made a 
<lb/>good many corrections 
<lb/>in the proofs &amp; 
<lb/>several additions 

	<pb n="0002" facs="liv_002150_0002"/><!--pb/@n='31v'-->
<lb/>more I fear than will 
<lb/>be profitable, but all 
<lb/>seem necessary - 
<lb/><persName>Prof. Owen</persName> says he 
<lb/>will look over the 
<lb/>corrected proofs &amp; so 
<lb/>will my friend 
<lb/><persName>M<hi rend="sup underline">r</hi> Oswell</persName> of 
<lb/><placeName>Groombridge</placeName> near 
<lb/><placeName>Tunbridge Wells</placeName>, 
<lb/>they will I daresay 
<lb/>catch any thing 
<lb/>that may be wrong. </p>
<lb/><p>I send also a 
<lb/>picture of a man 
<lb/>weaving &amp; smoking 

	<pb n="0003" facs="liv_002150_0003"/><!--pb/@n='32r'-->
<lb/>the enormous pipe 
<lb/>of the country - woodcut? </p>
<lb/><p>The additions made 
<lb/>in the manuscript will 
<lb/>bring up the number 
<lb/>of pages considerably. 
<lb/>I spent four mortal 
<lb/>days in rewriting 
<lb/>the <placeName>Victoria Falls</placeName>
<lb/>- I mentioned some time 
<lb/>ago that a bird<reg>'</reg>s eye 
<lb/>view of them is to 
<lb/>be had on application 
<lb/>at the Geographical. 
<lb/>My original sketch 
<lb/>is not to be found 
<lb/>so <persName>M<hi rend="sup">r</hi> Bates</persName> says 

	<pb n="0004" facs="liv_002150_0004"/><!--pb/@n='32v'-->
<lb/>my brother &amp; his wife 
<lb/>sailed last Saturday week 
<lb/>for different ports. I 
<lb/>gave her a paper which 
<lb/>made the thing explicit 
<lb/>enough - my brother 
<lb/>says he wishes the 
<lb/>American profits alone 
<lb/>apart from the £200 
<lb/>or so which we might 
<lb/>have got from a 
<lb/>publisher as in the last 
<lb/>case - I don<reg>'</reg>t know whether 
<lb/>he means to give that to 
<lb/>us in the event of his 
<lb/>wife being successful<reg>.</reg></p>
<lb/><p><persName>M<hi rend="sup underline">rs</hi> Webb</persName> has been 
<lb/>very ill with lumbago 
<lb/>but is I am thankful to 
<lb/>say very much better today<reg>.</reg>
<lb/>I am to hold forth</p> 
			
</div>
		</body>
	</text></TEI>