<?xml version='1.0' encoding='utf-8' standalone='yes'?>
<mods:mods xmlns:mods='http://www.loc.gov/mods/v3' xmlns:xlink='http://www.w3.org/1999/xlink' xmlns:xsi='http://www.w3.org/2001/XMLSchema-instance' xsi:schemaLocation='http://www.loc.gov/standards/mods/v3/mods-3-5.xsd'>
  <mods:identifier type='local' displayLabel='master_id'>liv_015001</mods:identifier>
  <mods:identifier type='local' displayLabel='Canonical Catalog Number'>Field Diaries, 35, 37</mods:identifier>
  <mods:titleInfo>
    <mods:title>1870 Field Diary (Fragments Integrated)</mods:title>
  </mods:titleInfo>
  <mods:titleInfo type='alternative'>
    <mods:title>1870 Field Diary (Fragments Integrated), 17 August 1870-22 March 1871</mods:title>
  </mods:titleInfo>
  <mods:name type='personal'>
    <mods:namePart>Livingstone, David, 1813-1873</mods:namePart>
    <mods:role>
      <mods:roleTerm type='text'>creator</mods:roleTerm>
    </mods:role>
  </mods:name>
  <mods:name type='personal'>
    <mods:namePart>Livingstone, Agnes 3, 1847-1912</mods:namePart>
    <mods:role>
      <mods:roleTerm type='text'>creator</mods:roleTerm>
    </mods:role>
  </mods:name>
  <mods:genre authority='aat'>field notes</mods:genre>
  <mods:genre authority='aat'>diaries</mods:genre>
  <mods:genre authority='aat'>autographs (manuscripts)</mods:genre>
  <mods:originInfo>
    <mods:publisher>Livingstone Online (http://livingstoneonline.org/)</mods:publisher>
    <mods:dateCreated>17 August 1870-22 March 1871</mods:dateCreated>
    <mods:dateCreated encoding='iso8601'>1870-08-17/1871-03-22</mods:dateCreated>
  </mods:originInfo>
  <mods:originInfo displayLabel='Livingstone'>
    <mods:place>
      <mods:placeTerm type='text'>Bambarre; Manyema</mods:placeTerm>
    </mods:place>
  </mods:originInfo>
  <mods:originInfo displayLabel='LoC'>
    <mods:place>
      <mods:placeTerm type='text'>Maniema (Congo)</mods:placeTerm>
    </mods:place>
  </mods:originInfo>
  <mods:subject>
    <mods:cartographics>
      <mods:coordinates>-2.95,25.95</mods:coordinates>
    </mods:cartographics>
  </mods:subject>
  <mods:physicalDescription>
    <mods:note type='physical details'>Incomplete manuscript in creator's hand</mods:note>
  </mods:physicalDescription>
  <mods:relatedItem type='original'>
    <mods:name type='corporate' authority='local'>
      <mods:namePart>Livingstone Online</mods:namePart>
      <mods:role>
        <mods:roleTerm type='text' authority='marclerator'>repository</mods:roleTerm>
      </mods:role>
    </mods:name>
  </mods:relatedItem>
</mods:mods>