<?xml version="1.0" encoding="UTF-8"?>
<?xml-model href="http://livingstoneonline.github.io/LEAP-ODD/leap.rng" type="application/xml" schematypens="http://relaxng.org/ns/structure/1.0"?>
<?xml-model href="http://livingstoneonline.github.io/LEAP-ODD/leap.rng" type="application/xml" schematypens="http://purl.oclc.org/dsdl/schematron"?>
 <?xml-stylesheet href="http://livingstoneonline.github.io/LEAP-XSLT/transcription.xsl" type="text/xsl"?>
 <!--Converted from a TEI P4 XML file to the LEAP TEI P5 Schema by James Cummings on 2015-03-02--><!--TEI encoding revised and standardized by Adrian S. Wisnicki, 2015-2016-->
         <TEI xmlns="http://www.tei-c.org/ns/1.0" xml:id="liv_002579">
	<teiHeader>
		<fileDesc>
			<titleStmt>
				<title>Letter to W. Black</title>
                <title type="alternative">Letter to W. Black, 15 November 1871</title>
				<author>Livingstone, David, 1813-1873</author>
			</titleStmt>
			<publicationStmt>
				<authority>Livingstone Online</authority>
				<pubPlace>London</pubPlace>
				<date>2009-01-23</date>
				<publisher>Wellcome Centre for the History of Medicine, UCL</publisher>
				<idno type="LEAP-ID">liv_002579</idno>
			</publicationStmt>
			<sourceDesc>
				<bibl xml:id="shelfmark">Private owner</bibl>
				<bibl xml:id="ccnumber">Letters, 1977.5</bibl>
				<bibl xml:id="recipient"><persName>Black, W.</persName></bibl>
				<bibl xml:id="date"><date when="1871-11-15">15 November 1871</date></bibl>
				<bibl xml:id="where">Ujiji</bibl>
			</sourceDesc>
		</fileDesc>
		<profileDesc>
			<langUsage>
				<language ident="en">English</language>
			</langUsage>
			<handNotes>
				<handNote xml:id="hand01">Scribe: Unknown</handNote>
			</handNotes>
		</profileDesc>
		<revisionDesc>
			<change>
				<date>2009-01-23</date>
				<name xml:id="SM">Sharon Messenger</name>Initial Transcription by Sharon Messenger
			</change>
			<change>
				<date>2009-04-10</date>
				<name xml:id="CL">Chris Lawrence</name>Proofed by Chris Lawrence
			</change>
		</revisionDesc>
	</teiHeader>

	<text>
		<body xml:lang="en">
			<div>

	<pb n="0001" facs="liv_002579_0001"/><!--pb/@n='01'-->
<lb/><p rend="right"><placeName>Ujiji</placeName> 15<hi rend="sup">th</hi> Nov 1871</p>
<lb/><p rend="no-indent"><space extent="1" unit="chars"/>My Dear Sir </p>
<lb/><p><space extent="2" unit="words"/>On reaching this place in 
<lb/>1869 I found your very kind and welcome 
<lb/>present of Assam tea and as I had 
<lb/>tasted neither tea coffee nor sugar for 
<lb/>two years and six months you may be 
<lb/>sure that I blessed you for your kind 
<lb/>remembrance. I was greatly reduced 
<lb/>by an attack of pneumonia and I 
<lb/>think that the renewal of my strength 
<lb/>was in a great measure owing to copious 
<lb/>libations of the delicious beverage - native 
<lb/>food is generally coarse though the 
<lb/>people shew a great deal of ingenuity 
<lb/>in making it as fine and as <choice><sic>palateable</sic><corr>palatable</corr></choice>
<lb/>as possible but after all our systems 
<lb/>require European food if we are 
<lb/>to retain health and strength. I wrote 
<lb/>a note of thanks in May of /69 but my 
<lb/>packet of letters was destroyed between 
<lb/>this and the sea. I therefore feel that you 
<lb/>have set me down as ungrateful 
<lb/>and I write this in order that you 
<lb/>may see that I am really greatly obliged 
<lb/>and that I am very unwilling that 
<lb/>you should have good reason to think 
<lb/>I had forgotten my benefactor<reg>.</reg></p>
<lb/><p>I have been a great deal longer 
<lb/>at my work of exploration than I 
<lb/>ever expected - the sources of the 
<lb/><placeName>Nile</placeName> are not a little matter that one 
<lb/>might reach - scream out Hurrah! 
<lb/>and go away home: the watershed 
<lb/>from which the springs of the <placeName>Nile</placeName> do 
<lb/>unquestionable arise is full 700 

	<pb n="0002" facs="liv_002579_0002"/><!--pb/@n='02'-->
<lb/>seven hundred miles in length from West 
<lb/>to East and the springs in some parts I 
<lb/>passed over are like the vegetation of frost 
<lb/>on window panes - almost innumerable 
<lb/><choice><sic>the</sic><corr>they</corr></choice> converge into enormous Lake rivers 
<lb/>the central one of which is from one 
<lb/>to three miles broad and it can 
<lb/>never be waded at any point or 
<lb/>at any time of the year - ultimately 
<lb/>the two Western rivers fall into the 
<lb/>central one and then we have in 
<lb/>it and <placeName>Tanganyika</placeName> with the lake 
<lb/>river <placeName>Albert Nyanza</placeName> but two 
<lb/>main drains of the great <placeName>Nile</placeName>
<lb/>valley as was depicted by Ptolemy<reg>.</reg>
<lb/>I have been trying to follow the 
<lb/>central lake <unclear cert="low">even</unclear> down through 
<lb/>the country of the cannibals 
<lb/>named Manyema - it has four 
<lb/>large lakes proper in its course<reg>.</reg>
<lb/><choice><reg>T</reg><orig>t</orig></choice>he country is fertile beyond 
<lb/>description and the population 
<lb/>prodigious - were never visited 
<lb/>before and the ivory lies in 
<lb/>the forests where the animals 
<lb/>were killed - this has brought 
<lb/>swarms of half caste traders 
<lb/>into Manyema and not content 
<lb/>with ivory sufficient to acquire 
<lb/>to be carried by three relays they must 
<lb/>needs murder and make slaves. 
<lb/>It is not slave trading it is simply 
<lb/>marauding &amp; murder and all that 
<lb/>slaving privileges of the <persName>Sultan of 
<lb/>Zanzibar</persName> should not suffer - 
<lb/>Kindest salaams to <persName>M<hi rend="sup">rs</hi> Black</persName>
<lb/>from yours &amp;c <persName>David Livingstone</persName></p>
<lb/>

	<pb n="0003" facs="liv_002579_0003"/>
<p><address>
<addrLine><space extent="5" unit="chars"/><persName>M<hi rend="sup">r</hi> Black Esq.</persName></addrLine>
<addrLine><space extent="3" unit="chars"/><choice><sic>Superintendant</sic><corr>Superintendent</corr></choice> in</addrLine>
<addrLine><space extent="7" unit="chars"/>P&amp;O company</addrLine>
<addrLine><space extent="7" unit="chars"/><placeName>122 Leadenhall St</placeName></addrLine>
<addrLine><persName>D<hi rend="sup underline">r</hi> Livingstone</persName> <placeName>London</placeName></addrLine>
<addrLine rend="small"><space extent="3" unit="chars"/><persName>E. Hammond</persName></addrLine>
</address></p>

			
</div>
		</body>
	</text></TEI>