<?xml version="1.0" encoding="UTF-8"?>
<?xml-model href="http://livingstoneonline.github.io/LEAP-ODD/leap.rng" type="application/xml" schematypens="http://relaxng.org/ns/structure/1.0"?>
<?xml-model href="http://livingstoneonline.github.io/LEAP-ODD/leap.rng" type="application/xml" schematypens="http://purl.oclc.org/dsdl/schematron"?>
 <?xml-stylesheet href="http://livingstoneonline.github.io/LEAP-XSLT/transcription.xsl" type="text/xsl"?>
 <!--Converted from a TEI P5 XML file to the LEAP TEI P5 Schema by James Cummings on 2015-03-02--><!--TEI encoding revised and standardized by Adrian S. Wisnicki, 2015-2016-->
         <TEI xmlns="http://www.tei-c.org/ns/1.0" xml:id="liv_001963">
	<teiHeader>
		<fileDesc>
			<titleStmt>
				<title>Letter to Horace Waller</title>
                <title type="alternative">Letter to Horace Waller, 15 August 1863</title>
				<author xml:id="DL">Livingstone, David, 1813-1873</author>
			</titleStmt>
			<publicationStmt>
				<authority>Livingstone Online</authority>
				<pubPlace>London, UK</pubPlace>
				<publisher>University College London</publisher>
				<date>2012</date>
				<idno type="LEAP-ID">liv_001963</idno>
			</publicationStmt>
			<sourceDesc>
				<bibl xml:id="shelfmark">Bodleian Library. Weston Library; Waller MSS. Afr. s. 16.1, ff. 53-58</bibl>
				<bibl xml:id="ccnumber">Letters, 1393</bibl>
				<bibl xml:id="recipient"><persName>Waller, Horace, 1833-1896</persName></bibl>
				<bibl xml:id="date"><date when="1863-08-15">15 August 1863</date></bibl>
				<bibl xml:id="where">Cataracts</bibl>
			</sourceDesc>
		</fileDesc>
		<profileDesc>
			<langUsage>
				<language ident="en">English</language>
			</langUsage>
		</profileDesc>
		<revisionDesc>
			<change>
				<date>2011-12-06</date>
				<name xml:id="AJS">A.J. Schmitz</name> initial transcription and XML encoding.
            
			</change>
			<change>
				<date>2012-05-05</date>
				<name xml:id="JM">Jared McDonald</name> proofreading.
            
			</change>
			<change>
				<date>2012-07-01</date>
				<name xml:id="HFB">Heather F. Ball</name> XML editing.
            
			</change>
			<change>
				<date>2012-07-01</date>
				<name xml:id="AW">Adrian S. Wisnicki</name> XML editing.
            
			</change>
		</revisionDesc>
	</teiHeader>

	<text>
		<body>
			<div>

	<pb n="0001" facs="liv_001963_0001"><!--pb/@n='53r'--></pb>
<lb/><p rend="right"><placeName><geogName type="feature">Cataracts</geogName></placeName> <date when="1863-08-13">13<hi rend="sup underline">d</hi> Aug</date></p> 
<lb/><p rend="no-indent"><hi rend="underline">Private</hi> <space dim="horizontal" extent="4" unit="words"/><date>1863</date></p>
<lb/><p rend="no-indent">My Dear <persName>Waller</persName></p>
<lb/><p><space extent="2" unit="words"/>I am sorry to 
<lb/>hear such discouraging 
<lb/>news from the Mission 
<lb/>I imagined that the bishop 
<lb/>would feel in honour 
<lb/>bound to <choice><sic>fulfil</sic><corr>fulfill</corr></choice> the 
<lb/>obligations incurred by his 
<lb/>predecessor - there being 
<lb/>nothing immoral in 
<lb/>doing so but the contrary 
<lb/>and if the constituents 
<lb/>of the mission of the 
<lb/>Universities should think 
<lb/>otherwise they are not 
<lb/>the men the world takes 
<lb/>them to be. In the event</p>
	<ab>
<lb/>If at <placeName><settlement type="feature">Morambala</settlement></placeName> when we pass <choice><sic>dont</sic><corr>don't</corr></choice> be surprised 
<lb/>if we keep things for our future which we might now 
<lb/><space dim="horizontal" extent="9" unit="words"/>dispose of</ab>


	<pb n="0002" facs="liv_001963_0002"><!--pb/@n='53v'--></pb>
<lb/><p rend="no-indent">of his continuing <add place="below">^</add> <add place="above">to think</add> that one 
<lb/>black face to which the 
<lb/>good <persName>bishop Mackenzie</persName>
<lb/>tendered paternal obligations 
<lb/>as the head &amp; representative 
<lb/>of the Mission, is the same 
<lb/>as one to which no such 
<lb/>obligation was tendered. 
<lb/>I shall take the boys and 
<lb/>girls in Lady Nyassa to 
<lb/><placeName><settlement type="city">Johanna</settlement></placeName> and provide for 
<lb/>them there till I hear from 
<lb/>the Metropolitan about 
<lb/>their future - the <placeName><geogName type="feature">Cape</geogName></placeName>
<lb/>christians have more in 
<lb/>them than <supplied cert="high">to</supplied> allow any disgrace 
<lb/>to tarnish the Mission 
<lb/>name.</p>
<lb/><p>I am sorry I cannot 
<lb/>view the <term type="tribe">Makololo</term> in 
<lb/>the same light as you &amp; 
<lb/>the <term type="tribe">Ajawa</term> women do 

     

	<pb n="0003" facs="liv_001963_0003"><!--pb/@n='54r'--></pb>
<lb/>two murders reported by 
<lb/><persName>M<hi rend="sup underline">r</hi>Procter</persName> turned out 
<lb/>to have no death in them 
<lb/>and <persName>Daima</persName> died of 
<lb/>hunger <unclear cert="high">west</unclear> of his  
<lb/>village as you may 
<lb/>ascertain by one of 
<lb/>his young wives still 
<lb/>alive - I know 
<lb/>their wickedness very 
<lb/>well and spoke to 
<lb/><persName>Ranyen</persName> about striking 
<lb/>women but no other 
<lb/>having been guilty so 
<lb/>far as I can learn 
<lb/>as he has, it would do 
<lb/>no good to assume 
<lb/>guilt after having in 
<lb/>your presence been 
<lb/>challenged to produce 
<lb/>evidence &amp; failing though 
<lb/>I have tried according 
<lb/>to the best of my ability 
<lb/>It would only produce 

     

	<pb n="0004" facs="liv_001963_0004"><!--pb/@n='54v'--></pb>
<lb/>the impression that I 
<lb/>believed <hi rend="underline">reports</hi> of their 
<lb/>having "murdered &amp; plundered 
<lb/>over all the country" which 
<lb/>I have no reason to credit.
<lb/>the resolution "to have as 
<lb/>little to do with them as 
<lb/>possible" seemed confirmation 
<lb/>of the suspicion that the 
<lb/>mission had got on the 
<lb/>wrong <choice><sic>tack</sic><corr>track</corr></choice>.  The great teacher 
<lb/>having commanded his 
<lb/>first missionaries to 
<lb/>begin "at <placeName><settlement type="city">Jerusalem</settlement></placeName> " with 
<lb/>those who had committed 
<lb/>the worst murder the world 
<lb/>ever saw - and as to their 
<lb/>conduct neutralizing the 
<lb/>effect of the teaching of the 
<lb/>missionaries.  My dear 
<lb/>fellow if wickedness 
<lb/>even <hi rend="underline">in</hi> the church <hi rend="underline">could</hi>
<lb/>have done that christianity 
<lb/>would long ago have 

     

	<pb n="0005" facs="liv_001963_0005"><!--pb/@n='55r'--></pb>
<lb/>been banished from the world 
<lb/>of the first twelve you remember 
<lb/>one was a devil - I am sorry 
<lb/>to take such a different 
<lb/>view from what you have 
<lb/>done and beg to assure you 
<lb/>my convictions though 
<lb/>not possessing the amount 
<lb/>of knowledge of the subject 
<lb/>that accompanies yours 
<lb/>have been arrived <add place="above">at</add> <add place="below">^</add> with 
<lb/>great care.  The statement 
<lb/>which has been made that 
<lb/>the <term type="tribe">Makololo</term> had been left 
<lb/>in the country to shift for 
<lb/>themselves being so opposite 
<lb/>to the part of their voluntarily 
<lb/>forsaking us led me to 
<lb/>think often " seriously 
<lb/>on the whole subject 
<lb/>and while still of course 
<lb/>free to retain your own 
<lb/>opinions I am sure you  
<lb/>will not feel offended by 
<lb/>my expressing mine 



	<pb n="0006" facs="liv_001963_0006"><!--pb/@n='55v'--></pb>
<lb/>I am exceedingly obliged 
<lb/>by your kindness in 
<lb/>sending the wine <add place="below">^</add> <add place="above">brandy</add> and 
<lb/>preserved meats.  I hope 
<lb/>ours will meet us in 
<lb/>time to repay them. At 
<lb/>any rate I shall take 
<lb/>care that you <add place="below">^</add> <add place="above">be</add> refunded 
<lb/>with the meats.  <persName>Meller</persName>
<lb/>is a capital fellow but 
<lb/>enormously "funky"  
<lb/>He has no idea that a 
<lb/>Doctor ought to keep a 
<lb/>cheerful countenance &amp; 
<lb/>blythe tongue.  The croaking 
<lb/>to the men at the Pioneer 
<lb/>was a nuisance to them - 
<lb/><persName>Reid</persName>.  <persName>Wilson</persName> - the steward 
<lb/>&amp;c &amp;c were past all cure -  
<lb/>and the skulking that was 
<lb/>allowed &amp; the wine issued 
<lb/>were sad to see - I could 
<lb/>not of course interfere 

     

	<pb n="0007" facs="liv_001963_0007"><!--pb/@n='56r'--></pb>
<lb/>tell <persName>Young</persName> send at table 
<lb/>"When we have any work 
<lb/>to do all go on the sick 
<lb/>list.  That any one can see" 
<lb/>I saw their <unclear cert="high">open</unclear> fever 
<lb/>skulkers ate full rations 
<lb/>of salt junk &amp; biscuits. 
<lb/>and if <persName>Reid</persName> &amp; <persName>Macleod</persName>
<lb/>did not come at once 
<lb/>when "Dinner" was called 
<lb/>all was devoured - <persName>Meller</persName>
<lb/>was much too good for 
<lb/>such wicked fellows 
<lb/>and I could not pain 
<lb/>him by saying what 
<lb/>I felt but he will 
<lb/><unclear cert="medium">invalid</unclear> you all if you 
<lb/>wish it - I hope he 
<lb/>may get on well in 
<lb/><placeName><region>Madagascar</region></placeName>.  I am sure 
<lb/>that my good wishes 
<lb/>follow him - </p>
<lb/><p>I guess that I shall 
<lb/>work alone in <placeName><settlement type="village">Apuca</settlement></placeName>
<lb/>yet £100 a year would 
<lb/>do to support one 

     

	<pb n="0008" facs="liv_001963_0008"><!--pb/@n='56v'--></pb>
<lb/>i. e. what being cultivated.
<lb/>I dont know whether I am 
<lb/>to go on the shelf or not 
<lb/>if so I make the shelf 
<lb/><placeName><bloc>Africa</bloc></placeName>. If Lady Nyassa 
<lb/>is well sold I shall manage 
<lb/>though I be not so rich 
<lb/>as you - there is a Ruler 
<lb/>above and his Providence 
<lb/>guides all things - He 
<lb/>is our friend &amp; has 
<lb/>plenty of work for all 
<lb/>his people to do - <choice><sic>Dont</sic><corr>Don't</corr></choice>
<lb/>fear being left idle if 
<lb/>willing to work for Him 
<lb/>Am glad to hear of <persName>Alington</persName>
<lb/>if the work is of God it 
<lb/>will come out right at 
<lb/>last.  To Him shall be given 
<lb/>the gold of <persName>Sheba</persName> &amp;c and 
<lb/>daily shall he be praised 
<lb/>I always think it was 
<lb/>such a blessing &amp; <choice><sic>privelege</sic><corr>privilege</corr></choice>
<lb/>be led into his work instead 
<lb/>of the service of the hard 
<lb/>taskmaster the devil &amp; sin.</p>


	<pb n="0009" facs="liv_001963_0009"><!--pb/@n='57r'--></pb>
<lb/><p>I fear that bolt out of the 
<lb/>country is the key to the 
<lb/>bishops vagaries - the 
<lb/>difficulties instead of 
<lb/>making his mind rise 
<lb/>with the occasion sinks 
<lb/>it.  Poor thing.  A mission 
<lb/>without difficulties 
<lb/>would to me be like a 
<lb/>man without a shadow - 
<lb/>if "junk" is to be the 
<lb/>order of the day the 
<lb/>apostolic succession 
<lb/>must have left the Church 
<lb/>&amp; gone to the conventicle 
<lb/>Think of <persName>Moffat</persName> running 
<lb/>away from a difficulty 
<lb/>a lion from a Turkey 
<lb/>cock No!  No!  and 
<lb/>I trust good <persName>bishop
<lb/>Tozer</persName> will spare us the  
<lb/><space dim="horizontal" extent="6" unit="chars"/>shame &amp; disgrace - 

     

	<pb n="0010" facs="liv_001963_0010"><!--pb/@n='57v'--></pb>
<lb/>He himself will rue it  
<lb/>but once, and that will 
<lb/>last till his dying day</p>
<lb/><p>As <gap agent="fading" extent="4" unit="chars"/><persName>Russell</persName>
<lb/>pointedly &amp; strongly approved 
<lb/>of my point in freeing 
<lb/>the captives if obliged take 
<lb/>them away &amp; deliver them 
<lb/>to the first man of war 
<lb/>I shall of course report 
<lb/>the whole to him.  I must 
<lb/>have the boys too.  this 
<lb/>is as I feel now and 
<lb/>a passage you shall 
<lb/>have if you wish it - 
<lb/>but think well over the 
<lb/>matter and ask wisdom 
<lb/>from him who gives 
<lb/>liberally &amp; upbraid them  
<lb/>not - if I may venture 
<lb/>a hint <choice><sic>dont</sic><corr>don't</corr></choice> raise 
<lb/>your voice in argument 
<lb/>pitch it in quietly as stiff 

     

	<pb n="0011" facs="liv_001963_0011"><!--pb/@n='58r'--></pb>
<lb/>as you like or can - </p>
<lb/><p>I shall take an early 
<lb/>opportunity of say all you 
<lb/>wish to the <term type="tribe">Makololo</term> &amp; 
<lb/>if they remain doing with 
<lb/>me do it more <space dim="horizontal" extent="2" unit="chars"/> than 
<lb/>once.  We never mince 
<lb/>matters in speaking 
<lb/>but we lose influence 
<lb/>if we change them 
<lb/>&amp; cannot prove the 
<lb/>accusation - I shall 
<lb/>if well speak to <persName>Moloka</persName>
<lb/>&amp; the others on my 
<lb/>return - they seem to 
<lb/>feel the necessity at 
<lb/>least of sticking by 
<lb/>the people of the country 
<lb/>they side with <persName>Chibisa</persName>
<lb/>but have no confidence 
<lb/>in any save yourselves 
<lb/>As far as I can gather 
<lb/>in indirect as well 
<lb/>as direct ways they 
<lb/>are as sorry for your 

     

	<pb n="0012" facs="liv_001963_0012"><!--pb/@n='58v'--></pb>
<lb/>going as any of the <term type="tribe">Ajawa</term>
<lb/>of course from purely 
<lb/>selfish considerations 
<lb/>The great affliction to me is 
<lb/>a consecrated bishop 
<lb/>turning tail - More who 
<lb/>now urge him on will 
<lb/>be the first to say as was 
<lb/>done of myself &amp; the 
<lb/>fighting "It was all his 
<lb/>own fault"─ </p>
<lb/><p>It must have been as you 
<lb/>say with <persName>Captain Wilson</persName> - He 
<lb/>sends regards to you by name 
<lb/>in my letter too.  He has at 
<lb/>last discovered that the 
<lb/>ivory &amp; slave trade are <w>inter-
<lb break="no"/>-dependent</w> - the knowledge of 
<lb/>whither my efforts were 
<lb/>tending made the Portuguese 
<lb/>frantic - this point however 
<lb/>is not to be spoken of now 
<lb/>I am please the Almighty 
<lb/>not done with it yet</p>
<lb/><p rend="center"><persName>David Livingstone</persName></p>
			
</div>
		</body>
	</text></TEI>