<?xml version="1.0" encoding="UTF-8"?>
<?xml-model href="http://livingstoneonline.github.io/LEAP-ODD/leap.rng" type="application/xml" schematypens="http://relaxng.org/ns/structure/1.0"?>
<?xml-model href="http://livingstoneonline.github.io/LEAP-ODD/leap.rng" type="application/xml" schematypens="http://purl.oclc.org/dsdl/schematron"?>
 <?xml-stylesheet href="http://livingstoneonline.github.io/LEAP-XSLT/transcription.xsl" type="text/xsl"?>
 <!--Converted from a TEI P4 XML file to the LEAP TEI P5 Schema by James Cummings on 2015-03-02--><!--TEI encoding revised and standardized by Adrian S. Wisnicki, 2015-2016-->
         <TEI xmlns="http://www.tei-c.org/ns/1.0" xml:id="liv_001603">
	<teiHeader>
		<fileDesc>
			<titleStmt>
				<title>Letter to Agnes Livingstone 2</title>
                <title type="alternative">Letter to Agnes Livingstone 2, 30 November 1860</title>
				<author xml:id="DL">Livingstone, David, 1813-1873</author>
			</titleStmt>
			<publicationStmt>
				<authority>Livingstone Online</authority>
				<pubPlace>London</pubPlace>
				<date>2007-01-11</date>
				<publisher>Wellcome Centre for the History of Medicine, UCL</publisher>
				<idno type="LEAP-ID">liv_001603</idno>
			</publicationStmt>
			<sourceDesc>
				<bibl xml:id="shelfmark">National Library of Scotland; MS. 10701, ff. 110-111</bibl>
				<bibl xml:id="ccnumber">Letters, 1058</bibl>
				<bibl xml:id="recipient"><persName>Livingstone, Agnes 2, 1823-1895</persName></bibl>
				<bibl xml:id="date"><date when="1860-11-30">30 November 1860</date></bibl>
				<bibl xml:id="where">Tette</bibl>
			</sourceDesc>
		</fileDesc>
		<profileDesc>
			<langUsage>
				<language ident="en">English</language>
			</langUsage>
		</profileDesc>
		<revisionDesc>
			<change>
				<date>2007-01-11</date>
				<name xml:id="CO">Caroline Overy</name>initial transcription
			</change>
		</revisionDesc>
	</teiHeader>

	<text>
		<body xml:lang="en">
			<div>

	<pb n="0001" facs="liv_001603_0001"/><!--pb/@n='110r'-->
<addSpan spanTo="#addEnd-110r" place="marginright"><!--addSpan/@place='right margin of fol. 110r'--></addSpan>
<lb/><p rend="no-indent">I hear very good accounts of Sechele. He has a 
<lb/>Hanoverian missionary. Nine tribes are with him - schools 
<lb/>very large</p><anchor xml:id="addEnd-110r"/>
<lb/><p rend="right"><placeName>Tette</placeName> 30 Nov<hi rend="sup underline">r</hi> 1860</p>
<lb/>
<lb/><p rend="no-indent">My Dear Sister <persName>Agnes</persName></p>
<lb/><p>Your first letter 
<lb/>to me since I came back to Africa 
<lb/>dated 26 July /59 was waiting my 
<lb/>arrival here a few days ago. We 
<lb/>had been up the River to the Makololo 
<lb/>country - and tramped 600 miles 
<lb/>in three months. Then some 800 more 
<lb/>in canoes &amp; on foot on our return 
<lb/>We were very glad to see our old 
<lb/>friends again but I was saddened 
<lb/>considerably by finding a party 
<lb/>of London missionaries had 
<lb/>perished as we suppose of <term type="ailment">Fever</term>
<lb/>at <placeName>Linyanti</placeName>. My regret was the 
<lb/>greater on remembering that we 
<lb/>were curing <add place="below">^</add> <add place="above">at the time they were dying</add> very severe cases of the 

	<pb n="0002" facs="liv_001603_0002"/><!--pb/@n='110v'--> 
<lb/>same complaint on our way up 
<lb/>and scarcely a day was lost after the 
<lb/>operation of the remedy. <choice><reg>T</reg><orig>t</orig></choice>he patients 
<lb/><persName>D<hi rend="sup underline">r</hi> Kirk</persName> &amp; <persName>Charles</persName> resuming their 
<lb/>march on foot even at the very longest 
<lb/>2 days after the medicine operated. And 
<lb/>I found the proper medicines in my 
<lb/>waggon about 500 yards from the 
<lb/>spot where the missionaries perished. 
<lb/><choice><reg>T</reg><orig>t</orig></choice>he mode of using them too is mentioned 
<lb/>near the end of "<!--<xref doc="MT-ID">-->Missionary Travels<!--</xref>-->" 
<lb/>Our <persName>Tom</persName> was the first I ever tried 
<lb/>the powder on, at <placeName>Lake Ngami</placeName> in 1850 
<lb/><persName>Agnes</persName> got it too and so did a party of 
<lb/>Englishmen one of whom died before 
<lb/>we arrived. The people had taken 
<lb/>kindly to <persName>M<hi rend="sup underline">r</hi> Helmore</persName> who was really 
<lb/>a good man &amp; most devoted missionary 
<lb/>I grieve much over his departure 

	<pb n="0003" facs="liv_001603_0003"/><!--pb/@n='111r'--> 
<lb/>but the Head of the church doeth all 
<lb/>things well. <choice><reg>T</reg><orig>t</orig></choice>he chief was afflicted 
<lb/>with what is considered <term type="ailment">Leprosy</term>, 
<lb/>and several of his most influential 
<lb/>headmen suffered death for bewitching 
<lb/>him. We were curing him when 
<lb/>obliged to leave, but time is requisite 
<lb/>for complete cure. I question if it 
<lb/>is real <term type="ailment">leprosy</term>. <choice><reg>T</reg><orig>t</orig></choice>he people are 
<lb/>the most interesting I know, and 
<lb/>I was sorely blamed for not bringing 
<lb/><persName>M<hi rend="sup underline">rs</hi> L.</persName> as all believe that the 
<lb/>presence of one of <persName>M<hi rend="sup underline">r</hi> Moffat's</persName> family 
<lb/>would secure them from attack 
<lb/>by <persName>Mosilikatze</persName>. I hope that they 
<lb/>will not be left untaught though 
<lb/>this check has been given. </p>

	<pb n="0004" facs="liv_001603_0004"/><!--pb/@n='111v'-->
<lb/><p rend="no-indent">We have not yet got our goods up the 
<lb/>country, as soon as we do, all the 
<lb/>Makololo will remove to the healthy highlands 
<lb/>We are to have a new ship. Verily 
<lb/>the one we got was a swindle, and 
<lb/>some folks are not pleased because 
<lb/>I say so. It entailed on me most 
<w>un-<lb break="no"/>merciful</w> toil - but "He that tholes 
<lb/>will overcome". Am glad to hear 
<lb/>good accounts of the children. Please 
<lb/>present my hearty thanks to my 
<lb/>friend <persName>D<hi rend="sup underline">r</hi> Loudon</persName> for his continued 
<lb/>kindness. <persName>Charles</persName> is pretty well 
<lb/>has had <term type="ailment">fever</term> several times. I have 
<lb/>escaped any severe attack, but have 
<lb/>had little illnesses - Sorry to hear 
<lb/>that your health is so poor. My 
<lb/>love to <persName>Grandma</persName> &amp; <persName>Janet</persName> - I 
<lb/>have written to <persName>Mother</persName> on every occas
<lb/>ion of sending a mail - the letters 
<lb/>of the children are pretty fair -</p>
<lb/><p>I am &amp;c Affect<hi rend="sup">y</hi> David Livingstone</p> 
			
</div>
		</body>
	</text></TEI>