<?xml version="1.0" encoding="UTF-8"?>
<?xml-model href="http://livingstoneonline.github.io/LEAP-ODD/leap.rng" type="application/xml" schematypens="http://relaxng.org/ns/structure/1.0"?>
<?xml-model href="http://livingstoneonline.github.io/LEAP-ODD/leap.rng" type="application/xml" schematypens="http://purl.oclc.org/dsdl/schematron"?>
 <?xml-stylesheet href="http://livingstoneonline.github.io/LEAP-XSLT/transcription.xsl" type="text/xsl"?>
 <!--Converted from a TEI P5 XML file to the LEAP TEI P5 Schema by James Cummings on 2015-03-02--><!--TEI encoding revised and standardized by Adrian S. Wisnicki, 2015-2016-->
         <TEI xmlns="http://www.tei-c.org/ns/1.0" xml:id="liv_001796">
	<teiHeader>
		<fileDesc>
			<titleStmt>
				<title>Letter to Horace Waller</title>
                <title type="alternative">Letter to Horace Waller, 7 July 1862</title>
				<author xml:id="DL">Livingstone, David, 1813-1873</author>
			</titleStmt>
			<publicationStmt>
				<authority>Livingstone Online</authority>
				<pubPlace>London, UK</pubPlace>
				<publisher>University College London</publisher>
				<date>2012</date>
				<idno type="LEAP-ID">liv_001796</idno>
			</publicationStmt>
			<sourceDesc>
				<bibl xml:id="shelfmark">Bodleian Library. Weston Library; Waller MSS. Afr. s. 16.1, ff. 1-6</bibl>
				<bibl xml:id="ccnumber">Letters, 1244</bibl>
				<bibl xml:id="recipient"><persName>Waller, Horace, 1833-1896</persName></bibl>
				<bibl xml:id="date"><date when="1862-07-07">7 July 1862</date></bibl>
				<bibl xml:id="where">Shupanga</bibl>
			</sourceDesc>
		</fileDesc>
		<profileDesc>
			<langUsage>
				<language ident="en">English</language>
			</langUsage>
		</profileDesc>
		<revisionDesc>
			<change>
				<date>2011-11-29</date>
				<name xml:id="AJS">A.J. Schmitz</name> initial transcription and XML encoding.
            
			</change>
			<change>
				<date>2011-12-28</date>
				<name xml:id="HFB">Heather F. Ball</name> proofreading.
            
			</change>
			<change>
				<date>2012-02-04</date>
				<name xml:id="AW">Adrian S. Wisnicki</name> editing.
            
			</change>
		</revisionDesc>
	</teiHeader>

	<text>
		<body>
			<div>

	<pb n="0001" facs="liv_001796_0001"><!--pb/@n='1r'--></pb>
<lb/><p rend="center"><placeName><settlement type="village">Shupanga</settlement></placeName> <date when="1862-07-07">7<hi rend="sup underline">th</hi> July 
<lb/><space extent="2" unit="words"/>1862</date></p>
<lb/>
<lb/><p rend="no-indent">My Dear <persName>Waller</persName></p>
<lb/><p>Thanks for your
<lb/>very welcome letters &amp; 
<lb/>also for the silk <w>under 
<lb break="no"/>shirts</w> the most <w>com- 
<lb break="no"/>fortable</w> things I ever 
<lb/>wore.  We must go to 
<lb/><placeName><settlement type="village">Johanna</settlement></placeName> for various 
<lb/>reasons - and intend 
<lb/>to start in a day or two. 
<lb/>This is a grievous 
<lb/>delay as the water is 
<lb/>now very low.  Something 
<lb/>has occurred to prevent 
<lb/><persName>Captain Oldfield</persName> sending 

       

	<pb n="0002" facs="liv_001796_0002"><!--pb/@n='1v'--></pb>
<lb/>a ship between <date when="1862-05-20">20<hi rend="sup underline">th</hi> May</date> &amp; 
<lb/><date when="1862-06-01">1<hi rend="sup underline">st</hi> June</date> as he intended. 
<lb/><persName>Rae</persName> was very ill with 
<lb/><term type="ailment">dysentery</term>, and I took him 
<lb/>away to breathe the 
<lb/>sea air -  came up on 
<lb/><date when="1862-06-12">12<hi rend="sup underline">th</hi>June</date> &amp; put the 
<lb/>steamer in the water - 
<lb/>and everything into her -
<lb/>and hearing from 
<lb/>a <persName>Lieutenant Burlton</persName>
<lb/>who has volunteered,  
<lb/>that the Penguin past 
<lb/><placeName><settlement type="city">Quillimane</settlement></placeName> on <date when="1862-07-15">15<hi rend="sup underline">th</hi></date><choice><abbr>ult</abbr><expan>ultimo</expan></choice>
<lb/>without giving us 
<lb/>any provisions.  I must 
<lb/>go &amp; get them.  This is 
<lb/>a grievous loss of 
<lb/>time but it will all 
<lb/>turn out for the best 

       

	<pb n="0003" facs="liv_001796_0003"><!--pb/@n='2r'--></pb>
<lb/>We shall not meet old 
<lb/><persName>Seedy</persName> as he died of <term type="ailment">cholera</term>
<lb/>about the beginning of
<lb/>this year - &amp; will have 
<lb/>some work beating 
<lb/>back.</p>
<lb/><p>If <persName>Chibisa</persName> could be 
<lb/>aided without com-
<w><lb break="no"/>promising</w> the mission 
<lb/>with the Portuguese
<lb/>it might be done - but 
<lb/>he was the active agent 
<lb/>in passing the <placeName><settlement type="town">Tette</settlement></placeName>
<lb/>slavehunters up and 
<lb/>across <placeName><geogName type="lake">Shire</geogName></placeName> to hunt 
<lb/>the <term type="tribe">Manganja</term> and 
<lb/>I am not quite sure 
<lb/>but he may have a 
<lb/>hand in aiding those 
<lb/>now in the <term type="tribe">Ajawa</term> camp

       

	<pb n="0004" facs="liv_001796_0004"><!--pb/@n='2v'--></pb>
<lb/>you can trust none of 
<lb/>them - they are degraded 
<lb/>to the lowest point the 
<lb/>devil can effect moral 
<lb/>and we can scarcely enter 
<lb/>into their feelings in the 
<lb/>unprotected state in which 
<lb/>they spend their lives -
<lb/>I have told <persName>Chibisa</persName>'s 
<lb/>people what I think of 
<lb/>his conduct in aiding 
<lb/>the <term type="tribe">Azungo</term> to do to the 
<lb/><term type="tribe">Manganja</term> what they 
<lb/>now do to him and  
<lb/>will write immediately 
<lb/>to the <persName>Governor</persName> against 
<lb/><persName>Belshore</persName>.</p>
<lb/><p>The conduct of the 
<lb/>black English will not

       

	<pb n="0005" facs="liv_001796_0005"><!--pb/@n='3r'--></pb>
<lb/>hurt you much. The 
<lb/>people soon learn the 
<lb/>difference and will 
<lb/>value you the more. 
<lb/>I am sorry for it 
<lb/>however.  I told <persName>Chibisa</persName>'s
<lb/>people that though I had 
<lb/>brought them they were  
<lb/>not slaves and were 
<lb/>accountable for their 
<lb/>actions as much as he 
<lb/>is himself.  I hope they 
<lb/>have not gone up 
<lb/>by the cataracts as that 
<lb/>would place difficulties 
<lb/>in our way in the 
<lb/>transport.</p>
<lb/><p>I bespoke 2 bales of 
<lb/>calico from <persName>Vianna</persName>

	<pb n="0006" facs="liv_001796_0006"><!--pb/@n='3v'--></pb>
<lb/>and intend to ship them 
<lb/>in a day or two but 
<lb/><persName>Scudmore</persName> says that 
<lb/>you <choice><sic>dont</sic><corr>don't</corr></choice> need any 
<lb/>for six months at least 
<lb/>I shall bring them at 
<lb/>any rate.  I bought a 
<lb/>small cask of wine 
<lb/>such as we spoke of 
<lb/>2 for ourselves &amp; 
<lb/>1 for you.  It costs 
<lb/>£5 and <persName>Vianna</persName> says
<lb/>will be between 50 &amp; 60 
<lb/>bottles.  That too we 
<lb/>shall bring - when we 
<lb/>come say 2 months 
<lb/>hence.</p>

	<pb n="0007" facs="liv_001796_0007"><!--pb/@n='4r'--></pb>
<lb/><p>I have suggested to <persName>Procter</persName>
<lb/>to begin translation as 
<lb/>a means of reducing 
<lb/>the language.  If you all 
<lb/>spent several hours 
<lb/>a day at it you would 
<lb/>soon discover the 
<lb/>advantage. The product 
<lb/>need not be thought of 
<lb/>as fit for the press 
<lb/>but to fit you for 
<lb/>more important works  
<lb/>I told <persName>Scudamore</persName> this 
<lb/>but he forgets &amp; I repeat 
<lb/>it to <persName>Procter</persName> &amp; you.</p>
<lb/><p>Thanks for your 
<lb/>kind sympathies 
<lb/>In return I say 

       

	<pb n="0008" facs="liv_001796_0008"><!--pb/@n='4v'--></pb>
<lb/>cherish exalted thought  
<lb/>of the great work you 
<lb/>have undertaken.  It is 
<lb/>a work which if faithful 
<lb/>you will look back 
<lb/>to with satisfaction 
<lb/>while the eternal ages 
<lb/>roll on their everlasting 
<lb/>course.  The Devil will 
<lb/>do all he can to hinder 
<lb/>you - by efforts from 
<lb/>without &amp; from within 
<lb/>but remember Him who
<lb/><hi rend="underline">is</hi> with you &amp; will be 
<lb/>with <choice><sic>alway</sic><corr>always</corr></choice>.</p>
<lb/><p>The <persName>Governor</persName> of <placeName><settlement type="town">Tette</settlement></placeName>
<lb/>has got the sanction 

       

	<pb n="0009" facs="liv_001796_0009"><!--pb/@n='5r'--></pb>
<lb/>of his big brother 
<lb/>The <persName>Governor General</persName>
<lb/>of <placeName><country><choice><orig>Mosambique</orig><reg>Mozambique</reg></choice></country></placeName> to
<lb/>prosecute slave trade 
<lb/>on land.  I have written 
<lb/>a despatch which 
<lb/>will place the conduct 
<lb/>of the brothers in its 
<lb/>true light - probably 
<lb/>it will only take 
<lb/>effect when the 
<lb/>big brother is gone 
<lb/>but his successor 
<lb/>will be the better of
<lb/>the information now 
<lb/>given.  I have proved 
<lb/>that what the <persName>Governor 

       

	<pb n="0010" facs="liv_001796_0010"><!--pb/@n='5v'--></pb>
<lb/>General</persName> says about 
<lb/>slave trade being still 
<lb/>the law of the land 
<lb/>cannot be true except 
<lb/>by an oversight 
<lb/>which the statesmen 
<lb/>of <placeName><settlement type="city">Lisbon</settlement></placeName> will be 
<lb/>sure to remedy.</p>
<lb/><p>The packet of letters 
<lb/>that came last by 
<lb/>your return canoe 
<lb/>was at once delivered 
<lb/>to <persName>José M. Nunes</persName>
<lb/>of <placeName><settlement type="city">Quillimane</settlement></placeName> who
<lb/>was here and he took 
<lb/>them off to that port 
<lb/>the <unclear cert="medium">claret</unclear>; <choice><sic>dont</sic><corr>don't</corr></choice> you 

       

	<pb n="0011" facs="liv_001796_0011"><!--pb/@n='6r'--></pb>
<lb/>wish you may get it 
<lb/>We never saw it. 
<lb/><persName>Miss Mac</persName>. may have
<lb/>exchanged it for something 
<lb/>that bites the tongue 
<lb/>more than that <unclear>wishy 
<lb/>vashing</unclear> stuff claret.</p>
<lb/><p>With kind salutations 
<lb/>to <persName>Dickinson</persName> &amp;c</p>
<lb/><p>I am &amp;c</p>
<lb/><p><persName>David Livingstone</persName></p>
<lb/><p>In my letter to the 
<lb/><term type="tribe">Makololo</term> I give them 
<lb/>some news.  Then
<lb/>tell them that I have 
<lb/>heard of their deeds 
<lb/>&amp; will if they live 

       

	<pb n="0012" facs="liv_001796_0012"><!--pb/@n='6v'--></pb><!-- "7 July/62" written across top-left corner, but not sure how to code HB 12/28/11 -->
<lb/>quietly take them across 
<lb/>country to their own 
<lb/>land as soon as 
<lb/>possible.  I hope they 
<lb/>have not disturbed 
<lb/>the people adjacent 
<lb/>to the cataracts.  I add 
<lb/>that they must not 
<lb/>allow you to be 
<lb/>disturbed.  If you had 
<lb/>a hundred of them 
<lb/>bad as they are I would 
<lb/>back you to stop all 
<lb/>the <term type="tribe">Chicunda</term> slave hunters 
<lb/>and all the <term type="tribe">Azanga</term> too 
<lb/>26 who went up with us 
<lb/>to <persName>Sekeletu</persName> have run away 
<lb/>from him.  I <choice><sic>dont</sic><corr>don't</corr></choice> tell them 
<lb/>this except in a general way</p>
			
</div>
		</body>
	</text></TEI>