<?xml version="1.0" encoding="UTF-8"?>
<?xml-model href="http://livingstoneonline.github.io/LEAP-ODD/leap.rng" type="application/xml" schematypens="http://relaxng.org/ns/structure/1.0"?>
<?xml-model href="http://livingstoneonline.github.io/LEAP-ODD/leap.rng" type="application/xml" schematypens="http://purl.oclc.org/dsdl/schematron"?>
 <?xml-stylesheet href="http://livingstoneonline.github.io/LEAP-XSLT/transcription.xsl" type="text/xsl"?>
 <!--Converted from a TEI P4 XML file to the LEAP TEI P5 Schema by James Cummings on 2015-03-02--><!--TEI encoding revised and standardized by Adrian S. Wisnicki, 2015-2016-->
         <TEI xmlns="http://www.tei-c.org/ns/1.0" xml:id="liv_001764">
	<teiHeader>
		<fileDesc>
			<titleStmt>
				<title>Letter to John Washington</title>
                <title type="alternative">Letter to John Washington, 3 April 1862</title>
				<author xml:id="DL">Livingstone, David, 1813-1873</author>
			</titleStmt>
			<publicationStmt>
				<authority>Livingstone Online</authority>
				<pubPlace>London</pubPlace>
				<date>2009-09-08</date>
				<publisher>Wellcome Centre for the History of Medicine, UCL</publisher>
				<idno type="LEAP-ID">liv_001764</idno>
			</publicationStmt>
			<sourceDesc>
				<bibl xml:id="shelfmark">National Museum of the Royal Navy (Great Britain); MSS. 120</bibl>
				<bibl xml:id="ccnumber">Letters, 1213</bibl>
				<bibl xml:id="recipient"><persName>Washington, John, 1800-1863</persName></bibl>
				<bibl xml:id="date"><date when="1862-04-03">3 April 1862</date></bibl>
				<bibl xml:id="where">HMS "Pioneer" off Kongone</bibl>
			</sourceDesc>
		</fileDesc>
		<profileDesc>
			<langUsage>
				<language ident="en">English</language>
			</langUsage>
			<handNotes>
				<handNote xml:id="hand01">Scribe: Unknown</handNote>
			</handNotes>
		</profileDesc>
		<revisionDesc>
			<change>
				<date>2009-09-08</date>
				<name xml:id="CO">Caroline Overy</name>Initial Transcription by Caroline Overy
			</change>
			<change>
				<date>2009-10-16</date>
				<name xml:id="CL">Chris Lawrence</name>First Proof by Chris Lawrence
			</change>
		</revisionDesc>
	</teiHeader>

	<text>
		<body xml:lang="en">
			<div>

	<pb n="0001" facs="liv_001764_0001"/><!--pb/@n='1r'-->
<addSpan spanTo="#p.1r-01" place="marginleft"><!--addSpan/@place='left margin of fols 1r, 1v, 2r'--></addSpan>
<lb/><p rend="no-indent">We towed the brig over the bar yesterday - <term type="boat">Gorgon</term>
<lb/>leaves and we go in tomorrow morning<reg>.</reg></p><anchor xml:id="p.1r-01"/>
<lb/><p><term type="boat">H. M. S. Pioneer</term> off <placeName>Kongone</placeName></p>
<lb/><p rend="right">3 April 1862</p>
<lb/><p rend="no-indent">Dear <persName>Captain Washington</persName></p>
<lb/><p>The <term type="boat">Gorgon</term> left this 
<lb/>in a storm while <persName>Captain 
<lb/>Wilson</persName> was assisting us 
<lb/>up the River. Went to 
<lb/><placeName>Mosambique</placeName> and there 
<lb/>the <term type="boat">Pantaloon</term> being 
<lb/>disabled sent her to 
<lb/><placeName>Johanna</placeName> for provisions<reg>.</reg>
<lb/><persName>Captain Wilson</persName> has 
<lb/>now given us six 
<lb/>months provisions 
<lb/>and all the preserved 
<lb/>meats you kindly sent<reg>.</reg></p>

	<pb n="0002" facs="liv_001764_0002"/><!--pb/@n='1v'-->
<addSpan spanTo="#p.1v-01" place="marginleft"><!--addSpan/@place='left margin of fols 1r, 1v, 2r'--></addSpan>
<lb/><p rend="no-indent">Some dysentery has troubled some</p><anchor xml:id="p.1v-01"/>
<lb/><p rend="no-indent">We have <choice><sic>recieved</sic><corr>received</corr></choice> all the 
<lb/>tools we need for the 
<lb/>road &amp;c. and being well 
<lb/>found in food will now 
<lb/>set ourselves with all 
<lb/>our might to the one 
<lb/>great object of transporting 
<lb/>the steamer to the Lake.</p>
<lb/><p>The failure of our stores 
<lb/>for but a short time 
<lb/>involved great expense - 
<lb/>the rum for the men 
<lb/>was done and fearing 
<lb/>that we should get no 
<lb/>more for them till May 
<lb/>I purchased Wardroom 
<lb/>mess rum to the value </p>

	<pb n="0003" facs="liv_001764_0003"/><!--pb/@n='2r'-->
<addSpan spanTo="#p.2r-01" place="marginleft"><!--addSpan/@place='left margin of fols 1r, 1v, 2r'--></addSpan>
<lb/><p rend="no-indent">of the men lately - possibly from eating 
<lb/>beans while our flour was done<reg>.</reg></p><anchor xml:id="p.2r-01"/>
<lb/><p rend="no-indent">of £21. Our quinine 
<lb/>wine is also expended - 
<lb/>so to carry on the 
<w>expend-<lb break="no"/>iture</w> of wine &amp; quinine 
<lb/>for the sick I bought 
<lb/>the cheapest of the expensive 
<lb/>wines of the Mess for 
<lb/>over other £20 - and 
<lb/>hope this eight dozen 
<lb/>will suffice till we 
<lb/>get a supply of cheap 
<lb/>Cape wines which 
<lb/>have been ordered. The 
<lb/>purchase of expensive 
<lb/>wines on pressure by 
<lb/>the fear of being blamed 
<lb/>if we should happen to 
<lb/>be without cordials has 

	<pb n="0004" facs="liv_001764_0004"/><!--pb/@n='2v'-->
<lb/>run away with the money 
<lb/>on hand. I have drawn 
<lb/>£50 from <persName>M<hi rend="sup underline">r</hi><unclear cert="low">Sewell</unclear></persName>
<lb/>paymaster of the <term type="boat">Gorgon</term>
<lb/>and fear this will not 
<lb/>clear off my bills for 
<lb/>calicoes ordered from 
<lb/>the Portuguese. I have 
<lb/>made advances to the men 
<lb/>as wages also from 
<lb/>private sources, and may 
<lb/>have to do the same to 
<lb/>pay our Johanna men 
<lb/>their year<reg>'</reg>s wages but 
<lb/>will let you know all 
<lb/>about it - this is chiefly 
<lb/>to advise you of the above 
<lb/>£50.</p>
<lb/><p rend="center">Yours &amp;c</p>
<lb/><p rend="center">David Livingstone</p> 
			
</div>
		</body>
	</text></TEI>