<?xml version="1.0" encoding="UTF-8"?>
<?xml-model href="http://livingstoneonline.github.io/LEAP-ODD/leap.rng" type="application/xml" schematypens="http://relaxng.org/ns/structure/1.0"?>
<?xml-model href="http://livingstoneonline.github.io/LEAP-ODD/leap.rng" type="application/xml" schematypens="http://purl.oclc.org/dsdl/schematron"?>
 <?xml-stylesheet href="http://livingstoneonline.github.io/LEAP-XSLT/transcription.xsl" type="text/xsl"?>
 <!--Converted from a TEI P4 XML file to the LEAP TEI P5 Schema by James Cummings on 2015-03-02--><!--TEI encoding revised and standardized by Adrian S. Wisnicki, 2015-2016-->
         <TEI xmlns="http://www.tei-c.org/ns/1.0" xml:id="liv_001734">
	<teiHeader>
		<fileDesc>
			<titleStmt>
				<title>Letter to John Washington</title>
                <title type="alternative">Letter to John Washington, 21 February 1862</title>
				<author xml:id="DL">Livingstone, David, 1813-1873</author>
			</titleStmt>
			<publicationStmt>
				<authority>Livingstone Online</authority>
				<pubPlace>London</pubPlace>
				<date>2009-09-29</date>
				<publisher>Wellcome Centre for the History of Medicine, UCL</publisher>
				<idno type="LEAP-ID">liv_001734</idno>
			</publicationStmt>
			<sourceDesc>
				<bibl xml:id="shelfmark">National Museum of the Royal Navy (Great Britain); MSS. 120</bibl>
				<bibl xml:id="ccnumber">Letters, 1184</bibl>
				<bibl xml:id="recipient"><persName>Washington, John, 1800-1863</persName></bibl>
				<bibl xml:id="date"><date when="1862-02-21">21 February 1862</date></bibl>
				<bibl xml:id="where">R. Zambesi</bibl>
			</sourceDesc>
		</fileDesc>
		<profileDesc>
			<langUsage>
				<language ident="en">English</language>
			</langUsage>
			<handNotes>
				<handNote xml:id="hand01">Scribe: Unknown</handNote>
			</handNotes>
		</profileDesc>
		<revisionDesc>
			<change>
				<date>2009-09-29</date>
				<name xml:id="CO">Caroline Overy</name>Initial Transcription by Caroline Overy
			</change>
			<change>
				<date>2009-10-08</date>
				<name xml:id="CL">Chris Lawrence</name>First Proof by Chris Lawrence
			</change>
		</revisionDesc>
	</teiHeader>

	<text>
		<body xml:lang="en">
			<div>

	<pb n="0001" facs="liv_001734_0001"/><!--pb/@n='1r'-->
<addSpan spanTo="#p.1r-01" place="marginleft"><!--addSpan/@place='left margin of fol. 1r'--></addSpan>
<lb/><p rend="no-indent">We shall soon be out of all provisions except beans but hope the 
<lb/>Admiral may be able to supply us. Preserved meats are at the <placeName>Cape</placeName></p><anchor xml:id="p.1r-01"/> 
<lb/><p rend="right"><placeName> R. Zambesi</placeName> 21<hi rend="sup underline">st</hi> Feby 1862</p>
<lb/>
<lb/><p rend="no-indent">Dear <persName>Captain Washington</persName></p>
<lb/><p><space extent="3" unit="words"/>We are going up at 
<lb/>snail's pace in consequence of having 
<lb/>the chief portion of the shell of the new 
<lb/>steamer on board. <persName>Captain Wilson</persName> of 
<lb/><term type="boat">H M S Gorgon</term> assisted with his men 
<lb/>and officers to take the pieces out 
<lb/>of the brig and place them on board<reg>.</reg>
<lb/>We have the boilers &amp; 2 sections 
<lb/>in his paddlebox boats - want of 
<lb/>provisions will compel him to 
<lb/>return so I write to say that 
<lb/>I have taken <persName>M<hi rend="sup underline">r</hi> Edward Young</persName>
<lb/>a gunner from the <term type="boat">Gorgon</term> to 
<lb/>navigate the <term type="boat">Lady Nyassa</term> - at 
<lb/>£173 - per annum - and he 
<lb/>wishes - £160 to be paid to his wife 
<lb/><persName>Eliza Young</persName>, Providence Cottage, 
<lb/>Brockhurst, near Gosport - <add place="inline">Hants</add> -</p>
<lb/><p><persName>M<hi rend="sup underline">r</hi> Gedye</persName> wishes to go home &amp; 
<lb/>I regret very much to part 
<lb/>with him as he has behaved 
<lb/>very well indeed all the time </p>

	<pb n="0002" facs="liv_001734_0002"/><!--pb/@n='1v'-->
<addSpan spanTo="#p.1v-01" place="marginleft"><!--addSpan/@place='left margin of fol. 1v'--></addSpan>
<lb/><p rend="no-indent">We require a boat or two<reg>.</reg> Our two whalers of 1858 are done<reg>.</reg></p><anchor xml:id="p.1v-01"/>
<addSpan spanTo="#p.1v-02" place="marginright"><!--addSpan/@place='right margin of fol. 1v, left margin of fol. 2r'--></addSpan>
<lb/><p rend="no-indent">1<hi rend="sup">st</hi> March</p>
<lb/><p rend="no-indent">We cannot carry 35 tons up the river so must unload at</p><anchor xml:id="p.1v-02"/>
<lb/><p rend="no-indent">he has been with us. I engaged also 
<lb/>a carpenter and smith who were on 
<lb/>their passage home from <placeName>Johanna</placeName>, 
<lb/>the carpenter is a Tyrolese I believe 
<lb/>and his pay is £7-10 per month<reg>.</reg>
<lb/>His name <persName>Augustus Waldman</persName>
<lb/>the smith <persName>William Macleod</persName> - a 
<lb/>Scotchman is a very good workman<reg>.</reg>
<lb/>His pay is £10 per month. We 
<lb/>have one able seaman &amp; two quarter 
<lb/>masters from the <term type="boat">Gorgon</term> for the 
<lb/>lake steamer, and exchange <persName>John 
<lb/>Neale</persName> on account of sickness 
<lb/>alone, for <persName>William Goldsmith</persName> 
<lb/>a volunteer. A few more hands 
<lb/>would have been all the better 
<lb/>but we shall do what we can with the 
<lb/>natives.</p>
<lb/><p>If you can assist <persName>M<hi rend="sup underline">r</hi> Gedye</persName>
<lb/>to another situation you will 
<lb/>do a good deed, as he deserves 
<lb/>it. He had a severe touch of fever 
<lb/>when we were away at the Lake 
<lb/>and I suspect fears another. 
<lb/>He would prefer the coast <choice><sic>gaurd</sic><corr>guard</corr></choice>
<lb/>but to whatever station you </p>

	<pb n="0003" facs="liv_001734_0003"/><!--pb/@n='2r'-->
<addSpan spanTo="#p.2r-02" place="marginleft"><!--addSpan/@place='right margin of fol. 1v, left margin of fol. 2r'--></addSpan>
<lb/><p rend="no-indent"><placeName>Shupanga</placeName> - put a steamer together &amp; try &amp; tow her up. We have been 
<lb/>three weeks in reaching <placeName>Shupanga</placeName><reg>.</reg> David Livingstone</p><anchor xml:id="p.2r-02"/>
<lb/><p rend="no-indent">would recommend him I think 
<lb/>you would have no reason to regret 
<lb/>having done so. He professes regret at 
<lb/>leaving and willingness to return, I 
<lb/>suppose on other terms. I offered 
<lb/>him the command on <persName>M<hi rend="sup underline">r</hi> May's</persName> leaving 
<lb/>but he declined though to obviate his 
<lb/>objection I offered to lay down his 
<lb/>daily position for him. He said 
<lb/>that he must have some one to 
<lb/>navigate so I was forced to do it 
<lb/>myself though knowing next to 
<lb/>nothing about navigation.</p>
<lb/><p><persName>David Gwilliam</persName> or <persName>Gwillim</persName>
<lb/>wishes to send (£20) Twenty Pounds 
<lb/>to his wife <persName>Elizabeth Gwillim</persName></p>
<lb/><p rend="no-indent">Smith Rope <del type="strikethrough">Wal</del> Ground</p>
<lb/><p>Woolwich - Kent.</p>
<lb/><p rend="no-indent">He says his pension is not paid 
<lb/>so regularly as she requires and 
<lb/>he wishes to send this out 
<lb/>of his pay. All advances of money 
<lb/>are sent to <add place="above">be</add> placed against each 
<lb/>seaman in the Flag ship.</p>
<lb/><p rend="no-indent">I have asked <persName>Admiral Walker</persName> if 
<lb/>he will send up a party to set the 
<lb/><placeName>Rovuma</placeName> question at rest from the 

	<pb n="0004" facs="liv_001734_0004"/><!--pb/@n='2v'-->
<lb/>sea upwards. It is very important 
<lb/>that this point be settled while the 
<lb/>present state of American affairs 
<lb/>lasts. <choice><reg>T</reg><orig>t</orig></choice>he Governor General of <placeName>Mosam
<lb/>bique</placeName> went up lately with some 3 
<lb/>ships to try &amp; induce the Sultan to 
<lb/>say that <placeName>Rovuma</placeName> instead of <placeName>Cape 
<lb/>Delgado</placeName> is the boundary between 
<lb/><placeName>Zanzibar</placeName> and Portugal. <choice><reg>B</reg><orig>b</orig></choice>y <persName>Col Rigby's</persName>
<lb/>advice the true boundary <placeName>Cape 
<lb/>Delgado</placeName> which to the eye looks 8 or 10 
<lb/>miles south of <placeName>Rovuma</placeName> was asserted 
<lb/>to be the boundary. Amidst the 
<w>multi-<lb break="no"/>plicity</w> of points that engross your 
<lb/>attention I entreat you to bear this 
<lb/>in remembrance. <placeName>Cape Delgado</placeName> is 
<lb/>the boundary beyond dispute - the 
<lb/>attempt of the Gov. Gen<hi rend="sup underline">l</hi> shews that 
<lb/>we are right.</p>
<lb/><p><term type="boat">Pioneer</term> too heavily laden goes up 
<lb/>very slowly but we unloaded five 
<lb/>tons at <placeName>Shupanga</placeName> and will make 
<lb/>three trips of the whole ship. All 
<lb/>our efforts will be bent to 
<lb/>getting this vessel on the Lake<reg>.</reg>
<lb/><persName>M<hi rend="sup underline">rs</hi> L</persName> is here and well. Thanks 
<lb/>true and hearty for all your kindness 
<lb/>to her<reg>.</reg> Ever Yours David Livingstone</p> 
			
</div>
		</body>
	</text></TEI>