<?xml version="1.0" encoding="UTF-8"?>
<?xml-model href="http://livingstoneonline.github.io/LEAP-ODD/leap.rng" type="application/xml" schematypens="http://relaxng.org/ns/structure/1.0"?>
<?xml-model href="http://livingstoneonline.github.io/LEAP-ODD/leap.rng" type="application/xml" schematypens="http://purl.oclc.org/dsdl/schematron"?>
 <?xml-stylesheet href="http://livingstoneonline.github.io/LEAP-XSLT/transcription.xsl" type="text/xsl"?>
 <!--Converted from a TEI P4 XML file to the LEAP TEI P5 Schema by James Cummings on 2015-03-02--><!--TEI encoding revised and standardized by Adrian S. Wisnicki, 2015-2016-->
         <TEI xmlns="http://www.tei-c.org/ns/1.0" xml:id="liv_001035">
	<teiHeader>
		<fileDesc>
			<titleStmt>
				<title>Letter to John Murray III</title>
                <title type="alternative">Letter to John Murray III, 30 May 1857</title>
				<author xml:id="DL">Livingstone, David, 1813-1873</author>
			</titleStmt>
			<publicationStmt>
				<authority>Livingstone Online</authority>
				<pubPlace>London</pubPlace>
				<date>2008-11-04</date>
				<publisher>Wellcome Centre for the History of Medicine, UCL</publisher>
				<idno type="LEAP-ID">liv_001035</idno>
			</publicationStmt>
			<sourceDesc>
				<bibl xml:id="shelfmark">National Library of Scotland; MS. 42420, ff. 41r-44v</bibl>
				<bibl xml:id="ccnumber">Letters, 0532</bibl>
				<bibl xml:id="recipient"><persName>Murray, John III, 1808-1892</persName></bibl>
				<bibl xml:id="date"><date when="1857-05-30">30 May 1857</date></bibl>
				<bibl xml:id="where">Hadley Green</bibl>
			</sourceDesc>
		</fileDesc>
		<profileDesc>
			<langUsage>
				<language ident="en">English</language>
			</langUsage>
			<handNotes>
				<handNote xml:id="hand01">Scribe: Unknown</handNote>
			</handNotes>
		</profileDesc>
		<revisionDesc>
			<change>
				<date>2008-11-04</date>
				<name xml:id="SM">Sharon Messenger</name>Initial Transcription by Sharon Messenger
			</change>
			<change>
				<date>2008-11-14</date>
				<name xml:id="CL">Chris Lawrence</name>Proof by Chris Lawrence
			</change>
		</revisionDesc>
	</teiHeader>

	<text>
		<body xml:lang="en">
			<div>

	<pb n="0001" facs="liv_001035_0001"/><!--pb/@n='41r'-->
<lb/><p rend="right">Sat Evening</p>
<lb/><p rend="right"><space extent="2" unit="chars"/>30<hi rend="sup underline">th</hi> May</p>
<lb/><p rend="right"><space extent="4" unit="chars"/>1857</p>
<lb/>
<lb/><p rend="no-indent">My Dear <persName>M<hi rend="sup">r</hi> Murray</persName></p>
<lb/><p><space extent="1" unit="chars"/>I am sorry to 
<lb/>find that you have 
<lb/>been led to suppose 
<lb/>that the reviser employed 
<lb/>is in any way 
<lb/>qualified for the 
<lb/>work. I give you 
<lb/>a few specimens 
<lb/>of his erudition taken 
<lb/>at random<reg>.</reg>

	<pb n="0002" facs="liv_001035_0002"/><!--pb/@n='41v'--> 
<lb/>Slip 98 line 22 from 
<lb/>top "<hi rend="underline">pestered</hi>" is the 
<lb/>truth <hi rend="underline"><choice><sic>beseiged</sic><corr>besieged</corr></choice></hi> is not 
<lb/>line 26<hi rend="sup underline">th</hi> <del type="strikethrough"><hi rend="underline">spinal</hi> is 
<lb/>not true it was <hi rend="underline">uterine</hi>
<lb/>but </del></p>
<lb/><p rend="no-indent">S 95 Hooping cough 
<lb/>corrected into <hi rend="underline">Whooping</hi>
<lb/>cough<reg>.</reg> What is that? 
<lb/>96 to his affrighted 
<lb/>relatives corrected 
<lb/>into <hi rend="underline">to the great 
<lb/>alarm of their astonished 
<lb/>relatives!</hi></p>
<lb/><p rend="no-indent">No inspection of the 

	<pb n="0003" facs="liv_001035_0003"/><!--pb/@n='42r'--> 
<lb/>body being ever allowed 
<lb/>diluted thus, <hi rend="underline">by these 
<lb/>people - !</hi> Then third 
<lb/>line from top a 
<lb/>line left out which 
<lb/>is quite necessary 
<lb/>to complete the 
<lb/>sense. </p>
<lb/><p rend="no-indent">Please look at 
<lb/>slip 111 and say 
<lb/>whether what is 
<lb/>struck out is not 
<lb/>proof positive of 
<lb/>your man being 
<lb/>entirely wanting 

	<pb n="0004" facs="liv_001035_0004"/><!--pb/@n='42v'--> 
<lb/>in sympathy with 
<lb/>the author of a book 
<lb/>of this kind. <persName>Prof. 
<lb/>Owen</persName> puts stet 
<lb/>opposite it. </p>
<lb/><p rend="no-indent">S.210 bottom of page 
<lb/>Does not know 
<lb/>meaning of "parts!" 
<lb/>(vide <persName>Johnson</persName> or 
<lb/><persName>Webster</persName>) </p>
<lb/><p rend="no-indent">213 Makes nonsense 
<lb/>of a plain statement 
<lb/>in middle of page 
<lb/>D<hi rend="sup">o</hi> D<hi rend="sup">o</hi> 214 

	<pb n="0005" facs="liv_001035_0005"/><!--pb/@n='43r'--> 
<lb/>you see I have avoided 
<lb/>saying expressly that 
<lb/>prepuce is cut off 
<lb/>though it might be 
<lb/>expected from using 
<lb/>the proper term for 
<lb/>that operation. And 
<lb/>a man who puts his 
<lb/>hand to revise a 
<lb/>work on <placeName>South Africa</placeName>
<lb/>ought to have known 
<lb/>the universal practice 
<lb/>of the real cutting off 
<lb/>yet see 218 - <hi rend="underline">incision</hi>
<lb/>See again 226 

	<pb n="0006" facs="liv_001035_0006"/><!--pb/@n='43v'--> 
<lb/>"the phrase being identical 
<lb/>with "<hi rend="underline">abiit ad plures</hi>"" 
<lb/>is struck out, by 
<lb/>this gentleman - ab 
<lb/>uno disce omnes 
<lb/>ignorance I fear<reg>.</reg></p>
<lb/><p>Now my good 
<lb/>friend I cannot 
<lb/>think you have 
<lb/>noticed the process 
<lb/>of emasculation 
<lb/>for which I fear 
<lb/>you have been 
<lb/>paying. <choice><reg>T</reg><orig>t</orig></choice>he liberties 

	<pb n="0007" facs="liv_001035_0007"/><!--pb/@n='44r'--> 
<lb/>he has taken are 
<lb/>most unwarrantable 
<lb/>and I cannot really 
<lb/>undertake to father 
<lb/>them. I am willing 
<lb/>to submit my 
<lb/>style uncouth though 
<lb/>it be to <persName>M<hi rend="sup">r</hi> Elwin</persName>
<lb/>or any friend you 
<lb/>like and if it is 
<lb/>not clearer more 
<lb/>forcible and 
<lb/>more popular than 
<lb/>anything this man 

	<pb n="0008" facs="liv_001035_0008"/><!--pb/@n='44v'--> 
<lb/>can give I shall 
<lb/>then confess I am 
<lb/>wrong. My letters 
<lb/>written to the Geog
<lb/>raphical &amp; Missionary 
<lb/>societies are popular<reg>.</reg>
<lb/>Why must you 
<lb/>pay for diluting 
<lb/>what I say with 
<lb/>namby pambyism<reg>.</reg>
<lb/>Excuse me, but 
<lb/>you must give this 
<lb/>man leave to quit<reg>.</reg>
<lb/>I really cannot afford 
<lb/>to appear as he would 
<lb/>make me<reg>.</reg><persName>D. Livingstone</persName></p>
			
</div>
		</body>
	</text></TEI>