<?xml version="1.0" encoding="UTF-8"?>
<?xml-model href="http://livingstoneonline.github.io/LEAP-ODD/leap.rng" type="application/xml" schematypens="http://relaxng.org/ns/structure/1.0"?>
<?xml-model href="http://livingstoneonline.github.io/LEAP-ODD/leap.rng" type="application/xml" schematypens="http://purl.oclc.org/dsdl/schematron"?>
 <?xml-stylesheet href="http://livingstoneonline.github.io/LEAP-XSLT/transcription.xsl" type="text/xsl"?>
 <!--Converted from a TEI P4 XML file to the LEAP TEI P5 Schema by James Cummings on 2015-03-02--><!--TEI encoding revised and standardized by Adrian S. Wisnicki, 2015-2016-->
         <TEI xmlns="http://www.tei-c.org/ns/1.0" xml:id="liv_001001"><!-- LP10 -->
	<teiHeader>
		<fileDesc>
			<titleStmt>
				<title>Letter to [James Young]</title>
                <title type="alternative">Letter to [James Young], 17 April 1857</title>
				<author xml:id="DL">Livingstone, David, 1813-1873</author>
			</titleStmt>
			<publicationStmt>
				<authority>Livingstone Online</authority>
				<pubPlace>London</pubPlace>
				<date>2005-04-27</date>
				<publisher>Wellcome Centre for the History of Medicine, UCL</publisher>
				<idno type="LEAP-ID">liv_001001</idno>
			</publicationStmt>
			<sourceDesc>
				<bibl xml:id="ccnumber">Letters, 0504</bibl>
				<bibl xml:id="recipient"><persName>Young, James, 1811-1883</persName></bibl>
				<bibl xml:id="date"><date when="1857-04-17">17 April 1857</date></bibl>
				<bibl xml:id="where">57 Sloane St., London</bibl>
				<bibl xml:id="shelfmark">Wellcome Institute for the History of Medicine. Library; 7329 10</bibl><!--1857-04-17--><!--Original:1857-04-17-->
				<bibl xml:id="extent">4 pages</bibl>
			</sourceDesc>
		</fileDesc>
		<revisionDesc>
			<change>
				<date>2005-04-27</date>
				<name xml:id="SM">Sharon Messenger</name>Initial Transcription
			</change>
			<change>
				<date>2006-02-13</date>
				<name xml:id="CL">Chris Lawrence</name>first proof
			</change>
			<change>
				<date>2006-02-20</date>
				<name xml:id="JB">Janet Browne</name>second proof
			</change>
			<change>
				<date>2005-02-27</date>
				<name xml:id="CO">Caroline Overy</name>final proof
			</change>
		</revisionDesc>
	</teiHeader>

	<text>
		<body>
			<div>

	<pb n="0001" facs="liv_001001_0001"/><!--pb/@n='1'--> 
<!--Hand 01 63006 top right-->
<lb/><p rend="right"><space extent="1" unit="chars"/><placeName>57 Sloane <choice><abbr>St</abbr><expan>Street</expan></choice></placeName></p>
<lb/><p rend="right"><space extent="2" unit="chars"/>17<hi rend="sup underline">th</hi> April 1857</p>
<lb/>
<lb/><p rend="no-indent">Dear <persName>Sir</persName></p>
<lb/><p><space extent="1" unit="words"/><space extent="1" unit="chars"/>I am really very much 
<lb/>ashamed that your kind note 
<lb/>of invitation should have 
<lb/>remained so long unanswered. 
<lb/>I was not by any means 
<lb/>insensible to the obligation I owed 
<lb/>to the kindly feelings which 
<lb/>prompted you to offer me the 
<lb/>pleasure of a sojourn in 
<lb/>your house during my visit 

	<pb n="0002" facs="liv_001001_0002"/><!--pb/@n='2'--> 
<lb/>to Glasgow but having the 
<lb/><choice><sic>privelege</sic><corr>privilege</corr></choice> of <del type="strikethrough">the</del> being a guest 
<lb/>with my old and much 
<lb/>esteemed friend <persName>Professor 
<lb/>Andrew Buchanan</persName> I knew 
<lb/>the only thing I could say 
<lb/>would be in the way 
<lb/>of declining the favour. This 
<lb/>I have a particular aversion 
<lb/>to do to any one especially 
<lb/>when I am sure of the 
<lb/>offer being as this was a 
<lb/>genuine hearty one, and 
<lb/>as the time sped past most 
<lb/>rapidly my mind being fully 

	<pb n="0003" facs="liv_001001_0003"/><!--pb/@n='3'--> 
<lb/>occupied in writing the <term type="reference">Narrative </term>
<lb/>I am ashamed to say the thing 
<lb/>went nearly out of my recollection 
<lb/>But when I had the honour 
<lb/>of being introduced <add place="above">yesterday</add> to your 
<lb/>daughters my negligence came 
<lb/>rather more vividly than 
<lb/>pleasantly to my memory.</p>
<lb/><p>I thank you most heartily 
<lb/>for your kind invitation 
<lb/>but on account of being 
<lb/>expected by my excellent friend 
<lb/><persName>D<hi rend="sup">r</hi> Buchanan</persName> I fear I 
<lb/>shall have the pleasure o<del type="strikethrough">f</del>nly<!--f changed in to n and multiple strikethrough-->
<lb/>of making a call when 
<lb/>I am in the city.</p>

	<pb n="0004" facs="liv_001001_0004"/><!--pb/@n='4'-->
<lb/><p>I heard your daughters playing 
<lb/>some pretty music at <persName>M<hi rend="sup">r</hi>
<lb/>Lindsay's</persName> last <add place="above">night</add> they seemed 
<lb/>well and hearty. I wanted 
<lb/>some scotch tunes from 
<lb/>them as having more 
<lb/>sense in them than the 
<lb/>Italian stuff into which 
<lb/>they are drilled. I suspect 
<lb/>their Mam<del type="strikethrough">m</del>a will consider 
<lb/>me heretical in this.</p>
<lb/><p rend="center"><space extent="1" unit="words"/>I am Dear Sir</p>
<lb/><p rend="center"><space extent="1" unit="words"/><space extent="3" unit="chars"/>Yours &amp;c</p>
<lb/><p rend="center"><space extent="1" unit="words"/>David Livingstone</p>
			
</div>
		</body>
	</text></TEI>