<?xml version="1.0" encoding="UTF-8"?>
<?xml-model href="http://livingstoneonline.github.io/LEAP-ODD/leap.rng" type="application/xml" schematypens="http://relaxng.org/ns/structure/1.0"?>
<?xml-model href="http://livingstoneonline.github.io/LEAP-ODD/leap.rng" type="application/xml" schematypens="http://purl.oclc.org/dsdl/schematron"?>
 <?xml-stylesheet href="http://livingstoneonline.github.io/LEAP-XSLT/transcription.xsl" type="text/xsl"?>
 <!--Converted from a TEI P4 XML file to the LEAP TEI P5 Schema by James Cummings on 2015-03-02--><!--TEI encoding revised and standardized by Adrian S. Wisnicki, 2015-2016-->
         <TEI xmlns="http://www.tei-c.org/ns/1.0" xml:id="liv_000967">
	<teiHeader>
		<fileDesc>
			<titleStmt>
				<title>Letter to John Murray III</title>
                <title type="alternative">Letter to John Murray III, 5 March [1857]</title>
				<author xml:id="DL">Livingstone, David, 1813-1873</author>
			</titleStmt>
			<publicationStmt>
				<authority>Livingstone Online</authority>
				<pubPlace>London</pubPlace>
				<date>2008-04-02</date>
				<publisher>Wellcome Centre for the History of Medicine, UCL</publisher>
				<idno type="LEAP-ID">liv_000967</idno>
			</publicationStmt>
			<sourceDesc>
				<bibl xml:id="shelfmark">National Library of Scotland; MS. 42420, ff. 4r-5v</bibl>
				<bibl xml:id="ccnumber">Letters, 0474</bibl>
				<bibl xml:id="recipient"><persName>Murray, John III, 1808-1892</persName></bibl>
				<bibl xml:id="date"><date when="1857-03-05">5 March [1857]</date></bibl>
				<bibl xml:id="where">57 Sloane St., London</bibl>
			</sourceDesc>
		</fileDesc>
		<profileDesc>
			<langUsage>
				<language ident="en">English</language>
			</langUsage>
			<handNotes>
				<handNote xml:id="hand01">Scribe: Unknown</handNote>
			</handNotes>
		</profileDesc>
		<revisionDesc>
			<change>
				<date>2008-04-03</date>
				<name xml:id="SM">Sharon Messenger</name>Initial Transcription by Sharon Messenger
			</change>
			<change>
				<date>2008-06-15</date>
				<name xml:id="CL">Chris Lawrence</name>Initial Transcription by Chris Lawrence
			</change>
			<change>
				<date>2008-12-01</date>
				<name xml:id="JB">Janet Browne</name>Proofed by Janet Browne
			</change>
		</revisionDesc>
	</teiHeader>

	<text>
		<body xml:lang="en">
			<div>

	<pb n="0001" facs="liv_000967_0001"/><!--pb/@n='4r'-->
<lb/><p rend="right"><placeName>57 Sloane St</placeName>
<lb/>5<hi rend="sup underline">th</hi> March </p>
<lb/>
<lb/><p rend="no-indent">My Dear Sir</p>
<lb/><p><space extent="1" unit="words"/><space extent="2" unit="chars"/>I got a present 
<lb/>of a copy of <persName>D<hi rend="sup underline">r</hi> Smith's</persName>
<lb/>work from himself 
<lb/>last night. It only 
<lb/>wants binding. 
<lb/>What a pity we 
<lb/>did not know 
<lb/>sooner. It will 
<lb/>perhaps be impossible 
<lb/>to countermand the 
<lb/>one ordered already<reg>.</reg>

	<pb n="0002" facs="liv_000967_0002"/><!--pb/@n='4v'--> 
<lb/>I have thought an 
<lb/>antelope named Aakon 
<lb/>should be introduced 
<lb/>into one of <persName>Wolf's</persName> pictures 
<lb/><choice><sic>Anderson</sic><corr>Andersson</corr></choice> never saw 
<lb/>it and I did. <choice><reg>T</reg><orig>t</orig></choice>he horns 
<lb/>&amp; foot he got his 
<lb/>picture from were 
<lb/>brought by <persName>M<hi rend="sup">r</hi> <choice><sic>Oswel</sic><corr>Oswell</corr></choice></persName>
<lb/>&amp; myself, the skin 
<lb/>was sent by me 
<lb/>to <persName>Colonel Steele</persName>. It 
<lb/>lies or rather hides 
<lb/>itself in the water 
<lb/>with the horns put 

	<pb n="0003" facs="liv_000967_0003"/><!--pb/@n='5r'--> 
<lb/>back horizontally with 
<lb/>the back and only 
<lb/>the tip of the nose 
<lb/>above water <reg>.</reg> It is 
<lb/>more paunchy than 
<lb/>in <persName><choice><sic>Anderson's</sic><corr>Andersson's</corr></choice></persName> picture 
<lb/>there is room for it 
<lb/>in the picture with 
<lb/>the other new antelope<reg>.</reg>
<lb/>I should like too another 
<lb/>pretty little antelope 
<lb/>we have which 
<lb/>is figured in <persName>Angus'</persName>
<lb/>book. </p>
<lb/><p><choice><reg>T</reg><orig>t</orig></choice>he only thing <persName>M<hi rend="sup">rs</hi>
<lb/>L</persName>. did at <placeName>Lake Ngami</placeName>

	<pb n="0004" facs="liv_000967_0004"/><!--pb/@n='5v'--> 
<lb/>was to make a cup 
<lb/>of tea for me - didn't 
<lb/>turn up the whites of 
<lb/>her eyes or do the 
<lb/>sentimental at all 
<lb/>so you must not 
<lb/>make her holding up 
<lb/>her little finger even<reg>.</reg>
<lb/>You might oblige me 
<lb/>by sending for "<unclear cert="low">Harris</unclear>
<lb/>&amp; <persName>Smith</persName> tomorrow<reg>.</reg></p>
<lb/><p><space extent="2" unit="chars"/>I am &amp;c. </p>
<lb/><p><space extent="2" unit="chars"/><persName>David Livingstone</persName></p>
<lb/>
<lb/><p rend="no-indent">The large frog in <persName>Smith</persName>
<lb/>is not the eatable fellow<reg>.</reg></p>
			
</div>
		</body>
	</text></TEI>