<?xml version="1.0" encoding="UTF-8"?>
<?xml-model href="http://livingstoneonline.github.io/LEAP-ODD/leap.rng" type="application/xml" schematypens="http://relaxng.org/ns/structure/1.0"?>
<?xml-model href="http://livingstoneonline.github.io/LEAP-ODD/leap.rng" type="application/xml" schematypens="http://purl.oclc.org/dsdl/schematron"?>
 <?xml-stylesheet href="http://livingstoneonline.github.io/LEAP-XSLT/transcription.xsl" type="text/xsl"?>
 <!--Converted from a TEI P4 XML file to the LEAP TEI P5 Schema by James Cummings on 2015-03-02--><!--TEI encoding revised and standardized by Adrian S. Wisnicki, 2015-2016-->
         <TEI xmlns="http://www.tei-c.org/ns/1.0" xml:id="liv_000984">
	<teiHeader>
		<fileDesc>
			<titleStmt>
				<title>Letter to John Murray III</title>
                <title type="alternative">Letter to John Murray III, 30 March 1857</title>
				<author xml:id="DL">Livingstone, David, 1813-1873</author>
			</titleStmt>
			<publicationStmt>
				<authority>Livingstone Online</authority>
				<pubPlace>London</pubPlace>
				<date>2008-11-04</date>
				<publisher>Wellcome Centre for the History of Medicine, UCL</publisher>
				<idno type="LEAP-ID">liv_000984</idno>
			</publicationStmt>
			<sourceDesc>
				<bibl xml:id="shelfmark">National Library of Scotland; MS. 42420, ff. 10r-11v</bibl>
				<bibl xml:id="ccnumber">Letters, 0489</bibl>
				<bibl xml:id="recipient"><persName>Murray, John III, 1808-1892</persName></bibl>
				<bibl xml:id="date"><date when="1857-03-30">30 March 1857</date></bibl>
				<bibl xml:id="where">57 Sloane St., London</bibl>
			</sourceDesc>
		</fileDesc>
		<profileDesc>
			<langUsage>
				<language ident="en">English</language>
			</langUsage>
			<handNotes>
				<handNote xml:id="hand01">Scribe: Unknown</handNote>
			</handNotes>
		</profileDesc>
		<revisionDesc>
			<change>
				<date>2008-11-04</date>
				<name xml:id="SM">Sharon Messenger</name>Initial Transcription by Sharon Messenger
			</change>
			<change>
				<date>2008-11-14</date>
				<name xml:id="CL">Chris Lawrence</name>Proof by Chris Lawrence
			</change>
		</revisionDesc>
	</teiHeader>

	<text>
		<body xml:lang="en">
			<div>

	<pb n="0001" facs="liv_000984_0001"/><!--pb/@n='10r'-->
<addSpan spanTo="#p10r-01" place="marginleft"><!--addSpan/@place='left margin of fol. 10r'--></addSpan>
<lb/><p rend="no-indent"><placeName>Lake Nygami</placeName> might be improved. <choice><reg>M</reg><orig>m</orig></choice>y 
<lb/>jacket was always short - &amp; blue cloth cap<reg>.</reg></p><anchor xml:id="p10r-01"/>
<lb/><p rend="center"><space extent="4" unit="chars"/><placeName>57 Sloane St</placeName></p>
<lb/><p rend="center"><space extent="4" unit="chars"/>30<hi rend="sup underline">th</hi> March</p>
<lb/><p rend="center"><space extent="6" unit="chars"/>1857</p>
<lb/>
<lb/><p rend="no-indent">My Dear <persName>M<hi rend="sup underline">r</hi> Murray</persName></p>
<lb/><p><space extent="2" unit="chars"/><persName>Adams</persName> goes 
<lb/>the "whole hog" you 
<lb/>see, dedicated to 
<lb/>the Missionary Society 
<lb/>not however by 
<lb/>permission I hope. 
<lb/><persName>Sir Roderick</persName>
<lb/>thinks we ought 

	<pb n="0002" facs="liv_000984_0002"/><!--pb/@n='10v'--> 
<lb/>to put an advertisement 
<lb/>in the Times as 
<lb/>well. I have not 
<lb/>seen the reply in 
<lb/>the Athenaeum, can 
<lb/>you let me see it 
<lb/>if it be necessary 
<lb/>to reply<reg>.</reg></p>
<lb/><p>I send I - XIII 
<lb/>keeping back 
<lb/><!-- This is not a symbol - it's just a marking he put to highlight  the 'X' -->X as I am about 
<lb/>to sweeten it as I 

	<pb n="0003" facs="liv_000984_0003"/><!--pb/@n='11r'--> 
<lb/>been engaged all 
<lb/>day in doing to 
<lb/>other parts. </p>
<lb/><p><choice><reg>T</reg><orig>t</orig></choice>here is a tree 
<lb/>in the plate of the 
<lb/>Falls which I 
<lb/>objected to before 
<lb/>it is of this shape 
<lb/><figure><!--<graphic url="LETT530-1.gif"/>--><figDesc/></figure> now I wanted 
<lb/>it thus <figure><!--<graphic url="LETT530-2.gif"/>--><figDesc/></figure> with 
<lb/>foliage on these 
<lb/>little branches alone 
<lb/>the enormous 

	<pb n="0004" facs="liv_000984_0004"/><!--pb/@n='11v'--> 
<lb/>arms are always 
<lb/>seen distinctly even 
<lb/>at a distance. You 
<lb/>can have some 
<lb/>more pieces as 
<lb/>soon as I look 
<lb/>over the errata 
<lb/>and a few more 
<lb/>for your friend<reg>.</reg>
<lb/>Could an injunction 
<lb/>not be got with 
<lb/>case against this? </p>
<lb/><p>Yours &amp;c </p>
<lb/><p><persName>D Livingstone</persName></p> 
			
</div>
		</body>
	</text></TEI>