<?xml version="1.0" encoding="UTF-8"?>
<?xml-model href="http://livingstoneonline.github.io/LEAP-ODD/leap.rng" type="application/xml" schematypens="http://relaxng.org/ns/structure/1.0"?>
<?xml-model href="http://livingstoneonline.github.io/LEAP-ODD/leap.rng" type="application/xml" schematypens="http://purl.oclc.org/dsdl/schematron"?>
 <?xml-stylesheet href="http://livingstoneonline.github.io/LEAP-XSLT/transcription.xsl" type="text/xsl"?>
 <!--Converted from a TEI P4 XML file to the LEAP TEI P5 Schema by James Cummings on 2015-03-02--><!--TEI encoding revised and standardized by Adrian S. Wisnicki, 2015-2016-->
         <TEI xmlns="http://www.tei-c.org/ns/1.0" xml:id="liv_000994">
	<teiHeader>
		<fileDesc>
			<titleStmt>
				<title>Letter to John Murray III</title>
                <title type="alternative">Letter to John Murray III, 10 April [1857]</title>
				<author xml:id="DL">Livingstone, David, 1813-1873</author>
			</titleStmt>
			<publicationStmt>
				<authority>Livingstone Online</authority>
				<pubPlace>London</pubPlace>
				<date>2008-04-02</date>
				<publisher>Wellcome Centre for the History of Medicine, UCL</publisher>
				<idno type="LEAP-ID">liv_000994</idno>
			</publicationStmt>
			<sourceDesc>
				<bibl xml:id="shelfmark">National Library of Scotland; MS. 42420, ff. 18r-19v</bibl>
				<bibl xml:id="ccnumber">Letters, 0498</bibl>
				<bibl xml:id="recipient"><persName>Murray, John III, 1808-1892</persName></bibl>
				<bibl xml:id="date"><date when="1857-04-10">10 April [1857]</date></bibl>
				<bibl xml:id="where">[London]</bibl>
			</sourceDesc>
		</fileDesc>
		<profileDesc>
			<langUsage>
				<language ident="en">English</language>
			</langUsage>
			<handNotes>
				<handNote xml:id="hand01">Scribe: Unknown</handNote>
			</handNotes>
		</profileDesc>
		<revisionDesc>
			<change>
				<date>2008-04-02</date>
				<name xml:id="SM">Sharon Messenger</name>Initial Transcription by Sharon Messenger
			</change>
			<change>
				<date>2008-06-17</date>
				<name xml:id="CL">Chris Lawrence</name>Initial Transcription by Chris Lawrence
			</change>
			<change>
				<date>2008-12-01</date>
				<name xml:id="JB">Janet Browne</name>Proofed by Janet Browne
			</change>
		</revisionDesc>
	</teiHeader>

	<text>
		<body xml:lang="en">
			<div>

	<pb n="0001" facs="liv_000994_0001"/><!--pb/@n='18r'-->
<addSpan spanTo="#p18r-01" place="marginleft"><!--addSpan/@place='left hand margin'--></addSpan>
<lb/><p>It is 30 miles from <placeName>Boston</placeName></p><anchor xml:id="p18r-01"/>
<lb/><p rend="center">10<hi rend="sup underline">th</hi> April </p>
<lb/>
<lb/><p rend="no-indent">My dear <persName>M<hi rend="sup underline">r</hi> Murray</persName></p>
<lb/><p><space extent="3" unit="chars"/>I enclose a 
<lb/>cheque for £30 
<lb/>to be sent to my 
<lb/>brother <persName>Rev<hi rend="sup underline">d</hi> Charles 
<lb/>Livingstone</persName> of <placeName>Mattapoisett</placeName>
<lb/><placeName>Massachusetts</placeName>
<lb/><placeName>United States</placeName><reg>.</reg>

	<pb n="0002" facs="liv_000994_0002"/><!--pb/@n='18v'--> 
<lb/>It is the first use 
<lb/>I have put any 
<lb/>of the Fund about 
<lb/>which we talked 
<lb/>in the way. He 
<lb/>has lost his health 
<lb/>and wishes in 
<lb/>consequence to 
<lb/>go out with 
<lb/>me to <placeName>Africa</placeName><reg>.</reg>
<lb/><choice><reg>T</reg><orig>t</orig></choice>his is to pay 
<lb/>his passage. His 

	<pb n="0003" facs="liv_000994_0003"/><!--pb/@n='19r'--> 
<lb/>church gives him 
<lb/>only 800 dollars 
<lb/>per annum and 
<lb/>another church 
<lb/>near <placeName>Boston</placeName>
<lb/>is actually indebted 
<lb/>to him still a portion 
<lb/>of his salary of 
<lb/>former years<reg>.</reg>
<lb/>If you let me 
<lb/>know to whom 
<lb/>he is to apply in 
<lb/><placeName>Boston</placeName>, I shall 

	<pb n="0004" facs="liv_000994_0004"/><!--pb/@n='19v'--> 
<lb/>write and let him 
<lb/>know<reg>.</reg></p>
<lb/><p>I enclose the 
<lb/>note of <persName>M<hi rend="sup">r</hi> Sharp</persName><reg>.</reg>
<lb/>Please return 
<lb/>the copy of the 
<lb/>I) first slip. I wish 
<lb/>to put in all the 
<lb/>corrections clearly 
<lb/>one leaf is rather 
<lb/>crowded in what 
<lb/>I have. I will then 
<lb/>let you have it<reg>.</reg></p>
<lb/><p rend="center"><space extent="4" unit="chars"/><persName>D. Livingstone</persName></p> 
			
</div>
		</body>
	</text></TEI>