<?xml version="1.0" encoding="UTF-8"?>
<?xml-model href="http://livingstoneonline.github.io/LEAP-ODD/leap.rng" type="application/xml" schematypens="http://relaxng.org/ns/structure/1.0"?>
<?xml-model href="http://livingstoneonline.github.io/LEAP-ODD/leap.rng" type="application/xml" schematypens="http://purl.oclc.org/dsdl/schematron"?>
 <?xml-stylesheet href="http://livingstoneonline.github.io/LEAP-XSLT/transcription.xsl" type="text/xsl"?>
 <!--Converted from a TEI P4 XML file to the LEAP TEI P5 Schema by James Cummings on 2015-03-02--><!--TEI encoding revised and standardized by Adrian S. Wisnicki, 2015-2016-->
         <TEI xmlns="http://www.tei-c.org/ns/1.0" xml:id="liv_001015">
	<teiHeader>
		<fileDesc>
			<titleStmt>
				<title>Letter to John Murray III</title>
                <title type="alternative">Letter to John Murray III, 8 May 1857</title>
				<author xml:id="DL">Livingstone, David, 1813-1873</author>
			</titleStmt>
			<publicationStmt>
				<authority>Livingstone Online</authority>
				<pubPlace>London</pubPlace>
				<date>2008-11-04</date>
				<publisher>Wellcome Centre for the History of Medicine, UCL</publisher>
				<idno type="LEAP-ID">liv_001015</idno>
			</publicationStmt>
			<sourceDesc>
				<bibl xml:id="shelfmark">National Library of Scotland; MS. 42420, ff. 25r-26v</bibl>
				<bibl xml:id="ccnumber">Letters, 0515</bibl>
				<bibl xml:id="recipient"><persName>Murray, John III, 1808-1892</persName></bibl>
				<bibl xml:id="date"><date when="1857-05-08">8 May 1857</date></bibl>
				<bibl xml:id="where">57 Sloane St., London</bibl>
			</sourceDesc>
		</fileDesc>
		<profileDesc>
			<langUsage>
				<language ident="en">English</language>
			</langUsage>
			<handNotes>
				<handNote xml:id="hand01">Scribe: Unknown</handNote>
			</handNotes>
		</profileDesc>
		<revisionDesc>
			<change>
				<date>2008-11-04</date>
				<name xml:id="SM">Sharon Messenger</name>Initial Transcription by Sharon Messenger
			</change>
			<change>
				<date>2008-11-14</date>
				<name xml:id="CL">Chris Lawrence</name>Proof by Chris Lawrence
			</change>
		</revisionDesc>
	</teiHeader>

	<text>
		<body xml:lang="en">
			<div>

	<pb n="0001" facs="liv_001015_0001"/><!--pb/@n='25r'-->
<lb/><p rend="center"><space extent="1" unit="words"/><space extent="2" unit="chars"/><placeName>57 Sloane St</placeName></p>
<lb/><p rend="center"><space extent="2" unit="words"/>8<hi rend="sup underline">th</hi> May</p>
<lb/><p rend="right"><space extent="2" unit="chars"/>1857</p>
<lb/>
<lb/><p rend="no-indent">My Dear <persName>M<hi rend="sup underline">r</hi> Murray</persName></p>
<lb/><p><space extent="1" unit="words"/><space extent="1" unit="chars"/>I enclose 
<lb/>a letter I got last night 
<lb/>from <persName>M<hi rend="sup underline">r</hi> Adams</persName><reg>.</reg>
<lb/>Would it be worth 
<lb/>while to send it 
<lb/>to the <placeName>Athenaeum</placeName>
<lb/>with a note requesting 
<lb/><del type="strikethrough">him</del> <add place="above"><persName>Adams</persName></add> to send his 

	<pb n="0002" facs="liv_001015_0002"/><!--pb/@n='25v'--> 
<lb/>photograph to the 
<lb/>detective police to 
<lb/>be dealt with in 
<lb/>the manner adopted 
<lb/>towards all who 
<lb/>have similar views 
<lb/>of honesty &amp; legality<reg>.</reg>
<lb/>The denial of 
<lb/>advertisements is 
<lb/>instructive as even 
<lb/>the authors of them 
<lb/>start back from 
<lb/>the deception 

	<pb n="0003" facs="liv_001015_0003"/><!--pb/@n='26r'--> 
<lb/>practised when 
<lb/>they see it presented 
<lb/>to their own 
<lb/>eyes in print in 
<lb/>its naked deformity<reg>.</reg></p>
<lb/><p>The other parties 
<lb/>are I think equally 
<lb/>guilty for I was 
<lb/>never asked whether 
<lb/>I would permit 
<lb/>my letters to be 
<lb/>published in a 
<lb/>collective form 

	<pb n="0004" facs="liv_001015_0004"/><!--pb/@n='26v'--> 
<lb/>by either the "Banner" 
<lb/>Snow - or the 
<lb/>L.M. Society. <persName>M<hi rend="sup underline">r</hi> Prout</persName>
<lb/>who furnished 
<lb/>my letters to the Banner 
<lb/>wrote a review in 
<lb/>it of <persName>Adam's</persName> work 
<lb/>&amp; told me he had 
<lb/>done so. My sister 
<lb/>says it is a case of 
<lb/>"Satan reproving sin" </p>
<lb/><p rend="center"><persName>D. Livingstone</persName></p>
<lb/><p rend="no-indent">It is mortifying to come from 
<lb/><placeName>Africa</placeName> to be so handled<reg>.</reg></p>
			
</div>
		</body>
	</text></TEI>