<?xml version="1.0" encoding="UTF-8"?>
<?xml-model href="http://livingstoneonline.github.io/LEAP-ODD/leap.rng" type="application/xml" schematypens="http://relaxng.org/ns/structure/1.0"?>
<?xml-model href="http://livingstoneonline.github.io/LEAP-ODD/leap.rng" type="application/xml" schematypens="http://purl.oclc.org/dsdl/schematron"?>
 <?xml-stylesheet href="http://livingstoneonline.github.io/LEAP-XSLT/transcription.xsl" type="text/xsl"?>
 <!--Converted from a TEI P4 XML file to the LEAP TEI P5 Schema by James Cummings on 2015-03-02--><!--TEI encoding revised and standardized by Adrian S. Wisnicki, 2015-2016-->
         <TEI xmlns="http://www.tei-c.org/ns/1.0" xml:id="liv_001028"><!-- LP68 -->
	<teiHeader>
		<fileDesc>
			<titleStmt>
				<title>Letter to Unknown</title>
                <title type="alternative">Letter to Unknown, [20 January-23 May 1857]</title>
				<author xml:id="DL">Livingstone, David, 1813-1873</author>
			</titleStmt>
			<publicationStmt>
				<authority>Livingstone Online</authority>
				<pubPlace>London</pubPlace>
				<date>2005-04-27</date>
				<publisher>Wellcome Centre for the History of Medicine, UCL</publisher>
				<idno type="LEAP-ID">liv_001028</idno>
			</publicationStmt>
			<sourceDesc>
				<bibl xml:id="ccnumber">Letters, 0527</bibl>
				<bibl xml:id="recipient">Unknown</bibl>
				<bibl xml:id="date"><date from="1857-01-20" to="1857-05-23">[20 January-23 May 1857]</date></bibl>
				<bibl xml:id="where">57 Sloane St., London</bibl>
				<bibl xml:id="shelfmark">Wellcome Institute for the History of Medicine. Library; 7329 68</bibl><!--0000-00-00--><!--Original:Unknown-->
				<bibl xml:id="extent">3 pages</bibl>
			</sourceDesc>
		</fileDesc>
		<revisionDesc>
			<change>
				<date>2005-04-27</date>
				<name xml:id="SM">Sharon Messenger</name>Initial Transcription
			</change>
			<change>
				<date>2006-02-14</date>
				<name xml:id="JB">Janet Browne</name>first proof
			</change>
			<change>
				<date>2006-02-23</date>
				<name xml:id="CL">Chris Lawrence</name>second proof
			</change>
			<change>
				<date>2006-03-02</date>
				<name xml:id="CO">Caroline Overy</name>final proof
			</change>
		</revisionDesc>
	</teiHeader>

	<text>
		<body>
			<div>

	<pb n="0001" facs="liv_001028_0001"/><!--pb/@n='1'--> 
<!--Hand 01 60 top left--><!--Hand 02 58622 top right-->
<lb/><p><!-- Hand 03 this paragraph is written across top left hand corner-->I read this letter 
<lb/><choice><abbr>Oct</abbr><expan>October</expan></choice> 1<hi rend="sup"><unclear cert="low">st</unclear></hi> I deliver a 
<w>lec-<lb break="no"/>ture</w> on the Congo at the 
<lb/>Mechanics' <choice><abbr>Inst.</abbr><expan>Institute</expan></choice></p>
<lb/><p><hi rend="underline">Oct 1/ <unclear cert="low">86</unclear></hi> <unclear cert="low">Henry M Stanley</unclear></p>
<lb/>
<lb/><p rend="center"><space extent="2" unit="chars"/>57 Sloane <choice><abbr>St.</abbr><expan>Street</expan></choice></p><!--Hand 04 ?1864 see (unclear)letter R.S.G-->
<lb/>
<lb/><p rend="no-indent">My dear Sir</p>
<lb/><p><space extent="1" unit="words"/><space extent="1" unit="chars"/>I went down 
<lb/>to the <choice><abbr>R.G.S.</abbr><expan>Royal Geographical Society</expan></choice> on 
<lb/>Thursday when I left 
<lb/>you chiefly for the 
<lb/>purpose of getting 
<lb/>a ticket for you 
<lb/>but I had to go 
<lb/>to the Admiralty about 
<lb/>a paper and 

	<pb n="0002" facs="liv_001028_0002"/><!--pb/@n='2'--> 
<lb/>am ashamed to 
<lb/>say forgot all 
<lb/>about it. As I 
<lb/>shall not be down 
<lb/>there before Monday 
<lb/>I send you a card 
<lb/>which will admit 
<lb/>you at once. They 
<lb/>wish to have the 
<lb/>names of all 
<lb/>strangers and by 
<lb/>whom admitted 

	<pb n="0003" facs="liv_001028_0003"/><!--pb/@n='3'--> 
<lb/>this <add place="above">card</add> will be <choice><sic>recieved</sic><corr>received</corr></choice>
<lb/>at once.</p>
<lb/><p rend="no-indent">You will require 
<lb/>to be there at 8 o clock 
<lb/>or a little before 
<lb/>that hour. It is 
<lb/>No. 15 WhiteHall - 
<lb/>Place.</p>
<lb/><p>The papers are 
<lb/>on the Congo and 
<lb/>mouth of Zambesi 
<lb/>and a journey in 
<lb/>Persia I am &amp;c</p>
<lb/><p>D. Livingstone</p>
			
</div>
		</body>
	</text></TEI>