<?xml version="1.0" encoding="UTF-8"?>
<?xml-model href="http://livingstoneonline.github.io/LEAP-ODD/leap.rng" type="application/xml" schematypens="http://relaxng.org/ns/structure/1.0"?>
<?xml-model href="http://livingstoneonline.github.io/LEAP-ODD/leap.rng" type="application/xml" schematypens="http://purl.oclc.org/dsdl/schematron"?>
 <?xml-stylesheet href="http://livingstoneonline.github.io/LEAP-XSLT/transcription.xsl" type="text/xsl"?>
 <!--Converted from a TEI P4 XML file to the LEAP TEI P5 Schema by James Cummings on 2015-03-02--><!--TEI encoding revised and standardized by Adrian S. Wisnicki, 2015-2016-->
         <TEI xmlns="http://www.tei-c.org/ns/1.0" xml:id="liv_000980">
	<teiHeader>
		<fileDesc>
			<titleStmt>
				<title>Letter to H. Norton Shaw</title>
                <title type="alternative">Letter to H. Norton Shaw, 25 March [1857]</title>
				<author xml:id="DL">Livingstone, David, 1813-1873</author>
			</titleStmt>
			<publicationStmt>
				<authority>Livingstone Online</authority>
				<pubPlace>London</pubPlace>
				<date>2009</date>
				<publisher>Wellcome Centre for the History of Medicine, UCL</publisher>
				<idno type="LEAP-ID">liv_000980</idno>
			</publicationStmt>
			<sourceDesc>
				<bibl xml:id="shelfmark">Royal Geographical Society (Great Britain); Archives, DL 2/15/4</bibl>
				<bibl xml:id="ccnumber">Letters, 0485</bibl>
				<bibl xml:id="recipient"><persName>Shaw, H. Norton, ?-1868</persName></bibl>
				<bibl xml:id="date"><date when="1857-03-25">25 March [1857]</date></bibl>
				<bibl xml:id="where">57 Sloane St., London</bibl>
			</sourceDesc>
		</fileDesc>
		<profileDesc>
			<langUsage>
				<language ident="en">English</language>
			</langUsage>
			<handNotes>
				<handNote xml:id="hand01">Scribe: Unknown</handNote>
			</handNotes>
		</profileDesc>
		<revisionDesc>
			<change>
				<date>2009-01-13</date>
				<name xml:id="SM">Sharon Messenger</name>Initial Transcription by Sharon Messenger
			</change>
			<change>
				<date>2009-01-23</date>
				<name xml:id="CL">Christopher Lawrence</name>Proof by Chris Lawrence
			</change>
		</revisionDesc>
	</teiHeader>

	<text>
		<body xml:lang="en">
			<div>

	<pb n="0001" facs="liv_000980_0001"/><!--pb/@n='1r'-->
<lb/><p rend="center"><space extent="1" unit="words"/><space extent="1" unit="chars"/>25 March </p>
<lb/><p rend="center"><space extent="1" unit="words"/><space extent="1" unit="chars"/><placeName>Sloane St.</placeName></p>
<lb/>
<lb/><p rend="no-indent">My Dear <persName>Shaw</persName></p>
<lb/><p><space extent="4" unit="chars"/>A few days 
<lb/>ago <persName>M<hi rend="sup">r</hi> Prout</persName> wrote 
<lb/>to me saying that 
<lb/>he thought I had 
<lb/>known that the 
<lb/>Directors of the Society 
<lb/>had placed £200 
<lb/>to my credit but 
<lb/>finding I did not 
<lb/>he now told me of it 

	<pb n="0002" facs="liv_000980_0002"/><!--pb/@n='1v'--> 
<lb/>I suppose your 
<lb/>movement has 
<lb/>elicited this. I had 
<lb/>on my arrival £100 
<lb/>out of my four 
<lb/>year<reg>'</reg>s salary. <persName>M<hi rend="sup underline">rs</hi>
<lb/>L</persName> having been obliged 
<lb/>to draw on it as all 
<lb/>she got after paying 
<lb/>for the children was 
<lb/>£45 per annum 
<lb/>which in war times 
<lb/>was not very fattening 
<lb/>that £100 finished 

	<pb n="0003" facs="liv_000980_0003"/><!--pb/@n='2r'--> 
<lb/>and not a word said 
<lb/>about aught else except 
<lb/>commencing a new 
<lb/>year <add place="above">(1857)</add> which I don<reg>'</reg>t 
<lb/>intend to do. I was 
<lb/>obliged to apply first 
<lb/>to you then to <persName>Murray</persName>
<lb/>I get what I need 
<lb/>there - though it is eating 
<lb/>my book before it is 
<lb/>made. I don<reg>'</reg>t mean 
<lb/>to draw any of the 
<lb/>£200 or anything else 
<lb/>as that will be 
<lb/>considered a hold upon 
<lb/>me. And I don<reg>'</reg>t think 

	<pb n="0004" facs="liv_000980_0004"/><!--pb/@n='2v'--> 
<lb/>they have it in their 
<lb/>power to give me any 
<lb/>on the course I mean 
<lb/>to pursue. The Society 
<lb/>is to send the gospel 
<lb/>&amp; nothing else<reg>.</reg></p>
<lb/><p>When on my way 
<lb/>home I asked 
<lb/><persName>Tidman</persName> to send me 
<lb/>the address of the 
<lb/>authorities of the 
<lb/>P &amp; O. company 
<lb/>as I believed they 
<lb/>would give me 
<lb/>a free passage 

	<pb n="0005" facs="liv_000980_0005"/><!--pb/@n='3r'--> 
<lb/>on account of 
<lb/>my connection 
<lb/>with the R.G.S. 
<lb/>Instead of giving 
<lb/>me what I asked 
<lb/><persName>Prout</persName> wrote to 
<lb/>some of the company 
<lb/>I don<reg>'</reg>t know 
<lb/>whom and got 
<lb/>a promise of 
<lb/>the Passage money 
<lb/>back £105 which 
<lb/>I paid at the <placeName>Pont 
<lb/>de Galle, Ceylon</placeName><reg>.</reg>

	<pb n="0006" facs="liv_000980_0006"/><!--pb/@n='3v'--> 
<lb/>No more was said 
<lb/>or done <choice><sic>untill</sic><corr>until</corr></choice> a 
<lb/>few days ago when 
<lb/><persName>Prout</persName> in his note 
<lb/>said Tell me to 
<lb/>whom you paid 
<lb/>the money and 
<lb/>we will get it 
<lb/>back for you<reg>.</reg>
<lb/>Now I don<reg>'</reg>t quite 
<lb/>like this <hi rend="underline">we will</hi><reg>.</reg>
<lb/>It will be returned 
<lb/>not on his account 

	<pb n="0007" facs="liv_000980_0007"/><!--pb/@n='4r'--> 
<lb/>at all. Are you 
<lb/>acquainted with 
<lb/><hi rend="underline">the P.&amp; O. company?</hi>
<lb/>This letting me alone 
<lb/>looks like wishing 
<lb/>to let me feel the 
<lb/>screw of want &amp; 
<lb/>then come humbly 
<lb/>to them which 
<lb/>though I am as 
<lb/>much a missionary 
<lb/>as ever I don<reg>'</reg>t 
<lb/>like to do. </p>
<lb/><p rend="no-indent"><space extent="2" unit="chars"/>I think you had 

	<pb n="0008" facs="liv_000980_0008"/><!--pb/@n='4v'--> 
<lb/>better not do any 
<lb/>more about the 
<lb/>Fund. Though it 
<lb/>would be well to 
<lb/>have it when I 
<lb/>need it &amp; not when 
<lb/>on the sea or where 
<lb/>no shops are to be 
<lb/>had to spend it. </p>
<lb/><p>I don<reg>'</reg>t mean to 
<lb/>draw any more 
<lb/>from the L.M.S. </p>
<lb/><p>Yours &amp;c </p>
<lb/><p><persName>David Livingstone</persName></p>
			
</div>
		</body>
	</text></TEI>