<?xml version="1.0" encoding="UTF-8"?>
<?xml-model href="http://livingstoneonline.github.io/LEAP-ODD/leap.rng" type="application/xml" schematypens="http://relaxng.org/ns/structure/1.0"?>
<?xml-model href="http://livingstoneonline.github.io/LEAP-ODD/leap.rng" type="application/xml" schematypens="http://purl.oclc.org/dsdl/schematron"?>
 <?xml-stylesheet href="http://livingstoneonline.github.io/LEAP-XSLT/transcription.xsl" type="text/xsl"?>
 <!--Converted from a TEI P4 XML file to the LEAP TEI P5 Schema by James Cummings on 2015-03-02--><!--TEI encoding revised and standardized by Adrian S. Wisnicki, 2015-2016-->
         <TEI xmlns="http://www.tei-c.org/ns/1.0" xml:id="liv_001024">
	<teiHeader>
		<fileDesc>
			<titleStmt>
				<title>Letter to Heinrich Barth</title>
                <title type="alternative">Letter to Heinrich Barth, 20 May 1857</title>
				<author xml:id="DL">Livingstone, David, 1813-1873</author>
			</titleStmt>
			<publicationStmt>
				<authority>Livingstone Online</authority>
				<pubPlace>London</pubPlace>
				<date>2009</date>
				<publisher>Wellcome Centre for the History of Medicine, UCL</publisher>
				<idno type="LEAP-ID">liv_001024</idno>
			</publicationStmt>
			<sourceDesc>
				<bibl xml:id="shelfmark">Royal Geographical Society (Great Britain); Barth Correspondence</bibl>
				<bibl xml:id="ccnumber">Letters, 0523</bibl>
				<bibl xml:id="recipient"><persName>Barth, Heinrich, 1821-1865</persName></bibl>
				<bibl xml:id="date"><date when="1857-05-20">20 May 1857</date></bibl>
				<bibl xml:id="where">57 Sloane St., London</bibl>
			</sourceDesc>
		</fileDesc>
		<profileDesc>
			<langUsage>
				<language ident="en">English</language>
			</langUsage>
			<handNotes>
				<handNote xml:id="hand01">Scribe: Unknown</handNote>
			</handNotes>
		</profileDesc>
		<revisionDesc>
			<change>
				<date>2009-01-16</date>
				<name xml:id="SM">Sharon Messenger</name>Initial Transcription by Sharon Messenger
			</change>
			<change>
				<date>2009-01-22</date>
				<name xml:id="CL">Christopher Lawrence</name>Proof by Chris Lawrence
			</change>
		</revisionDesc>
	</teiHeader>

	<text>
		<body xml:lang="en">
			<div>

	<pb n="0001" facs="liv_001024_0001"/><!--pb/@n='1'--> 
<!--headed paper--><!--
<p rend="right">ROLF ITALIAANDER <lb/></p>
<p rend="right"><placeName>Hamburg 20 Beilwigstr 39</placeName> <lb/></p>
<p rend="right"><placeName>West Germany</placeName> <lb/></p>
--><!--<p><supplied reason="damage">D.</supplied>Livingston an H. Barth <lb/></p>-->
<lb/><p rend="right"><space extent="7" unit="words"/><space extent="2" unit="chars"/><placeName>57 Sloane Str.</placeName></p>
<lb/><p rend="right"><space extent="7" unit="words"/>20<hi rend="sup">th</hi> May 1857 </p>
<lb/><p>My Dear Sir </p>
<lb/><p>I beg leave to tender you my <add place="above">hearty</add> thanks for your kindness in 
<w>sen-<lb break="no"/>ding</w> me a copy of your handsome work. </p>
<lb/><p>I was not aware <choice><sic>untill</sic><corr>until</corr></choice> I read your note that any questions had 
<lb/>been raised such as those to which you refer and feel no <del type="strikethrough">certain</del> <add place="above">sort of</add>
<lb/>interest in their solution. And as for the difficulties they seem 
<lb/>to have been some what different in their nature. I judge this from 
<lb/>a glance at part of your preface. But we have overcome them and 
<lb/>nothing more need be said about them. </p>
<lb/><p>I anticipate much pleasure in reading your volumes and thank 
<lb/>you sincerely for <choice><sic>tehm</sic><corr>them</corr></choice> and the sentences of approbation with which 
<lb/>you kindly accompanied the gift. </p>
<lb/><p>I am Sir </p>
<lb/><p rend="center"><space extent="1" unit="words"/>your much </p>
<lb/><p rend="center"><space extent="1" unit="words"/>obeyed St. </p>
<lb/><p rend="center"><space extent="1" unit="words"/>David Livingston </p>
<lb/>
<lb/><p rend="no-indent"><persName>Dr Barth</persName></p>
			
</div>
		</body>
	</text></TEI>