<?xml version="1.0" encoding="UTF-8"?>
<?xml-model href="http://livingstoneonline.github.io/LEAP-ODD/leap.rng" type="application/xml" schematypens="http://relaxng.org/ns/structure/1.0"?>
<?xml-model href="http://livingstoneonline.github.io/LEAP-ODD/leap.rng" type="application/xml" schematypens="http://purl.oclc.org/dsdl/schematron"?>
 <?xml-stylesheet href="http://livingstoneonline.github.io/LEAP-XSLT/transcription.xsl" type="text/xsl"?>
 <!--Converted from a TEI P4 XML file to the LEAP TEI P5 Schema by James Cummings on 2015-03-02--><!--TEI encoding revised and standardized by Adrian S. Wisnicki, 2015-2016-->
         <TEI xmlns="http://www.tei-c.org/ns/1.0" xml:id="liv_001049">
	<teiHeader>
		<fileDesc>
			<titleStmt>
				<title>Letter to H. Norton Shaw</title>
                <title type="alternative">Letter to H. Norton Shaw, 27 June 1857</title>
				<author xml:id="DL">Livingstone, David, 1813-1873</author>
			</titleStmt>
			<publicationStmt>
				<authority>Livingstone Online</authority>
				<pubPlace>London</pubPlace>
				<date>2009</date>
				<publisher>Wellcome Centre for the History of Medicine, UCL</publisher>
				<idno type="LEAP-ID">liv_001049</idno>
			</publicationStmt>
			<sourceDesc>
				<bibl xml:id="shelfmark">Royal Geographical Society (Great Britain); Archives, DL 2/15/7</bibl>
				<bibl xml:id="ccnumber">Letters, 0545</bibl>
				<bibl xml:id="recipient"><persName>Shaw, H. Norton, ?-1868</persName></bibl>
				<bibl xml:id="date"><date when="1857-06-27">27 June 1857</date></bibl>
				<bibl xml:id="where">Hadley Green</bibl>
			</sourceDesc>
		</fileDesc>
		<profileDesc>
			<langUsage>
				<language ident="en">English</language>
			</langUsage>
			<handNotes>
				<handNote xml:id="hand01">Scribe: Unknown</handNote>
			</handNotes>
		</profileDesc>
		<revisionDesc>
			<change>
				<date>2009-01-09</date>
				<name xml:id="SM">Sharon Messenger</name>Initial Transcription by Sharon Messenger
			</change>
			<change>
				<date>2009-01-24</date>
				<name xml:id="CL">Christopher Lawrence</name>Proof by Chris Lawrence
			</change>
		</revisionDesc>
	</teiHeader>

	<text>
		<body xml:lang="en">
			<div>

	<pb n="0001" facs="liv_001049_0001"/><!--pb/@n='1r'-->
<lb/><p rend="right"><placeName>Hadley Green</placeName></p>
<lb/><p rend="right"><space extent="1" unit="chars"/>27<hi rend="sup underline">th</hi> June </p>
<lb/><p rend="right"><space extent="3" unit="chars"/>1857 </p>
<lb/>
<lb/><p rend="no-indent">My Dear <persName>D<hi rend="sup underline">r</hi></persName></p>
<lb/><p><space extent="3" unit="chars"/>Can you 
<lb/>lend me the letter 
<lb/>which contains 
<lb/>an account 
<lb/>of the waterfall 
<lb/>of the <placeName>Zambesi</placeName><reg>.</reg>
<lb/>I am at that 

	<pb n="0002" facs="liv_001049_0002"/><!--pb/@n='1v'--> 
<lb/>point now and 
<lb/>would like to 
<lb/>see it again 
<lb/>as I wrote 
<lb/>that description 
<lb/>with care<reg>.</reg></p>
<lb/><p>We came 
<lb/>straight home 
<lb/>on Thursday 
<lb/>and did not 
<lb/>sleep in <placeName>London</placeName><reg>.</reg>

	<pb n="0003" facs="liv_001049_0003"/><!--pb/@n='2r'--> 
<lb/>We were well 
<lb/><choice><sic>recieved</sic><corr>received</corr></choice> but 
<lb/>I did not make 
<lb/>the acquaintance 
<lb/>of <persName>Acland</persName>. </p>
<lb/><p>I am Dear D<hi rend="sup">r</hi></p>
<lb/><p rend="center">Ever Yours</p>
<lb/><p rend="no-indent"><space extent="2" unit="chars"/><persName>D. Livingstone</persName></p>
<lb/><p rend="no-indent"><choice><reg>T</reg><orig>t</orig></choice>hat ruffian <persName><w>Arrow-<lb break="no"/>smith</w></persName> is putting 
<lb/>all the blame 
<lb/>on his delay on me<reg>.</reg>

	<pb n="0004" facs="liv_001049_0004"/><!--pb/@n='2v'--> 
<lb/>Will you give 
<lb/>my <choice><sic>daguerrotype</sic><corr>daguerreotype</corr></choice>
<lb/>likeness which 
<lb/>was sent home 
<lb/>from <placeName>Loanda</placeName>
<lb/>by <persName>M<hi rend="sup">r</hi> Gabriel</persName> to 
<lb/><persName>M<hi rend="sup">r</hi> Brand</persName> - <persName>M<hi rend="sup">rs</hi>
<lb/>L.</persName> wishes to 
<lb/>return it as 
<lb/>it was only a loan 
<lb/>&amp; <persName>Brand</persName> will 
<lb/>send it to <persName>Gabriel</persName><reg>.</reg></p>
			
</div>
		</body>
	</text></TEI>