<?xml version="1.0" encoding="UTF-8"?>
<?xml-model href="http://livingstoneonline.github.io/LEAP-ODD/leap.rng" type="application/xml" schematypens="http://relaxng.org/ns/structure/1.0"?>
<?xml-model href="http://livingstoneonline.github.io/LEAP-ODD/leap.rng" type="application/xml" schematypens="http://purl.oclc.org/dsdl/schematron"?>
 <?xml-stylesheet href="http://livingstoneonline.github.io/LEAP-XSLT/transcription-alt-new.xsl" type="text/xsl"?>
<TEI xmlns="http://www.tei-c.org/ns/1.0" xml:id="liv_000914">
	<teiHeader>
		<fileDesc>
			<titleStmt>
				<title>Letter to Robert Moffat,</title>
				<title type="alternative">Letter to Robert Moffat, 17 August 1856</title>
				<author>David Livingstone</author>
				<principal>Adrian S. Wisnicki</principal>
				<principal>Christopher Lawrence</principal>
				<respStmt xml:id="BL">
					<name>Blaze Livingston</name>
					<resp>Transcription</resp>
					<resp>Encoding</resp>
				</respStmt>
				<respStmt xml:id="AW">
					<name>Adrian S. Wisnicki</name>
					<resp>Coding review</resp>
				</respStmt>
				<respStmt xml:id="SF">
					<name>Samantha Fitch</name>
					<resp>Coding review</resp>
				</respStmt>
			</titleStmt>
			<publicationStmt>
				<authority>Livingstone Online</authority>
				<publisher>University of Maryland Libraries</publisher>
				<pubPlace>College Park, MD, USA</pubPlace>
				<date>2016</date>
				<idno type="LEAP-ID">liv_000914</idno>
			</publicationStmt>
			<sourceDesc>
				<msDesc>
					<msIdentifier>
						<country>United Kingdom</country>
						<settlement>London</settlement>
						<repository>University of London. School of Oriental and African Studies</repository>
						<idno type="shelfmark">CWM/LMS/Africa/Odds - Livingstone, Box 4-44</idno>
						<altIdentifier>
							<idno type="ccnumber">Letters, 0427</idno>
						</altIdentifier>
					</msIdentifier>
					<physDesc>
						<handDesc>
							<handNote xml:id="U"><label>Unknown Hand</label> This hand is unknown but thought not David
								Livingstone's.</handNote>
						</handDesc>
					</physDesc>
				</msDesc>
				<bibl type="sourceMetadata">
					<title type="alternative">Letter to Robert Moffat, 17 August 1856</title>
					<author xml:id="DL">David Livingstone</author>
					<date type="composition" when="1856-08-17">17 August 1856</date>
					<placeName type="compositionPlace">H.M.B. "Frolic," Mauritius</placeName>
					<persName type="addressee">Robert Moffat</persName>
				</bibl>
			</sourceDesc>
		</fileDesc>
		<profileDesc>
			<langUsage>
				<language ident="en">English</language>
			</langUsage>
		</profileDesc>
		<revisionDesc>
			<change when="2017-03-23" who="#AW">Final review</change>
			<change when="2017-03-08" who="#SF">Proofing</change>
			<change when="2016-10-17" who="#BL">Initial transcription and XML encoding</change>
		</revisionDesc>
	</teiHeader>

	<text>
		<body>
			<div>
               
	<pb facs="liv_000914_0001" n="0001"/>
<lb/><p rend="no-indent"><space extent="1" unit="chars"/><space extent="3" unit="words"/>H. M. Brig Frolic 
<lb/><metamark rend="blue"/><!-- There is a blue circle with some writing inside on the left margin.  I can't make it out though. SF --><space extent="3" unit="words"/><placeName><country><geogName type="island">Mauritius</geogName></country></placeName> <date when="1856-08-17">17<hi rend="sup underline">th</hi> <choice><abbr>Aug.</abbr><expan>August</expan></choice> <add place="above">of</add> 1856</date></p>
<lb/>
<lb/><p rend="no-indent">My Dear Father</p>
<lb/><p><space extent="2" unit="words"/>As the supercargo of a ship
<lb/>wrecked of <term type="town">Quilimane</term> came with us
<lb/>thus far and now leaves for the <placeName><region>Cape</region></placeName>
<lb/>I give you a note in addition to a scrap
<lb/>written while still on the <placeName><bloc>African</bloc></placeName> soil.
<lb/>and which goes by the same hand.
<lb/>I took the chief man of the party of
<lb/><orgName><persName>Sekeletu</persName>'s people</orgName> who accompanied
<lb/>me to the coast with the intention of
<lb/>showing him the benefits which
<lb/><term type="faith">Christianity</term> has conferred on us as a
<lb/>nation. In going over the bar at
<lb/><term type="town">Quilimane</term> three breakers rolled over us
<lb/>and frightened him terribly. His large
<lb/>brig of 16 guns rolled at anchor with
<lb/>her bows under the boat seemed to
<lb/>rise up as high as the top of your church
<lb/>windows then down to the ground. We had

	<pb facs="liv_000914_0002" n="0002"/>
<lb/>to be taken on board in a chair. I thought 
<lb/>my friend looked bewildered ever after that
<lb/>but all the seamen <hi rend="sub">^</hi> <hi rend="sup">(130)</hi> liked him so much &amp; he
<lb/>them I thought he would do well. He became
<lb/>leaner however, saw a steamer towing us
<lb/>into this harbour, became mad during the
<lb/>night. Turned completely against all but
<lb/>myself, yet when I went near him he
<lb/>threatened to leap overboard. As he became
<lb/>better during the day I objected to using
<lb/>constraint lest it should make him
<lb/>worse and in the event of non-cure he
<lb/>might retain the remembrance of it and
<lb/>prejudice his countrymen against me -
<lb/>spoke quite rationally at midday but in
<lb/>the evening became worse and tried to
<lb/>stab an officer <add place="below">^</add> <add place="above">(<term type="occupation">chief Carpenter</term>)</add> one of his great cronies
<lb/>then ran down and pulled himself below
<lb/>the water by the chain <unclear>cable</unclear> &amp; disappeared
<lb/>this is a great affliction for he was my
<lb/>right hand man and contributed greatly
<lb/>to my success. I felt deeply grateful to
<lb/>him and wished to <choice><orig>shew</orig><reg>show</reg></choice> it. <persName>Sekeletu</persName> told
<lb/>them that all must go with me to MaRobert <!-- I have no clue on this word #BL--><!-- Nor sure here either, but to me does not look like Mozambique. SF --><!-- Fixed -->

	<pb facs="liv_000914_0003" n="0003"/>
<lb/>and when I spoke of the possibility of death
<lb/>ensuing all said <unclear>well</unclear> it will be in the
<lb/>service of <persName><foreign xml:lang="und">Morena</foreign></persName>. I found great difficulty
<lb/>in preventing others from coming though I
<lb/>explained the danger. Those who are wise
<lb/>after the fact will say O what will they
<lb/>not? I am as wise as any of them vow
<lb/>and bear the sorrow of the loss of a very
<lb/>good friend besides. <space extent="2" unit="chars"/>If you have an opportunity
<lb/>send word of the death to <persName>Sekeletu</persName>. To break
<lb/>the shock his name was <persName>Sekuebu</persName>.</p>
<lb/><p>Another called <persName>Monaheng</persName> a good man
<lb/>too went mad and fled from the camp
<lb/>we never saw him again &amp; the country
<lb/>being full of <term type="animal">lions</term> we never will.
<lb/>He walked with me &amp; spoke quite well
<lb/>the day before. But the tribe to which we
<lb/>came refused a bit of cloth we offered
<lb/>made a dance with all their arms in
<lb/>their hands - firing guns, shrieking &amp;c &amp;c.
<lb/>He thought we were about to be attacked
<lb/>and when we lay down he was observed
<lb/>to rise up and point to the town - "there" "there
<lb/>they are" fled I believe insane - Excitement <!-- last five lines  or so don't seem to make much sense to me, please review #BL-->
<lb/>of seeing so many new things at once 

	<pb facs="liv_000914_0004" n="0004"/>
<lb/>I believe upset <persName>Sekuebu</persName>'s brain and excitement
<lb/>from dangers upset that of poor <persName>Monaheng</persName>
<lb/><persName>(Monageñ)</persName> I have been seven times in peril of
<lb/>life, not from choice certainly. What do you
<lb/>say <persName>Ma Mary</persName>. Anything you like but you
<lb/>have two daughters and may yet get other
<lb/>two but though you had four parishes
<lb/>to pick out of you would not get a
<lb/>pluckie son in law though your 
<lb/>spectacles were on in the search. There's
<lb/>no going about the bush in that. Is there?</p>
<lb/><p rend="no-indent">Will you add also in case of an
<lb/>opportunity that 20 tusks are left at
<lb/><term type="town">Quilimane</term> and all the goods <persName>Sekeletu</persName>
<lb/>commissioned will be purchased
<lb/>by my own money and if I return I
<lb/>can then pay my self out of the ivory
<lb/>and if I die I have ordered the <term type="occupation">military
<lb/>commandant</term> of <term type="town">Quilimane</term> to sell
<lb/>the tusks and give the proceeds to
<lb/><persName>Sekeletu</persName>'s men so though I am dead
<lb/>I am not in his debt. Love to <persName>Ma Mary</persName>
<lb/><persName>Anne</persName> &amp;c. Affectionately yours
<lb/>&amp; <persName>Betsie</persName> &amp; <persName>Mebaloe</persName> <space extent="1" unit="words"/><persName>David <choice><orig>Livingston</orig><reg>Livingstone</reg></choice></persName></p><!-- need help formatting closer, different than what I've done before #BL--> <!-- Same here- the best I could do was try to put it above, because I wasn't able to add a closer to the last line of the paragraph. It still doesn't look right. SF --><!-- Fixed. AW -->

            </div>
        </body>
    </text>

</TEI>
