<?xml version="1.0" encoding="UTF-8"?>
<?xml-model href="http://livingstoneonline.github.io/LEAP-ODD/leap.rng" type="application/xml" schematypens="http://relaxng.org/ns/structure/1.0"?>
<?xml-model href="http://livingstoneonline.github.io/LEAP-ODD/leap.rng" type="application/xml" schematypens="http://purl.oclc.org/dsdl/schematron"?>
 <?xml-stylesheet href="http://livingstoneonline.github.io/LEAP-XSLT/transcription-alt-new.xsl" type="text/xsl"?>
<TEI xmlns="http://www.tei-c.org/ns/1.0" xml:id="liv_001262">
	<teiHeader>
        <fileDesc>
            <titleStmt>
                <title>Letter to William B. Woodman</title>
                <title type="alternative">Letter to William B. Woodman, 28 February 1858</title>
                <author>David Livingstone</author>
                <principal>Adrian S. Wisnicki</principal>
                <principal>Christopher Lawrence</principal>
                <respStmt xml:id="BL">
                    <name>Blaze Livingston</name>
                    <resp>Transcription</resp>
                    <resp>Encoding</resp>
                </respStmt>
                <respStmt xml:id="AW">
                    <name>Adrian S. Wisnicki</name>
                    <resp>Coding review</resp>
                </respStmt>
				<respStmt xml:id="SF">
                    <name>Samantha Fitch</name>
                    <resp>Transcription</resp>
                    <resp>TEI Encoding</resp>
					<resp>Proofing</resp>
                </respStmt>
            </titleStmt>	
            <publicationStmt>
                <authority>Livingstone Online</authority>
                <publisher>University of Maryland Libraries</publisher>
                <pubPlace>College Park, MD, USA</pubPlace>
                <date>2016</date>
                <idno type="LEAP-ID">liv_001262</idno>
            </publicationStmt>
            <sourceDesc>
                <msDesc>
                    <msIdentifier>
                        <country>United Kingdom</country>
                        <settlement>London</settlement>
                        <repository>University of London</repository>
                        <idno type="shelfmark">Livingstone, Box 8, 'odd items'</idno><!-- Full Record table is blank in certain spots. BL-->
                        <altIdentifier>
                            <idno type="ccnumber">Letters, 0740</idno>
                        </altIdentifier>
                    </msIdentifier>
                    <physDesc>
                        <handDesc>
                            <handNote xml:id="U"><label>Unknown Hand</label> This hand is unknown but thought not David Livingstone's.</handNote>
                        </handDesc>
                    </physDesc>
                </msDesc>
                <bibl type="sourceMetadata">
                    <title type="alternative">Letter to William B. Woodman, 28 February 1858</title>
                    <author xml:id="DL">David Livingstone</author>
                    <date type="composition" when="1858-02-28">28 February 1858</date>
                    <placeName type="compositionPlace">Glasgow</placeName>
                    <persName type="addressee">William B. Woodman</persName>
                </bibl>
            </sourceDesc>
        </fileDesc>
        <profileDesc>
            <langUsage>
                <language ident="en">English</language>
            </langUsage>
        </profileDesc>
        <revisionDesc>
			<change when="2017-03-23" who="#AW">Corrections</change>
			<change when="2017-02-01" who="#SF">Proofing and coding review</change>
            <change when="2016-10-29" who="#BL">Initial transcription and XML encoding</change>
        </revisionDesc>
    </teiHeader>

    <text>
        <body>
            <div>
               
	<pb facs="liv_001262_0001" n="0001"/>
<lb/><p rend="no-indent"><space extent="1" unit="words"/><placeName>Glasgow</placeName>
<lb/><space extent="1" unit="words"/><space extent="1" unit="chars"/><date when="1858-02-28">28<hi rend="sup underline">th</hi> <choice><abbr>Feby</abbr><expan>February</expan></choice>
<lb/><space extent="1" unit="words"/><space extent="3" unit="chars"/>1858</date></p>
<lb/>    
<lb/><p rend="no-indent">My Dear Sir</p>
<lb/><p>I beg to
<lb/>return a post
<lb/>office order for
<lb/>£ 2.<!--Don't know what this is relating to. BL--> which you
<lb/>kindly sent me
<lb/>for <persName>Sekeletu</persName> &amp;

	<pb facs="liv_001262_0002" n="0002"/>
<lb/><persName>Shinte</persName>. It was
<lb/>payable at the
<lb/><placeName>General Post
<lb/>office</placeName> and
<lb/>for a long
<lb/>time previous
<lb/>to my leaving
<lb/><placeName><settlement type="city">London</settlement></placeName> I was
<lb/>totally unable
<lb/>to go so far

	<pb facs="liv_001262_0003" n="0003"/>
<lb/>East. I shall go
<lb/>to <placeName><settlement type="city">Liverpool</settlement></placeName> in
<lb/>order to sail
<lb/>on <date when="1857-03-03">Wednesday</date><!-- So if my online calendar is correct, this would be March 3, 1857, yes? SF --><!-- Yep! AW -->
<lb/>next<!-- could be "west". BL--> and as
<lb/>I cannot draw
<lb/>it I return
<lb/>it with many
<lb/>thanks for
<lb/>your kindly
<lb/>feelings towards

	<pb facs="liv_001262_0004" n="0004"/>
<lb/>my <orgName>African
<lb/><space extent="2" unit="chars"/>friends</orgName></p>
<lb/><p rend="no-indent"><space extent="2" unit="chars"/>I am &amp;c<!-- not sure if it's English and I'm reading "te" incorrectly or if another language. looks like it could be "Jam te" or "tam te". BL-->
<lb/><persName>David Livingstone</persName></p><!-- should this be a closer? SF -->



	<pb facs="liv_001262_0005" n="0005"/><!--this is the front of the envelope, it appears. Will do my best. BL-->
	
<lb/><figure><figDesc>Text in pencil</figDesc></figure> <figure><figDesc>Circular Glasgow stamp</figDesc></figure>
<lb/><ab><persName>W<hi rend="sup underline">m</hi> Bathurst Woodman <choice><abbr>Esq.</abbr><expan>Esquire</expan></choice></persName>
<lb/><space extent="2" unit="words"/><placeName>Stonehouse</placeName>
<lb/><space extent="5" unit="words"/><unclear cert="medium"><placeName><settlement type="city"><choice><abbr>Glas.</abbr><expan>Glasgow</expan></choice></settlement></placeName></unclear>
<lb/><space extent="6" unit="words"/><space extent="2" unit="chars"/>S.B.<!--no idea what this abbreviates. BL--></ab>

	<pb facs="liv_001262_0006" n="0006"/><!-- Appears to be sealed side of envelope. Again, trying my best. Not much to code, I believe. BL-->
<lb/><figure><figDesc>Stamp</figDesc></figure>

            </div>
        </body>

    </text>

</TEI>
