<?xml version="1.0" encoding="UTF-8"?>
<!--Converted from a TEI P5 XML file to the LEAP TEI P5 Schema by James Cummings on 2015-03-02-->
<?xml-model href="http://livingstoneonline.github.io/LEAP-ODD/leap.rng" type="application/xml" schematypens="http://relaxng.org/ns/structure/1.0"?>
<?xml-model href="http://livingstoneonline.github.io/LEAP-ODD/leap.rng" type="application/xml" schematypens="http://purl.oclc.org/dsdl/schematron"?>
<?xml-stylesheet type="text/xsl" href="http://livingstoneonline.github.io/LEAP-XSLT/transcription.xsl"?>
<TEI xmlns="http://www.tei-c.org/ns/1.0" xml:id="liv_001905">
	<teiHeader>
		<fileDesc>
			<titleStmt>
				<title>Letter to Captain, H.M. Ship</title>
				<author xml:id="DL">David Livingstone</author>
			</titleStmt>
			<publicationStmt>
				<authority>Livingstone Online</authority>
				<pubPlace>London, UK</pubPlace>
				<publisher>University College London</publisher>
				<date>2012</date>
				<idno type="LEAP-ID">liv_001905</idno>
			</publicationStmt>
			<sourceDesc>
				<bibl xml:id="shelfmark">Bodleian Library of Commonwealth and African Studies at Rhodes House, MSS.Afr.s.16/1, fol. 19-20</bibl>
				<bibl xml:id="ccnumber">1338</bibl>
				<bibl xml:id="recipient">Captain, H.M. Ship</bibl>
				<bibl xml:id="date">28 April 1863</bibl>
				<bibl xml:id="where">Murchison's Cataracts</bibl>
			</sourceDesc>
		</fileDesc>
		<profileDesc>
			<langUsage>
				<language ident="en">English</language>
			</langUsage>
		</profileDesc>
		<revisionDesc>
			<change>
				<date>2011-11-30</date>
				<name xml:id="AJS">A.J. Schmitz</name> initial transcription and XML encoding.
            
			</change>
			<change>
				<date>2011-12-16</date>
				<name xml:id="JM">Jared McDonald</name> proofreading.
            
			</change>
			<change>
				<date>2011-12-16</date>
				<name xml:id="AW">Adrian S. Wisnicki</name> editing.
            
			</change>
			<change>
				<date>2012-09-18</date>
				<name xml:id="HFB">Heather F. Ball</name> Second XML editing.
            
			</change>
		</revisionDesc>
	</teiHeader>

	<text>
		<body>
			<div>

	<pb n="0001" facs="liv_001905_0001"><!--pb/@n='19r'--></pb>
<lb/><p rend="right"><date when="1863-04-28">28<hi rend="sup underline">th</hi> April 1863</date></p>
<lb/><p>My Dear <persName>Waller</persName></p>
<lb/><p>My conscience 
<lb/>reproved me for 
<lb/>for saying some things 
<lb/>to you which I 
<lb/>ought not to have 
<lb/>said but I was too 
<lb/>much of an ass 
<lb/>to confess it. I 
<lb/>ought not to have 
<lb/>said that the <term type="tribe">Makololo</term>
<lb/>began to capture 
<lb/>sheep &amp; goats under 

       

	<pb n="0002" facs="liv_001905_0002"><!--pb/@n='19v'--></pb>
<lb/>Episcopal sanction 
<lb/>It is possible that you 
<lb/>may have taken up 
<lb/>reports with too 
<lb/>much facility but 
<lb/>I ought not to have 
<lb/>said that you did 
<lb/>or anything else 
<lb/>that might give 
<lb/>you pain. I am 
<lb/>heartily sorry for 
<lb/>it and have 
<lb/>grieved over it 
<lb/>again &amp; again. I 
<lb/>hoped to tell you 
<lb/>so when we met 

       

	<pb n="0003" facs="liv_001905_0003"><!--pb/@n='20r'--></pb>
<lb/>but might then 
<lb/>lack an opportunity 
<lb/>In my heart &amp; soul 
<lb/>I feel kindly to you 
<lb/>all and what came 
<lb/>out and anything 
<lb/>else you may 
<lb/>have disliked 
<lb/>you must please 
<lb/>take as not 
<lb/>according to the 
<lb/>general current 
<lb/>of my affections 
<lb/>I feel that we 
<lb/>ought all to be 

       

	<pb n="0004" facs="liv_001905_0004"><!--pb/@n='20v'--></pb>
<lb/>trying who can be 
<lb/>kindest to each 
<lb/>other. I believe 
<lb/>you will take this 
<lb/>note in the spirit 
<lb/>I send it and I 
<lb/>trust till death 
<lb/>parts another 
<lb/>will not be 
<lb/>necessary</p>
<lb/><p>I am Affectionately
<lb/>Yours</p>
<lb/><p rend="center"><persName>David Livingstone</persName></p>
			
</div>
		</body>
	</text></TEI>