<?xml version="1.0" encoding="UTF-8"?>
<!--Converted from a TEI P5 XML file to the LEAP TEI P5 Schema by James Cummings on 2015-03-02-->
<?xml-model href="http://livingstoneonline.github.io/LEAP-ODD/leap.rng" type="application/xml" schematypens="http://relaxng.org/ns/structure/1.0"?>
<?xml-model href="http://livingstoneonline.github.io/LEAP-ODD/leap.rng" type="application/xml" schematypens="http://purl.oclc.org/dsdl/schematron"?>
<?xml-stylesheet type="text/xsl" href="http://livingstoneonline.github.io/LEAP-XSLT/transcription.xsl"?>
<TEI xmlns="http://www.tei-c.org/ns/1.0" xml:id="liv_000667">
	<teiHeader>
		<fileDesc>
			<titleStmt>
				<title>Letter to Robert Moffat 1</title>
				<author xml:id="DL">David Livingstone</author>
			</titleStmt>
			<publicationStmt>
				<authority>Livingstone Online</authority>
				<pubPlace>London, UK</pubPlace>
				<publisher>University College London</publisher>
				<date>2012</date>
				<idno type="LEAP-ID">liv_000667</idno>
			</publicationStmt>
			<sourceDesc>
				<bibl xml:id="shelfmark">School of Oriental and African Studies, University of London, UK, CWM/LMS, Africa Odds, Livingstone Box 4-21A</bibl>
				<bibl xml:id="ccnumber">0198</bibl>
				<bibl xml:id="recipient">Robert Moffat 1</bibl>
				<bibl xml:id="date">31 January 1849</bibl>
				<bibl xml:id="where">Kolobeng</bibl>
			</sourceDesc>
		</fileDesc>
		<profileDesc>
			<langUsage>
				<language ident="en">English</language>
			</langUsage>
		</profileDesc>
		<revisionDesc>
			<change>
				<date>2013-03-05</date>
				<name xml:id="KJG">Kerry Jo Green</name>Initial transcription and XML encoding.
            
			</change>
			<change>
				<date>2013-03-08</date>
				<name xml:id="AJS">AJ Schmitz</name>Proofreading.
            
			</change>
			<change>
				<date>2013-06-16</date>
				<name xml:id="HFB">Heather F. Ball</name>Additional encoding.
            
			</change>
		</revisionDesc>
	</teiHeader>

	<text>
		<body>
			<div>

	<pb n="0001" facs="liv_000667_0001"><!--pb/@n='1r'--></pb>
<lb/><p rend="right"><placeName><settlement type="village">Kolobeng</settlement></placeName><date when="1849-01-31">31<hi rend="sup underline">st</hi> January 1849</date></p>
<lb/><p>My Dear Father</p>
<lb/><p rend="center">By the arrival of <unclear cert="low">Mary</unclear> we are enabled to add to our
<lb/>string of palavers and <persName>Joseph</persName> having left only a week ago we have not
<lb/>much to add except that our political horizon is considerably brighter.
<lb/>This is of some importance for when the public attention is engaged
<lb/>by rumours of wars it is more difficult to turn it to matters of higher
<lb/>importance. By our spies we have ascertained that the talk of the
<lb/>Boers about <persName>Sechele</persName> is over and the individual near <placeName><settlement type="town">Mosega</settlement></placeName> who
<lb/>made a sort of fortification of his house may sleep undisturbed in
<lb/>his castle. <unclear cert="low">Mary</unclear> brings us notice that <persName>Sekhome</persName> wishes a missionary
<lb/>this if true is surprising for he was very much opposed to the word we
<lb/>believe through the influence of <persName>Apie</persName> &amp; <placeName><country>France</country></placeName> God. It is frequently <!-- This sentence doesn't read correct: pls check HB 6-16-13 -->
<lb/>expressed dislike made me feel desirous to visit him. I like to hear
<lb/>of one who thinks on the subject. After <persName>Sechele</persName>'s baptism a party
<lb/>of a distant tribe wished to come here to sell leglets. <persName>Sekhome</persName> would
<lb/>not let them, but taking a roundabout course they arrived &amp; told
<lb/>us that he had stated as his reason for refusal that <persName>Sechele</persName> had
<lb/>become mad.</p>
<lb/><p>We move on as usual - great hunger prevails and a burning
<lb/>sun seems to say we shall have another failure of the native corn
<lb/>crop. This is the fourth year of stunted crops and the <term type="tribe">Bakwanis</term>
<lb/>formerly were remarkable for the abundance of their corn. The scarcity
<lb/>is usually ascribed to the word of God: the hunger makes some look
<lb/>to us without much good will but all are civil in their deportment.
<lb/>The school suffered much after the reception of <persName>Sechele</persName> but attendance
<lb/>is gradually becoming better. We have finished the roof of <persName>Mebaloe</persName>'s
<lb/>house today, and there is an appearance of rain. All the fountains in
<lb/>the country are dried up. So we cannot grumble &amp; wish we had been
<lb/>elsewhere in this region. I have never seen anything like this
<lb/>drought. The very trees seem to feel it. The leaves crumple together
<lb/>and we hear that there are some tracts of the <placeName><region>Bakalahari</region></placeName> country
<lb/>in which the trees are killed. Our rain makers have thrown 
<lb/>their nostrums to the moles &amp; bats and some of them come to the meeting
<lb/>Tell <persName>M<hi rend="sup">r</hi> Hamilton</persName> I have looked at the clouds more this year than
<lb/>I did during all the previous years of my life put together and it
<lb/>is all <unclear cert="low">gammon</unclear>. We have had every sort &amp; degree of cloud at all times
<lb/>of the day &amp; night &amp; in all quarters. Clouds with calm &amp; clouds with

	

	<pb n="0002" facs="liv_000667_0002"><!--pb/@n='1v'--></pb>
<lb/>wind. fleecy, electric violent thunder clouds thick &amp; thin and not a 
<lb/>drop of rain with them. The old grey headed weather-wise jockies were
<lb/>as completely nonplussed <add place="above">as I</add>. They whistled and whiddled, cheeped &amp; muttered
<lb/>and did everything they could (for we do not interfere except in the way
<lb/>of occasional discussion) but no rain. We have had only three good
<lb/>showers this season if you ask anyone now when it threatens
<lb/>do you think it will rain. "It will if it likes" I intend to take
<lb/>this as my motto &amp; not trouble the clouds by looking at them.
<lb/><persName>M<hi rend="sup">rs</hi> M.</persName> mentioned a wish to have a <unclear cert="low">Karross</unclear> from this side. The drought
<lb/>in the <placeName><geogName type="desert">Kalahari</geogName></placeName> side has been so great very few have been able
<lb/>to go thither in search of skins so they are scarcer this year than
<lb/>we ever knew. Only those who have <term type="tribe">Bakalahari</term> near have
<lb/>been able to procure any. - The majority of the people have none. We
<lb/>have bought none for a long time past on account of the scarcity
<lb/>having raised their value. I think I mentioned a brace &amp; bits
<lb/>But have since been supplied with both. I had not seen the
<lb/>gun traps at the time I wrote last. I was very much pleased with
<lb/>your giblet pie. Can you send two locks for natives <choice><abbr>viz.</abbr><expan cert="high">videlicet</expan></choice> one
<lb/>for <persName>Sechele</persName> &amp; another for <persName>Mebaloe</persName> &amp; <choice><sic>the</sic><corr>then</corr></choice> specify the price to them
<lb/>the roofs of the school temporary &amp; dwelling house with <persName>Mebaloe</persName>'s too have
<lb/>furnished our supply of nails. You have a box full under the
<lb/>bunch of old one if you wish to see them in use you can
<lb/>send a lot here.</p>
<lb/><p>We enclose a bill for £60. and should like you to square off
<lb/>at the point at which you summed up when you sent the last
<lb/>account and at which there was a balance due by us. <unclear cert="high">of</unclear> £58..7 
<lb/>and £15..4..1 = £73..11..1. To liquidate this, the Bill &amp;
<lb/>perhaps something else we do not yet know of the Bill in favour
<lb/>of Draper &amp;c co of £28.12. and the enclosed £60. will if I understand
<lb/>properly be available <!--Adrian, there is a calculation here, AJS-->. Let us know if we are right.</p>
<lb/><p>I am not aware of anything which we need at present except soap
<lb/>and rice. And if you can without trouble <choice><sic>hiefers</sic><corr>heifers</corr></choice>. We find it
<lb/>much cheaper to pay a <choice><sic>hiefer</sic><corr>heifer</corr></choice> per annum than beads by the month or
<lb/>week. The Blue neck beads were very useful and those sold 
<lb/>produced about 27 sheep a supply which will enable us to hold on
<lb/>for some time to come. I thank you heartily for the pans &amp; cocks.
<lb/>The former were our only source of mutton chops <choice><orig>untill</orig><reg>until</reg></choice> the beads
<lb/>came. I am not desirous to obtain any more at present. If
<lb/>you can procure ewes at the same rate as formerly <!-- Adrian, THERE LOOKS TO BE AN ABREVIATION OR SYMBOL HERE, AJS --> please

	

	<pb n="0003" facs="liv_000667_0003"><!--pb/@n='2r'--></pb>
<lb/>remember us But no goats on account of the disease in the feet here.
<lb/>We men were very glad of the powder. We gave three strings of beads for a 
<lb/>sheep. <persName><unclear cert="medium">Mume</unclear></persName>'s large white <add place="above">neck</add> beads are saleable to the <term type="tribe">Zastwarid</term> but not at his
<lb/>prices. If he gave them at about 9 <!--Adrian, not sure what the symbol showing here is, AJS--> a string we could take them but 
<lb/><choice><sic>dont</sic><corr>don't</corr></choice> care about dealing with him at all.</p>
<lb/><p><persName>Mary</persName> is much as usual. frequently tired &amp; troubled with pains of
<lb/>different sorts. these are troublesome when she sits up long in one
<lb/>position. She can stir about pretty well Cannot write her Mamma 
<lb/>at present &amp; is quite excusable Wish much I had some <term type="medicament">Chloroform</term>.
<lb/>From the accounts I see of its operation I expect the old ladies will 
<lb/>be wishing they could begin again. It is uniformly safe for both
<lb/>mother &amp; child and the recovery is much accelerated. It is much more
<lb/>speedy in its operation than <term type="medicament">ether</term> &amp; has not any of the <choice><sic>disagreable</sic><corr>disagreeable</corr></choice>
<lb/>effects of that drug. half a teaspoonful sprinkled on a handkerchief
<lb/>&amp; held to the nose is all that is required. there is no <unclear cert="low">livosity</unclear> coughing,
<lb/>but a calm &amp; gentle sleep &amp; the mothers will scarcely believe when
<lb/>they awaken that they have a child. I should have attempted to make
<lb/>some by a <choice><sic>make shift</sic><corr>makeshift</corr></choice> retort but fear the heat is too great here
<lb/>&amp; it is very volatile. Could we not procure some chloral from
<lb/><placeName><country>England</country></placeName> and a retort. <persName><unclear cert="low">Professor Sunpassum</unclear></persName> of <placeName><settlement type="city">Edinburgh</settlement></placeName> has 
<lb/>used it in 50 <!-- this could be 56;  Need Check, AJS -->cases with entire success.</p>
<lb/><p>The second bill <choice><abbr>viz.</abbr><expan cert="high">videlicet</expan></choice> of £20 we shall feel obliged if you can 
<lb/>cash for us &amp; send it here. We need that article too.</p>
<lb/><p>Have you a tin can such as those used for holding milk, one
<lb/>below the value of three dollars. A <term type="tribe">Mokwain</term> wishes it</p>
<lb/><p>Heard from a bookseller in <placeName><settlement type="city">Glasgow</settlement></placeName> that missionary books
<lb/>are a drug in the market. Had they been furnished with <persName>William</persName>
<lb/>&amp; <persName>Moffat</persName> only they would have done well But such a flood
<lb/>of small <unclear cert="low">fry</unclear> followed <unclear cert="high">these</unclear>. Booksellers <choice><sic>wont</sic><corr>won't</corr></choice> have even Buyers
<lb/>a pretty good one in their shops unless they receive an order for
<lb/>them previously. <space dim="horizontal" extent="5" unit="chars"/>With love to <persName>Ann</persName><persName>M<hi rend="sup">rs</hi>. M.</persName>&amp;<persName>M<hi rend="sup">r</hi> Hamilton</persName></p>
<lb/><p rend="center">We remain y<hi rend="underline">ou</hi>rs <hi rend="underline">A</hi>ff<hi rend="double-underline">e</hi>ctionately,</p>
<lb/><p rend="center"><persName><choice><abbr>D</abbr><expan>David</expan></choice><choice><orig>Livingston</orig><reg>Livingstone</reg></choice></persName></p>

	<pb n="0004" facs="liv_000667_0004"><!--pb/@n='3v'--></pb>
	<cb/>
<lb/><p><persName>Sechele</persName> desires me to mention that if you have <!-- Is this cb coded correctlt? HB 6-16-13 -->
<lb/>any <hi rend="underline">very strong</hi><unclear cert="medium">trousers</unclear> stuff he would be glad
<lb/>to buy it with oxen. I mentioned glass in
<lb/>a former letter. 60 <choice><orig>¼</orig><reg>1/4</reg></choice> by 8 <choice><orig>¼</orig><reg>1/4</reg></choice> I have</p><!-- Rendered fractions as close to cheatsheet as poss, but it is a bit unclear on CS, as the orig. tag looks like it may be from char. map, but i can find no character for fractions, AJS -->
	<ab>
<lb/><persName>Rev<hi rend="sup">d</hi>.<choice><abbr>R.</abbr><expan>Robert</expan></choice> Moffat</persName>
<lb/><placeName><settlement type="village">Kuruman</settlement></placeName></ab>

			
</div>
		</body>
	</text></TEI>