<?xml version="1.0" encoding="UTF-8"?>
<!--Converted from a TEI P5 XML file to the LEAP TEI P5 Schema by James Cummings on 2015-03-02-->
<?xml-model href="http://livingstoneonline.github.io/LEAP-ODD/leap.rng" type="application/xml" schematypens="http://relaxng.org/ns/structure/1.0"?>
<?xml-model href="http://livingstoneonline.github.io/LEAP-ODD/leap.rng" type="application/xml" schematypens="http://purl.oclc.org/dsdl/schematron"?>
<?xml-stylesheet type="text/xsl" href="http://livingstoneonline.github.io/LEAP-XSLT/transcription.xsl"?>
<TEI xmlns="http://www.tei-c.org/ns/1.0" xml:id="liv_002072">
	<teiHeader>
		<fileDesc>
			<titleStmt>
				<title>Letter to Horace Waller</title>
				<author xml:id="DL">David Livingstone</author>
			</titleStmt>
			<publicationStmt>
				<authority>Livingstone Online</authority>
				<pubPlace>London, UK</pubPlace>
				<publisher>University College London</publisher>
				<date>2012</date>
				<idno type="LEAP-ID">liv_002072</idno>
			</publicationStmt>
			<sourceDesc>
				<bibl xml:id="shelfmark">Bodleian Library of Commonwealth and African Studies at Rhodes House, MSS.Afr.s.16/1, fol. 80-81</bibl>
				<bibl xml:id="ccnumber">1493</bibl>
				<bibl xml:id="recipient">Horace Waller</bibl>
				<bibl xml:id="date">24 September 1864</bibl>
				<bibl xml:id="where">Clifton</bibl>
			</sourceDesc>
		</fileDesc>
		<profileDesc>
			<langUsage>
				<language ident="en">English</language>
			</langUsage>
		</profileDesc>
		<revisionDesc>
			<change>
				<date>2011-12-28</date>
				<name xml:id="HFB">Heather F. Ball</name> initial transcription and XML encoding.
            
			</change>
			<change>
				<date>2012-01-08</date>
				<name xml:id="JM">Jared McDonald</name> proofreading.
            
			</change>
			<change>
				<date>2012-01-08</date>
				<name xml:id="AW">Adrian S. Wisnicki</name> editing.
            
			</change>
			<change>
				<date>2012-09-25</date>
				<name>Heather F. Ball</name> second XML editing.
            
			</change>
		</revisionDesc>
	</teiHeader>

	<text>
		<body>
			<div>

	<pb n="0001" facs="liv_002072_0001"><!--pb/@n='80r'--></pb>
<lb/><p rend="right"><placeName><settlement type="town">Clifton</settlement></placeName><date when="1864-09-24">24<hi rend="sup underline">th</hi><choice><abbr>Sept<hi rend="sup">r</hi></abbr><expan>September</expan></choice>
<lb/>1864</date></p>
<lb/><p>My Dear <persName>Waller</persName></p>
<lb/><p>May I trust
<lb/>to your generosity to
<lb/>send me a double
<lb/>copy of your black
<lb/>photographs instead
<lb/>of one as I wish
<lb/>to present <add place="below">^</add><add place="above">them</add> from
<lb/>you to <persName>Miss Watson</persName>
<lb/>I said I would ask 
<lb/>you - so now do 
<lb/>if you can send them

	

	<pb n="0002" facs="liv_002072_0002"><!--pb/@n='80v'--></pb>
<lb/>to <placeName>Newstead Abbey</placeName>
<lb/><placeName><settlement type="town">Mansfield</settlement></placeName> at your
<lb/>convenience-</p>
<lb/><p>I saw poor <persName>Spekes</persName>
<lb/>remains conveyed
<lb/>to their resting place
<lb/>yesterday - there
<lb/>were no sobs so
<lb/>loud as the <unclear cert="medium">poetical</unclear>
<lb/>reported or penny a
<lb/>liner reported - 
<lb/>nor did <persName>Grant</persName> who
<lb/>is a fine fellow &amp;
<lb/>a <term type="nationality">Scotchman</term> the
<lb/>equivalent of all

	

	<pb n="0003" facs="liv_002072_0003"><!--pb/@n='81r'--></pb>
<lb/><choice><sic>thats<corr>that's</corr></sic></choice> good &amp;c &amp;c. go
<lb/>down into the 
<lb/>vault. He put a
<lb/>small "<hi rend="underline">immortelle</hi>"
<lb/>of violets &amp; mignonette
<lb/>on the coffin as
<lb/>it was borne past
<lb/>us in the church
<lb/>so much for
<lb/>contemporary history</p>
	</div>
	<div>
<lb/><p><persName>D<hi rend="sup underline">r</hi><choice><orig>Livingston</orig><reg>Livingstone</reg></choice></persName></p>
			

	<pb n="0004" facs="liv_002072_0004"><!--pb/@n='81v'--></pb><!-- Bleedthrough from recto side of page and previous page's verso HB 9/25/12 -->
	</div>

		</body>
	</text></TEI>