<?xml version="1.0" encoding="UTF-8"?>
<!--Converted from a TEI P5 XML file to the LEAP TEI P5 Schema by James Cummings on 2015-03-02-->
<?xml-model href="http://livingstoneonline.github.io/LEAP-ODD/leap.rng" type="application/xml" schematypens="http://relaxng.org/ns/structure/1.0"?>
<?xml-model href="http://livingstoneonline.github.io/LEAP-ODD/leap.rng" type="application/xml" schematypens="http://purl.oclc.org/dsdl/schematron"?>
<?xml-stylesheet type="text/xsl" href="http://livingstoneonline.github.io/LEAP-XSLT/transcription.xsl"?>
<TEI xmlns="http://www.tei-c.org/ns/1.0" xml:id="liv_001936">
	<teiHeader>
		<fileDesc>
			<titleStmt>
				<title>Letter to Horace Waller</title>
				<author xml:id="DL">David Livingstone</author>
			</titleStmt>
			<publicationStmt>
				<authority>Livingstone Online</authority>
				<pubPlace>London, UK</pubPlace>
				<publisher>University College London</publisher>
				<date>2012</date>
				<idno type="LEAP-ID">liv_001936</idno>
			</publicationStmt>
			<sourceDesc>
				<bibl xml:id="shelfmark">Bodleian Library of Commonwealth and African Studies at Rhodes House, MSS.Afr.s.16/1, fol. 41-42</bibl>
				<bibl xml:id="ccnumber">1366</bibl>
				<bibl xml:id="recipient">Horace Waller</bibl>
				<bibl xml:id="date">5 July 1863</bibl>
				<bibl xml:id="where">Cataracts</bibl>
			</sourceDesc>
		</fileDesc>
		<profileDesc>
			<langUsage>
				<language ident="en">English</language>
			</langUsage>
		</profileDesc>
		<revisionDesc>
			<change>
				<date>2011-12-11</date>
				<name xml:id="JM">Jared McDonald</name> initial transcription and XML encoding.
            
			</change>
			<change>
				<date>2011-12-15</date>
				<name xml:id="CL">Christopher Lawrence</name> proofreading.
            
			</change>
			<change>
				<date>2012-02-26</date>
				<name xml:id="AW">Adrian S. Wisnicki</name> editing.
            
			</change>
			<change>
				<date>2012-09-25</date>
				<name xml:id="HFB">Heather F. Ball</name> second XML editing.
            
			</change>
		</revisionDesc>
	</teiHeader>

	<text>
		<body>
			<div>

	<pb n="0001" facs="liv_001936_0001"><!--pb/@n='41r'--></pb>
<lb/><p rend="right"><placeName><geogName type="feature">Cataracts</geogName></placeName><date when="1863-07-05">5<hi rend="sup">th</hi> July
<lb/>1863</date></p>
<lb/><p>My Dear <persName>Waller</persName></p>
<lb/><p>I am sorry
<lb/>that I can only
<lb/>give you a line
<lb/>for the men are
<lb/>waiting and I wish
<lb/>to tell you more
<lb/>according to your
<lb/>wish. I shall take
<lb/>an early opportunity
<lb/>of writing you</p>
<lb/><p>I cannot but
<lb/>say that <placeName><settlement type="village">Morambala</settlement></placeName>

	<pb n="0002" facs="liv_001936_0002"><!--pb/@n='41v'--></pb>
<lb/>seems as healthy
<lb/>looking as up here
<lb/>on the hills but
<lb/>I <choice><sic>dont</sic><corr>don't</corr></choice> know. I
<lb/>thought the bishop
<lb/>whom we liked
<lb/>very well indeed
<lb/>ought to visit both
<lb/><placeName><settlement type="village">Ukames</settlement></placeName> &amp; <placeName><settlement type="village">Morambala</settlement></placeName>
<lb/>before deciding.</p>
<lb/><p><persName>Clementino</persName> will
<lb/>be glad of bills on
<lb/><placeName><settlement type="city">Bombay</settlement></placeName> for his
<lb/>money from
<lb/><persName>Thorton</persName>, but

	

	<pb n="0003" facs="liv_001936_0003"><!--pb/@n='42r'--></pb>
<lb/>I shall revert to the
<lb/>subject. We go up
<lb/>to the North of the Lake
<lb/>if we can. My
<lb/>kind salutations
<lb/>to <persName>Procter</persName> &amp; <persName>Rowley</persName>
<lb/>I would have
<lb/>written <persName>Procter</persName> had
<lb/>it been possible
<lb/>but I hope he will
<lb/>take my kind
<lb/>good bye through
<lb/>you &amp; that - the
<lb/>Highest may be
<lb/>his shield and
<lb/>comforter</p>

	<pb n="0004" facs="liv_001936_0004"><!--pb/@n='42v'--></pb>
<lb/><p rend="center">I am ever yours.</p>
<lb/><p rend="right"><persName>David Livingstone</persName></p>
			
</div>
		</body>
	</text></TEI>