<?xml version="1.0" encoding="UTF-8"?>
<!--Converted from a TEI P5 XML file to the LEAP TEI P5 Schema by James Cummings on 2015-03-02-->
<?xml-model href="http://livingstoneonline.github.io/LEAP-ODD/leap.rng" type="application/xml" schematypens="http://relaxng.org/ns/structure/1.0"?>
<?xml-model href="http://livingstoneonline.github.io/LEAP-ODD/leap.rng" type="application/xml" schematypens="http://purl.oclc.org/dsdl/schematron"?>
<?xml-stylesheet type="text/xsl" href="http://livingstoneonline.github.io/LEAP-XSLT/transcription.xsl"?>
<TEI xmlns="http://www.tei-c.org/ns/1.0" xml:id="liv_000750">
	<teiHeader>
		<fileDesc>
			<titleStmt>
				<title>Letter to Arthur Tidman</title>
				<author xml:id="DL">David Livingstone</author>
			</titleStmt>
			<publicationStmt>
				<authority>Livingstone Online</authority>
				<pubPlace>London, UK</pubPlace>
				<publisher>University College London</publisher>
				<date>2012</date>
				<idno type="LEAP-ID">liv_000750</idno>
			</publicationStmt>
			<sourceDesc>
				<bibl xml:id="shelfmark">School of Oriental and African Studies Library, University of London, London, UK, CWM/LMS, Livingstone Wooden Box-063</bibl>
				<bibl xml:id="ccnumber">0273</bibl>
				<bibl xml:id="recipient">Arthur Tidman</bibl>
				<bibl xml:id="date">26 April 1852</bibl>
				<bibl xml:id="where">Cape Town</bibl>
			</sourceDesc>
		</fileDesc>
		<profileDesc>
			<langUsage>
				<language ident="en">English</language>
			</langUsage>
		</profileDesc>
		<revisionDesc>
			<change>
				<date>2012-12-19</date>
				<name xml:id="EA">Eliza Albert</name>Initial transcription and XML encoding.
            
			</change>
			<change>
				<date>2013-03-19</date>
				<name xml:id="KS">Kathryn Simpson</name>Proofreading
            
			</change>
			<change>
				<date>2013-07-01</date>
				<name xml:id="HFB">Heather F. Ball</name>Additional encoding.
            
			</change>
		</revisionDesc>
	</teiHeader>

	<text>
		<body>
			<div>

	<pb n="0001" facs="liv_000750_0001"><!--pb/@n='1r'--></pb>
<lb/><!-- The number 63 appears here, but is not in Livingstone's hand. --><p rend="right"><placeName><settlement type="town">Cape Town</settlement></placeName><date when="1852-04-26">26<hi rend="sup underline">th</hi> April 1852</date></p>
<lb/><p><persName>Rev<hi rend="sup underline">d</hi> D<hi rend="sup underline">r</hi> Tidman</persName></p>
<lb/><p rend="center">My Dear Sir</p>
<lb/><p rend="center">The chief object of this letter is to advise you
<lb/>of the departure of <persName>M<hi rend="sup underline">rs</hi><choice><orig>Livingston</orig><reg>Livingstone</reg></choice></persName> and four <choice><sic>chidren</sic><corr>children</corr></choice> on board the
<lb/>"Trafalgar" <persName>Captain D. Robertson</persName>, bound for <placeName><settlement type="city">London</settlement></placeName>. She
<lb/>sailed on the <date when="1852-04-23">23<hi rend="sup">d</hi><choice><abbr>currt</abbr><expan>current</expan></choice></date>. And as this goes by the Royal Mail Steamer
<lb/>which will sail on the <date when="1852-05-01">first of May</date>, you will in all probability
<lb/><choice><sic>recieve</sic><corr>receive</corr></choice> this before <persName>M<hi rend="sup underline">rs</hi><choice><orig>Livingston</orig><reg>Livingstone</reg></choice></persName>'s arrival</p>
<lb/><p>In thus committing my family to your care I may state
<lb/>that nothing but the fullest convictions of duty would have
<lb/>led me to adopt this step, but having already addressed you
<lb/>twice on this subject, and by full and explicit statements
<lb/>endeavored to furnish data on which to form your
<lb/>own <choice><sic>Judgement</sic><corr>Judgment</corr></choice>, I feel the less inclined to advert to the subject
<lb/>again. Your silence however makes me fear that my
<lb/>letters may have miscarried, and I shall add that our chidren have
<lb/>claims on those by whom <hi rend="underline">we</hi> are sent. It is well known that <!-- There is a line drawn on the letter separating the next section from the previous- unsure how to code HB 7-1-13 -->
<lb/>the laws of God avenge themselves on those by whom they
<lb/>are <choice><sic>contemned</sic><corr>condemned</corr></choice>. they resemble two edged swords when caught
<lb/>by the blades. The Emigrant <choice><sic>boers</sic><corr>Boers</corr></choice> who despise the law of
<lb/>benevolence <choice><orig>enuntiated</orig><reg>enunciated</reg></choice> in the declaration that God hath 
<lb/>made of one blood all the nations of the Earth are themselves
<lb/>becoming as degraded as the natives whom they despise -
<lb/>A slave population every-where works the ruin and degradation
<lb/>of the free class which employs it. Tyranny and every 
<lb/>other form of vice reproduce themselves and the moral <w>con-
<lb break="no"/>-tagion</w> spreads like leaves by means of the children. It is
<lb/>but just that such contagions should infect those who

	<pb n="0002" facs="liv_000750_0002"><!--pb/@n='1v'--></pb>
<lb/>fear not the vengeance of the divine laws or of Him who is their <!-- There are several lines drawn in the left margin on this page that I an unsure how to code HB 7-1-13 -->
<lb/>author. But missionaries expose their children to a contamination
<lb/>which they have had no hand in producing. We expose them 
<lb/>and ourselves for a time in order to elevate those sad captives
<lb/>of sin and satan who are the victims of the degradation
<lb/>of ages. None of those who complain about missionaries
<lb/>sending their chidren home ever descend to this. And again
<lb/>as <persName>M<hi rend="sup underline">r</hi> James</persName> in his "young men from home" forcibly shews
<lb/>a greater misfortune cannot befall a youth than to be cast
<lb/>into the world entirely without a home. In regard to even 
<lb/>the vestige of a home my children are absolutely vagabonds
<lb/>"When shall we return to <placeName><settlement type="village">Kolobeng</settlement></placeName>"? "When to <placeName><settlement type="village">Kuruman</settlement></placeName>"? <supplied cert="high">"</supplied><hi rend="underline">Never</hi>
<lb/>The mark of <persName>Cain</persName> is on your foreheads. your father is a
<lb/>missionary." Our children ought to have both the sympathies
<lb/>and prayers <add place="above">of those</add> at whose bidding we become strangers for life<supplied cert="high">.</supplied></p>
<lb/><p>I intend to leave this during the course of the next week. 
<lb/>I need scarcely again advert to the plans which in consequence
<lb/>of what I believe to be the direct leadings of Providence I have
<lb/>been led to form. In passing in to the distant region to which
<lb/>I feel called. I shall have to mourn over the defection of <persName>Sechele</persName>
<lb/>now more apparent than ever. By letters which I have <choice><sic>recieved</sic><corr>received</corr></choice>
<lb/>since I have come to <placeName><settlement type="town">Cape Town</settlement></placeName> I learn that <persName>Sechele</persName> has
<lb/>plundered an <term type="nationality">Englishman</term> whom he believed to have killed
<lb/>one of his people. I have little doubt but such is the fact
<lb/>The <term type="nationality">Englishman</term> being a person of immoral character and the
<lb/>companion of the missing native declares that the <term type="nationality">Englishman</term>
<lb/>inflicted injuries sufficient to terminate life &amp; then left him.
<lb/>Two companions of this same man (<persName>Moyle</persName>) have perished in suspicious
<lb/>circumstances. One of them named <persName>Dalman</persName> perished near to 
<lb/><placeName><settlement type="village">Kolobeng</settlement></placeName> but being <choice><sic>in</sic><corr>on</corr></choice> the way to <placeName><settlement type="town">Cape Town</settlement></placeName> at the time of his
<lb/>death I can give no particulars. The plunder of <persName>Moyle</persName> by <persName>Sechele</persName>

	<pb n="0003" facs="liv_000750_0003"><!--pb/@n='3'--></pb>
<lb/>is quite unjustifiable and as I stated before I believe <persName>Sechele</persName> is an
<lb/>apostate. He cannot be referred to as a trophy of grace but never
<lb/>did man bid fairer for years to enter into the Kingdom of Heaven
<lb/>than he. You will see no success in that region so long as
<lb/><persName>Inglis</persName> and <persName>Edwards</persName> are your missionaries. It would be absurd to
<lb/>expect the Divine blessing. I am sorry to write so but it is the
<lb/>truth, and truth which ought to be known by the Directors. I do
<lb/>not wish to be or appear censorious but were I now placed
<lb/>in the most solemn circumstances my past experience of the
<lb/>vicinity of these men would lead me to declare that it is a
<lb/>mere waste of life to labour near <w>the<add place="inline">m</add></w><del type="strikethrough">se men</del>. Eight years
<lb/>experience has only strengthened the conviction that our Society
<lb/>would be incalculably more useful were there a safety valve
<lb/>by which such characters would be let off.</p>
<lb/><p rend="center">Believe me</p>
<lb/><p rend="center">Affectionately yours</p>
<lb/><p rend="right"><persName>David <choice><orig>Livingston</orig><reg>Livingstone</reg></choice></persName></p>

	<pb n="0004" facs="liv_000750_0004"><!--pb/@n='4'--></pb>
	<cb/>
<lb/><p><hi rend="underline">Prepaid</hi></p>
<lb/><p rend="center"><persName>Rev<hi rend="sup underline">d</hi> D<hi rend="sup underline">r</hi> Tidman</persName></p>
<lb/><p rend="right"><placeName>Mission House</placeName></p>
<lb/><p rend="right"><placeName>Bloomfield</placeName><choice><unclear cert="medium">81</unclear></choice></p>
<lb/><p rend="right"><hi rend="underline"><placeName>London</placeName></hi></p>
<lb/>
	<ab>
<add hand="#U"><date when="1852">1852</date>/<date when="1853">/53</date>
<lb/><settlement type="town">Cape Town</settlement><date when="1852-04-26"><choice><abbr>Apl</abbr><expan>April</expan></choice> 26/52</date>
<lb/><persName>D<hi rend="sup">r</hi> <choice><orig>Livingston</orig><reg>Livingstone</reg></choice></persName>
<lb/><abbr>Arr<hi rend="sup">d</hi></abbr><expan>Arrived</expan><date when="1852-07-14">14 July 1852</date><!-- The folio here is torn and a portion of text from another folio shows through. -->
<lb/>Received <date when="1852-06-07">June 7/52</date></add></ab>
<!-- 
First Postmark: FA JU 1852 

Second Postmark no text/illegible text

Third Postmark: General Post Office Cape Town 
-->
			
</div>
		</body>
	</text></TEI>