<?xml version="1.0" encoding="UTF-8"?>
<!--Converted from a TEI P5 XML file to the LEAP TEI P5 Schema by James Cummings on 2015-03-02-->
<?xml-model href="http://livingstoneonline.github.io/LEAP-ODD/leap.rng" type="application/xml" schematypens="http://relaxng.org/ns/structure/1.0"?>
<?xml-model href="http://livingstoneonline.github.io/LEAP-ODD/leap.rng" type="application/xml" schematypens="http://purl.oclc.org/dsdl/schematron"?>
<?xml-stylesheet type="text/xsl" href="http://livingstoneonline.github.io/LEAP-XSLT/transcription.xsl"?>
<TEI xmlns="http://www.tei-c.org/ns/1.0" xml:id="liv_002101">
	<teiHeader>
		<fileDesc>
			<titleStmt>
				<title>Letter to Horace Waller</title>
				<author xml:id="DL">David Livingstone</author>
			</titleStmt>
			<publicationStmt>
				<authority>Livingstone Online</authority>
				<pubPlace>London, UK</pubPlace>
				<publisher>University College London</publisher>
				<date>2012</date>
				<idno type="LEAP-ID">liv_002101</idno>
			</publicationStmt>
			<sourceDesc>
				<bibl xml:id="shelfmark">Bodleian Library of Commonwealth and African Studies at Rhodes House, MSS.Afr.s.16/1, fol. 86-87</bibl>
				<bibl xml:id="ccnumber">1522</bibl>
				<bibl xml:id="recipient">Horace Waller</bibl>
				<bibl xml:id="date">31 October 1864</bibl>
				<bibl xml:id="where">Newstead Abbey</bibl>
			</sourceDesc>
		</fileDesc>
		<profileDesc>
			<langUsage>
				<language ident="en">English</language>
			</langUsage>
		</profileDesc>
		<revisionDesc>
			<change>
				<date>2012-02-15</date>
				<name xml:id="JM">Jared McDonald</name> Initial transcription and XML encoding.
            
			</change>
			<change>
				<date>2012-02-24</date>
				<name xml:id="AJS">A.J. Schmitz</name> proofreading
            
			</change>
			<change>
				<date>2012-04-12</date>
				<name xml:id="AW">Adrian S. Wisnicki</name> Additional encoding.
            
			</change>
			<change>
				<date>2012-09-27</date>
				<name xml:id="HFB">Heather F. Ball</name> second XML editing.
            
			</change>
		</revisionDesc>
	</teiHeader>

	<text>
		<body>
			<div>

	<pb n="0001" facs="liv_002101_0001"><!--pb/@n='86r'--></pb>
<lb/><p rend="right"><date when="1864-10-31">31 Oct<hi rend="sup underline">r</hi> 1864</date></p>
<lb/><p>My Dear <persName>Waller</persName></p>
<lb/><p>I return the
<lb/>letter of <persName>Lightfoot</persName> with
<lb/>thanks. <persName>Daoma</persName> is
<lb/>done for so near the
<lb/>sea coast. At <placeName><settlement type="village">Kuruman</settlement></placeName>
<lb/>she might have a
<lb/>good chance yet. 
<lb/><persName>M<hi rend="sup underline">r</hi> Moffat</persName> tells me 
<lb/>that <persName>Sekeletu</persName> is dead
<lb/>and fighting going
<lb/>on for the regency</p>
	<ab>
<lb/>and look this way she is engaged to <persName>D<hi rend="sup">r</hi> Coates</persName>
<lb/>I think for he called her in my presence "<persName>Cary</persName>"
    </ab>
	<ab>
<lb/>If you are civil
<lb/>you may get
<lb/>the proof sheets
<lb/>about the
<lb/>mission to
<lb/>correct.
        </ab>


	<pb n="0002" facs="liv_002101_0002"><!--pb/@n='86v'--></pb>
<lb/><p>I am sorry that the
<lb/><placeName>mitre court</placeName> people
<lb/>have taken up such
<lb/>a different idea from
<lb/>what I intended to
<lb/>convey - and am 
<lb/>horrified to hear that 
<lb/><persName>Davis</persName> has so shamefully 
<lb/>done for us. I hear 
<lb/>for the first time of 
<lb/>the £363. I never got
<lb/>a farthing and until 
<lb/>now thought that 
<lb/>I had paid all &amp; saved 
<lb/>the mission the entire 
<lb/>expense save a little
<lb/>for food. I was told
<lb/>I think by my wife</p>
	<ab>
<lb/>and <add place="below">^</add><add place="above">he</add> is of course a <term type="nationality">Scotchman</term>. Hurrah 3 3 3 3
<lb/>What do you expect me to give. <space dim="horizontal" extent="1" unit="words"/>A pound?
        </ab>


	<pb n="0003" facs="liv_002101_0003"><!--pb/@n='87r'--></pb>
<lb/><p>that <persName>Dawkins</persName> had
<lb/>desired <persName>Davis</persName> to get 
<lb/>provisions for them 
<lb/>and paid for the 
<lb/>same which of course 
<lb/>was quite right. M<hi rend="sup">s</hi>
<lb/><persName>Stewart</persName>'s passage I
<lb/>had nothing to do with 
<lb/>but having <w>author-
<lb break="no"/>ized</w><persName>Sir George Grey</persName>
<lb/>to secure full passage 
<lb/>for the mission 
<lb/>am mortified to 
<lb/>hear how it has been 
<lb/>done &amp; <persName>Dawkins</persName>
<lb/>never said <hi rend="underline">a word</hi>
<lb/>to me about it. 
<lb/>You must set them
<lb/>right as to my being</p>
	<ab>
<lb/>Where are the drawings you promised me
<lb/>and about which I wrote - <choice><abbr>comps</abbr><expan>compliments</expan></choice> to <persName>Stewart</persName>
<lb/>Ask him to introduce you to <persName>Norman Macleod</persName></ab>


	<pb n="0004" facs="liv_002101_0004"><!--pb/@n='87v'--></pb>
<lb/><p>in a huff - or you will 
<lb/>be impaled on the 
<lb/>point of my pen and
<lb/><placeName><settlement type="city">Glasgow</settlement></placeName><placeName><settlement type="city">Edinburgh</settlement></placeName>
<lb/>&amp; <placeName><settlement type="city">London</settlement></placeName> stinks will
<lb/>be sweet savour to
<lb/>yours. <choice><sic>Thats</sic><corr>That's</corr></choice> the rough 
<lb/>side of my tongue.  
<lb/><choice><sic>listen</sic><corr>Listen</corr></choice> to the smooth 
<lb/><persName>Miss Watson</persName> writes <persName>Agnes</persName>
<lb/>that she is extremely
<lb/>obliged to <persName>M<hi rend="sup underline">r</hi> Waller</persName>
<lb/>for the photos. It was
<lb/>so very kind of him
<lb/>to think of her. They will
<lb/>be a precious addition
<lb/>to her album. You are
<lb/>to be thanked which
<lb/>I herein do. You stroke
<lb/>your beard - drink a
<lb/>glass of <persName>Stewart</persName>'s <placeName><settlement type="village">Constantia</settlement></placeName></p><!-- Is "Stewart's" a personal name, or a brand name, and does that make a difference to the coding? HB 9/27/12 -->
	<ab>
<lb/>Pheasant shooting here tomorrow. I <choice><sic>wont</sic><corr>won't</corr></choice> try
<lb/><persName>Bishop</persName><unclear cert="medium">of</unclear><placeName><settlement type="town">Oxford</settlement></placeName> at <placeName><settlement type="town">Nottingham</settlement></placeName> next week <!-- Is Bishop of Oxford coded properly? HB 9/27/12 -->
<lb/>I shall go over if he does not come here
<lb/><persName>David Livingstone</persName></ab>

			
</div>
		</body>
	</text></TEI>