<?xml version="1.0" encoding="UTF-8"?>
<!--Converted from a TEI P5 XML file to the LEAP TEI P5 Schema by James Cummings on 2015-03-02-->
<?xml-model href="http://livingstoneonline.github.io/LEAP-ODD/leap.rng" type="application/xml" schematypens="http://relaxng.org/ns/structure/1.0"?>
<?xml-model href="http://livingstoneonline.github.io/LEAP-ODD/leap.rng" type="application/xml" schematypens="http://purl.oclc.org/dsdl/schematron"?>
<?xml-stylesheet type="text/xsl" href="http://livingstoneonline.github.io/LEAP-XSLT/transcription.xsl"?>
<TEI xmlns="http://www.tei-c.org/ns/1.0" xml:id="liv_001982">
	<teiHeader>
		<fileDesc>
			<titleStmt>
				<title>Letter to Horace Waller</title>
				<author xml:id="DL">David Livingstone</author>
			</titleStmt>
			<publicationStmt>
				<authority>Livingstone Online</authority>
				<pubPlace>London, UK</pubPlace>
				<publisher>University College London</publisher>
				<date>2012</date>
				<idno type="LEAP-ID">liv_001982</idno>
			</publicationStmt>
			<sourceDesc>
				<bibl xml:id="shelfmark">Bodleian Library of Commonwealth and African Studies at Rhodes House, MSS.Afr.s.16/1, fol. 61-66</bibl>
				<bibl xml:id="ccnumber">1411</bibl>
				<bibl xml:id="recipient">Horace Waller</bibl>
				<bibl xml:id="date">18 December 1863</bibl>
				<bibl xml:id="where">Murchison's Cataracts</bibl>
			</sourceDesc>
		</fileDesc>
		<profileDesc>
			<langUsage>
				<language ident="en">English</language>
			</langUsage>
		</profileDesc>
		<revisionDesc>
			<change>
				<date>2011-12-07</date>
				<name xml:id="AJS">A.J. Schmitz</name> initial transcription and XML encoding.
            
			</change>
			<change>
				<date>2012-09-18</date>
				<name xml:id="KS">Kathryn Simpson</name> proofreading.
            
			</change>
			<change>
				<date>2012-10-02</date>
				<name xml:id="HFB">Heather F. Ball</name> XML editing.
            
			</change>
		</revisionDesc>
	</teiHeader>

	<text>
		<body>
			<div>

	<pb n="0001" facs="liv_001982_0001"><!--pb/@n='61r'--></pb>
<lb/><p rend="right"><placeName><geogName type="feature">Murchison's Cataracts</geogName></placeName>
<lb/><date when="1863-12-18">18 Dec<hi rend="sup underline">r</hi> 1863</date></p>
<lb/><p>My Dear <persName>Waller</persName>
<lb/>I wrote you 
<lb/>last month but a 
<lb/>short note as I was 
<lb/>not very well and 
<lb/>soon hoped to be down 
<lb/>to you - I got a slight 
<lb/><term type="ailment">sunstroke</term> in coming 
<lb/>home and have had 
<lb/>a constant ringing 
<lb/>in the <term type="bodypart">Ears</term> &amp; <term type="ailment">deafness</term>
<lb/>ever since — It became 
<lb/>worse at times can 
<lb/>indisposes me for 

     

	<pb n="0002" facs="liv_001982_0002"><!--pb/@n='61v'--></pb>
<lb/>writing of which I have 
<lb/>a great deal to do. 
<lb/>In a note sent at the 
<lb/>same time to the bishop 
<lb/>in answer to an offer 
<lb/>to help from private 
<lb/>means in citing the 
<lb/>women &amp; children I 
<lb/>told him that I had doubts 
<lb/>about taking them to 
<lb/><placeName><settlement type="city"><choice><abbr>Johanna</abbr><expan>Johannesburg</expan></choice></settlement></placeName> though had 
<lb/>the boys been free 
<lb/>I would have sent all to 
<lb/>the <placeName><region>Cape</region></placeName> — and some 
<lb/>would no doubt be 
<lb/>taken up by <persName>Bishop 
<lb/>Gray</persName>.  As it was 
<lb/>I though it might</p>

	<pb n="0003" facs="liv_001982_0003"><!--pb/@n='62r'--></pb>
<lb/><p>be best to arrange with 
<lb/><persName>M<hi rend="sup underline">r</hi> Ferraõ</persName> for food for 
<lb/>a season but all this 
<lb/>was on the supposition 
<lb/>that the mission was  
<lb/>to continue.
<lb/>I <choice><sic>recieved</sic><corr>received</corr></choice> a letter by 
<lb/><persName>Blair</persName> in which the 
<lb/>Bishop says that 
<lb/>he had kept you 
<lb/>for nearly three months 
<lb/>according to a previous 
<lb/>arrangement and 
<lb/>now he will be glad 
<lb/>to hear that <del type="cancelled">"</del> I "am taking 
<lb/>steps to place <persName>M<hi rend="sup underline">r</hi> Waller</persName>
<lb/>in an independent 
<lb/>position with respect 
<lb/>to the mission"

     

	<pb n="0004" facs="liv_001982_0004"><!--pb/@n='62v'--></pb>
<lb/>He says also that he 
<lb/>strongly disapproved of 
<lb/>your plans - and also 
<lb/>that he concludes from 
<lb/>an extant from one 
<lb/>of my letters <add place="above">to you</add><add place="below">^</add> that you 
<lb/>are carrying out my 
<lb/>wishes — It is a regular 
<lb/>bit of law, and is 
<lb/>written on a separate 
<lb/>sheet of same date as 
<lb/>another letter on general 
<lb/>subjects — not a word 
<lb/>about the boys sent 
<lb/>away — This I reject 
<lb/>for I cannot trust 
<lb/><persName>Blair</persName> - <persName>Wikatani</persName>
<lb/>and two others came 
<lb/>up &amp; offered to take 
<lb/>him — He seemed to agree</p>

	<pb n="0005" facs="liv_001982_0005"><!--pb/@n='63r'--></pb>
<lb/><p>My answer amounts 
<lb/>to this — You took the 
<lb/>boys as I understood 
<lb/>to instruct them — I depart 
<lb/>to the <placeName><geogName type="feature">Lake</geogName></placeName> &amp; returning 
<lb/>heard with regret that 
<lb/><persName>M<hi rend="sup underline">r</hi> Waller</persName> had been separated 
<lb/>from the Mission —  it 
<lb/>never entered my head 
<lb/>that any objection 
<lb/>could be made to a 
<lb/>member of the mission 
<lb/>becoming a vehicle 
<lb/>of christian benevolence 
<lb/>to poor people living  
<lb/>in the vicinity of 
<lb/>the station
<lb/>I tell him also that 
<lb/>on hearing of his 
<lb/>disinclination to keep

     

	<pb n="0006" facs="liv_001982_0006"><!--pb/@n='63v'--></pb>
<lb/>The captives attached to 
<lb/>mission by <persName>Bishop 
<lb/>Mackenzie</persName> I at once 
<lb/>offered to provide for 
<lb/>them &amp; send them to the 
<lb/><placeName><region>Cape</region></placeName> — — He knew that 
<lb/>then why throw the 
<lb/>six boys among 
<lb/>heathen <term type="tribe">Ajawa</term> who 
<lb/>will tell them by the 
<lb/>first opportunity —
<lb/>I also request him 
<lb/>to hand over the 
<lb/>remainder of the boys 
<lb/>to me and I shall still 
<lb/>send them to the <placeName><region>Cape</region></placeName>
<lb/>the sentence about 
<lb/>you is as follows</p>

	<pb n="0007" facs="liv_001982_0007"><!--pb/@n='64r'--></pb>
<lb/><p>With respect to <persName>M<hi rend="sup underline">r</hi>
<lb/>Waller</persName> it would be 
<lb/>wrong in me to take 
<lb/>a side either for or  
<lb/>against him or any 
<lb/>member of the mission 
<lb/>and it would not be 
<lb/>advisable to relieve 
<lb/>the society <del type="cancelled">of</del>from its 
<lb/>obligations to its 
<lb/>agents "Till it pleads <w>ina-
<lb break="no"/>-bility</w>" I hope you have 
<lb/>not given up your 
<lb/>claims to a passage 
<lb/>home — for if you 
<lb/>have we shall be in 
<lb/>a fix - You are quite 
<lb/>welcome to a 
<lb/>passage in the 

     

	<pb n="0008" facs="liv_001982_0008"><!--pb/@n='64v'--></pb>
<lb/>Lady Nyassa but she 
<lb/>is not going to <placeName><country>England</country></placeName>
<lb/>and after <placeName><settlement type="city"><choice><abbr>Johanna</abbr><expan>Johannesburg</expan></choice></settlement></placeName> it 
<lb/>would be more &amp; more 
<lb/>expensive for you 
<lb/>in the matter of passage 
<lb/>every day — I <choice><abbr>dont</abbr><corr>don't</corr></choice>
<lb/>think the bishop will 
<lb/>venture on refusing 
<lb/>a passage but his 
<lb/>letter to me seems to say 
<lb/>if we can we shall 
<lb/>hook the doctor in 
<lb/>for paying his passage 
<lb/>If I am not mistaken 
<lb/>the letter is an effort 
<lb/>of a narrow minded 
<lb/>Sea Lawyer</p>

	<pb n="0009" facs="liv_001982_0009"><!--pb/@n='65r'--></pb>
<lb/><p>You may guess how 
<lb/>anxiously we long for 
<lb/>the rise of the waters 
<lb/>but this as well 
<lb/>as everything else is 
<lb/>in the hands of the 
<lb/>supreme ruler of all 
<lb/>things
<lb/><persName>Blair</persName> has talked a 
<lb/>great deal and much 
<lb/>that appears to me 
<lb/>impossible — one ship — 
<lb/>he told me that the 
<lb/>boys had <choice><sic>recieved</sic><corr>received</corr></choice> nothing 
<lb/>now you speak of his <add place="inline">^</add><add place="above">(<term type="tribe">Wekatani</term>'s)</add>
<lb/>blue cloth! He says 
<lb/>that the bishop justifies 
<lb/>his <unclear cert="medium">burning will</unclear> by


     

	<pb n="0010" facs="liv_001982_0010"><!--pb/@n='65v'--></pb>
<lb/>"The Lord made all things 
<lb/>for himself, even the 
<lb/>wicked for the day of 
<lb/>evil<supplied cert="high">"</supplied> — That the death of 
<lb/>the missionaries proves 
<lb/>the people of this country 
<lb/>to be among the doomed 
<lb/>this I <choice><sic>cant</sic><corr>can't</corr></choice> believe — 
<lb/>If I mistake not we 
<lb/>hear of him sneaking 
<lb/>away to <placeName><country>Madagascar</country></placeName>
<lb/>where all the hard work 
<lb/>has been done by men 
<lb/>of other societies — In 
<lb/><placeName><settlement type="city"><choice><sic>Hunololu</sic><corr>Honolulu</corr></choice></settlement></placeName> the bishop 
<lb/>parades pictures and 
<lb/>crucifixes — refuses 
<lb/>fellowship with the 
<lb/><term type="nationality">American</term> missionaries 
<lb/>who have been there 35

     

	<pb n="0011" facs="liv_001982_0011"><!--pb/@n='66r'--></pb>
<lb/>years and sidling up to 
<lb/>the Catholic priests is 
<lb/>himself snubbed in 
<lb/>turn — 
<lb/>I am not murder<gap agent="damage" extent="2" unit="chars"/><supplied cert="high">ed</supplied>
<lb/>yet thanks to the <gap agent="damage" extent="6" unit="chars"/>
<lb/>a lot of <term type="tribe">Mazite</term> or 
<lb/><term type="tribe">Zulus</term> gave chase 
<lb/>to us &amp; on my asking 
<lb/>what they wanted 
<lb/>vanished — there was 
<lb/>no other warlike <w>demon<supplied>-</supplied><lb break="no"/>-stration</w> — but in hopes 
<lb/>of soon seeing you</p>
<lb/><p>I am ever with 
<lb/>Affection</p>
<lb/><p rend="center">Yours <persName><choice><abbr>D.</abbr><expan>David</expan></choice> Livingstone</persName></p>

	<pb n="0012" facs="liv_001982_0012"><!--pb/@n='66v'--></pb>
<lb/><p>I am sorry that I 
<lb/>cannot send you any 
<lb/>cloth or any money 
<lb/>either —  We are quite 
<lb/>out of everything and 
<lb/>thankful for what 
<lb/>the bishop sent —
<lb/>I have sent to <persName>M<hi rend="sup underline">r</hi>
<lb/>Ferraõ</persName> for 100 panjas 
<lb/>of mapira &amp; mexoeira 
<lb/>take 30 when it 
<lb/>comes your length 
<lb/>but I hope I shall 
<lb/>be with you soon 
<lb/>I have told the bishop 
<lb/>plainly what I think of 
<lb/>the cowardly retreat</p>
<lb/><p rend="right"><persName><choice><abbr>D.L.</abbr><expan>David Livingstone</expan></choice></persName></p>
			
</div>
		</body>
	</text></TEI>