<?xml version="1.0" encoding="UTF-8"?>
<!--Converted from a TEI P5 XML file to the LEAP TEI P5 Schema by James Cummings on 2015-03-02-->
<?xml-model href="http://livingstoneonline.github.io/LEAP-ODD/leap.rng" type="application/xml" schematypens="http://relaxng.org/ns/structure/1.0"?>
<?xml-model href="http://livingstoneonline.github.io/LEAP-ODD/leap.rng" type="application/xml" schematypens="http://purl.oclc.org/dsdl/schematron"?>
<?xml-stylesheet type="text/xsl" href="http://livingstoneonline.github.io/LEAP-XSLT/transcription.xsl"?>
<TEI xmlns="http://www.tei-c.org/ns/1.0" xml:id="liv_002627">
	<teiHeader>
		<fileDesc>
			<titleStmt>
				<title>Letter to William Thompson</title>
				<author xml:id="DL">David Livingstone</author>
			</titleStmt>
			<publicationStmt>
				<authority>Livingstone Online</authority>
				<pubPlace>London, UK</pubPlace>
				<publisher>University College London</publisher>
				<date>2012</date>
				<idno type="LEAP-ID">liv_002627</idno>
			</publicationStmt>
			<sourceDesc>
				<bibl xml:id="shelfmark">School of Oriental and African Studies Library, University of London, London, UK, CWM/LMS, Livingstone Wooden Box-115</bibl>
				<bibl xml:id="ccnumber">2021</bibl>
				<bibl xml:id="recipient">William Thompson</bibl>
				<bibl xml:id="date">November 1872</bibl>
				<bibl xml:id="where">South Central Africa</bibl>
			</sourceDesc>
		</fileDesc>
		<profileDesc>
			<langUsage>
				<language ident="en">English</language>
			</langUsage>
		</profileDesc>
		<revisionDesc>
			<change>
				<date>2013-12-20</date>
				<name xml:id="AM">Anne Martin</name>Initial transcription and XML encoding.
            
			</change>
			<change>
				<date>2013-12-23</date>
				<name xml:id="HFB">Heather F. Ball</name>Proofreading and additional XML encoding.
            
			</change>
		</revisionDesc>
	</teiHeader>

	<text>
		<body>
			<div>

	<pb n="0001" facs="liv_002627_0001"><!--pb/@n='1r'--></pb>
<lb/><!-- In the left margin in pencil appears the following - "No 115  LIVINGSTONE LETTERS  LMC ARCHIVES" - this is not in Livingstone's hand AM --><p rend="right"><placeName><region>South Central Africa</region></placeName><date when="1872-11">Nov<hi rend="sup underline">r</hi> 1872</date></p>
<lb/><p>My Dear <persName>M<hi rend="sup underline">r</hi> Thompson</persName></p>
<lb/><p>Your note
<lb/>and pamphlets kindly sent in <date when="1866-07">July
<lb/>1866</date> came to hand in <placeName><settlement type="town">Unyanyembe</settlement></placeName>
<lb/>in <date when="1872-08">August 1872</date>. Postal arrangements
<lb/>are scarcely perfect all over the
<lb/>world yet - but I was thankful to
<lb/>get anything at all - I was plundered
<lb/>of large amounts of goods <unclear cert="high">I own</unclear>
<lb/>several times through my money
<lb/>being handed over without any
<lb/>precautions that I know of to an
<lb/>oily tongued Banian, and by the <!-- Should "Banian" be coded as a tribe here? HB 12-23-13 -->
<lb/>connivance of the <persName>governor
<lb/>of <placeName><settlement type="town">Unyanyembe</settlement></placeName></persName> the stores were
<lb/>nearly all plundered by members
<lb/>of a slave trading ring or coterie
<lb/>and every effort made by the
<lb/>destruction of my letters to prevent
<lb/>information of the losses going to the

       

	<pb n="0002" facs="liv_002627_0002"><!--pb/@n='1v'--></pb>
<lb/>coast. They were pretty successful for
<lb/>the Banian <add place="below">^</add><add place="above"><persName>Ludha Danji</persName></add> who really was at the <!-- Should "Banian" be coded as a tribe here? HB 12-23-13 -->
<lb/>bottom of all the villainy alone had
<lb/>the <term type="bodypart">ear</term> of my friend, and on the
<lb/>strength of a note from his agent
<lb/><persName>Shereef</persName> who sold off all my goods
<lb/>at <placeName><settlement type="town">Ujiji</settlement></placeName> for slaves and ivory
<lb/>which stated that he was about to
<lb/>send off slaves with all I needed,
<lb/>the half truth was uttered "that
<lb/>all <persName>D<hi rend="sup underline">r</hi><choice><abbr>L</abbr><expan>Livingstone</expan></choice></persName>'s wants had been supplied"
<lb/>and it was repeated in the house of
<lb/>Lords. the little sent was so little and so
<lb/>inferior, it was intended to force
<lb/>me back - the slaves solem<add place="below">^</add><add place="above">n</add>ly swore
<lb/>that they were instructed by the highest
<lb/>authority to force me back, and they
<lb/>persisted in this all over the country.
<lb/>In fact quite overacted their part.
<lb/>All expected me to die &amp; deprived of
<lb/>nearly all European comforts
<lb/>for two years it is a wonder that
<lb/>their expectations did not come true                

       

	<pb n="0003" facs="liv_002627_0003"><!--pb/@n='2r'--></pb>
<lb/>The <term type="nationality">Arabs</term> outside the ring were all extremely
<lb/>kind but Banian money carried on <!-- Should "Banian" be coded as a tribe here? HB 12-23-13 -->
<lb/>all the slaving in <placeName><region>Manyuema</region></placeName>, and I gave
<lb/>great umbrage by going into their <unclear cert="high">midst</unclear>.
<lb/>they work it quietly &amp; well for the
<lb/><placeName><region>Manyuema</region></placeName> women are very pretty &amp; are
<lb/>usually sold off for very large prices
<lb/>as soon as captured or at least long
<lb/>before they reach the coast - no gang
<lb/>in chains is ever sent down, but
<lb/>these wretched <term type="nationality">British</term> Indian subjects
<lb/>who would not hurt a flea are really
<lb/>by their money arms ammunition
<lb/>&amp; goods in the hands of their <term type="nationality">Arab</term> agents
<lb/>really the worst cannibals in all
<lb/><placeName><bloc>Africa</bloc></placeName>. If my disclosures lead to
<lb/>the suppression of the wickedness
<lb/>I shall not grudge the pain &amp; toil I have
<lb/>endured. <persName>Captain Holmes</persName> countrymen
<lb/><persName><choice><abbr>H.M.</abbr><expan>Henry Morton</expan></choice> Stanley</persName> &amp; <persName>James Gordon Bennett</persName>
<lb/>of the New York Herald acted nobly,
<lb/>and both deserve &amp; have my lasting
<lb/>gratitude for the relief sent to me -
<lb/>and for <persName>Stanley</persName>'s truly noble

       

	<pb n="0004" facs="liv_002627_0004"><!--pb/@n='4'--></pb>
<lb/>braving of death &amp; danger to serve me
<lb/>as a son might have done - thanks
<lb/>for the notices of your family - I can
<lb/>recollect them only as children &amp; would
<lb/>pass them on the street unwittingly - <persName>Ralph</persName>
<lb/>was a lithe blithe boy - <persName>Jessie</persName> had smiles
<lb/>and tears in perfect command. the
<lb/><unclear cert="low">banker</unclear> I cannot <choice><sic>recal</sic><corr>recall</corr></choice>. My blessing on
<lb/>them. <persName>Ralph</persName>'s ordination was well
<lb/>calculated to elicit all the pith &amp; unction
<lb/>in you, and you were very happy in your
<lb/>charge - your friends paid a graceful
<lb/>tribute to you in <unclear cert="low">franking</unclear> you home
<lb/>and back again, and conferred honour
<lb/>on themselves. May they long flourish
<lb/>in doing similar deeds. Glad to hear
<lb/>that the <term type="nationality">Africanders</term> have got diamonds
<lb/>they first set the example of plundering
<lb/>me at <placeName><settlement type="village">Kolobeng</settlement></placeName> - if they heard of the
<lb/><term type="nationality">Arab</term> &amp; Banian deeds in the same line <!-- Should "Banian" be coded as a tribe here? HB 12-23-13 -->
<lb/>they would make amends by sending me
<lb/>lots of diamonds <add place="below">^</add><add place="above">in expiation</add> - half a mind will do
<lb/><add place="below">^</add><add place="above">to <unclear cert="medium">ease</unclear> my ghost from haunting them</add> as I am not greedy. Remember me fondly
<lb/>to <persName>Saul</persName><persName>Solomon</persName> &amp; <persName>Rutherford</persName></p>
<lb/><p rend="center">David Livingstone</p>
			
</div>
		</body>
	</text></TEI>