<?xml version="1.0" encoding="UTF-8"?>
<!--Converted from a TEI P5 XML file to the LEAP TEI P5 Schema by James Cummings on 2015-03-02-->
<?xml-model href="http://livingstoneonline.github.io/LEAP-ODD/leap.rng" type="application/xml" schematypens="http://relaxng.org/ns/structure/1.0"?>
<?xml-model href="http://livingstoneonline.github.io/LEAP-ODD/leap.rng" type="application/xml" schematypens="http://purl.oclc.org/dsdl/schematron"?>
<?xml-stylesheet type="text/xsl" href="http://livingstoneonline.github.io/LEAP-XSLT/transcription.xsl"?>
<TEI xmlns="http://www.tei-c.org/ns/1.0" xml:id="liv_000645">
	<teiHeader>
		<fileDesc>
			<titleStmt>
				<title>Letter to Robert Moffat</title>
				<author xml:id="DL">David Livingstone</author>
			</titleStmt>
			<publicationStmt>
				<authority>Livingstone Online</authority>
				<pubPlace>London, UK</pubPlace>
				<publisher>University College London</publisher>
				<date>2013</date>
				<idno type="LEAP-ID">liv_000645</idno>
			</publicationStmt>
			<sourceDesc>
				<bibl xml:id="shelfmark">School of Oriental and African Studies Library, University of London, London, UK, CWM/LMS, Livingstone Wooden Box 4-17, 1-2 </bibl><!-- note that for the fol. number we are no longer using "r" and "v", just the page numbers as per this example. -->
				<bibl xml:id="ccnumber">0179</bibl>
				<bibl xml:id="recipient">Robert Moffat</bibl>
				<bibl xml:id="date">November 1847</bibl>
				<bibl xml:id="where"><!-- No Indication as to where Letter was sent from --></bibl>
			</sourceDesc>
		</fileDesc>
		<profileDesc>
			<langUsage>
				<language ident="en">English</language>
			</langUsage>
			<langUsage>
				<language ident="und">Undetermined</language>
			</langUsage>
		</profileDesc>
		<revisionDesc>
			<change>
				<date>2012-10-02</date>
				<name xml:id="KS">AJ Schmitz</name>Initial transcription and XML encoding.
            
			</change>
			<change>
				<date>2013-03-01</date>
				<name xml:id="JM">Jared McDonald</name>Proofreading
            
			</change>
			<change>
				<date>2013-306-16</date>
				<name xml:id="HFB">Heather F. Ball</name>Additional encoding.
            
			</change>
		</revisionDesc>
	</teiHeader>

	<text>
		<body>
			<div>

	<pb n="0001" facs="liv_000645_0001"><!--pb/@n='1'--></pb>
<lb/><p>I enclose a letter to <persName>Robert</persName> with a few remarks in the way of <unclear cert="medium">attempts</unclear> at analyzing the language 
<lb/>after it is written I feel disinclined to send it but it is <foreign xml:lang="und">tuntunyeritse</foreign> filled to the brim and I <choice><sic>dont</sic><corr>don't</corr></choice> like 
<lb/>to throw it away. Will you read it at a <!-- unable to make this word out, AJS --> hour &amp; give me your remarks. I shall feel obliged               
<lb/>if you point out on what I am in error. We shall not hear from you for a
<lb/>long time. But must be content. We imagine <persName>Mameri</persName> is at the <placeName><geogName type="feature">Cape</geogName></placeName> now. 
<lb/><hi rend="underline">Remember us to <persName>M<hi rend="sup">r</hi> Hamilton</persName> &amp; <persName>Ann</persName>. <persName>Mary</persName> will write her tomorrow morning</hi>
<lb/>I shall put down the contents so far as I remember</p>
	<cb n="1"/>
<lb/><p rend="left"><foreign xml:lang="und">Kaukashi</foreign> an oar
<lb/><foreign xml:lang="und">Lekase</foreign> a reed skiff 
<lb/><foreign xml:lang="und">Lecobobo</foreign> a thicket 
<lb/><foreign xml:lang="und">Lituguana</foreign><!-- cannot make this translation out, AJ -->
<lb/><foreign xml:lang="und">Mapakoana</foreign> a curtain 
<lb/><foreign xml:lang="und">Leposa to iketta</foreign> - drawl in 
<lb/>singing. <foreign xml:lang="und">Metse hula</foreign> seems 
<lb/>well known as the Sea 
<lb/><foreign xml:lang="und">Lotoe</foreign> too is known                
<lb/>but they say <foreign xml:lang="und">Metse hula</foreign> is on 
<lb/>both sides of the country 
<lb/><foreign xml:lang="und">Mathurra</foreign> rough 
<lb/><foreign xml:lang="und">Florohinpe</foreign> a dreamer 
<lb/><foreign xml:lang="und">hurua</foreign> to row </p>
	<cb n="2"/>
<lb/><p rend="center"><foreign xml:lang="und">Khoroana ea khute</foreign> is the nearest to ensign. It is the
<lb/><foreign xml:lang="und">Thobane ea beguera</foreign> I mentioned 
<lb/><foreign xml:lang="und">Sekiri</foreign> an island 
<lb/><foreign xml:lang="und">Bara</foreign> to swim (<foreign xml:lang="und">Meb</foreign> to create) 
<lb/>Some selections - first opportunity 
<lb/><foreign xml:lang="und">Lobila</foreign> - I was mistaken as to its use <gap extent="2" unit="chars" agent="hole"/> is a very 
<lb/>small path - one trodden only once or one which has 
<lb/>been abandoned &amp; so now nearly obliterated.</p>
<lb/><p><space dim="horizontal" extent="4" unit="chars"/>My time is up so I must conclude</p>
<lb/><p rend="center">ever affectionately yours</p>
<lb/><p rend="right"><persName><choice><abbr>D</abbr><expan>David</expan></choice><choice><orig>Livingston</orig><reg>Livingstone</reg></choice></persName></p>

	<pb n="0002" facs="liv_000645_0002"><!--pb/@n='2'--></pb>
<lb/><p rend="right"><add place="inline" hand="#U"><persName><choice><orig>Livingston</orig><reg>Livingstone</reg></choice></persName></add></p>
<lb/><p rend="right"><add place="inline" hand="#U"><date when="1847-09">September 1847</date></add></p>
<lb/><p rend="right"><add place="inline" hand="#U"><placeName><settlement type="village"><unclear cert="high">Koloben</unclear></settlement></placeName></add></p>
<lb/><p rend="right"><add place="inline" hand="#U"><choice><abbr>Rec<hi rend="sup">d</hi></abbr><expan>Received</expan></choice> by <persName><unclear cert="medium">Kaules</unclear></persName></add></p>
<lb/><p rend="right"><date when="1847-10-24"><choice><abbr>Oct<hi rend="sup underline">r</hi></abbr><expan>October</expan></choice> 24<hi rend="sup">th</hi></date></p>
	<ab n="1"/>
<lb/><p rend="center"><persName>Rev<hi rend="sup">d</hi>. Robert Moffat</persName></p>
<lb/><p rend="center"><hi rend="underline"><placeName><settlement type="town">Kuruman</settlement></placeName></hi></p>
			
</div>
		</body>
	</text></TEI>