<?xml version="1.0" encoding="UTF-8"?>
<!--Converted from a TEI P5 XML file to the LEAP TEI P5 Schema by James Cummings on 2015-03-02-->
<?xml-model href="http://livingstoneonline.github.io/LEAP-ODD/leap.rng" type="application/xml" schematypens="http://relaxng.org/ns/structure/1.0"?>
<?xml-model href="http://livingstoneonline.github.io/LEAP-ODD/leap.rng" type="application/xml" schematypens="http://purl.oclc.org/dsdl/schematron"?>
<?xml-stylesheet type="text/xsl" href="http://livingstoneonline.github.io/LEAP-XSLT/transcription.xsl"?>
<TEI xmlns="http://www.tei-c.org/ns/1.0" xml:id="liv_000611">
	<teiHeader>
		<fileDesc>
			<titleStmt>
				<title>Letter to Robert Moffat</title>
				<author xml:id="DL">David Livingstone</author>
			</titleStmt>
			<publicationStmt>
				<authority>Livingstone Online</authority>
				<pubPlace>London, UK</pubPlace>
				<publisher>University College London</publisher>
				<date>2012</date>
				<idno type="LEAP-ID">liv_000611</idno>
			</publicationStmt>
			<sourceDesc>
				<bibl xml:id="shelfmark">CWM/LMS, Africa Odds, Livingstone Box 4-10, School of Oriental and African Studies Library</bibl>
				<bibl xml:id="ccnumber">0148</bibl>
				<bibl xml:id="recipient">Robert Moffat</bibl>
				<bibl xml:id="date">11 March 1846</bibl>
				<bibl xml:id="where">Chonuane</bibl>
			</sourceDesc>
		</fileDesc>
		<profileDesc>
			<langUsage>
				<language ident="en">English</language>
			</langUsage>
			<langUsage>
				<language ident="af">Afrikaans</language>
			</langUsage>
		</profileDesc>
		<revisionDesc>
			<change>
				<date>2012-10-17</date>
				<name xml:id="MS">Matthew Stumpf</name> Initial transcription and XML encoding.
            
			</change>
			<change>
				<date>2012-10-25</date>
				<name xml:id="AW">Adrian S. Wisnicki</name> Additional encoding.
            
			</change>
			<change>
				<date>2013-01-09</date>
				<name xml:id="JM">Jared McDonald</name> Proofreading.
            
			</change>
			<change>
				<date>2013-06-19</date>
				<name xml:id="HFB">Heather F. Ball</name> Additional proofing and encoding.
            
			</change>
		</revisionDesc>
	</teiHeader>

	<text>
		<body>
			<div><!-- The following transcription was created independently from images of Livingstone's original letter, but was then corrected in a few places using the transcription in David Livingstone, Family Letters (Chatto & Windus, 1959), ed. I. Scahpera, 1:170-74. -->

	<pb n="0001" facs="liv_000611_0001"><!--pb/@n='1r'--></pb>
<lb/><p rend="right"><placeName><settlement type="village">Chonuane</settlement></placeName><date when="1846-03-11">11 March <choice><sic>146</sic><corr>1846</corr></choice></date></p>
<lb/><p>My Dear Father</p>
<lb/><p rend="center">Having written so fully by 
<lb/>Boy I have nothing more to trouble you 
<lb/>with now that it is appointed for 
<lb/><persName>Hendrick</persName> to accompany him. <persName>Paul</persName>
<lb/>expected the conveyance of my <choice><orig>waggon</orig><reg>wagon</reg></choice>
<lb/>for <persName>Isaac</persName> but the intention of 
<lb/>sending it having been relinquished 
<lb/>he now sends his own. They 
<lb/>have some hankering after <persName>Francina</persName>
<lb/>but having disuaded the father from 
<lb/>sending for her I hope he will refrain 
<lb/>The house has at length got a 
<lb/>coat of clay on its top. This was 
<lb/>accomplished today. The kitchen 
<lb/>and <choice><sic>bed room</sic><corr>bedroom</corr></choice> with the <foreign xml:lang="af">vorhuis</foreign><!-- There is a note in the margin of this line, not in DL's handwriting HB 6-19-13 -->
<lb/>are furnished. Two inside walls 
<lb/>alone remain to be raised a few 
<lb/>feet. We go to <placeName><settlement type="village">Mabotsa</settlement></placeName> on 

	

	<pb n="0002" facs="liv_000611_0002"><!--pb/@n='1v'--></pb>
<lb/>friday (this is Wednesday Evening) to remove 
<lb/>our duds &amp;c. The white ants are already <!-- There is a note in the margin of this line, not in DL's handwriting HB 6-19-13 -->
<lb/>in possession here - a theme on which 
<lb/>to try our inventive powers for extermination</p>
<lb/><p><persName>M<hi rend="sup">r</hi> Cumming</persName> left a good deal of <!-- There is a note in the margin of this line, not in DL's handwriting HB 6-19-13 -->
<lb/>powder under my care with liberty to 
<lb/>assist any of the people with it for 
<lb/><foreign xml:lang="af">karosses</foreign><!-- Strictly speaking this is not an Afrikaans word, but a Khoikhoi word for animal hide. JM 09/01/2013 --> whom I thought fit. <w>Fortun<supplied>-</supplied><lb break="no"/>-ately</w> my engagements prevented my 
<lb/>using that power with one exception 
<lb/><persName>Sechele</persName> is now apprehensive of 
<lb/>an attack and looked very queer 
<lb/>when told that I should place <persName>M<hi rend="sup">r</hi>
<lb/>Cumming</persName>'s powder back again 
<lb/>into the hands of its owners. And 
<lb/>never mend a gun while there 
<lb/>was any probability of its being 
<lb/>used in shedding blood - strange 
<lb/>to say he goes on reading and listens 
<lb/>to preaching with as much attention 
<lb/>as ever. He quotes <persName>Malura</persName>'s advice 
<lb/>in justification of his late deed

	

	<pb n="0003" facs="liv_000611_0003"><!--pb/@n='2r'--></pb>
<lb/>&amp; declares he will stand everything but a 
<lb/>direct attack on his town if from a 
<lb/>nation not his subjects. Says his reason 
<lb/>for not telling us was I would have 
<lb/>gone before or with them and spoiled 
<lb/>all. For they persevere in plaguing 
<lb/>him because they know he has 
<lb/>a teacher to hinder him from attacking 
<lb/>them. The fellow does not want arguments 
<lb/>he would beat many who look with <w>con<supplied>-</supplied><lb break="no"/><supplied>-</supplied>tempt</w> on savages as void of sophistry 
<lb/>"unsophisticated children of nature" say they 
<lb/>A funny mother and stranger children 
<lb/>verily. Had <persName>M<hi rend="sup">r</hi> Ross</persName> been the first 
<lb/>who got <persName>Malura</persName> to consent to hear 
<lb/>the gospel he would not <add place="below">^</add><add place="above">have</add> found it 
<lb/>so easy as entering on other men's 
<lb/>labours. Had I been to the committee 
<lb/>meeting I suspect this pill might 
<lb/>have been given to the Translator of 
<lb/>the Flower gathered. This last was 
<lb/>denounced by <persName>Edwards</persName> in no <w>meas<supplied>-</supplied><lb break="no"/>-ured</w> terms at this time

	

	<pb n="0004" facs="liv_000611_0004"><!--pb/@n='2v'--></pb>
<!-- A paragraph of text appears in the left margin of this page. This text appears not be in Livingstone's hand. -->
<lb/>and a building line finds its way out 
<lb/>among the sticks of the tent? this brings 
<lb/>to my recollection the other tent. <persName>Paul</persName>
<lb/>brought it and said it was to be left with 
<lb/>us, we supposed till an opportunity of 
<lb/>returning it occurred. A short time 
<lb/>afterwards he required it again as a shelter 
<lb/>for his family till their house was 
<lb/>finished. Knowing you would have 
<lb/>no objection to this I let him have it 
<lb/>and he has used it ever since. I have 
<lb/>just been out to enquire if he could 
<lb/>not send it with <persName>Hendrick</persName>. But he 
<lb/>says he does not understand how it 
<lb/>is. Whether he is to buy it or give it 
<lb/>to me to be sent back. I think it 
<lb/>better to let it remain till you inform 
<lb/>him. He seems to like it. I am 
<lb/>very glad of the "Lancets" I thank you 
<lb/>heartily for ordering them. I shall pay 
<lb/>2<choice><orig>⅔</orig><reg>2/3</reg></choice><hi rend="sup">ds</hi> price or the whole if you allow 
<lb/>me to keep them. Hope this is not <w>covetous<add place="below">ness</add></w><!-- Adrian, is this coded properly? HB 6-19-13 -->


	<pb n="0005" facs="liv_000611_0005"><!--pb/@n='3r'--></pb>
<lb/>I am very thankful for the promise of old iron
<lb/>my smithifying has been at a stand for 
<lb/>some time partly because of the house &amp; 
<lb/>partly because I was afraid of running 
<lb/>through my stock. I often thrashed at it 
<lb/>till I was fairly done up. You did not 
<lb/>tell me how to temper cold chisels 
<lb/>I shall need mine tempered soon for 
<lb/>I must cut through a band of one 
<lb/>fore wheel A piece of diseased wood 
<lb/>as large as that you cured exists 
<lb/>which I must rectify. <hi rend="underline">Please remember 
<lb/>the tempering in your next</hi></p><!-- this underline runs up the side of the page to encompass the last 8 lines MS. There is also a paragraph of text in the left margin here that is not in Livingstone's hand. -->
<lb/><p>The Captain at <placeName><settlement type="village">Philipolis</settlement></placeName> sent a note 
<lb/>informing me of an addition to 
<lb/>my stud in the shape of a <choice><sic>filley</sic><corr>filly</corr></choice>
<lb/>and asking if I wished means to 
<lb/>be used for what <persName>George Buchanan</persName>
<lb/>calls in the Psalms "Another of the same" 
<lb/>I had not time nor dutch enough 
<lb/>to tell him that the proposition was 

	

	<pb n="0006" facs="liv_000611_0006"><!--pb/@n='3v'--></pb>
<lb/>agreeable. If you send for your <!-- There is a note in the margin of this line, not in DL's handwriting HB 6-19-13 -->
<lb/>horses Will you be kind enough to 
<lb/>thank the Captain for me &amp; request 
<lb/>him to do the proper sort of thing 
<lb/>If not convenient <choice><sic>never mind</sic><corr>nevermind</corr></choice>
<lb/>my not sending for the annual will 
<lb/>be understood as wishing it to remain 
<lb/>the horse of <persName>M<hi rend="sup">r</hi> Oswal</persName> strayed and 
<lb/>he having given it to me provided 
<lb/>it was not found till after <persName>M<hi rend="sup">r</hi>
<lb/>Cumming</persName> had passed. I find it 
<lb/>has be found by the <term type="tribe">Barolongs</term>
<lb/>of <persName>Taoane</persName>. <persName>Mahura</persName> laid a claim 
<lb/>to it but the saddle was too 
<lb/>good for them to believe it his 
<lb/>I have apprised <persName>Taoane</persName> of its 
<lb/>being my property but have seen 
<lb/>no one from his place since 
<lb/>I <choice><sic>dont</sic><corr>don't</corr></choice> know how to come by it

	

	<pb n="0007" facs="liv_000611_0007"><!--pb/@n='4r'--></pb>
<lb/>but as it was the best <persName>M<hi rend="sup">r</hi><choice><abbr>O</abbr><expan>Oswal</expan></choice></persName> had if there <!-- Not sure if this abbrev. is "C" for Cumming, "E" for Edwards, "O" for Oswal...transcribed as O but could be wrong HB 6-19-13 -->
<lb/>was any way of communication <!-- "was" originally was "were", but DL wrote over it...not sure how to code correctly HB 6-19-13 -->
<lb/>I would make an effort. Is there 
<lb/>any intercourse between <placeName><settlement type="village">Kuruman</settlement></placeName><!-- The word "none" is written perpendicular to the text in the margin, not in DL's hand HB 6-19-13 -->
<lb/>&amp; <persName>Taoane</persName></p>
<lb/><p>We each enjoy by the kind favour 
<lb/>of our Heavenly Father a fair 
<lb/>measure of health &amp; strength. <persName>Mary</persName> sends 
<lb/>her love to Mother sisters, <persName>John M<hi rend="sup">r</hi>
<lb/>Hamilton</persName> and yourself</p>
<lb/><p><persName>Paul</persName> has just now entered to inform 
<lb/>me that he had spoken to his wife on the 
<lb/>subject of today<supplied cert="high">'</supplied>s conversation concerning 
<lb/><persName>Francina</persName>. He mentioned the <del type="cancelled">motives</del><add place="above">reasons</add>
<lb/>we have against her coming But these 
<lb/>the mother <choice><sic>overules</sic><corr>overrules</corr></choice> by saying the people 
<lb/>here will not take her unless she 
<lb/>is <foreign xml:lang="af">boyali</foreign>fied. <persName>Paul</persName> believe<supplied cert="high">s</supplied> this <!-- Is "boyali" really loyalified?? DL uses loyalism on the next page, and the characters look remarkably similar HB 6-19-13 -->
<lb/>and wishes me to inform <del type="strikethrough">you</del><!-- There is a word written perpendicular to the text in the margin, not in DL's hand HB 6-19-13 -->
<lb/><persName>M<hi rend="sup">r</hi> Ashton</persName> that should she be exceedingly 
<lb/><choice><sic>axious</sic><corr>anxious</corr></choice> to come. So anxious as

	

	<pb n="0008" facs="liv_000611_0008"><!--pb/@n='4v'--></pb>
<lb/>that in the event of becoming ill the 
<lb/>a disease might be aggravated. he might 
<lb/>let her go in peace. <persName>Hendrick</persName> is 
<lb/>instructed to say nothing about it to her
	<cb/>
<lb/>we hope she will be induced to stop 
<lb/>where she is. We <choice><sic>dont</sic><corr>don't</corr></choice><choice><sic>concieve</sic><corr>conceive</corr></choice> the
<lb/><term type="tribe">Bakwains</term> such sticklers for <unclear cert="medium">loyalism</unclear>
<lb/>I should have given <persName>Paul</persName>'s message 
<lb/>to <persName>M<hi rend="sup">r</hi><choice><abbr>A</abbr><expan>Ashton</expan></choice></persName> if time permitted. He is to be judge
	<cb/>
<lb/>whether it will be against <persName>Francina</persName>'s
<lb/>future fatness to see <persName>Hendrick</persName> coming
<lb/>away alone without her</p>
	<ab>
<lb/><persName>Rev<hi rend="sup">d</hi><choice><abbr>R</abbr><expan>Robert</expan></choice> Moffat</persName>
<lb/>V. 2, <placeName><settlement type="village">Kuruman</settlement></placeName></ab>

			
</div>
		</body>
	</text></TEI>