<?xml version="1.0" encoding="UTF-8"?>
<!--Converted from a TEI P5 XML file to the LEAP TEI P5 Schema by James Cummings on 2015-03-02-->
<?xml-model href="http://livingstoneonline.github.io/LEAP-ODD/leap.rng" type="application/xml" schematypens="http://relaxng.org/ns/structure/1.0"?>
<?xml-model href="http://livingstoneonline.github.io/LEAP-ODD/leap.rng" type="application/xml" schematypens="http://purl.oclc.org/dsdl/schematron"?>
<?xml-stylesheet type="text/xsl" href="http://livingstoneonline.github.io/LEAP-XSLT/transcription.xsl"?>
<TEI xmlns="http://www.tei-c.org/ns/1.0" xml:id="liv_000556">
	<teiHeader>
		<fileDesc>
			<titleStmt>
				<title>Letter to Robert Moffat</title>
				<author xml:id="DL">David Livingstone</author>
			</titleStmt>
			<publicationStmt>
				<authority>Livingstone Online</authority>
				<pubPlace>London, UK</pubPlace>
				<publisher>University College London</publisher>
				<date>2012</date>
				<idno type="LEAP-ID">liv_000556</idno>
			</publicationStmt>
			<sourceDesc>
				<bibl xml:id="shelfmark">Bodleian Library of Commonwealth and African Studies at Rhodes House, MSS.Afr.s.16/1, fol. 1-6 </bibl><!-- note that for the fol. number we are no longer using "r" and "v", just the page numbers as per this example. -->
				<bibl xml:id="ccnumber">0098</bibl>
				<bibl xml:id="recipient">Robert Moffat</bibl>
				<bibl xml:id="date">15 February 1844</bibl>
				<bibl xml:id="where">Maboka</bibl>
			</sourceDesc>
		</fileDesc>
		<profileDesc>
			<langUsage>
				<language ident="en">English</language>
			</langUsage>
		</profileDesc>
		<revisionDesc>
			<change>
				<date>2012-06-27</date>
				<name xml:id="KS">Kathryn Simpson</name>Initial transcription and XML encoding.
            
			</change>
			<change>
				<date>2012-10-11</date>
				<name xml:id="MS">Matthew Stumpf</name>Proofreading
            
			</change>
			<change>
				<date>2012-10-30</date>
				<name xml:id="HFB">Heather F. Ball</name> XML editing.
            
			</change>
		</revisionDesc>
	</teiHeader>

	<text>
		<body>
			<div>

	<pb n="0001" facs="liv_000556_0001"><!--pb/@n='1r'--></pb>
<lb/><p rend="right"><placeName><settlement type="village">Mabotsa</settlement></placeName><date when="1844-02-15"><choice><abbr>Feb<hi rend="sup">y</hi></abbr><expan>February</expan></choice> 15 1844</date></p>
<lb/><p>My Dear Sir
<lb/>I am in very different circumstances
<lb/>now from those in which I expected to have addressed
<lb/>from our new station, the lions here are very
<lb/>numerous &amp;very troublesome and besides having
<lb/>attacked us here &amp; destroyed some of the cattle of our
<lb/>people one of them destroyed 9 sheep &amp; goats in
<lb/>broad day light on a little eminence opposite our
<lb/>hut last <choice><sic>wendnesday</sic><corr>wednesday</corr></choice>. The natives came screaming
<lb/>to us as we were engaged in the water course and
<lb/>as all operations were immediately suspended
<lb/>I very imprudently returned across the valley
<lb/>in order to encourage them to destroy him. This
<lb/>very nearly cost me my life for after he was
<lb/>wounded he rushed down bit <persName>Mabalwe</persName> badly on the 
<lb/>thigh, another native on the shoulder &amp; myself on
<lb/>the arm, the humerus is splintered &amp; his teeth have
<lb/>produced deep wounds which may trouble me for a
<lb/>long time. Had it been directly in the way of duty
<lb/>I should not have cared for the pains, but
<lb/>I have not that consideration to compare myself by
<lb/>it was not so contrary to my regular rules
<lb/>of acting I <choice><sic>dont</sic><corr>don't</corr></choice> know what induced me to go
<lb/>however I have great cause for thankfulness

<!-- "Attacked by lion" written in top lefthand corner of letter, seemingly not in Livingstone's hand HB 10/30/12 -->

	<pb n="0002" facs="liv_000556_0002"><!--pb/@n='1v'--></pb>
<lb/>that I escaped with my life He shook me as
<lb/>a cat does a mouse &amp; had the mercy of the Lord
<lb/>not prevented could easily have torn me to <choice><sic>peices</sic><corr>pieces</corr></choice>
<lb/>I am sorry this event has happened
<lb/>now for it gives our friends the <persName>Edwards</persName>
<lb/>trouble which various circumstances render
<lb/>them ill able to bear - If you are writing to 
<lb/>the Directors Perhaps you might give them the
<lb/>substance of the above account I <choice><sic>dont</sic><corr>don't</corr></choice> know
<lb/>what they will think of me after this but it
<lb/>seems to me we ought to tell them our misfortunes
<lb/>and the causes of them too, faithfully. --</p>
<lb/><p>Before I met with this misfortune I
<lb/>thought of requesting to purchase from you
<lb/>an <unclear cert="low">adage</unclear>, large handsaw, the one I have is very
<lb/>small, a common axe or two, with any other
<lb/>tools either smithy or carpenters you have spare
<lb/>I think I may still request them for it is <w>fort<supplied>-</supplied><lb break="no"/>unately</w> the left arm that is injured so I shall
<lb/>be able to work with the right while that is still
<lb/>weak.</p>
<lb/><p>You know I have a brother in <placeName><country>America</country></placeName>; he
<lb/>is partly dependent on me &amp; as in the 
<lb/>transmission of small arms frequent failures

	

	<pb n="0003" facs="liv_000556_0003"><!--pb/@n='2r'--></pb>
<lb/>through the dishonesty of the <term type="nationality">American</term> Post office 
<lb/>have taken place, If you are acquainted
<lb/>with any safe mode of transmission and would
<lb/>send him £10 of the enclosed £20 you would
<lb/>release my mind of a great <add place="above">deal</add><supplied cert="high">of</supplied> anxiety and
<lb/>I think do good for <del type="strikethrough">I think</del> believe the
<lb/>chief desire of the poor young fellow is
<lb/>to spread the knowledge of the Redeemer
<lb/>among men, His address is Charles <!-- Should Charles Livingston be coded as personal name? HB 10/30/12 -->
<lb/>Livingston student Oberlin College
<lb/>Lorain County, <placeName><region>Ohio</region></placeName><placeName><country><choice><abbr>U.S.</abbr><expan>United States</expan></choice></country></placeName> Please excuse
<lb/>my returning thus to trouble you.
<lb/><gap extent="2" unit="chars" agent="hole"/> The other ten pounds please let remain <!-- red wax seal imprint on page HB 10/30/12 -->
<lb/>in your hands for tools &amp; any thing else you
<lb/>may send. If you are about to send
<lb/>for beads a lot of any kind would much
<lb/>oblige me Have you seen that box for 
<lb/>me which is marked "beads" perhaps
<lb/>it was a mistake</p>
<lb/><p>Please present my christian regards to Mrs
<lb/><persName>M. Mary, Ann</persName> &amp;c &amp; I believe me yours</p>
<lb/><p rend="center">Affectionately</p>
<lb/><p rend="right"><persName><choice><abbr>D</abbr><expan>David</expan></choice><choice><orig>Livingston</orig><reg>Livingstone</reg></choice></persName></p>
<lb/><p>The reason I have requested you to write the
<lb/>Directors is inability on my part &amp; I <choice><sic>dont</sic><corr>don't</corr></choice> wish
<lb/>them to hear from a less authentic source</p>

	<pb n="0004" facs="liv_000556_0004"><!--pb/@n='2v'--></pb>
	<ab>
<lb/><persName>Rev<hi rend="sup underline">d</hi><choice><abbr>R.</abbr><expan>Robert</expan></choice> Moffat</persName>
<lb/><placeName><settlement type="town">Kuruman</settlement></placeName></ab>
		
</div>
		</body>
	</text></TEI>