<?xml version="1.0" encoding="UTF-8"?>
<!--Converted from a TEI P5 XML file to the LEAP TEI P5 Schema by James Cummings on 2015-03-02-->
<?xml-model href="http://livingstoneonline.github.io/LEAP-ODD/leap.rng" type="application/xml" schematypens="http://relaxng.org/ns/structure/1.0"?>
<?xml-model href="http://livingstoneonline.github.io/LEAP-ODD/leap.rng" type="application/xml" schematypens="http://purl.oclc.org/dsdl/schematron"?>
<?xml-stylesheet type="text/xsl" href="http://livingstoneonline.github.io/LEAP-XSLT/transcription.xsl"?>
<TEI xmlns="http://www.tei-c.org/ns/1.0" xml:id="liv_000867">
	<teiHeader>
		<fileDesc>
			<titleStmt>
				<title>Letter to William Thompson</title>
				<author xml:id="DL">David Livingstone</author>
			</titleStmt>
			<publicationStmt>
				<authority>Livingstone Online</authority>
				<pubPlace>London, UK</pubPlace>
				<publisher>University College London</publisher>
				<date>2013</date>
				<idno type="LEAP-ID">liv_000867</idno>
			</publicationStmt>
			<sourceDesc>
				<bibl xml:id="shelfmark">School of Oriental and African Studies Library, University of London, London, UK, CWM/LMS, Livingstone Wooden Box-077 </bibl>
				<bibl xml:id="ccnumber">0385</bibl>
				<bibl xml:id="recipient">William Thompson</bibl>
				<bibl xml:id="date">13 September 1855</bibl>
				<bibl xml:id="where">Linyanti</bibl>
			</sourceDesc>
		</fileDesc>
		<profileDesc>
			<langUsage>
				<language ident="en">English</language>
			</langUsage>
			<langUsage>
				<language ident="und">Undetermined</language>
			</langUsage>
		</profileDesc>
		<revisionDesc>
			<change>
				<date>2013-08-19</date>
				<name xml:id="MW">Megan Ward</name>Initial transcription and XML encoding.
            
			</change>
			<change>
				<date>2013-12-04</date>
				<name xml:id="HFB">Heather F. Ball</name>Proofreading and additional encoding.
            
			</change>
		</revisionDesc>
	</teiHeader>

	<text>
		<body>
			<div>

	<pb n="0001" facs="liv_000867_0001"><!--pb/@n='1'--></pb>
<lb/><p rend="right"><placeName><settlement type="village">Linyanti</settlement></placeName><date when="1855-09-13">13<hi rend="sup underline">th</hi><choice><abbr>Sept<hi rend="sup underline">r</hi></abbr><expan>September</expan></choice>
<lb/><hi rend="underline">1855</hi></date></p>
<lb/><p rend="left">My Dear <persName>M<hi rend="sup">r</hi> Thompson</persName></p>
<lb/><p rend="center">We have had an unexpected
<lb/>opportunity of sending letters back to <placeName><country>Angola</country></placeName> but
<lb/>the time afforded has been so short I have sent
<lb/>a few notes only. This will follow the <term type="nationality">Arab</term>
<lb/>who left this morning and I hope will reach
<lb/>you some time or other and let you <add place="below">^</add><add place="above">know</add> I am
<lb/>not unmindful of my friends though
<lb/>separated from them by a precious big
<lb/>lump of this which the philosophers call
<lb/>"our <hi rend="underline">little</hi> planet"! I have scarcely had time
<lb/>to peruse my letters which we found had lain
<lb/>on an island in the <placeName><geogName type="river">Leeambye</geogName></placeName>, close to <placeName><geogName type="waterfall">falls
<lb/>of Mosioatunya</geogName></placeName> a whole year. Such a rush
<lb/>of thoughts and trembling emotions when
<lb/>I opened letters from my family you may
<lb/>imagine if you can, taking it into consideration
<lb/>that I have been without information for
<lb/>nearly three years. Thank God I had no
<lb/>reason to sorrow. I requested my friends
<lb/>to write to <placeName><settlement type="village">Loanda</settlement></placeName>, but though detained
<lb/>there for many mo<add place="below">^</add><add place="above">n</add>ths by sickness I never <!-- Adrian is this the proper way to code DL's addition in the middle of a word, or is there a better way? HB 12-5-13 -->
<lb/>got a line. And I suppose their respectful
<lb/>silence may be translated into a rebuke for
<lb/>imagining that I should ever reach that
<lb/>port. "You think more highly of yourself than
<lb/>you ought to think" Well I must try and

        

	<pb n="0002" facs="liv_000867_0002"><!--pb/@n='2'--></pb>
<lb/>and be thankful even for that.</p>
<lb/><p>I commence the descent of the river for
<lb/><placeName><settlement type="town">Quilimane</settlement></placeName> at the beginning of <date when="1855-10">October</date>. The
<lb/>path we have already opened up has many
<lb/>advantages. The <term type="nationality">Portuguese</term> post comes 3
<lb/>times a month to <placeName><settlement type="town">Cassange</settlement></placeName> 300 miles
<lb/>inland and goods are considerably cheaper
<lb/>than in the <placeName><settlement type="town">Cape Colony</settlement></placeName>. I mean, such as
<lb/>misssionaries require coffee, tea, sugar, cloths &amp;c
<lb/>Labour is extremely cheap in <placeName><country>Angola</country></placeName> &amp;
<lb/>anything manufactured by the natives is got
<lb/>for a trifle. I bought a pair of Wellingtons
<lb/>boots at <placeName><settlement type="town">Pungo Andongo</settlement></placeName> more than
<lb/>200 miles from the sea for five shillings
<lb/>and eighty pence <term type="nationality">English</term> money and
<lb/>that was exactly the price given to natives
<lb/>by a merchant of the place for <hi rend="underline">one</hi>
<lb/><hi rend="underline">pound</hi> of ivory. This is more than the
<lb/>slimmest <choice><sic>boer</sic><corr>Boer</corr></choice> would get in <placeName><settlement type="city">Cape town</settlement></placeName>
<lb/>The difference in prices was explained by
<lb/>the <term type="nationality">Americans</term> giving larger prices than the
<lb/><term type="nationality">English</term>. They have all the <placeName><settlement type="village">Loanda</settlement></placeName> trade
<lb/>in their hands. The advantage to the
<lb/>natives is, out of sight, greater than in
<lb/>the Colony  Take <placeName><settlement type="town">Cassange</settlement></placeName> and any
<lb/>spot 300 miles inland from the <placeName><region>Southern
<lb/>coasts of S. Africa</region></placeName> a native will get from
<lb/>five to seven times more in the <placeName><region>North</region></placeName>
<lb/>than in the <placeName><region>South</region></placeName>for his ivory. The

    

	<pb n="0003" facs="liv_000867_0003"><!--pb/@n='3'--></pb>
<lb/>trade of the <term type="nationality">Portuguese</term> might have been pushed
<lb/>much farther but as I saw the other day
<lb/>in a history of <placeName><country>Angola</country></placeName>. A law was made
<lb/>prohibiting white traders from going into
<lb/>the <placeName><region>Interior</region></placeName> because in almost every case
<lb/>in which war was necessary to punish
<lb/>the natives for the murder of white men
<lb/>investigation shewed that the white and
<lb/>not the black man was the aggressor.
<lb/>Black men "<foreign xml:lang="und">mão calçada</foreign>" might be sent
<lb/>with goods but no white man go
<lb/>himself under a severe penalty. And this
<lb/>law continued in force during successive
<lb/>governments. I think it is still in
<lb/>force for when I was coming through 
<lb/><placeName><settlement type="town">Cassange</settlement></placeName> lately the Commandant sent
<lb/>an order to all the traders <add place="below">^</add><add place="above">(about 40)</add> along the 
<lb/><placeName><geogName type="river">River Quango</geogName></placeName> &amp; other places in the
<lb/>vicinity to return to the village. and 
<lb/>on their refusal the matter was remitted
<lb/>to the <persName>Governor of Loanda</persName>. there is no
<lb/>restriction on trade except what is implied
<lb/>in the above. It goes on briskly from
<lb/>both coasts. <term type="nationality">Arabs</term> and <term type="nationality">Portuguese</term> are met
<lb/>with everywhere. The latter are like our <term type="tribe">Griquas</term>
<lb/>namely, half blood. and it is curious they
<lb/>have been found in the course of a few 
<lb/>generations to become black again. The
<lb/><term type="nationality">Portuguese</term> marry black women there

    

	<pb n="0004" facs="liv_000867_0004"><!--pb/@n='4'--></pb>
<lb/>being very few white ladies in the country.
<lb/>And unlike our immaculate <placeName><region>Transvaal</region></placeName>
<lb/>congregation never disown their children.
<lb/>I made enquiry and found one person only
<lb/>whose children might answer like "Topsy"
<lb/>"Never had any father nor nothing" Persons
<lb/>of colour of respectability sit at the tables 
<lb/>of the richest without as far as I could
<lb/>observe any distinction on account of
<lb/>race. And I met a canon of the church
<lb/>who was as black as caffre with short
<lb/>wooly hair, thick lips &amp; he is greatly 
<lb/>repsected and the gentleman with whom
<lb/>I was living had known him as 
<lb/>having acted with uniform propriety
<lb/>in his high office for 28 years. He
<lb/>had just returned from a accompanying
<lb/>the prime of <placeName><country>Congo</country></placeName> to <placeName><country>Portugal</country></placeName> and
<lb/>the King had decorated him with one
<lb/>of the orders of merit as a token of
<lb/>approbation. I found the <term type="nationality">Portuguese</term>
<lb/>exceedingly hospitable not to me alone
<lb/>but to all traders whom we met either
<lb/>going <del type="strikethrough">and</del><add place="above">or</add> returning. They are certainly

    

	<pb n="0005" facs="liv_000867_0005"><!--pb/@n='5'--></pb>
<lb/>equal in this respect to the <term type="nationality">Dutch</term> of
<lb/>former times and to their descendants
<lb/>of the present day as I found them in 
<lb/>the <placeName><region>Western districts</region></placeName>, not yet soured by
<lb/>the frequent visits of blackguard scoffing
<lb/><term type="nationality">Englishmen</term>. The black races in the vicintiy
<lb/>of the <term type="nationality">Portuguese</term> settlements are immeasurably
<lb/>worse than the <placeName><region>Southern</region></placeName> tribes <del type="cancelled">of</del><add place="above">among</add> which I 
<lb/>have had experience. From the <placeName><geogName type="river">Casai</geogName></placeName> to
<lb/>the <placeName><geogName type="river">orange River</geogName></placeName> I should say to every traveller
<lb/>or trader Behave like a gentleman and
<lb/>you will be treated as such. Play the monkey
<lb/>be impudent and try to cheat and you
<lb/>will get "monkey's allowance"- the greater
<lb/>wickeness of the tribes South of the <placeName><geogName type="river">Casai</geogName></placeName>
<lb/>admits of easy explanation, but you must
<lb/>be content with my assertions only, for the
<lb/>present. When I can find time I shall let
<lb/>you into it. Rest assured it has not been
<lb/>caused by the ruffian <persName><unclear cert="low">Zendelingo</unclear></persName> of the
<lb/>independants society. I was the first
<lb/>missionary they ever saw, and we were
<lb/>attacked four times by them. Plunder
<lb/>was their object, once <hi rend="underline">we beat them</hi> off
<lb/>by simply sitting and looking at them
<lb/>after telling them they must strike the first
<lb/>blow. They were well supplied with guns
<lb/>and sometimes presented them at us. Another
<lb/>tribe began by plundering the goods carried</p>
	<ab>
<lb/>a disjointed sentence in your note about being satisfied with our
<lb/>position in the church seems to point to something not right in my last 
<lb/>I <choice><sic>dont</sic><corr>don't</corr></choice> remember it. I certainly never intended aught but civility
    </ab>


	<pb n="0006" facs="liv_000867_0006"><!--pb/@n='6'--></pb>
<lb/><p>by those of our party in the rear, firing and
<lb/>shouting ensued when we went back to them
<lb/>and the chief being busy leading inexpertly
<lb/>found a revolver within a foot of his
<lb/><term type="bodypart">stomach</term>, and hostilities were quickly brought
<lb/>to a close without any one being hurt on
<lb/>either side. On several other occasions we
<lb/>were considerably bothered and it apeared
<lb/>as if we must fire, but in addition to a
<lb/>strong aversion to shedding human blood
<lb/>I had the school boy feeling of "strike your
<lb/>match" wonderfully strong. I wished if
<lb/>I must turn "<foreign xml:lang="und">sogés</foreign>" I had a parcel
<lb/>of <term type="nationality">Russians</term><hi rend="underline">or</hi><term type="nationality">Velschoons</term> in opposition <!-- Adrian, not sure how to code mutliple underlines; I am also unsure about Velschoons, but I thought it followed it was a nationality to match Russians in the sentence- let me know. HB 12-5-13 -->
<lb/>and not these poor ignorant savages.
<lb/>At present I firmly believe that we might
<lb/>go back without a tittle of the molestation we
<lb/>experienced, and two or three harmless
<lb/>visits would render the path as safe as
<lb/>a colonial one.. It is not likely I shall
<lb/>ever go <placeName><region>South</region></placeName> again except by Sea. My
<lb/>waggon stands as safe here as it would
<lb/>do in <persName>M<hi rend="sup">r</hi> Hoffmeyer</persName>'s garden. Nothing was
<lb/>touched during our two year absence
<lb/>It is simply useless except as a house
<lb/>Canoes are the means of conveyance
<lb/>The <placeName><geogName type="river">Leeambye</geogName></placeName> &amp; <placeName><geogName type="river">Chobe</geogName></placeName> rose unusually
<lb/>high this year and people went in
<lb/>canoes in nearly a straight line from 

    

	<pb n="0007" facs="liv_000867_0007"><!--pb/@n='7'--></pb>
<lb/><placeName><settlement type="village">Linyanti</settlement></placeName> to <placeName><settlement type="village">Lesheke</settlement></placeName>, about 130 miles.<add place="inline" hand="#U">[</add> I <choice><sic>dont</sic><corr>don't</corr></choice><!-- The bracket added in this line continues on the left margin for the rest of the paragraph. HB 12-5-13 -->
<lb/>know where we shall settle except that it
<lb/>must be to the North of this. The country is
<lb/>finer there. We never carried water but
<lb/>passed two or three good streams each
<lb/>day all the way to <placeName><settlement type="village">Loanda</settlement></placeName>. The natives
<lb/>are all armed with guns and swords and
<lb/>they have finished the game. The only fault
<lb/>of the new path is it admits of conveyance
<lb/>by human labours alone. The forests
<lb/>and boggy rivers present insumountable
<lb/>obstacles to <choice><orig>waggon</orig><reg>wagon</reg></choice>s. There is another path
<lb/>to the East coast which crosses at a certain
<lb/>point a <placeName><geogName type="lake">Lake (<choice><sic>Tanganyeñka</sic><corr>Tanganyika</corr></choice>)</geogName></placeName> 3 days broad
<lb/>From the information I possess it would
<lb/>be easier to go that than the way down
<lb/>the <placeName><geogName type="river">Zambesi</geogName></placeName> but like the path we have
<lb/>already opened it does not admit of
<lb/>waggons. Clearly then, the path of duty
<lb/>is that I leave the discovery of another
<lb/>Lake to somebody else, and try to
<lb/>get water carriage to the coast by going
<lb/>down the <placeName><geogName type="river">Leeambye</geogName></placeName><add place="inline" hand="#U">]</add></p>
<lb/><p><space dim="horizontal" extent="6" unit="chars"/>A glance at a paper of 153 shows
<lb/>that <add place="below">^</add><add place="above">it</add> is a believed the proper treatment of the
<lb/><term type="tribe">caffres</term> involves delivering over the whole
<lb/>of the <term type="tribe">Bechuanas</term> &amp; <term type="tribe">Griquas</term> to the power
<lb/>of the Boers beyond the <placeName><geogName type="river">Vaal River</geogName></placeName>. It is
<lb/>unfortunate for both parties and especially

    

	<pb n="0008" facs="liv_000867_0008"><!--pb/@n='8'--></pb>
<lb/>for the Boers, for if they were guilty of no
<lb/>fewer that eight <add place="above">during my residence in the country</add> murderous attacks on
<lb/>tribes which in no instance ever attacked
<lb/>them, while fearing the <term type="nationality">English</term><choice><abbr>Gov<hi rend="sup underline">t</hi></abbr><expan>Government</expan></choice>.
<lb/>irresonsibility may now lead them to
<lb/>greater degrees of guilt. I never saw
<lb/>or conversed with them without feeling
<lb/>the deepest commiserations and distressing
<lb/>sorrow. Poor old <persName><choice><sic>Potgerter</sic><corr>Potgieter</corr></choice></persName> and <persName>Pretorius</persName>
<lb/>are gone to the preserve of the all wise
<lb/>and merciful savior's I wish they
<lb/>had not forbid us to preach unto the
<lb/>gentiles that they might be saved</p>
<lb/><p>My companions, all <term type="tribe">Zambesians</term>,
<lb/>behaved remarkably well. The governor
<lb/>sent a present of a generals dress finely
<lb/>ornamented with gold lace, a sash
<lb/>cocked-hat &amp; sword, (A horse which
<lb/>died) and the merchant, two bales
<lb/>of different kinds of cloth, beads &amp;c &amp;c
<lb/>and two donkies. <hi rend="underline">They</hi> are not
<lb/>affected by the bite of tsetse. Preparations
<lb/>are making for returning with a great
<lb/>quantity of <unclear cert="medium">wory</unclear>. Your policy to the <term type="tribe">Bechuanas</term>


	<pb n="0009" facs="liv_000867_0009"><!--pb/@n='9'--></pb>
<lb/>and <term type="tribe">Griquas</term> shews minds englightened by the full jet
<lb/>of the oxyhydrogen light of <add place="below">^</add><add place="above">xt</add> modern civilization What
<lb/>a mercy it is the New consitution <choice><sic>wont</sic><corr>won't</corr></choice> get the 
<lb/>credit of meeting measures for effectually driving
<lb/>your northern trade into new channels! Will you
<lb/>get another pound of <unclear cert="medium">wory</unclear> from the North bank
<lb/>of the <placeName><geogName type="river">Chobe</geogName></placeName>. If any one thinks so he had better
<lb/>get some idea of the trade carried on by Merchant
<lb/><add place="inline">Eastern</add><term type="nationality">Portuguese</term> and <term type="nationality">Arabs</term> from both coasts and
<lb/>from parts which I need not mention. If
<lb/>I had my will I would prefer <term type="nationality">English</term> traders
<lb/>to the other because they unlike my <placeName><region>Transvaal</region></placeName>
<lb/>friends purchase no slaves. The <term type="nationality">Arabs</term> maintain 
<lb/><term type="nationality">Portuguese</term> and <term type="tribe">Mambari</term> purchase cheifly for 
<lb/>domestic purposes and in this respect resemble
<lb/>the marauders who carried off my school children
<lb/>But they never interfere with our trying to
<lb/>teach the way of Salvation. I shall never forget
<lb/>the rage into which poor old <persName><choice><sic>Potgerter</sic><corr>Potgieter</corr></choice></persName> got
<lb/>when in the mildest terms I told him if he
<lb/>prevented me from teaching the tribe <term type="tribe">Bahukeng</term> by
<lb/>means of old Paul the guilt would be his
<lb/>He stuttered and at last called <add place="below">^</add> to <add place="above">another</add><del type="strikethrough">^</del> answer me. The
<lb/>Lord preserve us from blood guiltiness. The
<lb/><term type="nationality">Arabs</term> pray in the morning. They say <persName>Jesus</persName> was
<lb/>a very good prophet but <persName>Mahomet</persName> was far
<lb/>greater &amp; better. They strike up great friendships
<lb/>with me wherever we meet, calling me father &amp;c
<lb/>and telling the people how much we hate the</p>
	<ab>
<lb/>(free trade)
    </ab>


	<pb n="0010" facs="liv_000867_0010"><!--pb/@n='10'--></pb>
<lb/><p>slave trade in which they are engaged. I am very well
<lb/>pleased to see you have lifted up your voice against
<lb/>certain iniquities. Though I have not yet read the
<lb/>pamphlets. onward my man. There are lots of
<lb/>good men and true in the <placeName><region>Colony</region></placeName> who sympathize
<lb/>with what is righteous and just. It is unfortunate
<lb/>that they have been often spoken of as one and the
<lb/>same with the worst portion of the <placeName><region>Transvaal</region></placeName> body
<lb/>The sentiments &amp; conduct are as different as those of
<lb/>the <term type="nationality">English</term> settlers in <placeName><country>Australia</country></placeName> are to the Ticket of leave
<lb/>gentry. With fond salutations to <persName>Captain Holmes</persName>
<lb/>and your family I am very affectionately yours</p>
<lb/><p rend="right"><persName>David <choice><orig>Livingston</orig><reg>Livingstone</reg></choice></persName></p>
	<ab rend="center">
<lb/><hi rend="underline">via <placeName><settlement type="town">St. Helena</settlement></placeName></hi>
<lb/><persName>Rev<hi rend="sup underline">d</hi> W<hi rend="sup">m</hi> Thompson</persName>
<lb/><placeName><settlement type="city">Cape Town</settlement></placeName>
<lb/><placeName><region>Cape of Good Hope</region></placeName></ab>
	<ab rend="center">
<lb/><add hand="#U">Forwarded by
<lb/><persName>E Gabriel</persName><choice><abbr>Esq</abbr><expan>Esquire</expan></choice>
<lb/><placeName><settlement type="village">Loanda</settlement></placeName></add></ab>

			
</div>
		</body>
	</text></TEI>