<?xml version="1.0" encoding="UTF-8"?>
<!--Converted from a TEI P5 XML file to the LEAP TEI P5 Schema by James Cummings on 2015-03-02-->
<?xml-model href="http://livingstoneonline.github.io/LEAP-ODD/leap.rng" type="application/xml" schematypens="http://relaxng.org/ns/structure/1.0"?>
<?xml-model href="http://livingstoneonline.github.io/LEAP-ODD/leap.rng" type="application/xml" schematypens="http://purl.oclc.org/dsdl/schematron"?>
<?xml-stylesheet type="text/xsl" href="http://livingstoneonline.github.io/LEAP-XSLT/transcription.xsl"?>
<TEI xmlns="http://www.tei-c.org/ns/1.0" xml:id="liv_000808">
	<teiHeader>
		<fileDesc>
			<titleStmt>
				<title>Letter to William Thompson</title>
				<author xml:id="DL">David Livingstone</author>
			</titleStmt>
			<publicationStmt>
				<authority>Livingstone Online</authority>
				<pubPlace>Portsmouth, UK</pubPlace>
				<publisher>University College London</publisher>
				<date>2012</date>
				<idno type="LEAP-ID">liv_000808</idno>
			</publicationStmt>
			<sourceDesc>
				<bibl xml:id="shelfmark">School of Oriental and African Studies Library, University of London, London, UK, MSS.10778, fol. 1-2 </bibl>
				<bibl xml:id="ccnumber">0328</bibl>
				<bibl xml:id="recipient">William Thompson</bibl>
				<bibl xml:id="date">11 October 1853</bibl>
				<bibl xml:id="where">Linyanti</bibl>
			</sourceDesc>
		</fileDesc>
		<profileDesc>
			<langUsage>
				<language ident="en">English</language>
			</langUsage>
		</profileDesc>
		<revisionDesc>
			<change>
				<date>2012-10-04</date>
				<name xml:id="DC">Danielle Cyphert</name>Initial transcription and XML encoding.
            
			</change>
			<change>
				<date>2012-07-27</date>
				<name xml:id="JM">Jared McDonald</name>Proofreading
            
			</change>
			<change>
				<date>2012-10-30</date>
				<name xml:id="HFB">Heather F. Ball</name> second XML editing.
            
			</change>
		</revisionDesc>
	</teiHeader>

	<text>
		<body>
			<div>

	<pb n="0001" facs="liv_000808_0001"><!--pb/@n='1r'--></pb>
<lb/><p rend="right"><date when="1853-10-11">11th October 1853</date><placeName><settlement type="village">Linyanti</settlement></placeName></p>
<lb/><p>My Dear Man</p>
<lb/><p>I sent you a few days ago a long letter per
<lb/>a <persName>M<hi rend="sup">r</hi> Francis Thompson</persName> who came up as far as the <placeName><geogName type="river">chobe</geogName></placeName> in
<lb/>company with a trader <persName>M<hi rend="sup">r</hi> Chapman</persName> and since I sent off the
<lb/>packet I find I have had time to transcribe the enclosed paper
<lb/>which I have taken the liberty to believe you will not object
<lb/>to read. It contains the marrow of a much longer one
<lb/>carefully written for the same destination but it was found
<lb/>on our way here and though it contains a much fuller
<lb/>view than this. Many points are now out of date and
<lb/>will be much more so before reaching <persName>Dr<unclear cert="high">Vaughan</unclear></persName>
<lb/>I had given up the idea of sending it at all, till the idea of an
<lb/>abbreviation struck my mind and now I fear that the
<lb/>haste evident in its composition &amp; writing will render it
<lb/>unfit for the pages of a review. Moreover I send it and
<lb/>my object in enclosing it to you is to request you to
<lb/>note any passages you may see to be out of date by the
<lb/>time you get it and signify the same to the <persName>D<hi rend="sup">r</hi></persName>. Is this
<lb/>too much to ask? Well, I shall not send you the next
<lb/>but will just tell you it is much better than this
<lb/>indeed if it were not my own child I would say it is a very
<lb/>good one. So good I may perhaps keep it to myself
<lb/>altogether. It is on missions. The privilege of being allowed
<lb/>to engage in them. Their future &amp;c &amp;c. I wrote it in the
<lb/>weary way across the desert and if it never does aught
<lb/>else it has comforted my own mind.</p>
<lb/><p>The second paper about which I told you and which
<lb/><persName>Mr Cameron</persName><del type="strikethrough">told you</del><add place="above">said</add> would be published will not trouble
<lb/>you. I meant it to be a continuation of the same subject
<lb/>believing the one would not be complete without the

<!-- There is an annotation perpendicular to the text in the lefthand margin here that is not in Livingstone's hand-->

	<pb n="0002" facs="liv_000808_0002"><!--pb/@n='1v'--></pb>
<lb/><choice><sic>the</sic><corr/></choice> other. This it seems is not admissable in a Review.
<lb/>Much of the article will be otherwise employed, and as doing 
<lb/>good was my object I am quite satisfied. I think I have
<lb/>the same object in the present article. It is a misfortune
<lb/>to be so far from proofsheets, one could make the composition
<lb/>so much more smooth and perhaps telling. If I ever send
<lb/>that I have by me at present it will be my last.</p>
<lb/><p>As I am on the subject of literature I may say you are a
<lb/>very fine Editor. The only letter of any pretensions on your
<lb/>report has "what is the <hi rend="underline">result</hi> of these <hi rend="underline">effects</hi>"? and about <choice><orig>½</orig><reg>1/2</reg></choice>
<lb/>a dozen "<choice><sic>addmitting's</sic><corr>admitting's</corr></choice>" spanned onto one <unclear cert="high">trektow</unclear> of a sentence
<lb/>like African oxen. You will shelter yourself by saying
<lb/>you promised to give the manuscripts to the printer. Ah very
<lb/>well.</p><p><space dim="horizontal" extent="4" unit="words"/><date when="1853-10-11">11th October 1853</date></p>
<lb/><p>[Your friend <persName>Anderson</persName> has reached the <placeName><geogName>Lake</geogName></placeName> This <!-- The opening bracket on this line and date in preceding line are written in either a different or later hand HB 10/30/12 -->
<lb/>will be a useful path for traders to this <placeName><geogName>Lake</geogName></placeName>. But all our
<lb/>southern coast <add place="below">^</add><add place="above"><choice><abbr>voy</abbr><expan>voyage</expan></choice> of <placeName><region><persName>Sebituane</persName>'s country</region></placeName></add> is infested by tsetse except one small
<lb/>strip and a better path than to <placeName><geogName type="feature">Walwich Bay</geogName></placeName> must
<lb/>be made I have lost eight oxen by my people allowing
<lb/>the cattle to wander once. I find the watch given me
<lb/>by the <choice><abbr>Geo.</abbr><expan cert="high">Geographical</expan><abbr>Soc.</abbr><expan>Society</expan></choice> an excellent one and have corrected
<lb/>several errors in Longitude by its means, but send
<lb/>my observations to <persName>M<hi rend="sup">r</hi><unclear cert="medium">Maclear</unclear></persName> for verification before
<lb/>publishing them. It is probable the <geogName>Lake</geogName> is wrong
<lb/>as we never attempted or could attempt to establish its
<lb/>Longitude. We never had watches worth anything
<lb/>you very kindly say you <unclear cert="medium">fear</unclear> for the result of my
<lb/>going in here alone. I hope I am in the way of duty
<lb/>my own connection that such is the case has never
<lb/>wavered. I am doing something for God. I have preached
<lb/>the gospel in many a spot where the name of <persName>Christ</persName>
<lb/>has never been heard, and would work still more
<lb/>in the way of reducing the <term type="tribe">Barotse</term> language if</p><!--There is an annotation perpendicular to text in lefthand margin that is not in Livingstone's hand-->

	<pb n="0003" facs="liv_000808_0003"><!--pb/@n='2r'--></pb>
<lb/><p>I had not suffered severely from <term type="ailment">fever</term>. Exhaustion produced
<lb/><term type="ailment">vertigo</term>, causing me if I looked suddenly up <del type="strikethrough">to</del> almost to lose
<lb/>consciousness. This made me give up some of my sedentary
<lb/>work. But I hope God will accept of what I can do. The
<lb/>temperature in the shade is about 100<!--Adrian, there's a symbol for degrees here.--><choice><abbr>Fahr.</abbr><expan>Fahrenheit</expan></choice> during the day &amp;
<lb/>often 90<!--Adrian, another symbol for degrees here.--> at 9 <choice><sic>oclock</sic><corr>o'clock</corr></choice> at night. But a merry heart doeth
<lb/>good like a medicine. If I allowed my mind to dwell
<lb/>constantly on the miserable degradation. Wicked men &amp;
<lb/>sad prospects of the people here I might become melancholy
<lb/>and soon die. But we have a fair world and all the
<lb/>wonderful works of our father in it and I believe we
<lb/>ought to allow our minds to dwell on the beautiful more
<lb/>than on the evil. I am never low spirited. It might be
<lb/>different if I had a crusty companion. I have experience
<lb/>in the matter. And my thoughts never <unclear cert="low">twin</unclear> with any
<lb/>longing except for my family. I think we are immortal
<lb/><choice><abbr>till</abbr><expan>until</expan></choice> our work is done not on this platform <add place="below">^</add><add place="above">only</add> but on the
<lb/><unclear cert="medium">pestileutial</unclear> plains of the glorious <unclear cert="low">Learn</unclear> bye.]</p>
<lb/><p>Remember me to <persName>Miss Thompson</persName> &amp; the young ones
<lb/>I think this goes by <placeName><geogName type="feature">Walwich Bay</geogName></placeName>. If the packet should
<lb/>reach you by this route, a small bag of seeds for
<lb/>the Botanic garden accompanies it. They were
<lb/>collected in the way here. I contemplate going to
<lb/><placeName><settlement type="town">Loanda</settlement></placeName> as soon as the rains begin. They moderate
<lb/>the temperature. The dry dust with which the winds
<lb/>are now loaded produces <term type="ailment">fever</term>. Your letters are miserably
<lb/>short.</p><p><space dim="horizontal" extent="4" unit="words"/>David <choice><orig>Livingston</orig><reg>Livingstone</reg></choice></p>
<lb/><p>In my other paper I give a hint to <persName>M<hi rend="sup">r</hi> John Pears</persName> or <persName>Pearson</persName>
<lb/>who wrote a letter in the British Banner. "A number of church
<lb/>members proceeding to the funeral of a friend in the vicinity of <placeName><settlement type="village">Cradock</settlement></placeName>
<lb/>observed the foot prints of <unclear>eight</unclear><term type="tribe">Bechuanas</term> who had travelled
<lb/>about 600 miles in search of employment a few years before
<lb/>and were now returning home with the fruits of their honest
<lb/>industry. After the funeral these christians armed themselves

<!--There is an annotation perpendicular to the text in top lefthand margin that is not in Livingstone's hand-->

	<pb n="0004" facs="liv_000808_0004"><!--pb/@n='2v'--></pb>
<lb/>and in the belief that these <term type="tribe">Bechuanas</term> were <term type="tribe">Caffres</term> followed their trail
<lb/>found them sitting quietly behind some bushes and shot down seven
<lb/>of them unchallenged &amp; unresisting. The <gap extent="3" unit="chars" agent="blotting"/> was taken prisoner &amp; it
<lb/>was then found they were peaceable labourers. This bloody affair
<lb/>was published in the Papers &amp; no more notice taken of it
<lb/>These Boers pass uncensured to the table of the Lord. They eat &amp;
<lb/>wipe their mouths &amp; say we have done no wickedness.
<lb/>Can the <persName>Rev<hi rend="sup">d</hi> John Pears</persName> give us any further information
<lb/>on this subject" We suppose these people were <term type="tribe">Bakwains</term><!-- Text interrupted by postal information; continues after break at bottom of page HB 10/30/12 -->
<lb/>many of them having gone to work in that direction
<lb/>and never returned. Their wives are still waiting for them
<lb/>this would have been out of date now.</p>
<lb/><p>I have left a page for your remarks in <persName>D<hi rend="sup">r</hi>
<lb/>Vaughan</persName>'s note. Although intended for colonists I
<lb/>cannot permit its publication in the colony. It is utterly
<lb/>useless to speak to them except through the pen of <placeName><bloc>Europe</bloc></placeName></p>
	<ab><!--This section of the letter is spread over two sides of the page-->
<lb/>The gentleman who takes
<lb/>this <persName>M<hi rend="sup">r</hi> Chapman</persName> goes
<lb/>this <placeName><geogName type="feature">Walwich Bay</geogName></placeName>
<lb/>and will deliver the
<lb/>letters to you without
<lb/>the expense of postage
<lb/>through the colony
<lb/>He has not been <w>success<supplied>-</supplied><lb break="no"/>ful</w> in trade - Various
<lb/>causes prevented
<lb/>The seeds will be delivered
<lb/>either to you or to the
<lb/>Botanic garden
<lb/>This is the <date when="1853-10-17">17<hi rend="sup underline">th</hi>October</date>
<lb/>rains made an attempt
<lb/>to begin last night
<lb/>Will you send <unclear cert="medium"><persName>Hoffmeyr</persName>'s</unclear>
<lb/>letter to my old lodgings
</ab>
<!--there is an annotation here that is not in Livingstone's hand-->
	<ab>
<lb/><persName>Rev<hi rend="sup underline">d</hi> Thompson</persName>
<lb/><placeName>Church Square</placeName>
<lb/><placeName><settlement type="town"><hi rend="underline">Cape Town</hi></settlement></placeName></ab>

			
</div>
		</body>
	</text></TEI>