<?xml version="1.0" encoding="UTF-8"?>
<!--Converted from a TEI P5 XML file to the LEAP TEI P5 Schema by James Cummings on 2015-03-02-->
<?xml-model href="http://livingstoneonline.github.io/LEAP-ODD/leap.rng" type="application/xml" schematypens="http://relaxng.org/ns/structure/1.0"?>
<?xml-model href="http://livingstoneonline.github.io/LEAP-ODD/leap.rng" type="application/xml" schematypens="http://purl.oclc.org/dsdl/schematron"?>
<?xml-stylesheet type="text/xsl" href="http://livingstoneonline.github.io/LEAP-XSLT/transcription.xsl"?>
<TEI xmlns="http://www.tei-c.org/ns/1.0" xml:id="liv_002079">
	<teiHeader>
		<fileDesc>
			<titleStmt>
				<title>Letter to Horace Waller</title>
				<author xml:id="DL">David Livingstone</author>
			</titleStmt>
			<publicationStmt>
				<authority>Livingstone Online</authority>
				<pubPlace>London, UK</pubPlace>
				<publisher>University College London</publisher>
				<date>2012</date>
				<idno type="LEAP-ID">liv_002079</idno>
			</publicationStmt>
			<sourceDesc>
				<bibl xml:id="shelfmark">Bodleian Library of Commonwealth and African Studies at Rhodes House, MSS.Afr.s.16/1, fol. 82-83</bibl>
				<bibl xml:id="ccnumber">1500</bibl>
				<bibl xml:id="recipient">Horace Waller</bibl>
				<bibl xml:id="date">1 October 1864</bibl>
				<bibl xml:id="where">Newstead Abbey</bibl>
			</sourceDesc>
		</fileDesc>
		<profileDesc>
			<langUsage>
				<language ident="en">English</language>
			</langUsage>
		</profileDesc>
		<revisionDesc>
			<change>
				<date>2011-12-29</date>
				<name xml:id="HFB">Heather F. Ball</name> initial transcription and XML encoding.
            
			</change>
			<change>
				<date>2012-01-08</date>
				<name xml:id="JM">Jared McDonald</name> proofreading.
            
			</change>
			<change>
				<date>2012-01-08</date>
				<name xml:id="AW">Adrian S. Wisnicki</name> editing.
            
			</change>
			<change>
				<date>2012-09-25</date>
				<name xml:id="HB">Heather F. Ball</name> second XML editing.
            
			</change>
		</revisionDesc>
	</teiHeader>

	<text>
		<body>
			<div>

	<pb n="0001" facs="liv_002079_0001"><!--pb/@n='82r'--></pb>
<lb/><p rend="right"><placeName>Newstead Abbey</placeName>
<lb/><placeName><settlement type="town">Mansfield, <choice><abbr>Notts.</abbr><expan>Nottinghamshire</expan></choice></settlement></placeName><!-- First two lines are type-written header for stationery HB 9/25/12 -->
<lb/><date when="1864-10-14">14 <choice><abbr>Oct<hi rend="sup underline">r</hi></abbr><expan>October</expan></choice> 1864</date></p>
<lb/><p>My Dear <persName>Waller</persName></p>
<lb/><p>I return the
<lb/>photographs &amp; lots of
<lb/>sympathy for your
<lb/>loss.- I told <persName>Miss
<lb/>Watson</persName> that I would
<lb/>ask you for the
<lb/>photos. of the black
<lb/>people - so they will
<lb/>go only from you
<lb/>I shall add again
<lb/>that they are from
<lb/><persName><choice><abbr>H.</abbr><expan>Horace</expan></choice> Waller</persName> so keep

        

	<pb n="0002" facs="liv_002079_0002"><!--pb/@n='82v'--></pb>
<lb/>up your heart - only
<lb/>a nice <term type="nationality">Scotch</term> girl
<lb/>like her cannot afford
<lb/>to <del type="strikethrough">a</del> stoop to a man
<lb/>who snores ingloriously
<lb/>while being robbed.
<lb/>I supposed you were
<lb/>snoring the tune
<lb/>"man wants but little
<lb/>here below, nor wants
<lb/>that little long." <w>aoor<supplied>-</supplied><lb break="no"/>rrrrghroooaooog</w>
<lb/>Well done my man
<lb/>Why <choice><sic>dont</sic><corr>don't</corr></choice> you take
<lb/><persName>Jessie <unclear cert="medium">Leunox</unclear></persName> to tak<supplied cert="high">e</supplied>
<lb/>care of you. When

        

	<pb n="0003" facs="liv_002079_0003"><!--pb/@n='83r'--></pb>
<lb/>we were robbed
<lb/>on <placeName><geogName type="lake">Lake Nyasa</geogName></placeName>
<lb/>We felt awfully
<lb/>foolish - I am rejoicing
<lb/>in the belief that
<lb/>you are feeling
<lb/>the same - ! <persName>Miss
<lb/><choice><abbr> L.</abbr><expan cert="medium">Leunoe</expan></choice></persName> is well - and

        

	<pb n="0004" facs="liv_002079_0004"><!--pb/@n='83v'--></pb>
<lb/><persName>Tozer</persName> by <persName>José Sunes</persName>
<lb/>Take it please at your
<lb/><choice><sic>leizure</sic><corr>leisure</corr></choice> to <unclear>mitre</unclear> court
<lb/>and ask if<add place="below">^</add><add place="above">they</add> paid it to
<lb/><persName>George Thornton</persName> then
<lb/>tell me in a note with
<lb/>that alone as the subject
<lb/>that's what I get by
<lb/>saving his brothers</p><!-- Bleedthrough from previous page's verso HB 9/25/12 -->
			
</div>
		</body>
	</text></TEI>