<?xml version="1.0" encoding="UTF-8"?>
<!--Converted from a TEI P5 XML file to the LEAP TEI P5 Schema by James Cummings on 2015-03-02-->
<?xml-model href="http://livingstoneonline.github.io/LEAP-ODD/leap.rng" type="application/xml" schematypens="http://relaxng.org/ns/structure/1.0"?>
<?xml-model href="http://livingstoneonline.github.io/LEAP-ODD/leap.rng" type="application/xml" schematypens="http://purl.oclc.org/dsdl/schematron"?>
<?xml-stylesheet type="text/xsl" href="http://livingstoneonline.github.io/LEAP-XSLT/transcription.xsl"?>
<TEI xmlns="http://www.tei-c.org/ns/1.0" xml:id="liv_001926">
	<teiHeader>
		<fileDesc>
			<titleStmt>
				<title>Letter to Horace Waller</title>
				<author xml:id="DL">David Livingstone</author>
			</titleStmt>
			<publicationStmt>
				<authority>Livingstone Online</authority>
				<pubPlace>London, UK</pubPlace>
				<publisher>University College London</publisher>
				<date>2012</date>
				<idno type="LEAP-ID">liv_001926</idno>
			</publicationStmt>
			<sourceDesc>
				<bibl xml:id="shelfmark">Bodleian Library of Commonwealth and African Studies at Rhodes House, MSS.Afr.s.16/1, fol. 34</bibl>
				<bibl xml:id="ccnumber">1357</bibl>
				<bibl xml:id="recipient">Horace Waller</bibl>
				<bibl xml:id="date">10 June 1863</bibl>
				<bibl xml:id="where">Cataracts</bibl>
			</sourceDesc>
		</fileDesc>
		<profileDesc>
			<langUsage>
				<language ident="en">English</language>
			</langUsage>
		</profileDesc>
		<revisionDesc>
			<change>
				<date>2011-12-02</date>
				<name xml:id="AJS">A.J. Schmitz</name> initial transcription and XML encoding.
            
			</change>
			<change>
				<date>2012-02-04</date>
				<name xml:id="JM">Jared McDonald</name> proofreading.
            
			</change>
			<change>
				<date>2012-02-04</date>
				<name xml:id="AW">Adrian S. Wisnicki</name> editing.
            
			</change>
			<change>
				<date>2012-09-25</date>
				<name xml:id="HFB">Heather F. Ball</name> second XML editing.
            
			</change>
		</revisionDesc>
	</teiHeader>

	<text>
		<body>
			<div>

	<pb n="0001" facs="liv_001926_0001"><!--pb/@n='34r'--></pb>
<lb/><p rend="center"><placeName><geogName type="feature">Cataracts</geogName></placeName><date when="1863-06-10">10<hi rend="sup underline">th</hi> June 1863</date></p>
<lb/><p>My Dear <persName><choice><abbr>HW</abbr><expan>Horace Waller</expan></choice></persName></p>
<lb/><p>As <persName>Enda Moshile</persName>'s 
<lb/>women are returning after convoying 
<lb/>their lord &amp; his <term type="ailment">leprosy</term> up here for 
<lb/>relief pray say that if you come 
<lb/>you will be welcome but if 
<lb/>you <choice><sic>dont</sic><corr>don't</corr></choice> know it without you 
<lb/>are a dull scholar.</p>
<lb/><p>A woman had gone over to 
<lb/>the other side, we suspect, to get 
<lb/>grain from old gardens, came 
<lb/>back last night with an <w>arrow<supplied>-</supplied><lb break="no"/>head</w> through the <term type="bodypart"><choice><sic>diaphram</sic><corr>diaphragm</corr></choice></term> &amp; 
<lb/><term type="bodypart">lungs</term> up to near the base of the 
<lb/><term type="bodypart">heart</term>. so your folks had better 
<lb/>be on the look out when they go 
<lb/>again.</p>
<lb/><p><persName>Seseho</persName> is not acting <choice><sic>dishonurably</sic><corr>dishonourably</corr></choice>
<lb/>in not going to hunt though I did 
<lb/>expect before I gave him <w>ammuni<supplied>-</supplied><lb break="no"/></w>tion that he would have gone ere 
<lb/>this. He told me that he was 
<lb/>occupied in hoeing, and that the 
<lb/>grass was too long to see the animals 
<lb/>I found out subsequently that 
<lb/>he is no shot and abandoned 
<lb/>the idea that we should get fresh 
<lb/>meat from him, consequently 
	<cb/>
<lb/><persName>Procter</persName> is better - We return a letter address <persName><hi rend="underline">Paoneer</hi></persName> to <persName>Blain</persName>

	<pb n="0002" facs="liv_001926_0002"><!--pb/@n='34v'--></pb>
<lb/>did not feel any of that annoyance 
<lb/>which you out of kindness to me 
<lb/>may have felt in thinking that I 
<lb/>had been shamefully "done" I offered 
<lb/>the same benefit to all but it was 
<lb/>declined on the plea of working in 
<lb/>their gardens and I told them very 
<lb/>pointedly that they were not to 
<lb/>abandon agriculture for the chase.</p>
<lb/><p>The musket (a new one) was 
<lb/>a debt of honour which need 
<lb/>not have been paid - <persName>Mororima</persName>'s 
<lb/>gun was dropped overboard at 
<lb/><placeName><settlement type="village">Kongone</settlement></placeName> &amp; that worthy chose to 
<lb/>blame <persName>Seseho</persName> for it. <persName>Mobita</persName> &amp; 
<lb/><persName>Seseho</persName> offered their cloths <add place="above">to him</add><add place="below">^</add> before me 
<lb/>to take off the blame. I said that 
<lb/>it was an accident and then we 
<lb/>returned to <placeName><settlement type="village">Lette</settlement></placeName> I would repair 
<lb/>the loss. After the party left us 
<lb/><persName>Mororima</persName> plagued <persName>Seseho</persName> till he 
<lb/>gave him <hi rend="underline">his</hi> gun - and this having 
<lb/>got broken we refused to repair 
<lb/>it because he had not trusted 
<lb/>my word, and I resolved to give 
<lb/>to <persName>Seseho</persName> the gun I had promised 
<lb/>to <persName>Mororima</persName> though none expected 
<lb/>it:  Here endeth the <term type="tribe">Molandu</term> &amp; 
<lb/>my paper</p>
<lb/><p rend="right"><persName><choice><abbr>D.L.</abbr><expan>David Livingstone</expan></choice></persName></p>
	<cb/>
<lb/><p>King is very low from prolonged haemorrhagic discharge
<lb/>can you lend us 2 bottles of port wine for him and 
<lb/><term type="medicament">Ammoniate of iron</term>? Kind words to all <space dim="horizontal" extent="1" unit="words"/><unclear cert="medium">to one</unclear></p>
			
</div>
		</body>
	</text></TEI>