<?xml version="1.0" encoding="UTF-8"?>
<!--Converted from a TEI P5 XML file to the LEAP TEI P5 Schema by James Cummings on 2015-03-02-->
<?xml-model href="http://livingstoneonline.github.io/LEAP-ODD/leap.rng" type="application/xml" schematypens="http://relaxng.org/ns/structure/1.0"?>
<?xml-model href="http://livingstoneonline.github.io/LEAP-ODD/leap.rng" type="application/xml" schematypens="http://purl.oclc.org/dsdl/schematron"?>
<?xml-stylesheet type="text/xsl" href="http://livingstoneonline.github.io/LEAP-XSLT/transcription.xsl"?>
<TEI xmlns="http://www.tei-c.org/ns/1.0" xml:id="liv_002088">
	<teiHeader>
		<fileDesc>
			<titleStmt>
				<title>Letter to Horace Waller</title>
				<author xml:id="DL">David Livingstone</author>
			</titleStmt>
			<publicationStmt>
				<authority>Livingstone Online</authority>
				<pubPlace>London, UK</pubPlace>
				<publisher>University College London</publisher>
				<date>2012</date>
				<idno type="LEAP-ID">liv_002088</idno>
			</publicationStmt>
			<sourceDesc>
				<bibl xml:id="shelfmark">Bodleian Library of Commonwealth and African Studies at Rhodes House, MSS.Afr.s.16/1, fol. 84-85 </bibl>
				<bibl xml:id="ccnumber">1509</bibl>
				<bibl xml:id="recipient">Horace Waller</bibl>
				<bibl xml:id="date">13 October 1864</bibl>
				<bibl xml:id="where">Newstead Abbey</bibl>
			</sourceDesc>
		</fileDesc>
		<profileDesc>
			<langUsage>
				<language ident="en">English</language>
			</langUsage>
		</profileDesc>
		<revisionDesc>
			<change>
				<date>2012-01-16</date>
				<name xml:id="HFB">Heather F. Ball</name>Initial transcription and XML encoding.
            
			</change>
			<change>
				<date>2012-09-24</date>
				<name xml:id="CL">AJ Schmitz</name>Proofreading
            
			</change>
			<change>
				<date>2012-09-24</date>
				<name xml:id="AW">Adrian S. Wisnicki</name>Additional encoding.
            
			</change>
			<change>
				<date>2012-10-02</date>
				<name>Heather F. Ball</name>Second XML editing.
            
			</change>
		</revisionDesc>
	</teiHeader>

	<text>
		<body>
			<div>

	<pb n="0001" facs="liv_002088_0001"><!--pb/@n='21r'--></pb>
<lb/><opener><dateline><date when="1864-10-13">13<hi rend="sup underline">th</hi><choice><abbr>Oct<hi rend="sup underline">r</hi></abbr><expan>October</expan></choice> 1864</date></dateline></opener>
<lb/><p>My Dear <persName>Waller</persName></p>
<lb/><p>Read the enclosed
<lb/>and you will be able
<lb/>to form an opinion
<lb/>on the accounts sent
<lb/>to me. the mules and
<lb/>one cart are ￡144.!
<lb/>shipping them to
<lb/><placeName><settlement type="village">Natal</settlement></placeName> &amp; <placeName><settlement type="village">Zambesi</settlement></placeName>
<lb/>￡21. &amp; ￡25- Keep 
<lb/>at <placeName><settlement type="village">Natal</settlement></placeName> ￡10- though
<lb/>I gave <persName>Sir George
<lb/>Grey</persName> power to send</p>
	<ab n="1">
<lb/>shooting experience - no end of rabbits - 
<lb/>partridges - pheasants - hares here but it
     </ab>
	<ab n="2"><lb/>could it be sent with a
<lb/>remark from you</ab>


	<pb n="0002" facs="liv_002088_0002"><!--pb/@n='84v'--></pb>
<lb/><p>the mission party &amp;
<lb/>goods by the <unclear cert="medium">H</unclear>etty Ellen <!-- Unsure if this is a personal name, or name of a ship?? HB 1/16/12 -->
<lb/>when she came to the
<lb/><placeName><region>Cape</region></placeName>. I had to pay
<lb/>￡354 - 7 - 6 by an
<lb/>agreement made by
<lb/><persName>Captain Wilson</persName> &amp; <persName>Rae</persName>
<lb/>at <placeName><country><choice><orig>Mosambique</orig><reg>Mozambique</reg></choice></country></placeName> for
<lb/>additional freight - 
<lb/>and I thought half of
<lb/>this might be paid
<lb/>by the mission but
<lb/>knowing that I had
<lb/>￡50 for mules to pay
<lb/>I did not send any
<lb/>account to the
<lb/><placeName><region>Cape</region></placeName> - the goods</p>
	<ab n="3">
<lb/>beastly to shoot when one has leave nay is
<lb/>even. invited to shoot. The pleasure of</ab>
	<ab n="4"><!-- This text belongs to the next page, so text will be transcribed there HB 10/2/12 --></ab>


	<pb n="0003" facs="liv_002088_0003"><!--pb/@n='85r'--></pb>
<lb/><p>given by <persName>Bishop
<lb/>Tozer</persName> might square
<lb/>the matter but I wish
<lb/>to deal fairly &amp;
<lb/>in a friendly way
<lb/>I think put it
<lb/>to themselves - but
<lb/>though saying "quits"
<lb/>would be the easier
<lb/>way. and. I guess
<lb/>it might be best
<lb/>for the mission
<lb/>I <choice><sic>dont</sic><corr>don't</corr></choice> know my
<lb/>men. I would prefer
<lb/>that they had the
<lb/>best of it for in my
<lb/>heart of hearts I wished
<lb/>them success</p>
	<cb/>
	<ab n="5">
<lb/>sinning is <unclear cert="low">awanting</unclear><unclear cert="low">Maulin</unclear> for the Photos.
<lb/>had you been of my party I should have tried
<lb/>to get a consulate for you. <signatures>David Livingstone</signatures></ab>


	<pb n="0004" facs="liv_002088_0004"><!--pb/@n='85v'--></pb>
<lb/><p>After reading &amp; you
<lb/>think it might send
<lb/>the enclosed on - I see
<lb/><persName>Steere</persName> puts in a note
<lb/>that the bales of calico
<lb/>for which I gave
<lb/>double what he sold
<lb/>others at <placeName>Senna</placeName> are <!-- Not sure if "senna" is a town/village, or another word or market, so prelim coded as place HB 1/16/12 -->
<lb/>very much below their
<lb/>real value - You may
<lb/>do me a good turn
<lb/>if you help them with
<lb/>your views as to what
<lb/>is right. I never intended
<lb/>to take anything but the
<lb/>bills sent set up my
<lb/>back. Thanks for the
<lb/>note for the other affair
<lb/>I wrote a note last
<lb/>night with my Rabbit</p>
			
</div>
		</body>
	</text></TEI>