<?xml version="1.0" encoding="UTF-8"?>
<!--Converted from a TEI P5 XML file to the LEAP TEI P5 Schema by James Cummings on 2015-03-02-->
<?xml-model href="http://livingstoneonline.github.io/LEAP-ODD/leap.rng" type="application/xml" schematypens="http://relaxng.org/ns/structure/1.0"?>
<?xml-model href="http://livingstoneonline.github.io/LEAP-ODD/leap.rng" type="application/xml" schematypens="http://purl.oclc.org/dsdl/schematron"?>
<?xml-stylesheet type="text/xsl" href="http://livingstoneonline.github.io/LEAP-XSLT/transcription.xsl"?>
<TEI xmlns="http://www.tei-c.org/ns/1.0" xml:id="liv_000500">
	<teiHeader>
		<fileDesc>
			<titleStmt>
				<title>Letter to Joseph J. Freeman</title>
				<author xml:id="DL">David Livingstone</author>
			</titleStmt>
			<publicationStmt>
				<authority>Livingstone Online</authority>
				<pubPlace>London, UK</pubPlace>
				<publisher>University College London</publisher>
				<date>2012</date>
				<idno type="LEAP-ID">liv_000500</idno>
			</publicationStmt>
			<sourceDesc>
				<bibl xml:id="shelfmark">School of Oriental and African Studies Library, <!-- CWM/LMS, Livingstone Wooden Box-017 -->, fol. 1-2 </bibl>
				<bibl xml:id="ccnumber">0045</bibl>
				<bibl xml:id="recipient">Joseph J. Freeman</bibl>
				<bibl xml:id="date">22 December 1841</bibl>
				<bibl xml:id="where">Kuruman</bibl>
			</sourceDesc>
		</fileDesc>
		<profileDesc>
			<langUsage>
				<language ident="en">English</language>
			</langUsage>
		</profileDesc>
		<revisionDesc>
			<change>
				<date>2012-03-17</date>
				<name xml:id="AJS">AJ Schmitz</name>Initial transcription and XML encoding.
            
			</change>
			<change>
				<date>2012-09-11</date>
				<name xml:id="MS">Matthew Stumpf</name>Proofreading
            
			</change>
			<change>
				<date>2012-10-09</date>
				<name xml:id="HFB">Heather F. Ball</name> XML editing.
            
			</change>
		</revisionDesc>
	</teiHeader>

	<text>
		<body>
			<div>

	<pb n="0001" facs="liv_000500_0001"><!--pb/@n='1'--></pb>
<lb/><p rend="right"><placeName><settlement type="village">Kuruman</settlement></placeName><date when="1841-12-22">22<hi rend="sup">d</hi> Dec<hi rend="sup">r</hi> 1841</date></p>
<lb/><p rend="left">Dear Sir</p>
<lb/><p><space dim="horizontal" extent="9" unit="chars"/>There is one measure connected with missionary operations 
<lb/><choice><abbr>viz.</abbr><expan cert="high">videlicet</expan></choice> the employment of native agancy in the work of evangelizing the 
<lb/>heathen, to which although in my last communication I did not 
<lb/>very pointedly advert. I have been most anxious to call the 
<lb/>attention of the Directors.<space dim="horizontal" extent="7" unit="chars"/> Formerly when viewing the 
<lb/>Heathen would at a distance the measure appeared one of 
<lb/>great importance and I resolved to give it earliest 
<lb/>attention. But now when I have come into close contact 
<lb/>with it, and beheld a little of that vast extent of surface 
<lb/>over which the population is scattered in the regions before me 
<lb/>I powerfully feel its special, nay, overwhelming importance. 
<lb/>Having lately in company with Rev<hi rend="sup">d</hi><persName>R. Edwards</persName> of this mission 
<lb/>performed a journey (in going &amp; returning) of about 700 miles in 
<lb/>length, the tract of country we saw seemed to me of immense 
<lb/>extent, but when I look to the map it is a mere iota compared 
<lb/>to what is yet to be possessed by the missionaries of the cross. 
<lb/>But although the territory is larger than can be imagined by 
<lb/>any one who has not seen a little of it, and though the 
<lb/>tribes are situated at very formidable distances from each 
<lb/>other, I see no cause for discouragement. And if at any 
<lb/>time the prospects of success assume any other than a 
<lb/>bright and cheering aspect it is when I have out of 
<lb/>view the machinery of native agency put into vigorous 
<lb/>operation -- </p>
<lb/><p>In stating to the Directors my conviction that in this 
<lb/>country this means of evangelization is specially indicated 
<lb/>I need scarcely advert to the great efficiency of this class 
<lb/>of laborers. Of their warm affectionate manner of dealing 
<lb/>with their fellow countrymen - Of their capability to bring 
<lb/>the truth itself before the mind entirely divested of that 
<lb/>peculiar strangeness which cleaves to foreigners - And of the 
<lb/>very eminent <add place="above">success</add><add place="below">^</add> of those employed by the <choice><orig>bretheren</orig><reg>brethren</reg></choice> of 
<lb/><placeName><settlement type="village">Griqua Town</settlement></placeName> I am persuaded they are already well 
<lb/>aware - Their success is most encouraging, and no less 
<lb/>so are the results which have followed the comparatively recent 
<lb/>employment of two by this mission. Indeed I have no 
<lb/>hesitation in affirming that during the short period <del type="cancelled">of</del>
<lb/>since they have been employed, these two have been as</p>

	<pb n="0002" facs="liv_000500_0002"><!--pb/@n='2'--></pb>
<lb/><p>efficient in propagating both a knowledge &amp; love of Christianity as 
<lb/>could have been anticipated by even the warmest admirers 
<lb/>of native agents.<space dim="horizontal" extent="5" unit="chars"/> In their hands the work still goes on 
<lb/>well, and every now &amp; then our hearts are cheered by goodly 
<lb/>accessions to the church of such as we hope that they are 
<lb/>the "saved in <persName>Christ Jesus</persName>"- And if the measure is allowed free 
<lb/>operation, if we are allowed by the Directors to employ a few 
<lb/>more who in the judgement of the <choice><orig>bretheren</orig><reg>brethren</reg></choice> are fit for the work, 
<lb/>we may anticipate conversions by the Divine blessing to 
<lb/>increase in a compound ratio, &amp; regions not yet explored 
<lb/>by Europeans will soon be supplied with the bread of life</p>
<lb/><p>I do most earnestly beg the sanctions of the Direction for 
<lb/>the employment of a few who are both able &amp; willing to devote 
<lb/>their attention to this work. And in this request I have 
<lb/>the full concurrence of these <choice><orig>bretheren</orig><reg>brethren</reg></choice> on whose long 
<lb/>experience greater confidence can be placed. I may 
<lb/>also state <del type="cancelled">that</del> as a <choice><sic>garauntee</sic><corr>guarantee</corr></choice> for the purity of the 
<lb/>motives of those who are willing to devote themselves that £10
<lb/>is by no means sufficient to support a native of this country 
<lb/>It is consequently at a sacrifice they engage in the work of 
<lb/>the Lord -- </p>
<lb/><p>With respect to the points at which operations could at 
<lb/>present be most advantageously put in operation both the 
<lb/>candidates and missionaries who know the country have 
<lb/>but one opinion, and that is, that the tribes 250 miles 
<lb/>northward <del type="strikethrough">than</del> are in a much more favourable state 
<lb/>for our object than those in the surrounding localities 
<lb/>The adjoining tribes amongst which no regular systematic 
<lb/>operations have been carried on, are decidedly hostile to the 
<lb/>gospel. They treat missionaries with respect, but at the 
<lb/>same time manifest very great opposition to the doctrines we 
<lb/>teach. And with scarcely one of them would a native teacher 
<lb/>be allowed to live - I state this with diffidence because 
<lb/>it is at direct variance with the opinions expressed in 
<lb/>my written instructions yet at the same time I indulge the 
<lb/>hope that when I state that the very opposite of a great 
<lb/>desire for religious instruction prevails, my change of 
<lb/>sentiment will not be ascribed to insufficient <w>consider<supplied>-</supplied><lb break="no"/>-ation</w>, for conviction has been forced upon me by 
<lb/>proofs of which, had it been possible, both my prejudices</p>

	<pb n="0003" facs="liv_000500_0003"><!--pb/@n='3'--></pb>
<lb/><p>and <del type="cancelled">inclination</del> expectations should have induced me gladly to have 
<lb/>revisited the pressure -- </p>
<lb/><p>The tribes within 100 miles North &amp; North East of this are all <w>parti- 
<lb break="no"/>-ally</w> acquainted with the requirements of the gospel but manifest 
<lb/>the greatest hatred to them, and this is just what our knowledge 
<lb/>of the human heart would lead us to expect. The same depravity 
<lb/>exists <choice><sic>every where</sic><corr>everyhere</corr></choice> and this although to christians it may seem 
<lb/>but the bare <unclear cert="medium">enuntiation</unclear> of a self evident truth, ought to stand 
<lb/>out prominently alongside the expectations of every young 
<lb/>missionary.<space dim="horizontal" extent="6" unit="chars"/> Those tribes however which be at a greater 
<lb/>distance say 250 &amp; 300 miles Northward are in quite a <w>diff-
<lb break="no"/>-erent</w> condition. They know nothing of the gospel &amp; consequently 
<lb/>form neither a good nor bad opinion of it. They know nothing 
<lb/>more of missionaries than that they are a friendly race of whites 
<lb/>who love all men. And in many respects we occupy the same 
<lb/>position with respect to them as some of our missionaries 
<lb/>have with the <placeName><region>South Sea</region></placeName> Islanders.<space dim="horizontal" extent="4" unit="chars"/>There exists a strong 
<lb/>impression in favour of Europeans. Strongest among 
<lb/>those not previously visited by missionaries, traders &amp;c. but only 
<lb/>in a minor degree in the tribes nearer;<space dim="horizontal" extent="5" unit="chars"/> To account for 
<lb/>this phenomenon, it is only neccessary to remember the te<gap extent="4" unit="chars" agent="tear"/>
<lb/>scourging to which nearly all the <placeName><region>Interior</region></placeName> tribes have been <gap extent="4" unit="chars" agent="tear"/>
<lb/>in recent years subjected. They have experienced the crueltie<gap extent="1" unit="chars" agent="tear"/><supplied cert="high">s</supplied>
<lb/>of the, to the <term type="tribe">Bechuana</term>, invincible marauders who <choice><sic>overan</sic><corr>overran</corr></choice>
<lb/>the whole country and they have all heard of their successive 
<lb/>repulses by mere handful of whites, and now the most 
<lb/>distant are most anxious to secure the friendship of Europeans 
<lb/>The last marauder the notorious <persName>Mosilekatse</persName> although obliged 
<lb/>by the <choice><orig>Boors</orig><reg>Boers</reg></choice> to retire to the Eastern extremity of a lake in the 
<lb/><placeName><region>Interior</region></placeName> has recently recommenced plundering and the whole 
<lb/>country is in a state of alarm. Those who dread him 
<lb/>most have the greatest anxiety to obtain alliance with 
<lb/>Europeans and this feeling will induce them to receive 
<lb/>either missionaries or teachers gladly; Now if we can 
<lb/>while this impression lasts confer on them a decided benifit 
<lb/>we may hope it will continue. But if we allow this 
<lb/>opportunity to pass unimproved it appears to me the time is 
<lb/>not far distant when the <placeName><region>Interior</region></placeName> tribes will be in the same 
<lb/>state of indifference &amp; opposition to those nearer. Injurious 
<lb/>influences are now in operation to effect this. The <choice><orig>Boors</orig><reg>Boers</reg></choice>
<lb/>of <placeName><settlement type="town">Port Matal</settlement></placeName> have advanced right into the center of the continent 
<lb/>&amp; seized most of the country &amp; the best of the fountains toward</p>

	<pb n="0004" facs="liv_000500_0004"><!--pb/@n='4'--></pb>
<lb/><p>the North East. These on the one hand, and from this direction, traders <term type="tribe">Griqua</term>
<lb/>hunters &amp; individuals from the tribes which hate the gospel are every year passing 
<lb/>in with more freedom and in many instances they prove curses 
<lb/>instead of blessings (a <term type="tribe">Griqua</term> has during this present year to my knowledge 
<lb/>communicated the <term type="ailment">venereal disease</term> to three tribes amongst whom it was 
<lb/>unknown before. One of these has been visited by missionaries but the 
<lb/>other two have received one of the worst accompaniments of civilization 
<lb/>before the missionaries came to give any of its blessings. This <term type="tribe">Griqua</term>
<lb/>does not belong to any mission station).</p>
<lb/><p>May I beg an early intimation empowering us to make an effort 
<lb/>immediately in behalf of the post ignorant heathen in the <placeName><region>Interior</region></placeName><!-- Text interrupted by postal information; continues after break at bottom of page HB 10/9/12 -->
<lb/>if it is accordance with the intentions of the Directors to form a new 
<lb/>mission in the <placeName><region>Interior</region></placeName>. I beg leave to call their attention to 
<lb/>a tribe called the <term type="tribe">Bakhatla</term> the location of which is the best I 
<lb/>have seen in the <placeName><region>Interior</region></placeName>. A large valley with a fountain about 
<lb/>equal to this at <placeName><settlement type="village">Kuruman</settlement></placeName> &amp; much more land which by reason of 
<lb/>the great <gap extent="2" unit="chars" agent="blotting"/>ight of the point from which the water comes out, could 
<lb/>be irrigated without any expense. Abundance of pasture for 
<lb/>cattle with several other fountains at no great distance and a 
<lb/>manufacture of iron from ore found in abundance in the 
<lb/>adjoining mountains constitute the local attachments. Being a 
<lb/>valley however it may be exposed to viscissitudes of temperature, <w>unfav<supplied>-</supplied><lb break="no"/>-ourable to health</w>, but it does not contain anything like the amount 
<lb/>of decaying vegetable <choice><abbr>K.</abbr><expan><placeName><settlement type="village">Kuruman</settlement></placeName></expan></choice> valley does &amp; yet this is a healthy spot. I shall 
<lb/>in my next furnish fuller information on this topic</p>
<lb/><p rend="right"><persName>David <choice><orig>Livingston</orig><reg>Livingstone</reg></choice></persName></p>
	<ab/>
<lb/><p rend="center">Care of Rev<hi rend="sup underline">d</hi><persName>D<hi rend="sup">r</hi> Phillip</persName><placeName><settlement type="town">Cape Town</settlement></placeName></p>
<lb/><p rend="center">Rev<hi rend="sup">d</hi><persName>J.J. Freeman</persName></p>
<lb/><p rend="right">Mission House</p>
<lb/><p rend="right">Bloomfield <choice><abbr>St.</abbr><expan>Street</expan></choice></p>
<lb/><p rend="right"><hi rend="underline">single sheet</hi><space dim="horizontal" extent="12" unit="chars"/><placeName><settlement type="city"><hi rend="underline">London</hi></settlement></placeName></p>
	<ab/>
<lb/><p><placeName><settlement type="village">Kuruman</settlement></placeName><date when="1841-12-22">Dec 22, 1841</date>.</p>
<lb/><p rend="right"><persName><choice><abbr>D.</abbr><expan>David</expan></choice> Livingstone</persName></p>
			
</div>
		</body>
	</text></TEI>