<?xml version="1.0" encoding="UTF-8"?>
<!--Converted from a TEI P5 XML file to the LEAP TEI P5 Schema by James Cummings on 2015-03-02-->
<?xml-model href="http://livingstoneonline.github.io/LEAP-ODD/leap.rng" type="application/xml" schematypens="http://relaxng.org/ns/structure/1.0"?>
<?xml-model href="http://livingstoneonline.github.io/LEAP-ODD/leap.rng" type="application/xml" schematypens="http://purl.oclc.org/dsdl/schematron"?>
<?xml-stylesheet type="text/xsl" href="http://livingstoneonline.github.io/LEAP-XSLT/transcription.xsl"?>
<TEI xmlns="http://www.tei-c.org/ns/1.0" xml:id="liv_001909">
	<teiHeader>
		<fileDesc>
			<titleStmt>
				<title>Letter to Horace Waller</title>
				<author xml:id="DL">David Livingstone</author>
			</titleStmt>
			<publicationStmt>
				<authority>Livingstone Online</authority>
				<pubPlace>London, UK</pubPlace>
				<publisher>University College London</publisher>
				<date>2012</date>
				<idno type="LEAP-ID">liv_001909</idno>
			</publicationStmt>
			<sourceDesc>
				<bibl xml:id="shelfmark">Bodleian Library of Commonwealth and African Studies at Rhodes House, MSS.Afr.s.16/1, fol. 21-26</bibl>
				<bibl xml:id="ccnumber">1342</bibl>
				<bibl xml:id="recipient">Horace Waller</bibl>
				<bibl xml:id="date">28 April 1863</bibl>
				<bibl xml:id="where">[Murchison's Cataracts]</bibl>
			</sourceDesc>
		</fileDesc>
		<profileDesc>
			<langUsage>
				<language ident="en">English</language>
			</langUsage>
		</profileDesc>
		<revisionDesc>
			<change>
				<date>2011-12-01</date>
				<name xml:id="AJS">A.J. Schmitz</name> initial transcription and XML encoding.
            
			</change>
			<change>
				<date>2012-01-04</date>
				<name xml:id="HFB">Heather F. Ball</name> proofreading.
            
			</change>
			<change>
				<date>2012-01-04</date>
				<name xml:id="AW">Adrian S. Wisnicki</name> editing.
            
			</change>
			<change>
				<date>2012-09-18</date>
				<name>Heather F. Ball</name> editing.
            
			</change>
		</revisionDesc>
	</teiHeader>

	<text>
		<body>
			<div>

	<pb n="0001" facs="liv_001909_0001"><!--pb/@n='21r'--></pb>
<lb/><p rend="right"><date when="1863-04-28">28<hi rend="sup underline">th</hi> April 1863</date></p>
<lb/><p>My Dear <persName>Waller</persName></p>
<lb/><p><persName>D<hi rend="sup underline">r</hi> Mells</persName> very
<lb/>willingly volunteered 
<lb/>to run down &amp; see 
<lb/><persName>Procter</persName>, and I hope 
<lb/>your mind will 
<lb/>be relieved somewhat 
<lb/>by his Presence and 
<lb/><persName>Procter</persName> by his advice. 
<lb/>More who are 
<lb/>going are <persName>D<hi rend="sup underline">r</hi> Kirk</persName>
<lb/><persName>M<hi rend="sup underline">s</hi> C. Livingstone</persName>
<lb/><persName>Magrath</persName> - <persName>Pearce</persName>
<lb/><persName>Saunders</persName> - <persName>Newell</persName>


	<pb n="0002" facs="liv_001909_0002"><!--pb/@n='21v'--></pb>
<lb/><persName>Wilson</persName>. <persName>Ali</persName> &amp; <persName>Mabruck</persName>
<lb/>my brother &amp; <persName>D<hi rend="sup underline">r</hi>  Kirk</persName>
<lb/>will take all their luggage 
<lb/>with them.  The canoe 
<lb/>for which I thank 
<lb/>you heartily, the big
<lb/>green boat and 
<lb/><persName>M<hi rend="sup underline">s</hi> Thornton</persName>'s - I 
<lb/>wish the boats to 
<lb/>be brought up at 
<lb/>once with anything 
<lb/><persName>Jose Nunes</persName> may 
<lb/>have purchased - but 
<lb/>it must be by 
<lb/><term type="tribe">Shupanga</term> people 
<lb/>If we can get the 
<lb/>men we had to 

     

	<pb n="0003" facs="liv_001909_0003"><!--pb/@n='22r'--></pb>
<lb/><placeName><settlement type="city">Johanna</settlement></placeName> &amp; <placeName><settlement type="village">Rovuma</settlement></placeName>
<lb/>they are a good rowing 
<lb/>and <choice><sic>poleing</sic><corr>poling</corr></choice> crew 
<lb/>but this we <choice><sic>dont</sic><corr>don't</corr></choice>
<lb/>make sure of. I 
<lb/>have requested <persName>D<hi rend="sup underline">r</hi>
<lb/>Kirk</persName> to engage ten 
<lb/><term type="tribe">Shupanga</term> men to 
<lb/>allow those we 
<lb/>have to retire - two 
<lb/>of them wished to 
<lb/>go today and brought 
<lb/>all the others to say 
<lb/>they would go too 
<lb/>I have no objection 
<lb/>to them going but 
<lb/>they must give me <!-- Bleedthrough of "served" from verso side of same page HB 9/18/12 -->

	<pb n="0004" facs="liv_001909_0004"><!--pb/@n='22v'--></pb>
<lb/>timely warning. <persName>Fennel</persName>
<lb/>wishes to go also - 
<lb/>and <persName>Meller</persName> would fain 
<lb/>join the stampede by 
<lb/>ignoring seven months 
<lb/>absence from service 
<lb/>I take - this ill as 
<lb/>it takes me aback 
<lb/>while had I been 
<lb/>forewarned I should 
<lb/>have had all in 
<lb/>train. We will go 
<lb/>by July. I am
<lb/>sorry to part with 
<lb/>my brother &amp; <persName>Kirk</persName>
<lb/>but they have 
<lb/>honourably served 

     

	<pb n="0005" facs="liv_001909_0005"><!--pb/@n='23r'--></pb>
<lb/>their time and more 
<lb/>But I am not down 
<lb/>hearted I feel rather 
<lb/>lightened because 
<lb/>most of the money 
<lb/>spent on this Expedition
<lb/>has not been on 
<lb/>the objects primarily 
<lb/>in view but in 
<lb/>birds beetle &amp; 
<lb/>pebbles.  The Great 
<lb/>Scientific men 
<lb/>crowded around 
<lb/>me when it was 
<lb/>known I was 
<lb/>going out and every 
<lb/>one had his claim 

     

	<pb n="0006" facs="liv_001909_0006"><!--pb/@n='23v'--></pb>
<lb/>for a man in his 
<lb/>speciality. I yielded 
<lb/>and in order to 
<lb/>give each an opportunity 
<lb/>of distinguishing him 
<lb/>self allowed all 
<lb/>his collections to go 
<lb/>home in his own 
<lb/>name and in his 
<lb/>own change. We shall 
<lb/>see if this leads to 
<lb/>the mineral and 
<lb/>vegetable wealth <!-- End of "vegetable" looks garbled- possibly s/r at end? Not sure at all, but wanted to make note of it HB 1/4/12 -->
<lb/>being made better 
<lb/>known. Henceforth 
<lb/>I am at my own 
<lb/>proper work and 

     

	<pb n="0007" facs="liv_001909_0007"><!--pb/@n='24r'--></pb>
<lb/>looking around on 
<lb/>this devastated valley 
<lb/>I feel with <persName>Lord 
<lb/>Palmerson</persName> that the 
<lb/>slave trade must be 
<lb/>put down before 
<lb/>lawful commerce 
<lb/>can succeed.</p>
<lb/><p>Our first load 
<lb/>will be our black 
<lb/>whaler and I shall 
<lb/>try and make our 
<lb/>selves independent 
<lb/>of the <placeName><region>South</region></placeName> for <!-- Did I code "South" properly? HB 1/4/12 -->
<lb/>fresh provisions 
<lb/>&amp; native food. 
<lb/>I have proposed 
<lb/>to <persName>Galdino</persName> to have 

     

	<pb n="0008" facs="liv_001909_0008"><!--pb/@n='24v'--></pb>
<lb/><persName>Jaõ</persName> of <term type="tribe">Shupanga</term> bring 
<lb/>up our man of war 
<lb/>stores if <persName>Lito</persName> declines 
<lb/>I mentioned <persName>Clarke</persName>'s
<lb/>case to the captain 
<lb/>who may call &amp; said 
<lb/>his expenses would 
<lb/>be borne by the bishop</p>
<lb/><p>Thanks for the 
<lb/>Brandy &amp; gin.  I 
<lb/>enclose your note 
<lb/>for ￡8. <space dim="horizontal" extent="1" unit="words"/>￡5 will 
<lb/>do at present - give 
<lb/>it to <persName>D<hi rend="sup underline">r</hi>  Kirk</persName> - 
<lb/>I am concerned 
<lb/>for <persName>Procter</persName> but 
<lb/><persName>Meller</persName> will direct 

     

	<pb n="0009" facs="liv_001909_0009"><!--pb/@n='25r'--></pb>
<lb/>you - If his tongue 
<lb/>has brown fur on 
<lb/>it I would without 
<lb/>hesitation give 
<lb/><choice><orig>½</orig><reg>1/2</reg></choice><unclear cert="medium">chachin</unclear> doses 
<lb/>of <term type="medicament">calomel</term>. the 
<lb/>others here who are 
<lb/>better acquainted 
<lb/>with the treatment 
<lb/>that ought to be 
<lb/>pursued would 
<lb/>probably not agree 
<lb/>in this.  We have 
<lb/>had no discussion 
<lb/>on the point but 
<lb/>I have found them 
<lb/>efficaceous very 

     

	<pb n="0010" facs="liv_001909_0010"><!--pb/@n='25v'--></pb>
<lb/>I sympathize in 
<lb/>your difficulties 
<lb/>but what are they 
<lb/>for but to be 
<lb/>surmounted - a 
<lb/>grey ox took a sulky 
<lb/>fit and behaved 
<lb/>like a perfect 
<lb/>heathen on our 
<lb/>way home when 
<lb/>we were just coming 
<lb/>in in triumph. 
<lb/>all four legs straight 
<lb/>out hold back all 
<lb/>the others &amp; ploughing 

     

	<pb n="0011" facs="liv_001909_0011"><!--pb/@n='26r'--></pb>
<lb/>the ground with his 
<lb/>toes - left him in 
<lb/>the yoke alone &amp; then 
<lb/>of course he had 
<lb/>to try &amp; bring the 
<lb/><choice><orig>waggon</orig><reg>wagon</reg></choice> himself 
<lb/>I pray that we 
<lb/>may be directed 
<lb/>to strive for and 
<lb/>bend all our 
<lb/>energies in the 
<lb/>right direction &amp;
<lb/>surely he who 
<lb/>bore our griefs 
<lb/>and carried our 
<lb/>sorrows will 
<lb/>hear in his mercy 

     

	<pb n="0012" facs="liv_001909_0012"><!--pb/@n='26v'--></pb>
<lb/>the cry of his poor 
<lb/>creatures</p>
<lb/><p>Last night was the 
<lb/>anniversary of my 
<lb/><persName>Mary</persName>'s death. <space dim="horizontal" extent="1" unit="words"/>that
<lb/>bitter sorrow is <w>some<supplied>-</supplied><lb break="no"/>what</w> healed and I 
<lb/>think of her as looking 
<lb/>down with her <unclear cert="low">wonted</unclear>
<lb/>interest in our work 
<lb/>thanks for your 
<lb/>letter - and many 
<lb/>for the insects. My 
<lb/>brother will see her 
<lb/>sooner than <persName>Kirk</persName></p>
<lb/><p rend="right">Ever Affectionately</p>
<lb/><p rend="center">David Livingstone</p>
			
</div>
		</body>
	</text></TEI>