<?xml version="1.0" encoding="UTF-8"?>
<!--Converted from a TEI P5 XML file to the LEAP TEI P5 Schema by James Cummings on 2015-03-02-->
<?xml-model href="http://livingstoneonline.github.io/LEAP-ODD/leap.rng" type="application/xml" schematypens="http://relaxng.org/ns/structure/1.0"?>
<?xml-model href="http://livingstoneonline.github.io/LEAP-ODD/leap.rng" type="application/xml" schematypens="http://purl.oclc.org/dsdl/schematron"?>
<?xml-stylesheet type="text/xsl" href="http://livingstoneonline.github.io/LEAP-XSLT/transcription.xsl"?>
<TEI xmlns="http://www.tei-c.org/ns/1.0" xml:id="liv_000779">
	<teiHeader>
		<fileDesc>
			<titleStmt>
				<title>Letter to William Thompson</title>
				<author xml:id="DL">David Livingstone</author>
			</titleStmt>
			<publicationStmt>
				<authority>Livingstone Online</authority>
				<pubPlace>London, UK</pubPlace>
				<publisher>School of Oriental and African Studies Library, University of London</publisher>
				<date>24 November 1852</date>
				<idno type="LEAP-ID">liv_000779</idno>
			</publicationStmt>
			<sourceDesc>
				<bibl xml:id="shelfmark"> School of Oriental and African Studies Library, University of London, London, UK, CWM/LMS, Livingstone Wooden Box-074 </bibl>
				<bibl xml:id="ccnumber">0300</bibl>
				<bibl xml:id="recipient">William Thompson</bibl>
				<bibl xml:id="date">24 November 1852</bibl>
				<bibl xml:id="where">Kuruman</bibl>
			</sourceDesc>
		</fileDesc>
		<profileDesc>
			<langUsage>
				<language ident="en">English</language>
			</langUsage>
		</profileDesc>
		<revisionDesc>
			<change>
				<date>2013-03-14</date>
				<name xml:id="MS">Matthew Stumpf</name>Initial transcription and XML encoding.
            
			</change>
			<change>
				<date>2013-10-06</date>
				<name xml:id="AM">Anne Martin</name>Proofreading.
            
			</change>
			<change>
				<date>2013-12-05</date>
				<name xml:id="HFB">Heather F. Ball<!-- put in the correct name plus id initials --></name>Additional encoding.
            
			</change>
		</revisionDesc>
	</teiHeader>

	<text>
		<body>
			<div>

	<pb n="0001" facs="liv_000779_0001"><!--pb/@n='0003'--></pb>
<lb/><p><choice><abbr>P.S.</abbr><expan>Post Script</expan></choice> By this post I send 10 letters 
<lb/>addressed to your care and Post 
<lb/>paid as far as <placeName><settlement type="city">Cape Town</settlement></placeName>. There
<lb/>is no use in attempting to pay 
<lb/>beyond that. You must open 
<lb/>an account against me and 
<lb/>put down Postage, Forage
<lb/>and all other monies <del type="strikethrough">ex</del>pended
<lb/>on my behalf. I enclose a letter 
<lb/>to <persName>M<hi rend="sup">r</hi> Macgibbon</persName> of the Botanic 
<lb/>gardens and if you can spare 
<lb/>time to glance over it you
<lb/>may oblige me in one of your 
<lb/>walks next winter by putting 
<lb/>him in remembrance 

	

	<pb n="0002" facs="liv_000779_0002"><!--pb/@n='0004'--></pb>
<lb/><persName>Macgibbon</persName>'s letter contains 
<lb/>seeds. 2 of the above named 
<lb/>letters are for yourself. I say 
<lb/>"put down all monies &amp;c." What 
<lb/>hypocrisy! if honest I would 
<lb/>say you may either put it 
<lb/>down or not I see no prospect 
<lb/>of ever paying you. If I live 
<lb/>to come back to <placeName><settlement type="city">Cape Town</settlement></placeName>
<lb/>I shall get a share of <persName>M<hi rend="sup">r</hi> Moll</persName>'s 
<lb/>parlour in the house by the jetty 
<lb/>or a lodging in the Union Workhouse 
<lb/>Please request <persName>M<hi rend="sup underline">r</hi> Pococke</persName> to 
<lb/>get a supply of vaccine virus 
<lb/>from the institution for me 
	
	

	<pb n="0003" facs="liv_000779_0003"><!--pb/@n='0005'--></pb>
<lb/>I forgot it - If you are acquainted 
<lb/>with the officer he will do it better 
<lb/>&amp; send it post free - I shall probably 
<lb/>draw £12 for <persName>Mebaloe</persName> - This is  
<lb/>all the business I have to transact
<lb/>or trouble you with</p>
<lb/><p>One of the letters is for <placeName><country>America</country></placeName>
<lb/>through <persName>Captain Holmes</persName> &amp; 
<lb/>you <add place="below">^</add><add place="above">will</add> perhaps be good enough 
<lb/>to present my kind remembrance 
<lb/>to him - As the post is not 
<lb/>going for an hour or two 
<lb/>I may have time to write 
<lb/>another letter, which will 

	

	<pb n="0004" facs="liv_000779_0004"><!--pb/@n='0006'--></pb>
<lb/>be eleven. to your care</p>
	<ab>
<lb/><hi rend="underline">Business</hi></ab>

			
</div>
		</body>
	</text></TEI>