<?xml version='1.0' encoding='utf-8' standalone='yes'?>
<mods:mods xmlns:mods='http://www.loc.gov/mods/v3' xmlns:xlink='http://www.w3.org/1999/xlink' xmlns:xsi='http://www.w3.org/2001/XMLSchema-instance' xsi:schemaLocation='http://www.loc.gov/standards/mods/v3/mods-3-5.xsd'>
  <mods:identifier type='local' displayLabel='master_id'>liv_000095</mods:identifier>
  <mods:identifier type='local' displayLabel='Canonical Catalog Number'>Field Diaries, 37</mods:identifier>
  <mods:titleInfo>
    <mods:title>Fragment of 1871 Field Diary (CII-CLXIII)</mods:title>
  </mods:titleInfo>
  <mods:titleInfo type='alternative'>
    <mods:title>Fragment of 1871 Field Diary (CII-CLXIII), 23 March 1871-11 August 1871</mods:title>
  </mods:titleInfo>
  <mods:name type='personal'>
    <mods:namePart>Livingstone, David, 1813-1873</mods:namePart>
    <mods:role>
      <mods:roleTerm type='text'>creator</mods:roleTerm>
    </mods:role>
  </mods:name>
  <mods:genre authority='aat'>field notes</mods:genre>
  <mods:genre authority='aat'>diaries</mods:genre>
  <mods:genre authority='aat'>autographs (manuscripts)</mods:genre>
  <mods:genre authority='aat'>spectral color</mods:genre>
  <mods:originInfo>
    <mods:publisher>Livingstone Online (http://livingstoneonline.org/)</mods:publisher>
    <mods:dateCreated>23 March 1871-11 August 1871</mods:dateCreated>
    <mods:dateCreated encoding='iso8601'>1871-03-23/1871-08-11</mods:dateCreated>
  </mods:originInfo>
  <mods:originInfo displayLabel='Livingstone'>
    <mods:place>
      <mods:placeTerm type='text'>[Manyuema Country]</mods:placeTerm>
    </mods:place>
  </mods:originInfo>
  <mods:originInfo displayLabel='LoC'>
    <mods:place>
      <mods:placeTerm type='text'>Maniema (Congo)</mods:placeTerm>
    </mods:place>
  </mods:originInfo>
  <mods:subject>
    <mods:cartographics>
      <mods:coordinates>-2.95,25.95</mods:coordinates>
    </mods:cartographics>
  </mods:subject>
  <mods:physicalDescription>
    <mods:note type='physical details'>Incomplete manuscript in creator's hand</mods:note>
    <mods:extent unit='pages'>64</mods:extent>
    <mods:note>16 folia, folded to create 64 pages, with writing on 64 pages</mods:note>
    <mods:extent unit='mm'>270 x 160; various between 290 x 260 and 320 x 270</mods:extent>
  </mods:physicalDescription>
  <mods:relatedItem type='original'>
    <mods:name type='corporate' authorityURI='http://id.loc.gov/authorities/names' valueURI='http://id.loc.gov/authorities/names/no2009190108'>
      <mods:namePart>David Livingstone Centre</mods:namePart>
      <mods:role>
        <mods:roleTerm type='text' authority='marclerator'>repository</mods:roleTerm>
      </mods:role>
    </mods:name>
    <mods:location>
      <mods:shelfLocator>297b, 297c</mods:shelfLocator>
    </mods:location>
    <mods:accessCondition type='use and reproduction'>&amp;#169; David Livingstone Centre, Blantyre. Creative Commons Attribution-NonCommercial 3.0 Unported (https://creativecommons.org/licenses/by-nc/3.0/).</mods:accessCondition>
    <mods:accessCondition type='use and reproduction'>As relevant, &amp;#169; Dr. Neil Imray Livingstone Wilson. Creative Commons Attribution-NonCommercial 3.0 Unported (https://creativecommons.org/licenses/by-nc/3.0/).</mods:accessCondition>
  </mods:relatedItem>
  <mods:relatedItem type='original'>
    <mods:name type='corporate' authorityURI='http://id.loc.gov/authorities/names' valueURI='http://id.loc.gov/authorities/names/n80044899'>
      <mods:namePart>National Library of Scotland</mods:namePart>
      <mods:role>
        <mods:roleTerm type='text' authority='marclerator'>repository</mods:roleTerm>
      </mods:role>
    </mods:name>
    <mods:accessCondition type='use and reproduction'>Images &amp;#169; National Library of Scotland. Creative Commons Attribution-NonCommercial 3.0 Unported (https://creativecommons.org/licenses/by-nc/3.0/).</mods:accessCondition>
    <mods:accessCondition type='use and reproduction'>As relevant, &amp;#169; Dr. Neil Imray Livingstone Wilson. Creative Commons Attribution-NonCommercial 3.0 Unported (https://creativecommons.org/licenses/by-nc/3.0/).</mods:accessCondition>
  </mods:relatedItem>
  <mods:identifier type='local' displayLabel='NLS copy identifier'>MS. 10717</mods:identifier>
  <mods:relatedItem type='otherVersion'>
    <mods:identifier>David Livingstone, The Last Journals of David Livingstone, ed. Horace Waller, 2 vols. (London: John Murray, 1874), vol. 2, opposite 114.</mods:identifier>
  </mods:relatedItem>
</mods:mods>