<?xml version='1.0' encoding='utf-8' standalone='yes'?>
<mods:mods xmlns:mods='http://www.loc.gov/mods/v3' xmlns:xlink='http://www.w3.org/1999/xlink' xmlns:xsi='http://www.w3.org/2001/XMLSchema-instance' xsi:schemaLocation='http://www.loc.gov/standards/mods/v3/mods-3-5.xsd'>
  <mods:identifier type='local' displayLabel='master_id'>liv_002569</mods:identifier>
  <mods:identifier type='local' displayLabel='Canonical Catalog Number'>Letters, 1968</mods:identifier>
  <mods:titleInfo>
    <mods:title>Letter to John Kirk 2</mods:title>
  </mods:titleInfo>
  <mods:titleInfo type='alternative'>
    <mods:title>Letter to John Kirk 2, 25 March 1871</mods:title>
  </mods:titleInfo>
  <mods:name type='personal'>
    <mods:namePart>Livingstone, David, 1813-1873</mods:namePart>
    <mods:role>
      <mods:roleTerm type='text'>creator</mods:roleTerm>
    </mods:role>
  </mods:name>
  <mods:name type='personal'>
    <mods:namePart>Kirk, John 2, 1832-1922</mods:namePart>
    <mods:role>
      <mods:roleTerm type='text'>addressee</mods:roleTerm>
    </mods:role>
    <mods:description>Medical Officer and Economic Botanist to Livingstone's Zambezi Expedition. Appointed Surgeon to the British Consulate in Zanzibar in 1865. As H.M. Consul, his skillful diplomacy increased British influence with successive Sultans that resulted in the demise of the East African slave trade.</mods:description>
  </mods:name>
  <mods:genre authority='aat'>letters</mods:genre>
  <mods:genre authority='aat'>autographs (manuscripts)</mods:genre>
  <mods:genre authority='aat'>spectral color</mods:genre>
  <mods:originInfo>
    <mods:publisher>Livingstone Online (http://livingstoneonline.org/)</mods:publisher>
    <mods:dateCreated>25 March 1871</mods:dateCreated>
    <mods:dateCreated encoding='iso8601'>1871-03-25</mods:dateCreated>
  </mods:originInfo>
  <mods:originInfo displayLabel='Livingstone'>
    <mods:place>
      <mods:placeTerm type='text'>[Webb's Lualaba]</mods:placeTerm>
    </mods:place>
  </mods:originInfo>
  <mods:originInfo displayLabel='LoC'>
    <mods:place>
      <mods:placeTerm type='text'>Maniema (Congo)</mods:placeTerm>
    </mods:place>
  </mods:originInfo>
  <mods:subject>
    <mods:cartographics>
      <mods:coordinates>-2.95,25.95</mods:coordinates>
    </mods:cartographics>
  </mods:subject>
  <mods:physicalDescription>
    <mods:note type='physical details'>Complete manuscript in creator's hand</mods:note>
    <mods:extent unit='pages'>2</mods:extent>
    <mods:note>1 folio, folded to create 2 pages, with writing on 2 pages</mods:note>
    <mods:extent unit='mm'>341 x 118</mods:extent>
  </mods:physicalDescription>
  <mods:relatedItem type='original'>
    <mods:name type='corporate' authorityURI='http://id.loc.gov/authorities/names' valueURI='http://id.loc.gov/authorities/names/n80044899'>
      <mods:namePart>National Library of Scotland</mods:namePart>
      <mods:role>
        <mods:roleTerm type='text' authority='marclerator'>repository</mods:roleTerm>
      </mods:role>
    </mods:name>
    <mods:location>
      <mods:shelfLocator>MS. 10768, f. 80</mods:shelfLocator>
    </mods:location>
    <mods:accessCondition type='use and reproduction'>Images &amp;#169; National Library of Scotland. Creative Commons Attribution-NonCommercial 3.0 Unported (https://creativecommons.org/licenses/by-nc/3.0/).</mods:accessCondition>
    <mods:accessCondition type='use and reproduction'>As relevant, &amp;#169; Dr. Neil Imray Livingstone Wilson. Creative Commons Attribution-NonCommercial 3.0 Unported (https://creativecommons.org/licenses/by-nc/3.0/).</mods:accessCondition>
  </mods:relatedItem>
  <mods:relatedItem type='otherVersion'>
    <mods:identifier>Reginald Foskett, ed., The Zambesi Doctors: David Livingstone’s Letters to John Kirk, 1858-1872 (Edinburgh: Edinburgh University Press, 1964), 145-150.</mods:identifier>
  </mods:relatedItem>
</mods:mods>