<?xml version='1.0' encoding='utf-8' standalone='yes'?>
<mods:mods xmlns:mods='http://www.loc.gov/mods/v3' xmlns:xlink='http://www.w3.org/1999/xlink' xmlns:xsi='http://www.w3.org/2001/XMLSchema-instance' xsi:schemaLocation='http://www.loc.gov/standards/mods/v3/mods-3-5.xsd'>
  <mods:identifier type='local' displayLabel='master_id'>liv_000201</mods:identifier>
  <mods:identifier type='local' displayLabel='Canonical Catalog Number'>Field Diaries, 37</mods:identifier>
  <mods:titleInfo>
    <mods:title>Fragment of 1870 Field Diary (I-IV)</mods:title>
  </mods:titleInfo>
  <mods:titleInfo type='alternative'>
    <mods:title>Fragment of 1870 Field Diary (I-IV), 18, 24 August 1870</mods:title>
  </mods:titleInfo>
  <mods:name type='personal'>
    <mods:namePart>Livingstone, David, 1813-1873</mods:namePart>
    <mods:role>
      <mods:roleTerm type='text'>creator</mods:roleTerm>
    </mods:role>
  </mods:name>
  <mods:genre authority='aat'>field notes</mods:genre>
  <mods:genre authority='aat'>diaries</mods:genre>
  <mods:genre authority='aat'>autographs (manuscripts)</mods:genre>
  <mods:genre authority='aat'>spectral color</mods:genre>
  <mods:originInfo>
    <mods:publisher>Livingstone Online (http://livingstoneonline.org/)</mods:publisher>
    <mods:dateCreated>18, 24 August 1870</mods:dateCreated>
    <mods:dateCreated encoding='iso8601'>1870-08-18/1870-08-24</mods:dateCreated>
  </mods:originInfo>
  <mods:originInfo displayLabel='Livingstone'>
    <mods:place>
      <mods:placeTerm type='text'>[Bambarre, Manyuema Country]</mods:placeTerm>
    </mods:place>
  </mods:originInfo>
  <mods:originInfo displayLabel='LoC'>
    <mods:place>
      <mods:placeTerm type='text'>Maniema (Congo)</mods:placeTerm>
    </mods:place>
  </mods:originInfo>
  <mods:subject>
    <mods:cartographics>
      <mods:coordinates>-2.95,25.95</mods:coordinates>
    </mods:cartographics>
  </mods:subject>
  <mods:physicalDescription>
    <mods:note type='physical details'>Incomplete manuscript in creator's hand</mods:note>
    <mods:extent unit='pages'>4</mods:extent>
    <mods:note>1 folio, folded to create 4 pages, with writing on 4 pages</mods:note>
  </mods:physicalDescription>
  <mods:relatedItem type='original'>
    <mods:name type='corporate' authorityURI='http://id.loc.gov/authorities/names' valueURI='http://id.loc.gov/authorities/names/n81139951'>
      <mods:namePart>British Library</mods:namePart>
      <mods:role>
        <mods:roleTerm type='text' authority='marclerator'>repository</mods:roleTerm>
      </mods:role>
    </mods:name>
    <mods:location>
      <mods:shelfLocator>Add. MS. 50184, f. 169</mods:shelfLocator>
    </mods:location>
    <mods:accessCondition type='use and reproduction'>Images &amp;#169; British Library Board, Shelfmark Add. MS. 50184, 169r and 169v. Used by permission.</mods:accessCondition>
  </mods:relatedItem>
  <mods:identifier type='local' displayLabel='NLS copy identifier'>MS. 10780</mods:identifier>
</mods:mods>