<?xml version='1.0' encoding='utf-8' standalone='yes'?>
<mods:mods xmlns:mods='http://www.loc.gov/mods/v3' xmlns:xlink='http://www.w3.org/1999/xlink' xmlns:xsi='http://www.w3.org/2001/XMLSchema-instance' xsi:schemaLocation='http://www.loc.gov/standards/mods/v3/mods-3-5.xsd'>
  <mods:identifier type='local' displayLabel='master_id'>liv_000205</mods:identifier>
  <mods:identifier type='local' displayLabel='Canonical Catalog Number'>Field Diaries, 37</mods:identifier>
  <mods:titleInfo>
    <mods:title>Fragment of 1870 Field Diary (XXI-LXI)</mods:title>
  </mods:titleInfo>
  <mods:titleInfo type='alternative'>
    <mods:title>Fragment of 1870 Field Diary (XXI-LXI), 3-15 November 1870</mods:title>
  </mods:titleInfo>
  <mods:name type='personal'>
    <mods:namePart>Livingstone, David, 1813-1873</mods:namePart>
    <mods:role>
      <mods:roleTerm type='text'>creator</mods:roleTerm>
    </mods:role>
  </mods:name>
  <mods:genre authority='aat'>field notes</mods:genre>
  <mods:genre authority='aat'>diaries</mods:genre>
  <mods:genre authority='aat'>autographs (manuscripts)</mods:genre>
  <mods:genre authority='aat'>spectral color</mods:genre>
  <mods:originInfo>
    <mods:publisher>Livingstone Online (http://livingstoneonline.org/)</mods:publisher>
    <mods:dateCreated>3-15 November 1870</mods:dateCreated>
    <mods:dateCreated encoding='iso8601'>1870-11-03/1870-11-15</mods:dateCreated>
  </mods:originInfo>
  <mods:originInfo displayLabel='Livingstone'>
    <mods:place>
      <mods:placeTerm type='text'>[Manyuema Country]</mods:placeTerm>
    </mods:place>
  </mods:originInfo>
  <mods:originInfo displayLabel='LoC'>
    <mods:place>
      <mods:placeTerm type='text'>Maniema (Congo)</mods:placeTerm>
    </mods:place>
  </mods:originInfo>
  <mods:subject>
    <mods:cartographics>
      <mods:coordinates>-2.95,25.95</mods:coordinates>
    </mods:cartographics>
  </mods:subject>
  <mods:physicalDescription>
    <mods:note type='physical details'>Incomplete manuscript in creator's hand</mods:note>
    <mods:extent unit='pages'>42</mods:extent>
    <mods:note>21 folia, folded to create 42 pages, with writing on 42 pages</mods:note>
    <mods:extent unit='mm'>215 x 140</mods:extent>
  </mods:physicalDescription>
  <mods:relatedItem type='original'>
    <mods:name type='corporate' authorityURI='http://id.loc.gov/authorities/names' valueURI='http://id.loc.gov/authorities/names/n80044899'>
      <mods:namePart>National Library of Scotland</mods:namePart>
      <mods:role>
        <mods:roleTerm type='text' authority='marclerator'>repository</mods:roleTerm>
      </mods:role>
    </mods:name>
    <mods:location>
      <mods:shelfLocator>MS. 10703, ff. 3-23</mods:shelfLocator>
    </mods:location>
    <mods:accessCondition type='use and reproduction'>Images &amp;#169; National Library of Scotland. Creative Commons Attribution-NonCommercial 3.0 Unported (https://creativecommons.org/licenses/by-nc/3.0/).</mods:accessCondition>
    <mods:accessCondition type='use and reproduction'>As relevant, &amp;#169; Dr. Neil Imray Livingstone Wilson. Creative Commons Attribution-NonCommercial 3.0 Unported (https://creativecommons.org/licenses/by-nc/3.0/).</mods:accessCondition>
  </mods:relatedItem>
</mods:mods>