<?xml version='1.0' encoding='utf-8' standalone='yes'?>
<mods:mods xmlns:mods='http://www.loc.gov/mods/v3' xmlns:xlink='http://www.w3.org/1999/xlink' xmlns:xsi='http://www.w3.org/2001/XMLSchema-instance' xsi:schemaLocation='http://www.loc.gov/standards/mods/v3/mods-3-5.xsd'>
  <mods:identifier type='local' displayLabel='master_id'>liv_002564</mods:identifier>
  <mods:identifier type='local' displayLabel='Canonical Catalog Number'>Letters, 1963</mods:identifier>
  <mods:titleInfo>
    <mods:title>Letter to Horace Waller</mods:title>
  </mods:titleInfo>
  <mods:titleInfo type='alternative'>
    <mods:title>Letter to Horace Waller, 5 February 1871</mods:title>
  </mods:titleInfo>
  <mods:name type='personal'>
    <mods:namePart>Livingstone, David, 1813-1873</mods:namePart>
    <mods:role>
      <mods:roleTerm type='text'>creator</mods:roleTerm>
    </mods:role>
  </mods:name>
  <mods:name type='personal'>
    <mods:namePart>Waller, Horace, 1833-1896</mods:namePart>
    <mods:role>
      <mods:roleTerm type='text'>addressee</mods:roleTerm>
    </mods:role>
    <mods:description>Lay Superintendent, Universities' Mission to Central Africa 1860-64. Curate, St. John's Chatham 1867-70. Vicar of Leytonstone, 1870-74. Rector of Twywell, 1874-95. In addition to editing Livingstone's Last Journals, wrote several articles on slavery and the slave trade in Africa.</mods:description>
  </mods:name>
  <mods:genre authority='aat'>letters</mods:genre>
  <mods:genre authority='aat'>autographs (manuscripts)</mods:genre>
  <mods:genre authority='aat'>spectral color</mods:genre>
  <mods:originInfo>
    <mods:publisher>Livingstone Online (http://livingstoneonline.org/)</mods:publisher>
    <mods:dateCreated>5 February 1871</mods:dateCreated>
    <mods:dateCreated encoding='iso8601'>1871-02-05</mods:dateCreated>
  </mods:originInfo>
  <mods:originInfo displayLabel='Livingstone'>
    <mods:place>
      <mods:placeTerm type='text'>Manyema</mods:placeTerm>
    </mods:place>
  </mods:originInfo>
  <mods:originInfo displayLabel='LoC'>
    <mods:place>
      <mods:placeTerm type='text'>Maniema (Congo)</mods:placeTerm>
    </mods:place>
  </mods:originInfo>
  <mods:subject>
    <mods:cartographics>
      <mods:coordinates>-2.95,25.95</mods:coordinates>
    </mods:cartographics>
  </mods:subject>
  <mods:physicalDescription>
    <mods:note type='physical details'>Complete manuscript in creator's hand</mods:note>
    <mods:extent unit='pages'>4</mods:extent>
    <mods:note>2 folia, folded to create 4 pages, with writing on 4 pages</mods:note>
    <mods:extent unit='mm'>folio</mods:extent>
  </mods:physicalDescription>
  <mods:relatedItem type='original'>
    <mods:name type='corporate' authority='local'>
      <mods:namePart>Peter Beard Studio</mods:namePart>
      <mods:role>
        <mods:roleTerm type='text' authority='marclerator'>repository</mods:roleTerm>
      </mods:role>
    </mods:name>
    <mods:accessCondition type='use and reproduction'>Images &amp;#169; Peter and Nejma Beard. Creative Commons Attribution-NonCommercial 3.0 Unported (https://creativecommons.org/licenses/by-nc/3.0/).</mods:accessCondition>
  </mods:relatedItem>
  <mods:relatedItem type='otherVersion'>
    <mods:identifier>Sotheby's Cat., 28 Nov. 1966, lot 170.</mods:identifier>
  </mods:relatedItem>
</mods:mods>