<?xml version="1.0" encoding="UTF-8"?>
<?xml-model href="http://livingstoneonline.github.io/LEAP-ODD/leap.rng" type="application/xml" schematypens="http://relaxng.org/ns/structure/1.0"?>
<?xml-model href="http://livingstoneonline.github.io/LEAP-ODD/leap.rng" type="application/xml" schematypens="http://purl.oclc.org/dsdl/schematron"?>
 <?xml-stylesheet href="http://livingstoneonline.github.io/LEAP-XSLT/transcription.xsl" type="text/xsl"?>
<TEI xmlns="http://www.tei-c.org/ns/1.0" xml:id="liv_001244"><!-- Change @xml:id -->
    <teiHeader>
        <fileDesc>
            <titleStmt>
                <title>Letter to E. Watts</title><!-- Change -->
                <title type="alternative">Letter to E. Watts, 17 February, 1858</title><!-- Change -->
                <author>David Livingstone</author>
                <principal>Adrian S. Wisnicki</principal>
                <principal>Christopher Lawrence</principal>
                <respStmt xml:id="BL"><!-- Add or remove individuals from the list as appropriate -->
                    <name>Blaze Livingston</name><!-- Change -->
                    <resp>Transcription</resp><!-- Change, remove, or add more <resp> as appropriate -->
                    <resp>Encoding</resp>
                </respStmt>
                <respStmt xml:id="AW">
                    <name>Adrian S. Wisnicki</name>
                    <resp>Coding review</resp>
                </respStmt>
            </titleStmt>	
            <publicationStmt>
                <authority>Livingstone Online</authority>
                <publisher>University of Maryland Libraries</publisher>
                <pubPlace>College Park, MD, USA</pubPlace>
                <date>2016</date>
                <idno type="LEAP-ID">liv_001244</idno>
            </publicationStmt>
            <sourceDesc>
                <msDesc>
                    <msIdentifier>
                        <country>United States</country>
                        <settlement>Washington, D.C.</settlement>
                        <repository>Smithsonian Institution. Libraries. Joseph F. Cullman 3rd Library of Natural History</repository>
                        <idno type="shelfmark">M805</idno>
                        <altIdentifier>
                            <idno type="ccnumber">Letters, 0723.1</idno>
                        </altIdentifier>
                    </msIdentifier>
                    <physDesc>
                        <handDesc>
                            <handNote xml:id="U"><label>Unknown Hand</label> This hand is unknown
                                but thought not David Livingstone's.</handNote>
                        </handDesc>
                    </physDesc>
                </msDesc>
                <bibl type="sourceMetadata">
                    <title>Letter to E. Watts, 17 Februrary 1858</title><!-- Change -->
                    <author xml:id="DL">David Livingstone</author>
                    <date type="composition" when="1858-02-17">17 Februrary 1858</date><!-- Change -->
                    <placeName type="compositionPlace">18 Hart St.</placeName><!-- Change -->
                    <persName type="addressee">Watts, E.</persName><!-- Change -->
                </bibl>
            </sourceDesc>
        </fileDesc>
        <profileDesc>
            <langUsage>
                <language ident="en">English</language>
				<!-- See LEAP encoding manual sect. 20 for language abbreviations. English should be first,
				then add all other languages, as appropriate, in alphabetical order. -->
            </langUsage>
        </profileDesc>
        <revisionDesc>
            <change when="2016-09-27" who="#BL">Initial transcription and XML encoding</change>
			<!-- Note that @who initials are taken from <respStmt> above -->
			<!-- Most recent <change> should always be placed first -->
        </revisionDesc>
    </teiHeader>

    <text>
        <body>
            <div>
               
	<pb facs="liv_001244_0001" n="0001"/>
<lb/><opener><dateline rend="right"><placeName>18 Hart <choice><abbr>St.</abbr><expan>Street</expan></choice></placeName>
<lb/><space extent="1" unit="chars"/><date when="1858-02-17">17<hi rend="sup underline">th</hi> <choice><abbr>Feby</abbr><expan>February</expan></choice>
<lb/><space extent="2" unit="chars"/>1858</date></dateline>
<lb/>    
<lb/><salute>Dear Sir</salute></opener>

<lb/><p>Thanks for
<lb/>your kind suggestion
<lb/>I <unclear cert="low">shall</unclear> been it 
<lb/><gap extent="2" unit="words" agent="illegible"/> as
<lb/>the <term type="foodstuff">dura</term> is very
<lb/>cheap on the
<lb/> <placeName><geogName type="river"><choice><orig>Zambesi</orig><reg>Zambezi</reg></choice></geogName></placeName></p>

	<pb facs="liv_001244_0002" n="0002"/>
<lb/><closer><salute>I am yours truly</salute>
<lb/><signed><persName>David Livingstone</persName></signed></closer> 
<lb/><space dim="vertical" extent="4" unit="lines"/>
<lb/><trailer>E. Watts <choice><abbr>Esq</abbr><expan>Esquire</expan></choice></trailer>

	<pb facs="liv_001244_0003" n="0003"/>

	<pb facs="liv_001244_0004" n="0004"/>


            </div>
        </body>
    </text>

</TEI>
