<?xml version="1.0" encoding="UTF-8"?>
<?xml-model href="http://livingstoneonline.github.io/LEAP-ODD/leap.rng" type="application/xml" schematypens="http://relaxng.org/ns/structure/1.0"?>
<?xml-model href="http://livingstoneonline.github.io/LEAP-ODD/leap.rng" type="application/xml" schematypens="http://purl.oclc.org/dsdl/schematron"?>
 <?xml-stylesheet href="http://livingstoneonline.github.io/LEAP-XSLT/transcription.xsl" type="text/xsl"?>
<TEI xmlns="http://www.tei-c.org/ns/1.0" xml:id="liv_002699">
	<teiHeader>
        <fileDesc>
            <titleStmt>
                <title>Letter to Uknown</title>
                <title type="alternative">Letter to Richard Southey, 4 March 1862</title>
                <author>David Livingstone</author>
                <principal>Adrian S. Wisnicki</principal>
                <principal>Christopher Lawrence</principal>
                <respStmt xml:id="BL">
                    <name>Blaze Livingston</name>
                    <resp>Transcription</resp>
                    <resp>Encoding</resp>
                </respStmt>
                <respStmt xml:id="AW">
                    <name>Adrian S. Wisnicki</name>
                    <resp>Coding review</resp>
                </respStmt>
            </titleStmt>	
            <publicationStmt>
                <authority>Livingstone Online</authority>
                <publisher>University of Maryland Libraries</publisher>
                <pubPlace>College Park, MD, USA</pubPlace>
                <date>2016</date>
                <idno type="LEAP-ID">liv_002699</idno>
            </publicationStmt>
            <sourceDesc>
                <msDesc>
                    <msIdentifier>
                        <country>USA</country>
                        <settlement>Washington, D.C.</settlement>
                        <repository>Smithsonian Institution. Libraries.</repository>
                        <idno type="shelfmark">Joseph F. Cullman 3rd Library of Natural History: M091</idno>
                        <altIdentifier>
                            <idno type="ccnumber"></idno><!--Blank on Full Record. BL-->
                        </altIdentifier>
                    </msIdentifier>
                    <physDesc>
                        <handDesc>
                            <handNote xml:id="U"><label>Unknown Hand</label> This hand is unknown but thought not David Livingstone's.</handNote>
                        </handDesc>
                    </physDesc>
                </msDesc>
                <bibl type="sourceMetadata">
                    <title type="alternative">Letter to Unknown, 1 May 1853 or 1863</title>
                    <author xml:id="DL">David Livingstone</author>
                    <date type="composition" when="1853-05-01">1 May 1853 or 1863</date>
                    <placeName type="compositionPlace">[Southern Africa]</placeName>
                    <persName type="addressee">Unknown</persName>
                </bibl>
            </sourceDesc>
        </fileDesc>
        <profileDesc>
            <langUsage>
                <language ident="en">English</language>
            </langUsage>
        </profileDesc>
        <revisionDesc>
            <change when="2016-11-12" who="#BL">Initial transcription and XML encoding</change>
        </revisionDesc>
    </teiHeader>

    <text>
        <body>
            <div>
               
	<pb facs="liv_002699_0001" n="0001"/>
<lb/><ab>Flat or square bars
<lb/>three or four
<lb/>Round <unclear>iron</unclear> of
<lb/>various sizes
<lb/>to be purchased
<lb/>at <unclear><placeName>Quillinaue</placeName></unclear><!--Could start with Z, can't find info when looking it up. May have an "n" or "m" instead of "u", or somewhere else at the end. BL-->
<lb/>if the man of
<lb/>war cannot
<lb/>supply then - you
<lb/>will sign for them
<lb/>in my name</ab>
<lb/><closer><space extent="1" unit="words"/><signed><persName>David Livingstone</persName></signed>
<lb/><dateline>1<hi rend="sup underline">st</hi> May <app><rdg cert="high">1853</rdg><rdg>1863</rdg></app></dateline></closer>

<pb facs="liv_002699_0002" n="0002"/>
<!-- Completely blank. BL-->


            </div>
        </body>
    </text>

</TEI>
