<?xml version="1.0" encoding="UTF-8"?>
<?xml-model href="http://livingstoneonline.github.io/LEAP-ODD/leap.rng" type="application/xml" schematypens="http://relaxng.org/ns/structure/1.0"?>
<?xml-model href="http://livingstoneonline.github.io/LEAP-ODD/leap.rng" type="application/xml" schematypens="http://purl.oclc.org/dsdl/schematron"?>
 <?xml-stylesheet href="http://livingstoneonline.github.io/LEAP-XSLT/transcription.xsl" type="text/xsl"?>
<TEI xmlns="http://www.tei-c.org/ns/1.0" xml:id="liv_000493"><!-- Change @xml:id -->
    <teiHeader>
        <fileDesc>
            <titleStmt>
                <title>Letter to John Naismith, Sr.</title>
                <title type="alternative">Letter to John Naismith, Sr., 2 December 1841</title>
                <author>David Livingstone</author>
                <principal>Adrian S. Wisnicki</principal>
                <principal>Christopher Lawrence</principal>
                <respStmt xml:id="BL">
                    <name>Blaze Livingston</name>
                    <resp>Transcription</resp>
                    <resp>Encoding</resp>
                </respStmt>
                <respStmt xml:id="AW">
                    <name>Adrian S. Wisnicki</name>
                    <resp>Coding review</resp>
                </respStmt>
            </titleStmt>	
            <publicationStmt>
                <authority>Livingstone Online</authority>
                <publisher>University of Maryland Libraries</publisher>
                <pubPlace>College Park, MD, USA</pubPlace>
                <date>2016</date>
                <idno type="LEAP-ID">liv_000493</idno>
            </publicationStmt>
            <sourceDesc>
                <msDesc>
                    <msIdentifier>
                        <country>USA</country>
                        <settlement>Washington, D.C.</settlement>
                        <repository>Smithsonian Institution. Libraries. Joseph F. Cullman 3rd Library of natural History</repository>
                        <idno type="shelfmark">M081</idno>
                        <altIdentifier>
                            <idno type="ccnumber">Letters, 0038</idno>
                        </altIdentifier>
                    </msIdentifier>
                    <physDesc>
                        <handDesc>
                            <handNote xml:id="U"><label>Unknown Hand</label> This hand is unknown but thought not David Livingstone's.</handNote>
                        </handDesc>
                    </physDesc>
                </msDesc>
                <bibl type="sourceMetadata">
                    <title type="alternative">Letter to Unknown, Date Unknown (No Later than 1873)</title>
                    <author xml:id="DL">David Livingstone</author>
                    <date type="composition" when="1841-12-02">2 December 1841</date>
                    <placeName type="compositionPlace">Kuruman</placeName>
                    <persName type="addressee">John Naismith, Sr.</persName>
                </bibl>
            </sourceDesc>
        </fileDesc>
        <profileDesc>
            <langUsage>
                <language ident="en">English</language>
            </langUsage>
        </profileDesc>
        <revisionDesc>
			<change when="2017-03-23" who="#AW">Review</change>
			<change when="2017-02-03" who="#SF">Proofing</change>
			<change when="2016-12-06" who="#AW">Coding review</change>
            <change when="2016-12-01" who="#BL">Initial transcription and XML encoding</change>
        </revisionDesc>
    </teiHeader>

    <text>
        <body>
            <div>
               
	<pb facs="liv_000493_0001" n="0001"/>
<lb/><opener><dateline rend="right"><space extent="6" unit="words"/><placeName><settlement type="village">Kuruman</settlement></placeName> <date when="1841-12-02">2<hi rend="sup">d</hi> <choice><abbr>Dec</abbr><expan>December</expan></choice><hi rend="sup">r</hi> 1841</date>
</dateline>
<lb/><salute>My Dear Brother in the Lord</salute></opener>
<lb/><p><space extent="7" unit="words"/>Knowing that you take a deep
<lb/>interest in everything relating to the extension of the <choice><sic>Redeemers</sic><corr>Redeemer's</corr></choice>
<lb/>kingdom both at home &amp; abroad, and feeling persuaded
<lb/>that the relationship which has existed between us is still
<lb/>sometimes remembered both by you and the Church in
<lb/><placeName><geogName type="town">Hamilton</geogName></placeName> I have no hestiancy in writing you a short
<lb/>epistle respecting the dark region of the world, <space extent="1" unit="chars"/> a region of 
<lb/>which it may truly be said it is the <del><gap extent="1" unit="words"/></del><add rend="above">" <quote>land of the</quote></add> shadow<!-- I couldn't put this all in one quote element. SF --><!-- OK -->
<lb/><quote>of death</quote>." Darkness worse than <term type="nationality">Egyptian</term> has overspread it
<lb/>And Satan long has retained in undisturbed possession, his
<lb/>seat in it, - I am just now returned from a journey
<lb/>of about <measure>700 miles</measure> in length during which I <add rend="below">^</add> <add rend="above">have</add> had ample
<lb/>opportunities of observing the miserable state of the inhabitants
<lb/>in the <placeName><region>Interior</region></placeName> of the continent and really no words can
<lb/>express their sad condition. Their state now is generally
<lb/>wretched in the extreme and their prospects for the future
<lb/>are as dark as midnight. <space extent="2" unit="chars"/>We visited several tribes, some
<lb/>of whom had never seen a <orgName>white man</orgName> except one, an
<lb/><choice><sic cert="medium">enterpreneuring</sic><corr>entrepreneuring</corr></choice> <term type="nationality">Scotch</term> <term type="occupation">trader</term> who a few years ago visited
<lb/>much of the <placeName><geogName type="region">Interior</geogName></placeName> in serach of Ivory &amp;c. One tribe which
<lb/>had lived out of the tract of other <term type="occupation">traders</term> who have since
<lb/>gone into the country had never beheld a white face so
<lb/>our first intercourse with them was sufficiently amusing
<lb/>and their subsequent kindness, good behavior and
<lb/>the good sense of their <term type="occupation">chief</term> have quite endeared them to
<lb/>us. <space extent="2" unit="chars"/>Most of the other tribes being accustomed to see <term type="occupation">traders</term>
<lb/>surrounded our <choice><orig>waggons</orig><reg>wagons</reg></choice> as soon as we approached their
<lb/>towns, commencing begging with all their might, a
<lb/>failing for which generally they <add rend="above"><term type="tribe">Bechuanas</term></add><!-- is "Pechanas" the tribe name? BL. --><!-- I read this as "Bechanas". SF --><!-- Fixed. AW --> are <unclear>notorious</unclear> But
<lb/>here the women fled into their houses &amp; the <choice><sic>child</sic><corr>children</corr></choice><!--Should I correct to "children"?; no evidence of more letters on page, also may possibly be referring to a single child? Please review. BL. --><!-- Done. AW -->
<lb/>screamed in terror <space extent="1" unit="chars"/>The men with the <term type="occupation">chief</term> in the centre were
<lb/>drawn up in line before the town<!-- I'm sure it's not fever but I can't decipher it either. SF --><!-- Fixed. AW --> &amp; waited respectfully until
<lb/>we had unyoked &amp; approached them. After salutations He
<lb/>pointed out to us his dignitaries who advanced &amp; formed a semicircle
<lb/>The <term type="occupation">chief</term> in the centre of it &amp; <del type="strikethrough">myself</del> <persName>Mr Edwards</persName> &amp; myself with
<lb/>two of our ,<orgName><term type="faith"><choice><sic>christian</sic><corr>Christian</corr></choice></term> <orgName>natives</orgName></orgName> who accopmanied us in the middle
<lb/>Thus arranged we sat down on the sand when refreshments
<lb/>were brought of which the <term type="occupation">chief</term> tasted &amp; then handed over
<lb/>to us. We were quite at home with them all in a minute
<lb/>or two as they knew one of our <orgName><orgName>native</orgName> <term type="faith">Christians</term></orgName>, (the
<lb/>son of an ungodly<!-- right word? BL. --><!-- OK. AW --> <term type="occupation">chief</term>) and he explained our objects -</p>
<lb/>
<lb/><cb rend="vertical"/><ab>When you write please address me at <placeName><settlement type="village">Kuruman</settlement></placeName> Care of <persName><choice><abbr>Rev<hi rend="sup">d</hi></abbr><expan>Reverend</expan></choice> <choice><abbr>D<hi rend="sup">r</hi></abbr><expan>Doctor</expan></choice> Phillip</persName> <placeName>Church Square</placeName> <placeName><settlement type="town">Cape Town</settlement></placeName>
<lb/>By the end of next month I hope again to go into the interior <del type="strikethrough">with</del> for the purpose of planting two of our <choice><orig>bretheren</orig><reg>brethren</reg></choice>
<lb/>amongst a tribe of their countrymen. I shall remain some time with them. Kind regards to <persName>Mrs M</persName>.
<lb/><space extent="23" unit="words"/>yours <choice><abbr>affecly</abbr><expan>affectionately</expan></choice>
<lb/><space extent="25" unit="words"/><persName><choice><abbr>DL.</abbr><expan>David Livingstone</expan></choice></persName></ab><!-- Livingstone initialed here. Still keep <signed> tags? BL. --><!-- Fixed. AW --><space/>

	<pb facs="liv_000493_0002" n="0002"/>
<lb/><p rend="no-indent">One of the <term type="occupation">chiefs</term> having sore eyes I promised him medicine which
<lb/>pleased him so much he never afterwards left my <choice><orig>waggon</orig><reg>wagon</reg></choice>
<lb/>except for the purpose of bringing me <term type="foodstuff">beans</term>, <term type="foodstuff">porridge</term> or <term type="foodstuff">mil<gap extent="1" unit="chars"/><supplied>k</supplied></term><!-- I read this as an abbreviation of millet. Not sure though. SF --><!--gets cut off by page. BL. --><!-- Fixed. AW -->
<lb/><space extent="1" unit="chars"/><!-- doesn't seem like a new paragraph, too small an indent. BL. --><!-- OK. AW -->We then went to the <term type="occupation"><choice><sic>chiefs</sic><corr>chief's</corr></choice></term> house and in passing through to
<lb/>Town<!--seems capitalized, treating as placeName. BL. --><!-- Fixed. AW --> the women peeped past their gateways but none of them
<lb/>dared to wait <choice><orig>untill</orig><reg>until</reg></choice> we came near, the very <term type="animal">dogs</term> <choice><orig>stopt</orig><reg>stopped</reg></choice> <unclear>me</unclear><!-- again, cut off by page. BL. -->
<lb/>to bark but fled with precipitation as if they had seen a
<lb/><term type="animal">lion</term> or <term type="animal">tiger</term>.<!-- terms here used figuratively. Should they still be tagged? BL. --><!-- OK. AW --> But before we left we had gained the confidence<!--word crosses pages. BL. -->
<lb/>of all so that both men women &amp; children came &amp; heard
<lb/>the gospel preached by <persName>Mr E.</persName> &amp; our people without the least
<lb/>appearance of fear. <space extent="2" unit="chars"/>And all behaved with decorum both
<lb/>during sermon &amp; prayer - I feel inclined to say much more
<lb/>about this tribe but forbear in order that I may have a
<lb/>little space to speak concerning the great importance of
<lb/>the churches at home immediately taking possession of these
<lb/>tribes in the name of the Lord. <space extent="2" unit="chars"/>When new islands are
<lb/>discovered by <term type="occupation">voyagers</term> it is their custom to take <w>possess-
<lb break="no"/>-ion</w> of them in name of their <term type="occupation">monarch</term> Now we can
<lb/>take possession of these tribes in a far nobler sense
<lb/>Every church almost might take a tribe under its care
<lb/>for if we can place two <orgName>native</orgName> <term type="occupation">teachers</term> in any of their
<lb/>towns, they being able to keep school &amp; preach in their
<lb/>own simple affectionate manner the message of mercy
<lb/><del type="blot">and</del> <del type="strikethrough">theirs</del> I hesitate not to say as much towards th<add place="above">-eir</add> - <w>evange<supplied>-</supplied>
<lb break="no"/>-lization</w> will by the<!-- Can't tell if this is "his" or "the". SF --><!-- Fixed. AW --> Divine blessing be affected in the
<lb/>first few years as can be expected from the labours
<lb/>of any two <orgName>Europeans</orgName> - <space extent="2" unit="chars"/>When we preach to a new
<lb/>people it takes a long time to efface from the <orgName>native</orgName> mind
<lb/>an impression that what we teach is nothing else than
<lb/>different customs to which we have become attached
<lb/><q>"These are just the ways of these foreigners"</q> say they but
<lb/><choice><sic>But</sic><corr/></choice> when one of themselves tells them of the way of
<lb/>life then their minds are brought more directly in
<lb/>contact with the truth and they are not diverted away
<lb/>from the subject by the peculiar strangeness which
<lb/>always clings to <orgName>foreigners</orgName> in every country - I feel
<lb/>that I cannot impress your mind with the importance of
<lb/>having <orgName>native</orgName> agents at work amongst these benighted
<lb/>people so much as I could wish But if you had
<lb/>beheld with me the vast difference manifested by tribes <del type="blot">24</del><!--may be different number or similar looking character. BL. -->
<lb/><measure>250 miles</measure> Northward and those only <measure>50</measure> <add place="below">^</add> <add place="above">distant</add> In the same direction
<lb/>or <measure>80</measure> to the East &amp; East by North, who have again &amp;
<lb/>again heard the gospel but amongst whom no regular
<lb/>systematic operations have yet been <del type="strikethrough">begun</del> carried on

	<pb facs="liv_000493_0003" n="0003"/>
<lb/>you certainly would heartily wish that the influences which
<lb/>have made <del><gap extent="1" unit="chars"/></del> the surrounding tribes scorners &amp; bitter opponent
<lb/>of the gospel might not reach those more distant before the
<lb/>truth has made some "headway" amongst them, near to us
<lb/>that is, within <measure>100</measure> or <measure>150 miles</measure> north &amp; <choice><abbr>N.E.</abbr><expan>North East</expan></choice><!--please review, a lot of wierd small vertical marks. BL. --><!-- I have changed it to N.E. because it looks like that's what Livingstone intended for the directions; the other marks around it I'm not sure about. SF --><!-- OK. AW --> The people are
<lb/>visited by <term type="occupation">traders</term>, <orgName>Griquas</orgName> <choice><abbr>&amp;c</abbr><expan>et cetera</expan></choice> who have given diseases but
<lb/>no remedies either for body or mind and many of them
<lb/>from having lived at <choice><abbr>Miss<hi rend="sup">y</hi></abbr><expan>Missionary</expan></choice> Stations know the truth
<lb/>but have become gospel hardened. But beyond that
<lb/>they are more free from the contamination of <orgName>Europeans</orgName>
<lb/>more unsophisticated &amp; behave more respectfully to <term type="occupation"><unclear><choice><sic>missionarys</sic><corr>missionaries</corr></choice></unclear></term><!-- Looks like he may have written "missionarys"? Not sure. SF -->
<lb/>They appear to me to be somewhat in the same position as
<lb/>the <orgName>natives</orgName> of newly discovered Islands in the <placeName><geogName type="sea">South Seas</geogName></placeName>
<lb/><unclear>of that we had the</unclear> means<!-- Looks like the word was maybe "recourse"? SF --><!-- Fixed. AW --> to send some of our converts<!--might be a similar word. BL. --><!-- OK. AW --> amongst
<lb/>these people, some <add place="below">^</add> <add place="above">here</add> are willing to go and the <gap extent="2" unit="words" agent="hole"/><supplied cert="medium">danger is</supplied>
<lb/>greater wordly <unclear>disadvantage</unclear><!-- Maybe "disadvantage"? SF --><!-- Fixed. AW --> then what <orgName>Christians</orgName> <unclear>at home</unclear>
<lb/>give their money <gap extent="1" unit="words"/> although they give largely. For
<lb/><measure>£10</measure> is by no means sufficient to support one in this
<lb/>country. <space extent="2" unit="chars"/>They receive it thankfully as an assistance but
<lb/>they are still chiefly dependant on other means of support
<lb/>They have still occasionally to go out &amp; hunt, but in this
<lb/>they are also useful for some in hunting when they
<lb/>arrive at villages collect the people &amp; preach to the <gap extent="1" unit="words"/>
<lb/>I shall speak freely (but privately) to you &amp; I impore you
<lb/>to try if you with my Dear friends <persName>John</persName> &amp; <persName>Samuel</persName>, cannot
<lb/>somehow or another collect as much as secure a <orgName><orgName>native</orgName>
<lb/><term type="occupation">Missionary</term></orgName> as your representative <del type="strikethrough">here</del> in the <placeName><region>Interior</region></placeName>
<lb/>As the <orgName>natives</orgName> say "my heart asks strongly" <unclear>for</unclear> <hi rend="underline">two</hi>
<lb/>But knowing the circumstances of the church I have
<lb/>not confidence to write them publicly. If you can do anything
<lb/>more than you are now doing Do think of <gap extent="1" unit="words"/><!-- To me, this could be "the dark". SF -->
<lb/><placeName><region>Interior of <placeName><bloc>Africa</bloc></placeName></region></placeName> had with <persName>John</persName> &amp; <gap extent="2" unit="words"/>
<lb/>as I can. Remember me to <persName>M<hi rend="sup">rs</hi> <persName>J.</persName> &amp; <persName>S.</persName></persName> &amp; to <persName>M<hi rend="sup">r</hi> M.</persName>. I
<lb/>know they have love to the cause of <persName>Christ</persName><!-- Do we label this as a person name? SF --><!-- Yes. AW --> and they will
<lb/>make an effort to help it on here. If you saw my
<lb/>heart you would excuse me for wanting so urgently and
<lb/>what I implore you to attempt if possible, I am not
<lb/>unwilling to attempt myself. By <unclear>faring</unclear> hard I fondly hope to
<lb/>be able to support 1 if not 2 from my salary which is at
<lb/>present such as is no more than sufficient to keep me
<lb/>in the rank of a <term type="occupation">tradesman</term> at home and I am willing
<lb/>to bear all the fatigue &amp; expense of taking these <term type="occupation">teachers</term>
<lb/>to their destination. Each journey amounting to about <measure>£6</measure>

	<pb facs="liv_000493_0004" n="0004"/>
<lb/>I mention these things implicitly believing that they will not go
<lb/>a single step beyond your own family circle &amp; I mention
<lb/>I do not think by way of boasting But I feel so anxious for
<lb/>the object I want to do anything, if anything more than letting
<lb/>you <del><gap extent="1" unit="words"/></del> know the real state of the case were necessary
<lb/>to stir you up &amp; provoke you to love &amp; good works
<lb/>I know you <choice><sic>dont</sic><corr>don't</corr></choice> need it but my heart was speaking
<lb/>the Church here raises annually between <measure>£20</measure> &amp; <measure>30</measure> &amp; there is
<lb/>scarcely any money amongst them, most of them are
<lb/>really poor, more so as regards food &amp; clothing than
<lb/><unclear>weavers</unclear> in <placeName><settlement type="town">Hamilton</settlement></placeName>. Yesterday 1 paid my <term type="occupation">driver</term> <measure>18
<lb/>dollars</measure> <del type="strikethrough">for</del> as wages for the journey which we had first
<lb/>concluded &amp; in which he had endured an immense
<lb/><unclear>amount of</unclear> fatigue. No sooner had he the money in his

	<cb/>
<lb/>hand than he walked over to the <unclear>table</unclear> where <persName>Mr Edwards</persName>
<lb/>was sitting &amp; laid down 12 our of the 18 to assist
<lb/>the spread of the gospel. This amongst a people
<lb/>where money is scarce &amp; valuable &amp; amongst a people
<lb/>notorious for niggardliness was cheering to our
<lb/>hearts &amp; this instance is not solitary - That excellent
<lb/>good old man  <persName>Mr. Hamilton</persName> sends his <term type="faith">Christian</term> salutation to <persName>M<hi rend="sup">rs</hi> M</persName>.
<lb/>I told him I should tell you about our need of <orgName>native</orgName> <term type="occupation">teachers</term>, <supplied>"</supplied>O Do
<lb/>said he and just try &amp; let them know the real state of the case"<!-- unmatched quotation marks. BL. --><!-- Fixed. AW -->
<lb/>This however is impossible you must see with your own eyes
<lb/>the good that has been effected by these means &amp; the sad state
<lb/>of those who now sit without even the means of enlightenment
<lb/><cb rend="vertical upside-down"/>before you can appreciate fully their great
<lb/>value</p>
<lb/>
<lb/><ab rend="vertical"><figure><figDesc>a black stamp that reads "THE" (or something similar) "LETTER", vertically.</figDesc></figure>
<lb/><del type="strikethrough">Care of <persName><choice><abbr>Rev<hi rend="sup">d</hi></abbr><expan>Reverend</expan></choice> <choice><abbr>D<hi rend="sup">r</hi></abbr><expan>Doctor</expan></choice> Phillip</persName> Church square</del><!-- not sure if actual deletion or misplaced underline. BL. -->
<lb/><space extent="2" unit="words"/><hi rend="right underline"><del type="strikethrough"><placeName><geogName type="city">Cape Town</geogName></placeName></del></hi>
<lb/><space extent="2" unit="words"/><figure><figDesc>an "S"-shape squiggly line</figDesc></figure> <space extent="1" unit="words"/><figure><figDesc>a large sideways "8" written over address lines.</figDesc></figure>
<address>
<addrLine><space extent="1" unit="words"/><persName><choice><abbr>M<hi rend="sup">r</hi></abbr><expan>Mister</expan></choice> John Naismith, <hi rend="underline"> Senior</hi></persName></addrLine>
<addrLine><space extent="3" unit="words"/><term type="occupation"><hi rend="underline">Leather Merchant</hi></term></addrLine>
<addrLine><space extent="2" unit="words"/><placeName><settlement type="town">Hamilton</settlement></placeName></addrLine>
<addrLine><space extent="1" unit="words"/><placeName><region>Lanarkshire</region></placeName></addrLine>
<addrLine rend="right large">N.<app><rdg>R.</rdg><rdg>B.</rdg></app></addrLine></address>
<lb/><figure><figDesc>Red circle stamp with "1842" encircled</figDesc></figure> <figure><figDesc>Faded red rectangular stamp overlapping red circle stamp</figDesc></figure>
</ab>
			

			</div>
        </body>
    </text>

</TEI>
