<?xml version="1.0" encoding="UTF-8"?>
<?xml-model href="http://livingstoneonline.github.io/LEAP-ODD/leap.rng" type="application/xml" schematypens="http://relaxng.org/ns/structure/1.0"?>
<?xml-model href="http://livingstoneonline.github.io/LEAP-ODD/leap.rng" type="application/xml" schematypens="http://purl.oclc.org/dsdl/schematron"?>
 <?xml-stylesheet href="http://livingstoneonline.github.io/LEAP-XSLT/transcription.xsl" type="text/xsl"?>
<TEI xmlns="http://www.tei-c.org/ns/1.0" xml:id="liv_001181">
    <teiHeader>
        <fileDesc>
            <titleStmt>
                <title>Letter to Thomas B. Horsfall</title>
            	<title type="alternative">Letter to Thomas B. Horsfall, 19 January 1858</title>
                <author>David Livingstone</author>
                <principal>Adrian S. Wisnicki</principal>
                <principal>Christopher Lawrence</principal>
                <respStmt xml:id="AW">
                    <name>Adrian S. Wisnicki</name>
                    <resp>Coding review</resp>
                </respStmt>
				<respStmt xml:id="BL">
					<name>Blaze Livingston</name>
					<resp>Revision</resp>
				</respStmt>
                <respStmt xml:id="JZ">
                    <name>Jade Zuehlke</name>
                    <resp>Transcription</resp>
                    <resp>Encoding</resp>
                </respStmt>
				<respStmt xml:id="SF">
					<name>Samantha Fitch</name>
					<resp>Coding review</resp>
				</respStmt>
            </titleStmt>	
            <publicationStmt>
                <authority>Livingstone Online</authority>
                <publisher>University of Maryland Libraries</publisher>
                <pubPlace>College Park, MD, USA</pubPlace>
                <date>2016</date>
                <idno type="LEAP-ID">liv_001181</idno>
            </publicationStmt>
            <sourceDesc>
                <msDesc>
                    <msIdentifier>
                        <country>England</country>
                        <settlement>London</settlement>
                        <repository>National Library of Scotland</repository>
                        <idno type="shelfmark"></idno><!-- No shelfmark found -->
                        <altIdentifier>
                            <idno type="ccnumber">Letters, 0666.5</idno>
                        </altIdentifier>
                    </msIdentifier>
                    <physDesc>
                        <handDesc>
                            <handNote xml:id="U"><label>Unknown Hand</label> This hand is unknown but thought not David Livingstone's.</handNote>
                        </handDesc>
                    </physDesc>
                </msDesc>
                <bibl type="sourceMetadata">
                    <title>Letter to Thomas B. Horsfall, 19 January 1858</title>
                    <author xml:id="DL">David Livingstone</author>
                    <date type="composition" when="1858-01-19">19 January 1858</date>
                    <placeName type="compositionPlace">12 Kensington Palace Gardens, London</placeName>
                    <persName type="addressee">Thomas B. Horsfall</persName>
                </bibl>
            </sourceDesc>
        </fileDesc>
        <profileDesc>
            <langUsage>
                <language ident="en">English</language>
            </langUsage>
        </profileDesc>
        <revisionDesc>
			<change when="2017-03-31" who="#SF">Proofing</change>
			<change when="2016-11-02" who="#BL">Revision</change>
            <change when="2016-06-28" who="#JZ">Initial transcription and XML encoding</change>
        </revisionDesc>
    </teiHeader>

    <text>
        <body>
            <div>
               
	<pb facs="liv_001181_0001" n="0001"/>
<lb/><p><add place="marginright" rend="gray" hand="#U">Acc. 7775</add><space extent="2" unit="words"/><add place="marginleft" rend="gray" hand="#U">37</add></p>
<lb/><p rend="no-indent"><placeName>12 Kensington Palace Garden</placeName>
<lb/><space extent="1" unit="words"/><date when="1858-01-19">19<hi rend="sup">th</hi> January
<lb/><space extent="2" unit="words"/>1858</date></p>
<lb/>    
<lb/><p rend="no-indent">My Dear Sir</p>
<lb/><p>I think I had
<lb/>acknowledged the
<lb/>receipt of your
<lb/>favour containing
<lb/>the note from
<lb/><persName>Lady Chetwynd</persName> before
<lb/>your last came
<lb/>to hand but certainly
<lb/>not before it was
<lb/>due. And while

	<pb facs="liv_001181_0002" n="0002"/>
<lb/>thanking you for
<lb/>the courtesy you
<lb/><choice><orig>shewed</orig><reg>showed</reg></choice> in directing
<lb/>me to send my
<lb/>things to your <choice><sic>brothers</sic><corr>brother's</corr></choice>
<lb/>warehouse it has
<lb/>occurred to me
<lb/>that possibly he
<lb/>has some of the
<lb/>articles we need
<lb/>as presents and
<lb/>that if we got
<lb/>them from him
<lb/>it would save all
<lb/>the carriage

	<pb facs="liv_001181_0003" n="0003"/>
<lb/><space extent="4" unit="words"/><add place="marginright" rend="gray" hand="#U">38</add>
<lb/>Has he beads, brass wire
<lb/>&amp; ammunition such as
<lb/>are used in the <placeName><region>West 
<lb/><orgName>African</orgName></region></placeName> trade, if so
<lb/>I would like to arrange
<lb/>with him - <add place="above">or another</add> on getting 
<lb/>samples - I am
<lb/>proceeding on the
<lb/>hope of being excused
<lb/>if I am thinking
<lb/>of him too meanly
<lb/>and that if he is
<lb/>not actually engaged
<lb/>in importing beads

	<pb facs="liv_001181_0004" n="0004"/>
<lb/>he may give me a
<lb/>hint as to finding
<lb/>a man who will
<lb/>deal fairly with me
<lb/>instead. I could get
<lb/>them in <placeName><settlement type="city">London</settlement></placeName> but
<lb/>the carriage might
<lb/>be saved by getting
<lb/>them in <placeName><settlement type="city">Liverpool</settlement></placeName>
<lb/>Hoping you will not
<lb/>imitate my bad
<lb/>example in correspondence</p>

<lb/><p rend="no-indent"><space extent="1" unit="words"/>I am yours most
<lb/><space extent="2" unit="words"/>Truly -</p>
<lb/><p rend="no-indent"><persName>David Livingstone</persName></p>

<lb/><trailer>J.B. Horsball Esq.</trailer><!--Added trailer...is this okay?-->

            </div>
        </body>
    </text>

</TEI>
