<?xml version="1.0" encoding="UTF-8"?>
<?xml-model href="http://livingstoneonline.github.io/LEAP-ODD/leap.rng" type="application/xml" schematypens="http://relaxng.org/ns/structure/1.0"?>
<?xml-model href="http://livingstoneonline.github.io/LEAP-ODD/leap.rng" type="application/xml" schematypens="http://purl.oclc.org/dsdl/schematron"?>
 <?xml-stylesheet href="http://livingstoneonline.github.io/LEAP-XSLT/transcription.xsl" type="text/xsl"?>
<TEI xmlns="http://www.tei-c.org/ns/1.0" xml:id="liv_002704">
    <teiHeader>
        <fileDesc>
            <titleStmt>
                <title>Letter to Unknown</title>
                <title type="alternative">Letter to Unknown, Date Unknown (No Later than 1873)</title>
                <author>David Livingstone</author>
                <principal>Adrian S. Wisnicki</principal>
                <principal>Christopher Lawrence</principal>
                <respStmt xml:id="BL">
                    <name>Blaze Livingston</name>
                    <resp>Transcription</resp>
                    <resp>Encoding</resp>
                </respStmt>
                <respStmt xml:id="AW">
                    <name>Adrian S. Wisnicki</name>
                    <resp>Coding review</resp>
                </respStmt>
            </titleStmt>	
            <publicationStmt>
                <authority>Livingstone Online</authority>
                <publisher>University of Maryland Libraries</publisher>
                <pubPlace>College Park, MD, USA</pubPlace>
                <date>2016</date>
                <idno type="LEAP-ID">liv_002704</idno>
            </publicationStmt>
            <sourceDesc>
                <msDesc>
                    <msIdentifier>
                        <country>USA</country>
                        <settlement>Washington, D.C.</settlement>
                        <repository>Smithsonian Institution. Libraries. Joseph F. Cullman 3rd Library of natural History</repository>
                        <idno type="shelfmark">M097</idno>
                        <altIdentifier>
                            <idno type="ccnumber"></idno><!--not included on full record. BL-->
                        </altIdentifier>
                    </msIdentifier>
                    <physDesc>
                        <handDesc>
                            <handNote xml:id="U"><label>Unknown Hand</label> This hand is unknown but thought not David Livingstone's.</handNote>
                        </handDesc>
                    </physDesc>
                </msDesc>
                <bibl type="sourceMetadata">
                    <title type="alternative">Letter to Unknown, Date Unknown (No Later than 1873)</title>
                    <author xml:id="DL">David Livingstone</author>
                    <date type="composition" when="1873">Date Unknown (No Later than 1873)</date><!--I kept when="1873", seems appropriate. Should I take out "when="1873"" altogether though? BL.-->
                    <placeName type="compositionPlace">[Southern Africa]</placeName>
                    <persName type="addressee">Unknown</persName>
                </bibl>
            </sourceDesc>
        </fileDesc>
        <profileDesc>
            <langUsage>
                <language ident="en">English</language>
            </langUsage>
        </profileDesc>
        <revisionDesc>
            <change when="2016-11-30" who="#BL">Initial transcription and XML encoding</change>
			<change when="2017-02-02" who="#SF">Proofing</change>
        </revisionDesc>
    </teiHeader>

    <text>
        <body>
            <div>
               
	<pb facs="liv_002704_0001" n="0001"/>
<p><lb/><add place="margintop">2 sheet in hope of it</add> removing all it will
<lb/>bother me to get up the
<lb/>coast. If I could believe
<lb/>as I do not that I
<lb/>should deliberately be
<lb/>abandoned I could
<lb/>easily look after my
<lb/>own private concerns
<lb/>as the chief object
<lb/>before me and let
<lb/>who might bring down
<lb/>the Pioneer. I wish
<lb/>however in all things
<lb/>to act honorably &amp;
<lb/>to treat Government
<lb/>property as if it were
<lb/>my own.</p>
<lb/><p>I hear that <add place="below">^</add> <add rend="above"><persName>Captain Burton</persName></add>
<lb/>poor fellow has at last
	
	<pb facs="liv_002704_0001" n="0002"/>
<lb/><add place="margintop">page 2</add>
<lb/>fallen foul of me in a letter
<lb/>to the "<q>Times</q>" but <unclear>am</unclear>
<lb/>too much as he would
<lb/>say "<quote>negroid</quote>" to affect
<lb/>surprise. I abandoned
<lb/>exploration almost
<lb/>entirely in order to devote
<lb/>all my energies to opening
<lb/>up a channel for lawful
<lb/>commerce with the interior
<lb/>in order thereby to stop
<lb/>the slave trade. The discoveries
<lb/>made were only by the
<lb/>way. and not the chief
<lb/>aim of my labours.
<lb/>Well for my previous
<lb/>explorations I recieved
<lb/>a great deal of praise
<lb/>of which to its full
<lb/>extent I inwardly never

	<pb facs="liv_002704_0001" n="0003"/>
<lb/><add place="margintop" hand="U">(3)</add><!-- Not sure if Livingstone or not. Assuming not, but could be wrong. BL-->
<lb/>felt my self deserving. I
<lb/>onlny felt sure that I had
<lb/>tried to do my duty. Of
<lb/>that I am still right
<lb/>certain. and though I
<lb/>shall not be indifferent
<lb/>to censure from persons
<lb/>of ordinary good nature
<lb/>for failing to establish
<lb/>what <term type="nationality">Portuguese</term> slave
<lb/>hunters have to my
<lb/>sorrow overturned. I
<lb/>shall continue to put the
<lb/>praise over against the
<lb/>blame. The sweet one
<lb/>against the bitter - and
<lb/>and - and "<q>whistle oe'r
<lb/>the lave o't</q>" our

	<pb facs="liv_002704_0001" n="0004"/>
<lb/><add place="margintop" hand="U">(4)</add>
<lb/>much respected medical
<lb/>ancestor <persName>Hippocrates</persName>
<lb/>was sometimes almost
<lb/>deified yet soundly
<lb/>asserts that he on
<lb/>the whole got far
<lb/>more blame than
<lb/>praise. I have learned
<lb/>in some things to copy
<lb/>the wise old man.</p>
<lb/><p>In my other letter
<lb/>I thought some things in it
<lb/>might be published
<lb/>but after calmly reading
<lb/>it over you will be
<lb/>a better judge of it.
<lb/>The names need be
<lb/>introduced. Not a
<lb/>syllable from any
<lb/>of the children have <unclear>yet</unclear>.</p>
<!-- no closer. BL-->



            </div>
        </body>
    </text>

</TEI>
