<?xml version="1.0" encoding="UTF-8"?>
<?xml-model href="http://livingstoneonline.github.io/LEAP-ODD/leap.rng" type="application/xml" schematypens="http://relaxng.org/ns/structure/1.0"?>
<?xml-model href="http://livingstoneonline.github.io/LEAP-ODD/leap.rng" type="application/xml" schematypens="http://purl.oclc.org/dsdl/schematron"?>
 <?xml-stylesheet href="http://livingstoneonline.github.io/LEAP-XSLT/transcription.xsl" type="text/xsl"?>
 <!--Converted from a TEI P4 XML file to the LEAP TEI P5 Schema by James Cummings on 2015-03-02--><!--TEI encoding revised and standardized by Adrian S. Wisnicki, 2015-2016-->
         <TEI xmlns="http://www.tei-c.org/ns/1.0" xml:id="liv_002513"><!-- LP114 -->
	<teiHeader>
		<fileDesc>
			<titleStmt>
				<title>Letter to Agnes Livingstone 3</title>
                <title type="alternative">Letter to Agnes Livingstone 3, 2 February 1867</title>
				<author xml:id="DL">Livingstone, David, 1813-1873</author>
			</titleStmt>
			<publicationStmt>
				<authority>Livingstone Online</authority>
				<pubPlace>London</pubPlace>
				<date>2006-10-09</date>
				<publisher>Wellcome Centre for the History of Medicine, UCL</publisher>
				<idno type="LEAP-ID">liv_002513</idno>
			</publicationStmt>
			<sourceDesc>
				<bibl xml:id="ccnumber">Letters, 1914</bibl>
				<bibl xml:id="recipient"><persName>Livingstone, Agnes 3, 1847-1912</persName></bibl>
				<bibl xml:id="date"><date when="1867-02-02">2 February 1867</date></bibl>
				<bibl xml:id="where">Chitapangwa's vill., Bemba</bibl>
				<bibl xml:id="shelfmark">National Library of Scotland; MS. 10704, ff. 45-48</bibl><!--1867-02-02--><!--Original:1867-02-02-->
				<bibl xml:id="extent">8 pages</bibl>
			</sourceDesc>
		</fileDesc>
		<revisionDesc>
			<change>
				<date>2006-08-14</date>
				<name xml:id="SM">Sharon Messenger</name>Initial Transcription
			</change>
		</revisionDesc>
	</teiHeader>

	<text>
		<body>
			<div>

	<pb n="0001" facs="liv_002513_0001"/><!--pb/@n='45r'-->
<!--hand01top right45--><!--hand02top left 17 in a circle-->
<lb/><p rend="right">Chitapangwas vil. </p>
<lb/><p rend="right">Bemba 2 Feb<hi rend="sup">y</hi></p>
<lb/><p rend="right">1867</p>
<lb/><p rend="no-indent">My Darling <persName>Nannie</persName></p>
<lb/><p>We have been a 
<lb/>long time in working 
<lb/>North to this which is 
<lb/>probably the watershed 
<lb/>the Geographers seek. 
<lb/>We are some 4,500 feet 
<lb/>above the sea and the 
<lb/>river <placeName>Luapula</placeName> lies 
<lb/>in front of us. This is 
<lb/>said to be very large &amp; 
<lb/>flows into <placeName>Lake Tanganyika</placeName>
<lb/>where we hope to be 
<lb/>by May next. I have 
<lb/>the anticipation of letters 

	<pb n="0002" facs="liv_002513_0002"/><!--pb/@n='45v'-->
<lb/>there and a fresh stock of 
<lb/>goods. The Arabs all fled 
<lb/>from me as if I had the 
<lb/>plague &amp; I could send nothing 
<lb/>to the coast. We had to go a 
<lb/>long way round about 
<lb/>besides partly to prevent 
<lb/>my <term type="tribe">Johanna</term> men running 
<lb/>away at sight of danger 
<lb/>and partly because the 
<lb/>Arabs were afraid that I 
<lb/>would burn their vessels 
<lb/>on <placeName>Lake Nyassa</placeName> as <unclear cert="low">slavers</unclear>
<lb/>the <term type="tribe">Johanna</term> men did at 
<lb/>last bolt at the mere 
<lb/>repeat of danger in front 
<lb/>and I went on &amp; faced it 
<lb/>with but nine Africans 
<lb/>six of whom are boys 
<lb/>from a school at 
<lb/><placeName>Bombay</placeName> for the recaptured 

	<pb n="0003" facs="liv_002513_0003"/><!--pb/@n='46r'-->
<lb/><!--hand01topright46-->the <term type="tribe">Johanna</term> men were such 
<lb/>a lot of <choice><sic>theives</sic><corr>thieves</corr></choice> that it was 
<lb/>a relief to get rid of them 
<lb/>We have since worked our 
<lb/>way North till we are 
<lb/>in a part blank on the 
<lb/>maps. We got enough 
<lb/>of meat in the lower 
<lb/>lands by the rifle. but 
<lb/>when we got up to the 
<lb/>highland of the <placeName>Babisa</placeName>
<lb/>not an animal could 
<lb/>be seen. the people all 
<lb/>scattered by their own 
<lb/>slaving could sell us 
<lb/>nothing. They lived 
<lb/>chiefly on Mushrooms 
<lb/>and by trudging through 
<lb/>dripping forests and 
<lb/>sloppy marshes. the 
<lb/><unclear cert="low">feet</unclear> almost constantly wet 

	<pb n="0004" facs="liv_002513_0004"/><!--pb/@n='46v'-->
<lb/>and gnawing hunger 
<lb/>within most of the <placeName>Newstead</placeName>
<lb/>flesh came off my bones. 
<lb/>Here the people have something 
<lb/>to sell so we get on better 
<lb/>&amp; mean to rest a while &amp; 
<lb/>recruit. This village has 
<lb/>three stockades round it 
<lb/>the inner one being defended 
<lb/>too by a deep ditch &amp; 
<lb/>thorny hedge. When we 
<lb/>came I went to be publicly 
<lb/><choice><sic>recieved</sic><corr>recieved</corr></choice> by the <persName>chief- 
<lb/>Chitapangwa</persName> - no one 
<lb/>could go near him the 
<lb/>first time without a 
<lb/>present. He sat by a 
<lb/>huge hut and a dozen 
<lb/>men beat drums and 
<lb/>shook rattles so as to 
<lb/>make a terrific din 
<lb/>I would not sit on the 

	<pb n="0005" facs="liv_002513_0005"/><!--pb/@n='48v'-->
<lb/><!--hand03topleft5-->ground so he ordered 
<lb/>a big elephants tusk to 
<lb/>be placed <unclear cert="low">for</unclear> me. His 
<lb/>legs were like milestones 
<lb/>from the number of rings 
<lb/>and little bells on them 
<lb/>after talking a while he 
<lb/>came along with me to 
<lb/>a group of cows &amp; gave 
<lb/>me one sending the tusk 
<lb/>to me because I had sat 
<lb/>upon it, but I did not 
<lb/>accept of it </p>
<lb/><p>The country is covered 
<lb/>mostly with forest of 
<lb/>two kinds of trees mainly 
<lb/>and these yield to <unclear cert="low">bark</unclear>
<lb/>cloth with which nearly 
<lb/>all are clothed. The forests 
<lb/>are very leafy - burns 
<lb/>run in every direction 
<lb/>and all are now full 

	<pb n="0006" facs="liv_002513_0006"/><!--pb/@n='47r'-->
<lb/><!--hand01topright47--><!--hand03topleft-->I have no news since 
<lb/>we left the coast. I lost 
<lb/>all my medicines at one 
<lb/>blow. This is the sorest 
<lb/>loss of property that ever 
<lb/>befell me. I have had no 
<lb/>fever as yet but should 
<lb/>it come I must try native 
<lb/>remedies and trust in 
<lb/>that watchful care which 
<lb/>every moment guards 
<lb/>and keeps us with a 
<lb/>care more minute &amp; 
<lb/>constant than our self 
<lb/>love could attain. I 
<lb/>suppose you have been 
<lb/>at <placeName>Newstead</placeName>. Get all 
<lb/>the accomplishments 
<lb/>you can while you 
<lb/>have the chance 

	<pb n="0007" facs="liv_002513_0007"/><!--pb/@n='47v'-->
<lb/><!--hand03topleft7-->I wish you would let 
<lb/><persName>M<hi rend="sup">r</hi> Oswell</persName> know that 
<lb/>you have heard from 
<lb/>me. Some black slave 
<lb/>traders take this to the 
<lb/>coast and will not wait 
<lb/>till I have written to all 
<lb/>to whom I ought. they 
<lb/>have just got their complement 
<lb/>of slaves and off they 
<lb/>will go. <persName>Tom</persName> had better 
<lb/>not tell his fellow lodger 
<lb/><persName>M<hi rend="sup">r</hi> Stewart</persName> all he asks 
<lb/>for he is not very delicate 
<lb/>as to his questions but 
<lb/><persName>Tom</persName> had better not read 
<lb/>this to him as you did 
<lb/>my remark about <persName>Miss 
<lb/>---</persName> a good way of 
<w>answer-<lb break="no"/>ing</w> a question which 
<lb/>ought not to have been 

	<pb n="0008" facs="liv_002513_0008"/><!--pb/@n='48r'-->
<lb/><!--hand01topright48--><!--hand03topleft8-->put is to ask "can you keep 
<lb/>a secret" to the affirmative 
<lb/>reply "well so can I." This 
<lb/>was <persName>archbishop's <unclear cert="low">Whatelys</unclear></persName>
<lb/>advice - I have written 
<lb/>till my head is blank 
<lb/>all or nearly all last 
<lb/>night &amp; all day today 
<lb/>Remember me kindly 
<lb/>to <persName>M<hi rend="sup underline">r</hi> &amp; M<hi rend="sup underline">rs</hi> Murray</persName> - 
<lb/>to <persName>Madame Hocede</persName> if 
<lb/>you are near her and 
<lb/>accept of my blessing </p>
<lb/><p>Affectionately yours </p>
<lb/><p>David Livingstone </p>
			
</div>
		</body>
	</text></TEI>