<?xml version="1.0" encoding="UTF-8"?>
<?xml-model href="http://livingstoneonline.github.io/LEAP-ODD/leap.rng" type="application/xml" schematypens="http://relaxng.org/ns/structure/1.0"?>
<?xml-model href="http://livingstoneonline.github.io/LEAP-ODD/leap.rng" type="application/xml" schematypens="http://purl.oclc.org/dsdl/schematron"?>
<?xml-stylesheet href="http://livingstoneonline.github.io/LEAP-XSLT/transcription-1871.xsl" type="text/xsl"?>
<!--<?xml-stylesheet href="transcription-1871.xsl" type="text/xsl"?>-->
<TEI xmlns="http://www.tei-c.org/ns/1.0" xml:id="liv_000098">
    <teiHeader>
        <fileDesc>
            <titleStmt>
                <title>Fragment of 1871 Field Diary</title>
				<title type="alternative">Fragment of 1871 Field Diary, 23 October 1871-3 November 1871</title>
                <author>David Livingstone</author>
                <principal>Adrian S. Wisnicki</principal>
                <respStmt xml:id="AW">
                    <name>Adrian S. Wisnicki</name>
                    <resp>Editorial Decisions</resp>
                    <resp>Transcription</resp>
                    <resp>TEI Encoding</resp>
					<resp>Proofing</resp>
					<resp>Editing</resp>
					<resp>Encoding Review</resp>
                </respStmt>	
                <respStmt xml:id="KS">
                    <name>Kathryn Simpson</name>
                    <resp>Transcription</resp>
                    <resp>TEI Encoding</resp>
					<resp>Proofing</resp>
                </respStmt>				
            </titleStmt>
            <publicationStmt>
                <authority>Livingstone Online</authority>
                <publisher>University of Maryland Libraries</publisher>
                <pubPlace>College Park, MD, USA</pubPlace>
                <date>2016</date>
                <idno type="LEAP-ID">liv_000098</idno>
            </publicationStmt>
            <sourceDesc>
                <msDesc>
                    <msIdentifier>
                        <country>United Kingdom</country>
                        <settlement>Oxford</settlement>
                        <repository>Bodleian Library. Weston Library</repository>
                        <idno type="shelfmark">Waller MSS. Afr. s. 16.1, f. 172</idno>
                        <altIdentifier>
                            <idno type="ccnumber">Field Diaries, 039</idno>
                        </altIdentifier>
                    </msIdentifier>
                    <physDesc>
                        <handDesc>
                            <handNote xml:id="U"><label>Unknown Hand</label> This hand is unknown
                                but thought not David Livingstone's.</handNote>
                        </handDesc>
                    </physDesc>
                </msDesc>
                <bibl type="sourceMetadata">
                    <title type="alternative">Fragment of 1871 Field Diary, 23 October 1871-3 November 1871</title>
                    <author xml:id="DL">David Livingstone</author>
                    <date type="composition" from="1871-10-23" to="1871-11-03">23 October 1871-3 November 1871</date>
                    <placeName type="compositionPlace">Ujiji</placeName>
                </bibl>
            </sourceDesc>
        </fileDesc>
        <profileDesc>
            <langUsage>
                <language ident="en">English</language>
                <language ident="und">Undetermined African Language</language>
            </langUsage>
        </profileDesc>
        <revisionDesc>

			<!-- Integration -->
            <change when="2016-09-28" who="#AW">Integration</change>
            <change when="2016-09-28" who="#AW">Data scrubbing and prep for XSL transformation</change>

			<!-- liv_000098_0001 to liv_000098_0004 -->
            <change when="2011-06-12" who="#AW">Initial transcription and TEI encoding</change>
            <change when="2011-08-06" who="#KS">Proofing</change>
            <change when="2011-08-06" who="#AW">Editing</change>

        </revisionDesc>
    </teiHeader>



	<text>
       	<body>
			<div>

	<gb type="folio"/>

	<pb facs="liv_000098_0001" n="0001"/><!-- <milestone n="172ar" unit="folio"/> --><!-- <milestone unit="page" n="001r"/> -->
<lb n="1"/><p><date when="1871-10-23">23<hi rend="sup underline">d</hi></date> <add place="above" rend="gray" hand="#U"><date when="1871-10"><choice><abbr>Oct.</abbr><expan>October</expan></choice> 1871</date></add> arrived at <placeName><settlement type="village" ref="settlement.xml#sett0014">Ujiji</settlement></placeName> = and <add place="marginright" rend="gray small" hand="#U">172a</add>
<lb n="2"/>found that <persName ref="people.xml#pers0166">Shereef</persName> had sold off
<lb n="3"/>all my goods for slaves &amp; ivory
<lb n="4"/>in spite of remonstrance by
<lb n="5"/>the chief men here - came impudently
<lb n="6"/>and offered me his hand <space dim="horizontal" extent="2" unit="chars"/>!!!</p>
<lb n="7"/><p><date when="1871-10-24">24<hi rend="sup underline">th</hi></date> Rest dispirited &amp; sore</p>
<lb n="8"/><p><date when="1871-10-25">25<hi rend="sup underline">th</hi></date> call <persName ref="people.xml#pers0166">Shereef</persName> &amp; demand my
<lb n="9"/>goods - said <persName ref="people.xml#pers0034">Ludha</persName> had ordered him
<lb n="10"/>to <unclear cert="high">stay</unclear> a month &amp; then leave
<lb n="11"/>Had divined on Koran &amp; found
<lb n="12"/>I was dead - then sold all = write letter</p>
<lb n="13"/><p><date when="1871-10-26">26<hi rend="sup underline">th</hi></date> News from <placeName><settlement type="village">Garaganza</settlement></placeName>
<lb n="14"/>many Arabs killed - road
<lb n="15"/>shut up - one <persName>Englishman</persName> there</p>

	<pb facs="liv_000098_0002" n="0002"/><!-- <milestone n="172av" unit="folio"/> --><!-- <milestone unit="page" n="001v"/> -->
<lb/><p><figure n="1"><figDesc>Series of squiggles to correct ink flow across the top portion of the page.</figDesc></figure>
<lb/><figure n="2"><figDesc>Series of calculations that cover the bottom portion of the page.</figDesc></figure></p>


	<gb type="envelope"/>

	<pb facs="liv_000098_0003" n="0003"/><!-- <milestone n="172br" unit="folio"/> --><!-- <milestone unit="page" n="002r"/> -->
<lb/><p rend="right"><add place="inspace" rend="gray small" hand="#U">172b <lb/><choice><abbr>ult.</abbr><expan>ultimo</expan></choice></add></p>
<lb/><p><figure n="1"><figDesc>Series of calculations in pencil at the center of the page as well as two inked squiggles to correct ink flow.</figDesc></figure></p>
<lb n="1"/><p><date when="1871-10-27">27<hi rend="sup underline">th</hi></date> condole <persName ref="people.xml#pers0158">Seyed bin <choice><orig>Madjid</orig><reg>Majid</reg></choice></persName>
<lb n="2"/>whose son is killed there</p>
<lb n="3"/><p><date when="1871-11-01">Thursday 1<hi rend="sup underline">st</hi> <choice><abbr>Nov<hi rend="sup underline">r</hi></abbr><expan>November</expan></choice></date> very hot
<lb n="4"/>feverish - Rain soon -</p>
<lb n="5"/><p><date when="1871-11-03">3<hi rend="sup underline">d</hi> <choice><abbr>Sat.</abbr><expan>Saturday</expan></choice></date></p>

	<pb facs="liv_000098_0004" n="0004"/><!-- <milestone n="172bv" unit="folio"/> --><!-- <milestone unit="page" n="002v"/> -->
<!-- <milestone unit="column" n="1"/> --><cb n="1"/>
<lb n="1"/><p><unclear cert="medium"><foreign xml:lang="und"><choice><unclear>Livu</unclear><unclear>Liren</unclear></choice></foreign></unclear></p>
<!-- <milestone unit="column" n="2"/> --><cb n="2"/>
<lb/><p><figure n="1"><figDesc>Calculation at the top center of the page.</figDesc></figure></p>
<!-- <milestone unit="column" n="3"/>--><cb n="3"/>
<lb n="1"/><p rend="vertical"><placeName><geogName type="river">Megera apanda</geogName></placeName>
<lb n="2"/>goes into <hi rend="underline"><placeName><geogName type="river">Losizi</geogName></placeName></hi></p>
<milestone unit="section" rend="line"/>
<!--<milestone unit="endColumns"/>--><cb rend="left"/>
<lb/><p><figure n="2"><figDesc>Postal stamp that reads "MAURITIUS A AP 13 69."</figDesc></figure>
<lb/><figure n="3"><figDesc>Series of squiggles to correct ink flow.</figDesc></figure>
<lb/><figure n="4"><figDesc>Two cancelled one-penny British postal stamps affixed to the page.</figDesc></figure></p>
<lb/><ab><add hand="#U"><address>
<addrLine><persName ref="people.xml#pers0071">Dr. Kirk</persName></addrLine> 
<addrLine><space extent="1" unit="words"/>Consulate</addrLine> 
<addrLine><space extent="3" unit="words"/><placeName><geogName type="island" ref="geogName.xml#geog0060">Zanzibar</geogName></placeName></addrLine> 
<addrLine><space extent="1" unit="words"/>care of <choice><abbr>H.M.</abbr><expan>Her Majesty's</expan></choice> Commissioner</addrLine> 
<addrLine><space extent="5" unit="words"/><placeName><country>Seychelles</country></placeName></addrLine></address></add></ab> 

			</div>
       	</body>
	</text>

</TEI>
