<?xml version='1.0' encoding='utf-8' standalone='yes'?>
<mods:mods xmlns:mods='http://www.loc.gov/mods/v3' xmlns:xlink='http://www.w3.org/1999/xlink' xmlns:xsi='http://www.w3.org/2001/XMLSchema-instance' xsi:schemaLocation='http://www.loc.gov/standards/mods/v3/mods-3-5.xsd'>
  <mods:identifier type='local' displayLabel='master_id'>liv_000098</mods:identifier>
  <mods:identifier type='local' displayLabel='Canonical Catalog Number'>Field Diaries, 39</mods:identifier>
  <mods:titleInfo>
    <mods:title>Fragment of 1871 Field Diary</mods:title>
  </mods:titleInfo>
  <mods:titleInfo type='alternative'>
    <mods:title>Fragment of 1871 Field Diary, 23 October 1871-3 November 1871</mods:title>
  </mods:titleInfo>
  <mods:name type='personal'>
    <mods:namePart>Livingstone, David, 1813-1873</mods:namePart>
    <mods:role>
      <mods:roleTerm type='text'>creator</mods:roleTerm>
    </mods:role>
  </mods:name>
  <mods:genre authority='aat'>field notes</mods:genre>
  <mods:genre authority='aat'>diaries</mods:genre>
  <mods:genre authority='aat'>autographs (manuscripts)</mods:genre>
  <mods:genre authority='aat'>spectral color</mods:genre>
  <mods:originInfo>
    <mods:publisher>Livingstone Online (http://livingstoneonline.org/)</mods:publisher>
    <mods:dateCreated>23 October 1871-3 November 1871</mods:dateCreated>
    <mods:dateCreated encoding='iso8601'>1871-10-23/1871-11-03</mods:dateCreated>
  </mods:originInfo>
  <mods:originInfo displayLabel='Livingstone'>
    <mods:place>
      <mods:placeTerm type='text'>[East and Central Africa]</mods:placeTerm>
    </mods:place>
  </mods:originInfo>
  <mods:originInfo displayLabel='LoC'>
    <mods:place>
      <mods:placeTerm type='text'>Africa, Eastern</mods:placeTerm>
    </mods:place>
    <mods:place>
      <mods:placeTerm type='text'>Africa, Central</mods:placeTerm>
    </mods:place>
  </mods:originInfo>
  <mods:subject>
    <mods:cartographics>
      <mods:coordinates>-6.077944,34.914455</mods:coordinates>
    </mods:cartographics>
  </mods:subject>
  <mods:subject>
    <mods:cartographics>
      <mods:coordinates>-5.868983,24.166489</mods:coordinates>
    </mods:cartographics>
  </mods:subject>
  <mods:physicalDescription>
    <mods:note type='physical details'>Incomplete manuscript in creator's hand</mods:note>
    <mods:extent unit='pages'>4</mods:extent>
    <mods:note>2 folia, folded to create 4 pages, with writing on 4 pages</mods:note>
    <mods:extent unit='mm'>166 x 154</mods:extent>
  </mods:physicalDescription>
  <mods:relatedItem type='original'>
    <mods:name type='corporate' authority='local'>
      <mods:namePart>Bodleian Library. Weston Library</mods:namePart>
      <mods:role>
        <mods:roleTerm type='text' authority='marclerator'>repository</mods:roleTerm>
      </mods:role>
    </mods:name>
    <mods:location>
      <mods:shelfLocator>Waller MSS. Afr. s. 16.1, f. 172</mods:shelfLocator>
    </mods:location>
    <mods:accessCondition type='use and reproduction'>Images &amp;#169; The Bodleian Library, University of Oxford. Used by permission.</mods:accessCondition>
    <mods:accessCondition type='use and reproduction'>As relevant, &amp;#169; Dr. Neil Imray Livingstone Wilson. Creative Commons Attribution-NonCommercial 3.0 Unported (https://creativecommons.org/licenses/by-nc/3.0/).</mods:accessCondition>
  </mods:relatedItem>
  <mods:identifier type='local' displayLabel='NLS copy identifier'>MS. 10780</mods:identifier>
</mods:mods>