<?xml version="1.0" encoding="UTF-8"?>
<?xml-model href="http://livingstoneonline.github.io/LEAP-ODD/leap.rng" type="application/xml" schematypens="http://relaxng.org/ns/structure/1.0"?>
<?xml-model href="http://livingstoneonline.github.io/LEAP-ODD/leap.rng" type="application/xml" schematypens="http://purl.oclc.org/dsdl/schematron"?>
<TEI xmlns="http://www.tei-c.org/ns/1.0">
	<teiHeader>
		<fileDesc>
			<titleStmt>
				<title>Livingstone Online: Annotated Ailment List</title>
				<author>Adrian S. Wisnicki</author>
				<author>Megan Ward</author>
			</titleStmt>
			<publicationStmt>
				<authority>Livingstone Online</authority>
				<publisher>University of Maryland Libraries</publisher>
				<pubPlace>College Park, MD, USA</pubPlace>
				<date>2017</date>
				<availability>
					<licence target="https://creativecommons.org/licenses/by-nc/3.0/">(c) Livingstone Online. <ref
						target="https://creativecommons.org/licenses/by-nc/3.0/">Creative Commons
						Attribution-Noncommercial 3.0 Unported License</ref>.</licence>
				</availability>
			</publicationStmt>
			<sourceDesc>
				<p>A Livingstone Online project.</p>
			</sourceDesc>
		</fileDesc>
	</teiHeader>
	<text>
		<body>
			<div>

				<entry xml:id="ailm0001">
					<form>
						<orth><!--Buboes--></orth>
					</form>
					<def>An ailment.</def>
				</entry>

				<entry xml:id="ailm0002">
					<form>
						<orth><!--chancres--></orth>
					</form>
					<def>An ailment.</def>
				</entry>

				<entry xml:id="ailm0004">
					<form>
						<orth><!--cholera--></orth>
					</form>
					<def>An ailment.</def>
				</entry>

				<entry xml:id="ailm0005">
					<form>
						<orth><!--choleraic complaint--></orth>
					</form>
					<def>An ailment.</def>
				</entry>

				<entry xml:id="ailm0003">
					<form>
						<orth><!--choleraic purging--></orth>
					</form>
					<def>An ailment.</def>
				</entry>

				<entry xml:id="ailm0006">
					<form>
						<orth><!--choleraic symptoms--></orth>
					</form>
					<def>An ailment.</def>
				</entry>

				<entry xml:id="ailm0007">
					<form>
						<orth><!--consumption--></orth>
					</form>
					<def>An ailment.</def>
				</entry>

				<entry xml:id="ailm0008">
					<form>
						<orth><!--domestic bug--></orth>
					</form>
					<def>An ailment.</def>
				</entry>

				<entry xml:id="ailm0028">
					<form>
						<orth><!--dysentery--></orth>
					</form>
					<def>An ailment.</def>
				</entry>

				<entry xml:id="ailm0009">
					<form>
						<orth><!--enlarged scrotum--></orth>
					</form>
					<def>An ailment.</def>
				</entry>

				<entry xml:id="ailm0010">
					<form>
						<orth><!--fungus--></orth>
					</form>
					<def>An ailment.</def>
				</entry>

				<entry xml:id="ailm0011">
					<form>
						<orth><!--Goitre--></orth>
					</form>
					<def>An ailment.</def>
				</entry>

				<entry xml:id="ailm0012">
					<form>
						<orth><!--Herpes--></orth>
					</form>
					<def>An ailment.</def>
				</entry>

				<entry xml:id="ailm0013">
					<form>
						<orth><!--Hydrocephalus--></orth>
					</form>
					<def>An ailment.</def>
				</entry>

				<entry xml:id="ailm0014">
					<form>
						<orth><!--ichor forcing its way out--></orth>
					</form>
					<def>An ailment.</def>
				</entry>

				<entry xml:id="ailm0015">
					<form>
						<orth><!--irritable eating ulcers--></orth>
					</form>
					<def>An ailment.</def>
				</entry>

				<entry xml:id="ailm0029">
					<form>
						<orth><!--itch--></orth>
					</form>
					<def>An ailment.</def>
				</entry>

				<entry xml:id="ailm0016">
					<form>
						<orth><!--periodical discharges of bloody ichor; discharges of blood; discharges--></orth>
					</form>
					<def>An ailment.</def>
				</entry>

				<entry xml:id="ailm0030">
					<form>
						<orth><!--piles--></orth>
					</form>
					<def>An ailment.</def>
				</entry>

				<entry xml:id="ailm0031">
					<form>
						<orth><!--pleurisy--></orth>
					</form>
					<def>An ailment.</def>
				</entry>

				<entry xml:id="ailm0017">
					<form>
						<orth><!--Rheumatic Fever--></orth>
					</form>
					<def>An ailment.</def>
				</entry>

				<entry xml:id="ailm0018">
					<form>
						<orth><!--Rheumatism--></orth>
					</form>
					<def>An ailment.</def>
				</entry>

				<entry xml:id="ailm0019">
					<form>
						<orth><!--Safura--></orth>
					</form>
					<def>An ailment.</def>
				</entry>

				<entry xml:id="ailm0032">
					<form>
						<orth><!--skin disease--></orth>
					</form>
					<def>An ailment.</def>
				</entry>

				<entry xml:id="ailm0020">
					<form>
						<orth><!--swelled Thyroid glands--></orth>
					</form>
					<def>An ailment.</def>
				</entry>

				<entry xml:id="ailm0021">
					<form>
						<orth><!--syphilis--></orth>
					</form>
					<def>An ailment.</def>
				</entry>

				<entry xml:id="ailm0022">
					<form>
						<orth><!--Syphilitic skin diseases--></orth>
					</form>
					<def>An ailment.</def>
				</entry>

				<entry xml:id="ailm0023">
					<form>
						<orth><!--Taema--></orth>
					</form>
					<def>An ailment.</def>
				</entry>

				<entry xml:id="ailm0024">
					<form>
						<orth><!--Tape- worm--></orth>
					</form>
					<def>An ailment.</def>
				</entry>

				<entry xml:id="ailm0025">
					<form>
						<orth><!--Towny--></orth>
					</form>
					<def>An ailment.</def>
				</entry>

				<entry xml:id="ailm0026">
					<form>
						<orth><!--ulcers--></orth>
					</form>
					<def>An ailment.</def>
				</entry>

				<entry xml:id="ailm0027">
					<form>
						<orth><!--white leprosy--></orth>
					</form>
					<def>An ailment.</def>
				</entry>

				<!-- Current higest number = ailment0032 -->

			</div>
		</body>
	</text>
</TEI>
