<?xml version="1.0" encoding="UTF-8"?>
<?xml-model href="http://livingstoneonline.github.io/LEAP-ODD/leap.rng" type="application/xml" schematypens="http://relaxng.org/ns/structure/1.0"?>
<?xml-model href="http://livingstoneonline.github.io/LEAP-ODD/leap.rng" type="application/xml" schematypens="http://purl.oclc.org/dsdl/schematron"?>
<TEI xmlns="http://www.tei-c.org/ns/1.0">
	<teiHeader>
		<fileDesc>
			<titleStmt>
				<title>Livingstone Online: Annotated Geographical Name List</title>
				<author>Adrian S. Wisnicki</author>
				<author>Megan Ward</author>
			</titleStmt>
			<publicationStmt>
				<authority>Livingstone Online</authority>
				<publisher>University of Maryland Libraries</publisher>
				<pubPlace>College Park, MD, USA</pubPlace>
				<date>2017</date>
				<availability>
					<licence target="https://creativecommons.org/licenses/by-nc/3.0/">(c) Livingstone Online. <ref
						target="https://creativecommons.org/licenses/by-nc/3.0/">Creative Commons
						Attribution-Noncommercial 3.0 Unported License</ref>.</licence>
				</availability>
			</publicationStmt>
			<sourceDesc>
				<p>A Livingstone Online project.</p>
			</sourceDesc>
		</fileDesc>
	</teiHeader>
	<text>
		<body>

			<listPlace>

				<!-- Current higest number = geog0065 -->

				<place xml:id="geog0001" type="geogName_island">
					<placeName type="main">Anjouan, Comoros</placeName><!-- Johanna -->
					<note type="editorial">Also Johanna Island. Ten men from this island, hired with the assistance of the island's
						British Consul, accompanied Livingstone on his last journey.</note>
				</place>

				<place xml:id="geog0058" type="geogName_valley">
					<placeName type="main">Barotse Valley</placeName>
					<note type="editorial">Livingstone’s name for the Zambesi floodplain, in the Western Province
						of present-day Zambia.</note>
				</place>

				<place xml:id="geog0061" type="geogName_cape">
					<placeName type="main">Cape Delgago</placeName>
					<note type="editorial">Promontory. Northernmost point of Mozambique.</note>
				</place>

				<place xml:id="geog0002" type="geogName_spring">
					<placeName type="main">Castalian springs</placeName>
					<note type="editorial">Natural springs near Delphi in ancient Greece.</note>
				</place>

				<place xml:id="geog0003" type="geogName_drainage">
					<placeName type="main">Central line of drainage of the great Nile valley</placeName>
					<note type="editorial">Livingstone incorrectly believed that the Nile originated in Lake
						Bangweulu in present-day Zambia and was fed by a series of sources in present-day Democratic
						Republic of the Congo.</note>
				</place>

				<place xml:id="geog0004" type="geogName_river">
					<placeName type="main">Congo River</placeName>
					<note type="editorial">Major river in Africa. On his last expedition, Livingstone investigated
						diverse sections of the river in the mistaken hopes that they had some connection to the Nile
						River system.</note>
				</place>

				<place xml:id="geog0005" type="geogName_hill">
					<placeName type="main">Crophi</placeName>
					<note type="editorial">With Mophi, one of two hills with conical tops that Herodotus, the
						ancient Greek historian, placed in central Africa and cited as lying between the sources of
						the Nile to the north and of the Zambesi to the south.</note>
				</place>

				<place xml:id="geog0006" type="geogName_river">
					<placeName type="main">Euphrates River</placeName>
					<note type="editorial">River in Mesopotamia. One of four rivers said to flow from the Garden of
						Eden.</note>
				</place>

				<place xml:id="geog0007" type="geogName_source">
					<placeName type="main">Fountain of the Lufira River</placeName><!-- Bartle Frere's fountain -->
					<note type="editorial">Also called Bartle Frere's Fountain by Livingstone. The Lufira River is tributary of the Lualaba River in present-day
						Democratic Republic of the Congo. Livingstone believed that the Lufira united with the Lualaba
						River to form the fictitious Lake Kamolondo. Livingstone placed the source of the Lufira
						River, which he incorrectly linked to the Nile, three or four days' travel time south of the
						Katanga region (in the southern part of present-day Democratic Republic of the Congo).
						Livingstone named the source after British colonial administrator H. Bartle E. Frere
						(1815-1884).</note>
				</place>

				<place xml:id="geog0008" type="geogName_source">
					<placeName type="main">Fountain of the Lufira River</placeName>
					<note type="editorial">The Lufira River is tributary of the Lualaba River in present-day
						Democratic Republic of the Congo. Livingstone believed that the Lufira River united with the
						Lualaba River to form the fictitious Lake Kamolondo. Livingstone placed the source of the
						Lufira Rivers, which he incorrectly linked to the Nile, three or four days' travel time south
						of the Katanga region (in the southern part of present-day Democratic Republic of the
						Congo).</note>
				</place>

				<place xml:id="geog0063" type="geogName_river">
					<placeName type="main">Gaboon</placeName>
					<note type="editorial">River and estuary. Located in the west of present-day Gabon.</note>
				</place>

				<place xml:id="geog0009" type="geogName_river">
					<placeName type="main">Ganges River</placeName>
					<note type="editorial">One of four rivers said to flow from the Garden of Eden.</note>
				</place>

				<place xml:id="geog0010" type="geogName_garden">
					<placeName type="main">Garden of Eden</placeName>
					<note type="editorial">Biblical garden of God described in the Book of Genesis.</note>
				</place>

				<place xml:id="geog0011" type="geogName_river">
					<placeName type="main">Gihon River</placeName>
					<note type="editorial">River said to flow out of the Garden of Eden in the Bible.</note>
				</place>

				<place xml:id="geog0012" type="geogName_mountain">
					<placeName type="main">Hercynia</placeName>
					<note type="editorial">Classical name for the stream issuing from the springs at Lebadea in
						ancient Greece.</note>
				</place>

				<place xml:id="geog0013" type="geogName_river">
					<placeName type="main">Hiddekel River</placeName>
					<note type="editorial">Hebrew name for the Tigris River of Mesopotamia. One of four rivers said
						to flow from the Garden of Eden.</note>
				</place>

				<place xml:id="geog0014" type="geogName_river">
					<placeName type="main">Jordan River</placeName>
					<note type="editorial">River in west Asia flowing to the Dead Sea.</note>
				</place>

				<place xml:id="geog0015" type="geogName_river">
					<placeName type="main">Kafue River</placeName><!-- Luenge, Lunga -->
					<note type="editorial">Also called Luenge and Lunga by Livingstone. Significant river in Zambia and one of the main tributaries of the
						Zambesi River.</note>
				</place>

				<place xml:id="geog0016" type="geogName_desert">
					<placeName type="main">Kalahari Desert</placeName>
					<note type="editorial">Large sandy savanna that encompasses parts of present-day Botswana,
						Namibia, and South Africa.</note>
				</place>

				<place xml:id="geog0017" type="geogName_lake">
					<placeName type="main">Kiziwa</placeName>
					<note type="editorial">Possibly present-day Lake Albert, Uganda.</note>
				</place>

				<place xml:id="geog0065" type="geogName_river">
					<placeName type="main">Kunda River</placeName>
					<note type="editorial">A tributary of the Lualaba River in eastern Congo.</note>
				</place>

				<place xml:id="geog0018" type="geogName_lake">
					<placeName type="main">Lake Albert (Uganda)</placeName><!-- Albert Nyanza, Baker's Water/Lake, Uerere -->
					<note type="editorial">Also called Albert Nyanza, Baker's Water or Lake, and Uerere by Livingstone. In 1864, explorer and hunter Samuel W. Baker (1821-1893) became the first European to visit the lake, which he named after Prince Albert, husband of Queen Victoria.</note>
				</place>

				<place xml:id="geog0019" type="geogName_lake">
					<placeName type="main">Lake Albert (Uganda)</placeName><!-- Lower Tanganyika -->
					<note type="editorial">Also called Lower Tanganyika by Livingstone. In 1864, explorer and hunter Samuel W. Baker (1821-1893) became the
						first European to visit the lake, which he named after Prince Albert, husband of Queen
						Victoria. At the time, Livingstone incorrectly believed that this lake was part of Lake
						Tanganyika and that both were part of the Nile river system (only Lake Albert is).</note>
				</place>

				<place xml:id="geog0020" type="geogName_lake">
					<placeName type="main">Lake Bangweulu (Zambia)</placeName><!-- Bangweolo -->
					<note type="editorial">Also Bangweolo. Livingstone incorrectly believed that this lake was part of the Nile
						river system. The lake is actually part of the Congo river system.</note>
				</place>

				<place xml:id="geog0021" type="geogName_lake">
					<placeName type="main">Lake Chibungo</placeName><!-- Lake Lincoln -->
					<note type="editorial">Also called Lake Lincoln by Livingstone. Fictitious lake created via the
						union of the Lufira and Lomami/Lomani Rivers in what would have been present-day Democratic
						Republic of the Congo. Livingstone named the lake after the American president Abraham Lincoln
						(1809-1865).</note>
				</place>

				<place xml:id="geog0022" type="geogName_lake">
					<placeName type="main">Lake Kamolondo</placeName><!-- Riverein Lake -->
					<note type="editorial">Also called Riverein Lake by Livingstone. Livingstone believed that the Lufira and Lualaba Rivers united to form
						this fictitious lake in what would have been present-day Democratic Republic of the
						Congo.</note>
				</place>

				<place xml:id="geog0023" type="geogName_lake">
					<placeName type="main">Lake Malawi (Malawi, Mozambique, and Tanzania)</placeName><!-- Nyassa -->
					<note type="editorial">Also Nyassa. Also known as Lake Nyasa (in Tanzania) and Lago Niassa (in Mozambique).
						Although not the first European to do so, Livingstone visited this lake in 1859 and gave it
						the name Lake Nyassa.</note>
				</place>

				<place xml:id="geog0024" type="geogName_lake">
					<placeName type="main">Lake Mweru (Zambia and Democratic Republic of the Congo)</placeName><!-- Lake Moero -->
					<note type="editorial">Also Lake Moero. Livingstone incorrectly believed that this lake was part of the Nile
						river system. The lake is actually part of the Congo river system.</note>
				</place>

				<place xml:id="geog0025" type="geogName_lake">
					<placeName type="main">Lake Tanganyika (Tanzania, Democratic Republic of the Congo, Burundi, and Zambia)</placeName>
					<note type="editorial">When he wrote the 1870 Field Diary, Livingstone incorrectly believed
						that this lake was part of the Nile river system. The lake is actually part of the Congo river
						system.</note>
				</place>

				<place xml:id="geog0026" type="geogName_lake"><!-- Lower and Upper Tanganyika -->
					<placeName type="main">Lake Victoria (Tanzania, Uganda, and Kenya) and Lake Albert (Uganda),
						respectively.</placeName>
					<note type="editorial">Also called Lower and Upper Tanganyika, respectively, by Livingstone. Livingstone incorrectly believed that these two distinct and unrelated lakes were in fact part of one larger lake.</note>
				</place>

				<place xml:id="geog0027" type="geogName_lake"><!-- Upper Tanganyika, Victoria Nyanza, Nyanza -->
					<placeName type="main">Lake Victoria (Tanzania, Uganda, and Kenya)</placeName>
					<note type="editorial">Also called Upper Tanganyika, Victoria Nyanza, and Nyanza by Livingstone. In 1858, explorer John H. Speke (1827-1864) became the first European to visit the lake, which he named after Queen Victoria, and asserted correctly but without definitive evidence to be the source of the Nile. Livingstone refused to recognize Speke's assertion.</note>
				</place>

				<place xml:id="geog0028" type="geogName_river">
					<placeName type="main">Lindi River</placeName>
					<note type="editorial">Tributary of the Lualaba River in present-day Democratic Republic of the
						Congo.</note>
				</place>

				<place xml:id="geog0029" type="geogName_river">
					<placeName type="main">Lomami/Lomani River</placeName><!-- Lomame, Loeki, Lofubu, Lualaba West -->
					<note type="editorial">Also called Lomame, Loeki, Lofubu, and Lualaba West by Livingstone. Major river in present-day Democratic Republic of the Congo. Livingstone believed that the Lomami/Lomani formed part of the Nile River system, but in fact the river joins the Lualaba River to become the Congo River.</note>
				</place>

				<place xml:id="geog0030" type="geogName_river">
					<placeName type="main">Lomami/Lomani River</placeName><!-- Young's Lualaba, Young's River -->
					<note type="editorial">Also called Young's Lualaba and Young's River by Livingstone. Major river in present-day Democratic Republic of the Congo. Livingstone believed that the Lomami/Lomani formed part of the Nile River system, but in fact the river joins the Lualaba River to become the Congo River. Livingstone named the river after James Young (1811-1883), a Scottish industrialist who later become one of Livingstone's trustees.</note>
				</place>

				<place xml:id="geog0031" type="geogName_river">
					<placeName type="main">Lomami/Lomani River</placeName><!-- Young's Lake River -->
					<note type="editorial">Also called Young's Lake River by Livingstone. Major river in present-day Democratic Republic of the Congo. Livingstone believed that the Lomami/Lomani formed part of the Nile River system, but in fact the river joins the Lualaba River to become the Congo River. Livingstone named the river after James Young (1811-1883), a Scottish industrialist who later become one of Livingstone's trustees. Livingstone called it the "lake river" because he believed that it flowed through the fictitious Lake Chibungo (renamed Lake Lincoln by Livingstone).</note>
				</place>

				<place xml:id="geog0032" type="geogName_river">
					<placeName type="main">Lualaba and Lomami/Lomani Rivers</placeName>
					<note type="editorial">Major rivers in present-day Democratic Republic of the Congo.
						Livingstone believed that these rivers formed part of the Nile River system, but in fact they
						join to become the Congo River.</note>
				</place>

				<place xml:id="geog0033" type="geogName_river">
					<placeName type="main">Lualaba River</placeName><!-- Central Lualaba, Lualaba East, Lacustrine River  -->
					<note type="editorial">Also called Central Lualaba, Lualaba East, and Lacustrine River by Livingstone. Major river in present-day Democratic Republic of the Congo. Livingstone believed that the Lualaba formed part of the Nile River system, but in fact the river joins the Lomami/Lomani River to become the Congo River.</note>
				</place>

				<place xml:id="geog0034" type="geogName_river">
					<placeName type="main">Lualaba River</placeName><!-- Webb's Lualaba -->
					<note type="editorial">Also called Webb's Lualaba by Livingstone. Major river in present-day Democratic Republic of the Congo. Livingstone believed that the Lualaba formed part of the Nile River system, but in fact the river joins the Lomami/Lomani River to become the Congo River. Livingstone named the river after hunter William F. Webb (1829-1899).</note>
				</place>

				<place xml:id="geog0035" type="geogName_river">
					<placeName type="main">Lualaba River</placeName><!-- Lake River Webb -->
					<note type="editorial">Also called Lake River Webb by Livingstone. Major river in present-day Democratic Republic of the Congo. Livingstone believed that the Lualaba formed part of the Nile River system, but in fact the river joins the Lomami/Lomani River to become the Congo River. Livingstone named the river after hunter William F. Webb (1829-1899). Livingstone called it a "lake river" because he believed that it united with the Lufira River to form the fictitious Lake Kamolondo.</note>
				</place>

				<place xml:id="geog0036" type="geogName_river">
					<placeName type="main">Lualaba, Lomami/Lomani, and Lufira Rivers</placeName>
					<note type="editorial">Rivers in present-day Democratic Republic of the Congo. Livingstone
						believed that these rivers formed part of the Nile River system, but in fact the Lufira is a
						tributary of the Lualaba and, in the turn, the Lualaba and the Lomami/Lomani unite to become
						the Congo River.</note>
				</place>

				<place xml:id="geog0037" type="geogName_river">
					<placeName type="main">Luapula River</placeName><!-- New Zambesi -->
					<note type="editorial">Also called New Zambesi by Livingstone. River that links Lakes Mweru and Bangweolo and that forms part of the border between present-day Zambia and the Democratic Republic of the Congo. Portuguese explorers and travelers, "armchair geographer" William D. Cooley (1795[?]-1883), and, initially, Livingstone all incorrectly believed that this river was a tributary of the Zambesi River.</note>
				</place>

				<place xml:id="geog0038" type="geogName_river">
					<placeName type="main">Lufira River</placeName><!-- Bartle Frere's Lualaba -->
					<note type="editorial">Also called Bartle Frere's Lualaba by Livingstone. Tributary of the Lualaba River in present-day Democratic Republic of the Congo. Livingstone believed that the Lufira united with the Lualaba River to form the fictitious Lake Kamolondo. Livingstone named the source of the river after British colonial administrator H. Bartle E. Frere (1815-1884).</note>
				</place>

				<place xml:id="geog0039" type="geogName_river">
					<placeName type="main">Lufira River</placeName>
					<note type="editorial">Tributary of the Lualaba River in present-day Democratic Republic of the
						Congo. Livingstone believed that the Lufira united with the Lualaba River to form the
						fictitious Lake Kamolondo.</note>
				</place>

				<place xml:id="geog0040" type="geogName_river">
					<placeName type="main">Lukuga River</placeName><!-- Luamo -->
					<note type="editorial">Also called Luamo by Livingstone. Principal outlet of Lake Tanganyika; runs west from the lake through the eastern part of present-day Democratic Republic of Congo and eventually joins the Lualaba River.</note>
				</place>

				<place xml:id="geog0041" type="geogName_forest">
					<placeName type="main">Metamba</placeName><!-- Metambe -->
					<note type="editorial">Also Metambe. Rainforest in the northeastern part of present-day Democratic Republic of the Congo that is home to the Lega people and that encompasses the valleys of the middle and upper Elila and the upper Ulindi rivers.</note>
				</place>

				<place xml:id="geog0042" type="geogName_hill">
					<placeName type="main">Mophi</placeName>
					<note type="editorial">With Crophi, one of two hills with conical tops that Herodotus, the
						ancient Greek historian, placed in central Africa and cited as lying between the sources of
						the Nile to the north and of the Zambesi to the south.</note>
				</place>

				<place xml:id="geog0043" type="geogName_mountain">
					<placeName type="main">Mount Kenya</placeName>
					<note type="editorial">Second highest mountain in Africa (after Kilimanjaro), located in
						present-day Kenya.</note>
				</place>

				<place xml:id="geog0044" type="geogName_mountain">
					<placeName type="main">Mount Kilimanjaro</placeName>
					<note type="editorial">Highest mountain in Africa, located in present-day Tanzania.</note>
				</place>

				<place xml:id="geog0045" type="geogName_river">
					<placeName type="main">Nile River</placeName>
					<note type="editorial">Major river in Africa and longest river in the world. The search for the
						source(s) of the Nile motivated the African expeditions of a number of important Victorian
						explorers, among them Richard Burton (1821-1890), John H. Speke (1827-1864), Samuel W. Baker
						(1821-1893), Henry M. Stanley (1841-1904), and, of course, Livingstone himself.</note>
				</place>

				<place xml:id="geog0046" type="geogName_valley">
					<placeName type="main">Nile valley</placeName>
					<note type="editorial">Region surrounding the northern part of the Nile river.</note>
				</place>

				<place xml:id="geog0047" type="geogName_river">
					<placeName type="main">Pison</placeName>
					<note type="editorial">One of four rivers said to flow from the Garden of Eden.</note>
				</place>

				<place xml:id="geog0048" type="geogName_mountain">
					<placeName type="main">Ptolemy's Mountains of the Moon.</placeName>
					<note type="editorial">Legendary African mountain range cited by Ptolemy (c.100-c.170), the
						ancient geographer, as being located at the source of the Nile River.</note>
				</place>

				<place xml:id="geog0049" type="geogName_lake">
					<placeName type="main">Riverine Lakes</placeName>
					<note type="editorial">Set of central African lakes that, on Livingstone's understanding,
						included the real Lakes Bangweulu, Tanganyika, Victoria, and Albert plus the fictitious Lakes
						Chibungo (a.k.a. Lake Lincoln) and Kamolondo.</note>
				</place>

				<place xml:id="geog0064" type="geogName_river">
					<placeName type="main">Ruvuma River</placeName><!--Rovuma River-->
					<note type="editorial">Also Rovuma River. Significant river in East Africa that forms part of the border between present-day Tanzania and Mozambique.</note>
				</place>

				<place xml:id="geog0050" type="geogName_river">
					<placeName type="main">Shire River</placeName>
					<note type="editorial">Major river in present-day Malawi that flows out of Lake Malawi and is a
						tributary of the Zambesi River. Livingstone visited the river in 1859 during his second
						expedition to Africa (1858-64).</note>
				</place>

				<place xml:id="geog0051" type="geogName_source">
					<placeName type="main">Source of the Kafue River</placeName><!-- Oswell Fountain -->
					<note type="editorial">Also called Oswell Fountain by Livingstone. Livingstone named the source, which he located south of the Katanga region (in the southern part of present-day Democratic Republic of the Congo) in what is now Zambia, after William C. Oswell (1818-1893), an explorer and hunter, whom Livingstone met and travelled with in South Africa and who remained Livingstone's close friend.</note>
				</place>

				<place xml:id="geog0052" type="geogName_source">
					<placeName type="main">Source of the Zambesi River</placeName><!-- Palmerston Fountain -->
					<note type="editorial">Also called Palmerston Fountain by Livingstone. Livingstone named the source, which he located south of the Katanga region (in the southern part of present-day Democratic Republic of the Congo) in what is now Zambia, after Lord Palmerston (1784-1865), a former British Minister, whose anti-slavery policies Livingstone admired.</note>
				</place>

				<place xml:id="geog0053" type="geogName_source">
					<placeName type="main">Source(s) of the Nile River</placeName><!-- Fountains of the Nile, Fountains of the River of Egypt, Caput Nili, Katanga Head Waters -->
					<note type="editorial">Also called Fountains of the Nile, Fountains of the River of Egypt, Caput Nili, and Katanga Head Waters by Livingstone. The search for the source(s) of the Nile motivated the African expeditions of a number of important Victorian explorers. Although John H. Speke (1827-1864) visited and correctly claimed Lake Victoria as the principal source in 1858, many contemporaries doubted his claim, so the search continued. Livingstone, for instance, believed that the sources lay much farther to the south in either present-day Democratic Republic of the Congo or Zambia.</note>
				</place>

				<place xml:id="geog0054" type="geogName_source">
					<placeName type="main">Sources of the Lomami/Lomani and Lufira Rivers</placeName><!-- Young's and Bartle Frere's Fountains -->
					<note type="editorial">Also called Young's and Bartle Frere's Fountains by Livingstone. Livingstone placed the sources of the Lomami/Lomani and Lufira Rivers, both of which he incorrectly linked to the Nile, three or four days' travel time south of Katanga (a region in the southern part of present-day Democratic Republic of the Congo). He named the sources after, respectively, James Young (1811-1883), a Scottish industrialist who later became one of Livingstone's trustees, and British colonial administrator H. Bartle E. Frere (1815-1884).</note>
				</place>

				<place xml:id="geog0055" type="geogName_source">
					<placeName type="main">Sources of the Zambesi and Kafue Rivers</placeName><!-- Fountains of the Liambai and Upper Zambesi/Lunga -->
					<note type="editorial">Also called Fountains of the Liambai and Upper Zambesi or Lunga by Livingstone. Livingstone placed the sources of the Zambesi (Liambai or Upper Zambesi) and Kafue (Lunga) Rivers south of Katanga (a region in the southern part of present-day Democratic Republic of the Congo) in what in now Zambia. </note>
				</place>

				<place xml:id="geog0056" type="geogName_source">
					<placeName type="main">Sources of the Zambesi and Kafue Rivers</placeName><!-- Palmerston's and Oswell's Fountains -->
					<note type="editorial">Also called Palmerston's and Oswell's Fountains by Livingstone. Livingstone named the sources of the Zambesi and Kafue Rivers, which he placed south of the Katanga region (in the southern part of present-day Democratic Republic of the Congo) in what is now Zambia, respectively, after Lord Palmerston (1784-1865), erstwhile British Minister, whose anti-slavery policies Livingstone admired, and after William C. Oswell (1818-1893), an explorer and hunter, whom Livingstone met and travelled with in South Africa and who remained Livingstone's close friend.</note>
				</place>

				<place xml:id="geog0062" type="geogName_waterfall">
					<placeName type="main">Victoria Falls</placeName>
					<note type="editorial">Major waterfall on the Zambezi River, located on the border of present-day Zambia and Zimbabwe. In 1855, David Livingstone became the first European to visit to the waterfall, which he named after Queen Victoria.</note>
				</place>

				<place xml:id="geog0057" type="geogName_river">
					<placeName type="main">White Nile</placeName>
					<note type="editorial">The White Nile, which flows north from Lake Victoria, and the Blue Nile,
						which flows west from Ethiopia, are the two main tributaries of the Nile River and join
						together to form the main Nile River at present-day Khartoum, Sudan.</note>
				</place>

				<place xml:id="geog0059" type="geogName_river">
					<placeName type="main">Zambesi River</placeName><!-- Liambai, Upper Zambesi -->
					<note type="editorial">Also called Liambai or Upper Zambesi by Livingstone. Major river in
						south central Africa that rises in present-day Zambia, then flows east across the continent to
						the Indian Ocean.</note>
				</place>

				<place xml:id="geog0060" type="geogName_island">
					<placeName type="main">Zanzibar, Tanzania</placeName>
					<note type="editorial">Island off the east coast of Africa. In the nineteenth century, the
						center of East Africa's Arab-Indian-African trading network, a major international depot, and
						the site of a notorious slave market.</note>
				</place>

			</listPlace>

		</body>
	</text>
</TEI>
