<?xml version="1.0" encoding="UTF-8"?>
<?xml-model href="http://livingstoneonline.github.io/LEAP-ODD/leap.rng" type="application/xml" schematypens="http://relaxng.org/ns/structure/1.0"?>
<?xml-model href="http://livingstoneonline.github.io/LEAP-ODD/leap.rng" type="application/xml" schematypens="http://purl.oclc.org/dsdl/schematron"?>
 <?xml-stylesheet href="http://livingstoneonline.github.io/LEAP-XSLT/transcription.xsl" type="text/xsl"?>
 <!--Converted from a TEI P4 XML file to the LEAP TEI P5 Schema by James Cummings on 2015-03-02--><!--TEI encoding revised and standardized by Adrian S. Wisnicki, 2015-2016-->
         <TEI xmlns="http://www.tei-c.org/ns/1.0" xml:id="liv_001501">
	<teiHeader>
		<fileDesc>
			<titleStmt>
				<title>Letter to John Murray III</title>
                <title type="alternative">Letter to John Murray III, 1 November 1859</title>
				<author xml:id="DL">Livingstone, David, 1813-1873</author>
			</titleStmt>
			<publicationStmt>
				<authority>Livingstone Online</authority>
				<pubPlace>London</pubPlace>
				<date>2008-04-02</date>
				<publisher>Wellcome Centre for the History of Medicine, UCL</publisher>
				<idno type="LEAP-ID">liv_001501</idno>
			</publicationStmt>
			<sourceDesc>
				<bibl xml:id="shelfmark">National Library of Scotland; MS. 42421, ff. 3r-4v</bibl>
				<bibl xml:id="ccnumber">Letters, 0960</bibl>
				<bibl xml:id="recipient"><persName>Murray, John III, 1808-1892</persName></bibl>
				<bibl xml:id="date"><date when="1859-11-01">1 November 1859</date></bibl>
				<bibl xml:id="where">River Shire</bibl>
			</sourceDesc>
		</fileDesc>
		<profileDesc>
			<langUsage>
				<language ident="en">English</language>
			</langUsage>
			<handNotes>
				<handNote xml:id="hand01">Scribe: Unknown</handNote>
			</handNotes>
		</profileDesc>
		<revisionDesc>
			<change>
				<date>2008-04-02</date>
				<name xml:id="SM">Sharon Messenger</name>Initial Transcription by Sharon Messenger
			</change>
			<change>
				<date>2008-06-17</date>
				<name xml:id="CL">Chris Lawrence</name>Initial Transcription by Chris Lawrence
			</change>
			<change>
				<date>2008-12-01</date>
				<name xml:id="JB">Janet Browne</name>Proofed by Janet Browne
			</change>
		</revisionDesc>
	</teiHeader>

	<text>
		<body xml:lang="en">
			<div>

	<pb n="0001" facs="liv_001501_0001"/><!--pb/@n='3r'-->
				<lb/><p rend="center"><space extent="1" unit="words"/><placeName>River Shire</placeName> - 1<hi rend="sup underline">st</hi> November 
					<lb/><space extent="4" unit="words"/><space extent="1" unit="chars"/>1859 </p>
<lb/>
<lb/><p rend="no-indent">My Dear <persName>M<hi rend="sup underline">r</hi> Murray</persName></p>
				<lb/><p><space extent="1" unit="words"/><space extent="3" unit="chars"/>Never a blessed word 
<lb/>have we got from any of our 
<lb/>friends since we left <placeName>England</placeName>
<lb/>but we hear that there is a mail 
<lb/>for us at <placeName>Senna</placeName> and a surfeit 
<lb/>of newspapers. I am therefore 
<lb/>preparing to yield myself utterly 
<lb/>to the feast by writing to my 
<lb/>friends. <choice><reg>A</reg><orig>a</orig></choice>nd having forgotten 
<lb/>the address of <persName>M<hi rend="sup underline">r</hi> Elwes</persName> of the 
<lb/>Quarterly I beg to entrust my 
<lb/>letter to him to you. </p>
<lb/><p>We have just traced this river 
<lb/>up to its source in <placeName>Lake Nyassa</placeName>

	<pb n="0002" facs="liv_001501_0002"/><!--pb/@n='3v'--> 
<lb/>and we had a long tramp of 250 
<lb/>miles on foot through a very fine 
<lb/>well watered mountainous country 
<lb/>and it being the hot season of the 
<lb/>year when we travelled we had just 
<lb/>as much foot work as is good 
<lb/>for Europeans at a dose. We 
<lb/>could not explore <placeName>Nyassa</placeName> as we 
<lb/>had left <persName>M<hi rend="sup underline">r</hi> Macgregor Laird's</persName>
<lb/>sham vessel in a sinking state. 
<lb/>Funnel - Furnace - Deck and Bottom 
<lb/>all went honeycombed after only 
<lb/>twelve months wear - £1200 for 12 months 
<lb/>was fairish with the whine of "doing it 
<lb/>all for the good of the cause." <placeName>Lake 
<lb/>Nyassa</placeName> is large if one may judge 
<lb/>from the swell when there is no wind 
<lb/>and the <placeName>Shire</placeName> is given off constantly 
<lb/>without causing any alteration in 
<lb/>the height of the Lake. <placeName>The Shire</placeName> is from 

	<pb n="0003" facs="liv_001501_0003"/><!--pb/@n='4r'--> 
<lb/>80 to 150 yards wide - ten or 12 feet deep 
<lb/>has a two &amp; and a half knot current, yet 
<lb/>never varies more than 2 or 3 feet 
<lb/>from wet to dry season. <choice><reg>T</reg><orig>t</orig></choice>here are 
<lb/>only 33 miles of cataracts in it and 
<lb/>a common road could without difficulty 
<lb/>be made past them. The country 
<lb/>beyond is elevated and lies in three 
<lb/>terraces - of 1200 feet - 2000ft and 
<lb/>3000 feet high respectively. On the last 
<lb/>rises the lofty mountain <placeName>Zomba</placeName>
<lb/>which we ascended and found to be 
<lb/>between 7000 &amp; 8000 feet high. Yet 
<lb/>cultivated on the top. <choice><reg>T</reg><orig>t</orig></choice>he country 
<lb/>is well adapted for cotton and 
<lb/>it is now grown pretty extensively<reg>.</reg>
<lb/><choice><reg>T</reg><orig>t</orig></choice>the terraces have great numbers 
<lb/>of running rills of deliciously cool 
<lb/>water and they present changes of 
<lb/>climate within a few miles of each other<reg>.</reg>

	<pb n="0004" facs="liv_001501_0004"/><!--pb/@n='4v'--> 
<lb/>It was delightfully cool on the third 
<lb/>terrace even in the hottest period of the 
<lb/>year and on <placeName>Zomba</placeName> it was cold. 
<lb/>A remarkably white lichen may have 
<lb/><choice><sic>decieved</sic><corr>deceived</corr></choice> those who saw some white 
<lb/>rocks in the North. I think we have here 
<lb/>in the lands watered by the Lakes a cotton 
<lb/>country of unlimited extent. We have 
<lb/>no frosts to cut off the crops and one 
<lb/>sowing of foreign seed serves for three 
<lb/>years - the natives have introduced it 
<lb/>themselves. The Lakes lie parallel with 
<lb/>some of the notorious slaving ports on the 
<lb/>East coast and traders must cross the 
<lb/>partition between them in coming from 
<lb/>the Interior. Lawful commerce &amp; missions 
<lb/>would do an immense good here in the 
<lb/>course of time. I send a photograph on bad 
<lb/>paper which will shew you the similarity 
<lb/>between the Ancient Egyptian and modern 
<lb/>African pestles &amp; mortars. Kind regards to 
<lb/><persName>M<hi rend="sup underline">rs</hi> Murray</persName><reg>,</reg><persName>M<hi rend="sup underline">r</hi> &amp; M<hi rend="sup underline">rs</hi> Cook</persName>. <persName>David Livingstone</persName></p>
			
</div>
		</body>
	</text></TEI>