<?xml version="1.0" encoding="UTF-8"?>
<?xml-model href="http://livingstoneonline.github.io/LEAP-ODD/leap.rng" type="application/xml" schematypens="http://relaxng.org/ns/structure/1.0"?>
<?xml-model href="http://livingstoneonline.github.io/LEAP-ODD/leap.rng" type="application/xml" schematypens="http://purl.oclc.org/dsdl/schematron"?>
 <?xml-stylesheet href="http://livingstoneonline.github.io/LEAP-XSLT/transcription.xsl" type="text/xsl"?>
 <!--Converted from a TEI P4 XML file to the LEAP TEI P5 Schema by James Cummings on 2015-03-02--><!--TEI encoding revised and standardized by Adrian S. Wisnicki, 2015-2016-->
         <TEI xmlns="http://www.tei-c.org/ns/1.0" xml:id="liv_001778">
	<teiHeader>
		<fileDesc>
			<titleStmt>
				<title>Letter to John Washington</title>
                <title type="alternative">Letter to John Washington, 5 May 1862</title>
				<author xml:id="DL">Livingstone, David, 1813-1873</author>
			</titleStmt>
			<publicationStmt>
				<authority>Livingstone Online</authority>
				<pubPlace>London</pubPlace>
				<date>2009-10-06</date>
				<publisher>Wellcome Centre for the History of Medicine, UCL</publisher>
				<idno type="LEAP-ID">liv_001778</idno>
			</publicationStmt>
			<sourceDesc>
				<bibl xml:id="shelfmark">National Museum of the Royal Navy (Great Britain); MSS. 120</bibl>
				<bibl xml:id="ccnumber">Letters, 1227</bibl>
				<bibl xml:id="recipient"><persName>Washington, John, 1800-1863</persName></bibl>
				<bibl xml:id="date"><date when="1862-05-05">5 May 1862</date></bibl>
				<bibl xml:id="where">Shupanga</bibl>
			</sourceDesc>
		</fileDesc>
		<profileDesc>
			<langUsage>
				<language ident="en">English</language>
			</langUsage>
			<handNotes>
				<handNote xml:id="hand01">Scribe: Unknown</handNote>
			</handNotes>
		</profileDesc>
		<revisionDesc>
			<change>
				<date>2009-10-06</date>
				<name xml:id="SM">Sharon Messenger</name>Initial Transcription by Sharon Messenger
			</change>
		</revisionDesc>
	</teiHeader>

	<text>
		<body xml:lang="en">
			<div>

	<pb n="0001" facs="liv_001778_0001"/><!--pb/@n='1'-->
<addSpan spanTo="#p.01-01" place="marginleft"><!--addSpan/@place='left hand margin of 01'--></addSpan>
<lb/><p rend="no-indent">Please give the sad intelligence to my friend <persName>M<hi rend="sup underline">r</hi> Conyngham</persName>
<lb/>of the Foreign Office &amp; Remember me most kindly 
<lb/>to <persName>M<hi rend="sup underline">rs</hi> Washington</persName><reg>.</reg></p><anchor xml:id="p.01-01"/>
				<lb/><p rend="right"><space extent="1" unit="chars"/><placeName>Shupanga</placeName> 5<hi rend="sup underline">th</hi> May 1862</p>
				<lb/><p><space extent="2" unit="chars"/><hi rend="underline">Private</hi></p>
				<lb/><p rend="no-indent"><space extent="3" unit="chars"/>My Dear <persName>Captain Washington</persName></p>
				<lb/><p><space extent="2" unit="words"/><space extent="1" unit="chars"/>With a sore heart I have 
<lb/>to tell of the loss of my bosom friend 
<lb/>of eighteen years. She died on the 
<lb/>27<hi rend="sup underline">th</hi> the complaint having the 
<lb/>worst complication continued 
<lb/>vomiting by which all the remedies 
<lb/>were rejected. We have been 
<lb/>three months down in the Delta 
<lb/>instead of as I anticipated three 
<lb/>or four days. I bitterly regret now 
<lb/>having consented to her coming 
<lb/>this time, but matters have 
<lb/>taken a turn so utterly beyond my 
<lb/>control that I bow to the will 
<lb/>of the Almighty Disposer of events. 
<lb/>I thought that Lady Nyassa could 
<lb/>sail out &amp; on reaching <placeName>Kongone</placeName>

	<pb n="0002" facs="liv_001778_0002"/><!--pb/@n='2'-->
<lb/>cut wood &amp; steam up to the cataracts 
<lb/>but she might have been lost. When 
<lb/><persName>Captain Wilson</persName> volunteered to help us 
<lb/>up to the cataracts I thought all would 
<lb/>then turn out right we should only be 
<lb/>a week or two down here. But Pioneer 
<lb/>as I thought failed to carry 35 tons. 
<lb/>We landed the sections at <placeName>Shupanga</placeName>
<lb/>there was some tinkering at the engines 
<lb/>and we came back to the sea in one 
<lb/>day. We took 3 weeks to go up. I still 
<lb/><add place="above">at that time</add> put the blame on her having been 
<lb/>overloaded. She was down to five feet. 
<lb/>But Gorgon had been driven away 
<lb/>and during seventeen days we were 
<lb/>detained at the <placeName>Kongone</placeName> nothing was 
<lb/>done to the Engines. After the Gorgon 
<lb/>had left the air pump was opened, 
<lb/>and happening to go down I saw 
<lb/>at least a quarter of an inch of 
<lb/>sand round the plunger &amp; it had 
<lb/>worn a great way into the cylinder 
<lb/>on the working parts. <choice><reg>T</reg><orig>t</orig></choice>he trunions 

	<pb n="0003" facs="liv_001778_0003"/><!--pb/@n='3'-->
<lb/>which had not been packed for 20 
<lb/>months were repacked then, and we 
<lb/>were detained a day &amp; a half while that 
<lb/>was done. We went up to <placeName>Shupanga</placeName>
<lb/>with a load which brought her down 
<lb/>again to 5 feet in 2 1/2 days steaming - 
<lb/>We grounded a day. Now it is not 
<lb/>the Engineer's fault that we go 
<lb/>aground - but the feed pump ought 
<lb/>to be disconnected at once and 
<lb/>the boiler supplied by the donkey 
<lb/>engine. She ought not to be allowed 
<lb/>to pump in sand. When the 
<lb/>other valves come the Engine will 
<lb/>be quite safe. I tell you all this 
<lb/>without one ill feeling towards the 
<lb/>Engineer, he has become respectful 
<lb/>again &amp; probably he was irritated 
<lb/>by some of the officers of the Gorgon 
<lb/>as it is evident he does not feel 
<lb/>kindly towards the service. But 
<lb/>I think it only fair to explain 

	<pb n="0004" facs="liv_001778_0004"/><!--pb/@n='4'-->
<lb/>what without any engineering know
<lb/>ledge appears to have been 
<lb/>the cause of the wretched failure of the 
<lb/>Pioneer in carrying 35 tons. <choice><reg>T</reg><orig>t</orig></choice>he list 
<lb/>is nothing as in a <unclear cert="low">seaway</unclear> she would always list<reg>.</reg></p>
<lb/><p><persName>Gwilliam</persName> the quarter master 
<lb/>&amp; <persName>Hardisty</persName> have always been at 
<lb/>variance &amp; having come to words 
<lb/>lately <persName>Gwilliam</persName> assaulted <persName>Hardisty</persName>
<lb/>and I have to give <persName>Gwilliam</persName> over 
<lb/>to a man of war for trial. I am 
<lb/>very sorry for <persName>Gwilliam</persName> for he 
<lb/>behaved well during our period up 
<lb/>the river and is a good hard working 
<lb/>man. When in drink however he 
<lb/>is bad. While among Portuguese 
<lb/>the men do get drink and we 
<lb/>had much dysentery &amp; illness. We 
<lb/>could not get fresh meat except 
<lb/>at enormous prices &amp; having no 
<lb/>flour the beans caused irritation 
<lb/>of the bowels. We part with a number 
<lb/>of the men - when we meet a man 

	<pb n="0005" facs="liv_001778_0005"/><!--pb/@n='5'-->
<lb/>of war about the end of this month<reg>.</reg>
<lb/><persName>John Hutchins</persName> quartermaster 
<lb/>invalided from being subject to 
<lb/>dysentry. <persName>Wheatcroft</persName> quarter <choice><sic>master</sic><corr>notext</corr></choice>
<lb/>master for Lady Nyassa an 
<lb/>inveterate drunkard disrated &amp; 
<lb/>reduced to single pay. <persName>Nolan</persName>
<lb/>a stoker never did a day's work 
<lb/>since he came nor is it said 
<lb/>any where else - single pay 
<lb/>from beginning - <persName>Waldman</persName>
<lb/>a cooper intended to be carpenter 
<lb/>but quite useless. He was on 
<lb/>his passage to the <placeName>Cape</placeName> and I 
<lb/>shall send him off<reg>.</reg> He is not 
<lb/>a man of war's man. <persName>Reid</persName>
<lb/>turns out a first rate man 
<lb/>as carpenter &amp; everything. <persName>Macleod</persName>
<lb/>a smith - a very good &amp; well 
<lb/>behaved man. A civilian<reg>.</reg></p>

	<pb n="0006" facs="liv_001778_0006"/><!--pb/@n='6'-->

<lb/><p><persName>M<hi rend="sup underline">r</hi> Rae</persName> put the hull together in 
<lb/>a fortnight with but a very few 
<lb/>hands - but for the sad event which 
<lb/>casts a gloom over all my horizon 
<lb/>I should have felt delighted. I cannot 
<lb/>spare my brother though I thought 
<lb/>of reducing our expenditure by sending 
<lb/>him home. We shall need every 
<lb/>hand at Roadmaking &amp; carriage<reg>.</reg>
<lb/>We have about 4 months 
<lb/>provisions - we <choice><sic>recieved</sic><corr>received</corr></choice> the 
<lb/>preserved meats you sent but 
<lb/>the ale by 10 dozens remains 
<lb/>somewhere. I feel sorry that 
<lb/>your kindness is stopped in its 
<lb/>flow - where I cannot divine 
<lb/>we <choice><sic>recieved</sic><corr>received</corr></choice> it but twice - eight 
<lb/>was the number in one - the other 
<lb/>much less. It surely could be 
<lb/>traced. It would have saved us 

	<pb n="0007" facs="liv_001778_0007"/><!--pb/@n='7'-->
<lb/>a great deal of money. I had to 
<lb/>buy mess rum for our crew 
<lb/>at 10/ per gallon. I would have 
<lb/>let them want rather but 
<lb/>thought at the time we should 
<lb/>get the sections up to the cataracts 
<lb/>and wished to give them 
<lb/>their grog while working ashore. 
<lb/>I shall enclose my accounts 
<lb/>in a letter which will go to 
<lb/>the <placeName>Cape</placeName> in July. <persName>M<hi rend="sup underline">r</hi> Young</persName>
<lb/>is going to give quarterly 
<lb/>accounts of expenditure as 
<lb/>we ought to have done all 
<lb/>along. We have no forms 
<lb/>for it. I am a good deal out 
<lb/>of pocket at present and 
<lb/>have not enough private 
<lb/>money to pay our six 

	<pb n="0008" facs="liv_001778_0008"/><!--pb/@n='8'-->
<lb/>Johanna men who have now 
<lb/>served 13 months - If we get 
<lb/>12 more when these leave we 
<lb/>shall do with but few Europeans 
<lb/><persName>Captain Oldfield</persName> has promised 
<lb/>to send them. They have never 
<lb/>once been sick until lately. </p>
<lb/><p>My poor wife had made 
<lb/>ample provision for making 
<lb/>Lady Nyassa a comfortable home 
<lb/>for us all. We find evidence 
<lb/>of this in her boxes. As a great 
<lb/>deal was new I have selected the 
<lb/>best and any keepsakes for her 
<lb/>daughters and send them in three 
<lb/>boxes, to the care of <persName>M<hi rend="sup underline">r</hi> Frederick 
<lb/>Fitch</persName>. I have taken the liberty 
<lb/>of addressing them to you. We 
<lb/>took plenty of table linen &amp; towels 
<lb/>for the Lady Nyassa<reg>.</reg></p>
				<lb/><p rend="no-indent"><space extent="2" unit="chars"/>I am &amp;c <persName>David Livingstone</persName></p>

	<pb n="0009" facs="liv_001778_0009"/><!--pb/@n='9'-->
<lb/><p rend="no-indent"> P.S. </p>
<lb/><p rend="no-indent">I would just add that the water is still 
<lb/>high but falling fast. I think we shall 
<lb/>get up the <placeName>Shire</placeName> in June. We have a 
<lb/>fair prospect of being able to do our 
<lb/>work comfortably. <persName>D<hi rend="sup underline">r</hi> Kirk</persName> &amp; <persName>C Livingstone</persName>
<lb/>went off this morning to <placeName>Tette</placeName> to remove our 
<lb/>things by canoes. <choice><reg>T</reg><orig>t</orig></choice>he Portuguese have said 
<lb/>nothing to us about our freeing the captives 
<lb/>&amp; we say nothing to them. We are good friends 
<lb/>still. I gave <persName>Major Secard</persName> his watch. <choice><reg>T</reg><orig>t</orig></choice>he 
<lb/>other would never work I suppose it had 
<lb/>been knocked - if repaired I shall buy it if 
<lb/>you please. <persName>Waller</persName> was down here &amp; 

	<pb n="0010" facs="liv_001778_0010"/><!--pb/@n='10'-->
<lb/>left on 3<hi rend="sup underline">d</hi> with all the mission goods in 
<lb/>canoes. A report says that the missionaries 
<lb/>contemplate retiring down to Chibisa's 
<lb/>a bad movement to come down to the 
<lb/>lowlands but some are faint hearted<reg>.</reg>
<lb/>We carry no more for them as it is out 
<lb/>of the question<reg>.</reg></p>
			
</div>
		</body>
	</text></TEI>