<?xml version="1.0" encoding="UTF-8"?>
<?xml-model href="http://livingstoneonline.github.io/LEAP-ODD/leap.rng" type="application/xml" schematypens="http://relaxng.org/ns/structure/1.0"?>
<?xml-model href="http://livingstoneonline.github.io/LEAP-ODD/leap.rng" type="application/xml" schematypens="http://purl.oclc.org/dsdl/schematron"?>
 <?xml-stylesheet href="http://livingstoneonline.github.io/LEAP-XSLT/transcription.xsl" type="text/xsl"?>
 <!--Converted from a TEI P4 XML file to the LEAP TEI P5 Schema by James Cummings on 2015-03-02--><!--TEI encoding revised and standardized by Adrian S. Wisnicki, 2015-2016-->
         <TEI xmlns="http://www.tei-c.org/ns/1.0" xml:id="liv_001531">
	<teiHeader>
		<fileDesc>
			<titleStmt>
				<title>Letter to John Washington</title>
                <title type="alternative">Letter to John Washington, 4 February 1860</title>
				<author xml:id="DL">Livingstone, David, 1813-1873</author>
			</titleStmt>
			<publicationStmt>
				<authority>Livingstone Online</authority>
				<pubPlace>London</pubPlace>
				<date>2010</date>
				<publisher>Wellcome Centre for the History of Medicine, UCL</publisher>
				<idno type="LEAP-ID">liv_001531</idno>
			</publicationStmt>
			<sourceDesc>
				<bibl xml:id="shelfmark">National Museum of the Royal Navy (Great Britain); MSS. 120</bibl>
				<bibl xml:id="ccnumber">Letters, 0988</bibl>
				<bibl xml:id="recipient"><persName>Washington, John, 1800-1863</persName></bibl>
				<bibl xml:id="date"><date when="1860-02-04">4 February 1860</date></bibl>
				<bibl xml:id="where">Tette</bibl>
			</sourceDesc>
		</fileDesc>
		<profileDesc>
			<langUsage>
				<language ident="en">English</language>
			</langUsage>
		</profileDesc>
		<revisionDesc>
			<change>
				<date>2010</date>
				<name xml:id="CO">Caroline Overy</name>Transcribed by Caroline Overy
			</change>
			<change>
				<date>2010-23-01</date>
				<name xml:id="CL">Chris Lawrence</name>Proofed by Chris Lawrence
			</change>
		</revisionDesc>
	</teiHeader>

	<text>
		<body xml:lang="en">
			<div>

	<pb n="0001" facs="liv_001531_0001"/><!--pb/@n='1'-->
<addSpan spanTo="#p.1-01" place="marginleft"><!--addSpan/@place='left margin of fol.1'--></addSpan>
<lb/><p rend="no-indent">If you can state to <persName>M<hi rend="sup underline">r</hi> Rae</persName> positively that the Government either 
<lb/>will or will not grant a new steamer - it will save time &amp; oblige me<reg>.</reg></p><anchor xml:id="p.1-01"/>
				<lb/><p rend="right"><space extent="1" unit="chars"/><placeName>Tette</placeName>, 4 Feb<hi rend="sup">y</hi> 1860</p>
<lb/><p><hi rend="underline">Private</hi></p>
<lb/>
<lb/><p rend="no-indent">My Dear <persName>Captain Washington</persName></p>
				<lb/><p><space extent="2" unit="words"/><space extent="2" unit="chars"/>I have resolved to allow <persName>M<hi rend="sup">r</hi>
<lb/>Rae</persName> to go home. This vessel is done, and should 
<lb/>another be on the way she will have her own 
<lb/>engineer. <persName>Rae</persName> will be able to do us more 
<lb/>good by going home than by stopping, 
<lb/>for if allowed to carry out my views 
<lb/>of what ought to be done in this country 
<lb/>a more trustworthy person could not 
<lb/>be found to give effect to our 
<w>arrange-<lb break="no"/>ments.</w> He returns therefore on duty &amp; 
<lb/>will come straight to you in London. 
<lb/>A conversation with him will give you 
<lb/>a clearer idea of our prospects than 
<lb/>any amount of letter writing. You 
<lb/>spoke to him at Liverpool and he has 
<lb/>regretted ever since that he did not know 
<lb/>you or he would have let you know 
<lb/>how shabbily we were being served. He 
<lb/>has collections of plants in charge for 
<lb/>Kew and two live Lepidosirens for 
<lb/><persName>Professor Owen</persName>.</p>
<lb/><p>As I mentioned before a small 
<lb/>vessel capable of being unscrewed at the 
<lb/>bottom of the cataracts and carried to the 
<lb/>smooth part above, seems necessary 

	<pb n="0002" facs="liv_001531_0002"/><!--pb/@n='2'--> 
<lb/>to give us a proper footing in the slave 
<lb/>market of <placeName>Nyassa</placeName>. Once there I have 
<lb/>no doubt but we should soon eradicate 
<lb/>the slave trade over a large district. <persName>D<hi rend="sup underline">r</hi>
<lb/>Kirk</persName><reg>,</reg><persName>M<hi rend="sup underline">r</hi> C. Livingstone</persName> &amp; <persName>Rae</persName> have but 
<lb/>one opinion on this point. Personally, 
<lb/>I am glad that the capabilities of the region 
<lb/>we have opened do not rest on my 
<lb/>testimony alone. And if I am rightly informed 
<lb/><persName>Burton</persName> and <persName>Speke</persName> confirm my views<reg>.</reg>
<lb/>It is indispensible that we be entirely 
<lb/>independent of the Portuguese. Their stations 
<lb/>are not colonies but small penal settlements<reg>.</reg>
<lb/>No women are sent out, and the moral 
<lb/>atmosphere is awful. I question if there are 
<lb/>five upright men in the country, and there 
<lb/>is not a man woman nor child in it, 
<lb/>without the venereal either hereditary or 
<lb/>acquired. Hence the necessity of one 
<lb/>steamer capable of navigating the lower 
<lb/><placeName>Zambesi</placeName> and the Cape while another remains 
<lb/>on the lakes. <persName>Bedingfeld</persName> inflicted no end of 
<lb/>harm on the Expedition  in rejecting the 
<lb/>Bann, but what could a landsman like me 
<lb/>do but acquiesce. It would have suited us 
<lb/>exactly but he certainly could not have 
<lb/>navigated her out.</p>
<lb/><p>We think that the proposed vessel should 
<lb/>be unscrewed into pieces of 500lbs each - that 
<lb/>she should have an engine of at least 40 horse power 

	<pb n="0003" facs="liv_001531_0003"/><!--pb/@n='3'--> 
<lb/>- draw not more than 30 inches yet 
<lb/>come out herself. <persName>M<hi rend="sup underline">r</hi> Rae</persName> has <choice><sic>knowlege</sic><corr>knowledge</corr></choice>
<lb/>of vessels which his employers sent out 
<lb/>to Australia of that draught. He is highly 
<lb/>esteemed by the Mess<hi rend="sup underline">rs</hi><persName>Tod</persName> &amp; <persName>Macgregor</persName>
<lb/>of <placeName>Glasgow</placeName> and his status is much 
<lb/>higher than what he occupies here. 
<lb/>We ought to have a condensing engine 
<lb/>with a screw, and a strong substantial 
<lb/>hull. Two scotch carts and a couple 
<lb/>of mules from the Cape would 
<lb/>enable us to place her on <placeName>Nyassa</placeName>
<lb/>in three months from her arrival. If we 
<lb/>could have half a dozen sappers and 
<lb/>miners so much the better. I have 
<lb/>submitted the proposition to <persName>Lord John 
<lb/>Russell</persName>. If he declines it, then I shall 
<lb/>get it from my own funds. My 
<lb/>children are provided for, so far as 
<lb/>education is concerned, and I do not 
<lb/>know a more noble object in 
<lb/>which to employ some of the money 
<lb/>got by the book than this. If 
<w>Govern-<lb break="no"/>ment</w> saw the thing in the light I do 
<lb/>no difficulty would be made - but 
<lb/>if not I think it clear that the plan 
<lb/>ought to be proceeded with and <persName>M<hi rend="sup underline">r</hi> Rae</persName>
<lb/>is instructed to that effect. I wish 

	<pb n="0004" facs="liv_001531_0004"/><!--pb/@n='4'--> 
<lb/>you to examine him freely about everything<reg>.</reg>
<lb/>He is cautious in his statements and 
<lb/>every word may be depended on. He will 
<lb/>make a model of the kind of vessel we 
<lb/>need and submit it to you. His superintendence 
<lb/>would ensure everything being done in a 
<lb/>workmanlike manner, but you are 
<lb/>not required to employ him unless 
<lb/>that course should commend itself to 
<lb/>your own judgement. If kept on I suppose 
<lb/>his salary would require to be equal to P &amp; O Company's<reg>.</reg></p>
<lb/><p>We lost a mail bag on the bar off 
<lb/><placeName>Kongone</placeName> and are quite in the dark about 
<lb/>what you are or have been doing - not 
<lb/>a word from you though I am sure you 
<lb/>have written. The passage in has a 
<lb/>bend in it. It lies to the left or West 
<lb/>of the island in the mouth of the harbour 
<lb/>and is quite safe for 2/3<hi rend="sup">ds</hi> of each month 
<lb/>at least. We got <persName>Captain Berkeley</persName> to put 
<lb/>up another beacon and when the two are 
<lb/>in line you have the passage or deep 
<lb/>channel. Fortunately no lives were lost 
<lb/>but if any one will go well to the West 
<lb/>of the island he cannot miss the channel 
<lb/>and will lose nothing. The mail was lost 
<lb/><figure><!--<graphic style="float:left" url="LETT1077-1.png"/>--></figure> on shoal 1. <persName>Bedingfeld</persName>
<lb/>nearly lost the launch 
<lb/>on shoal 2. in the 
<w>accom-<lb break="no"/>panying</w> rude sketch - + is a 
<lb/>canal which leads into the 
<lb/><placeName>Luabo</placeName> near the sea. 

	<pb n="0005" facs="liv_001531_0005"/><!--pb/@n='5'--> 
<lb/>It came to my knowledge in Nov<hi rend="sup underline">r</hi> last, that 
<lb/><persName>Captain Gordon</persName> of H. M. S. Hermes had written 
<lb/>a letter to <persName>C<hi rend="sup underline">r</hi> Bedingfeld</persName> impugning my 
<lb/>veracity. I happened to be writing to <persName>Captain 
<lb/>Gordon</persName> at the time, and added the following 
<lb/>postscript which I think you ought to see.</p>
<lb/><p>P.S. 3 Nov. 1859. I was actually engaged in 
<lb/>writing the foregoing sheet when a mail arrived 
<lb/>containing your "copy of a letter to <persName>C<hi rend="sup underline">r</hi> Bedingfeld"</persName><reg>.</reg>
<lb/>My object in writing was chiefly to shew 
<lb/>that I gratefully remembered your services 
<lb/>while with us as after our separation; 
<lb/>and as after conduct does not blot out 
<lb/>the pleasant recollection of your really 
<lb/>hearty good will to the Expedition, I still 
<lb/>venture to send it, and to say that nothing 
<lb/>would delight me more than rendering 
<lb/>some service to you or yours in return.</p>
<lb/><p>A few points seemed to have escaped 
<lb/>your memory and as they might have 
<lb/>modified your judgement in penning 
<lb/>your letter they may without offence 
<lb/>be recalled. "The practicable passage", 
<lb/>for instance, was not "discovered by the 
<lb/>Launch" but by <persName>M<hi rend="sup underline">r</hi> Skead</persName> in your own 
<lb/>cutter. Having been absent with him 
<lb/>on that service, our grounding <del type="strikethrough">with him</del>
<lb/>during the night prevented my being on the 
<lb/>spot when the Launch came round from 
<lb/>the <placeName>Luave</placeName> - but I was informed in the 
<lb/>presence of a witness by one who ought 

	<pb n="0006" facs="liv_001531_0006"/><!--pb/@n='6'--> 
<lb/>to have known, that the fault was his own 
<lb/>in mistaking the proper passage across the 
<lb/>bar, and sending <persName>Bedingfeld</persName> where in 
<lb/>defiance of signals made by <persName>Mr C. Livingstone</persName>
<lb/>on the beach he went broadside on to the 
<lb/>breakers. (this was <persName>Captain Gordon</persName> himself)</p>
<lb/><p>You assert that <persName>C<hi rend="sup underline">r</hi> Bedingfeld's</persName><hi rend="underline">proper 
<lb/>place</hi> was the steam Launch; you did not 
<lb/>recollect that she was not a man of war 
<lb/>and possibly did not know that the pointed 
<lb/>instructions of H. M. Government which 
<lb/>I read to him in the presence of the whole 
<lb/>Expedition; and also furnished him with 
<lb/>a copy thereof under my own hand, 
<lb/>assigned him the <hi rend="double-underline">place</hi> of sounding the 
<lb/>bar in the whalers <hi rend="double-underline">made</hi> expressly for 
<lb/>that service. Such instructions are paramount 
<lb/>and as the same authority declared that 
<lb/>no naval officer would be allowed to 
<lb/>interfere with <persName>Cap<hi rend="sup">n</hi> Duncan</persName> in his 
<w>manage-<lb break="no"/>ment</w> of the <term type="boat">Pearl</term>, your next allegation 
<lb/>is equally injudicious<reg>.</reg></p>
<lb/><p>You have omitted altogether the 
<lb/>occasion of <persName>Bedingfeld's</persName> resignation, and 
<lb/>tacked it on to a matter which had no 
<lb/>connection with it. <hi rend="underline">You</hi> may have been 
<lb/>ignorant of the restrictions under which he was placed 
<lb/>but <hi rend="underline">he</hi> was not. Had you been charged to 
<lb/>protect <persName>C.<hi rend="sup">n</hi> Duncan</persName> as I was, I believe that 
<lb/>your ideas of obedience would have led you 
<lb/>to perform your duty exactly as I did, 
<lb/>though perhaps not so quietly. 

	<pb n="0007" facs="liv_001531_0007"/><!--pb/@n='7'--> 
<lb/>(When the <term type="boat">Pearl</term> was aground <persName>Gordon</persName> watching 
<lb/>the screw observed that the water retired some 
<lb/>inches, before it was high water. He complained 
<lb/>to me that <persName>Duncan</persName> had allowed the opportunity 
<lb/>of getting her off to pass. As I had been observing 
<lb/>a steady rise at the waist I suggested that 
<lb/>her stern might have lifted. He burst into a 
<lb/>towering passion with <persName>Duncan</persName>, roared out 
<lb/>that he would stake his reputation as an officer 
<lb/>of 30 years standing &amp;c. &amp;c. The water was 
<lb/>found to be actually rising still, and she floated 
<lb/>and got off an hour after the scene. <persName>Gordon</persName>
<lb/>however handsomely apologized to <persName>Duncan</persName>
<lb/>for his rudeness<reg>.</reg>)</p>
<lb/><p>"The frivolous and ridiculous events" 
<lb/>(reasons?) to which you deign not to allude 
<lb/>are so for the same reasons that Botany 
<lb/>and geology are frivolous and ridiculous 
<lb/>to the people among whom we travel. In the 
<lb/>latter case the ignorance is excusable. Had 
<lb/>I added a word or two more the case would 
<lb/>have appeared clear, but this production 
<lb/>of yours amply justifies the caution I 
<lb/>exercised. (Note <persName>Bedingfeld</persName> was labouring 
<lb/>under irritable bladder, the most intractable 
<lb/>of all the sequelae of syphilis. In England he 
<lb/>was obliged to wear a gutta percha tube in 
<lb/>order to relieve himself in the public streets 
<lb/><choice><sic>unpercieved</sic><corr>unperceived</corr></choice>. Here there was superadded 
<lb/>irritable bowels, and any one conversant 
<lb/>with these complaints can understand 
<lb/>whether it was "frivolous or ridiculous" to 
<lb/>refer some of his folly to these causes. But I never 

	<pb n="0008" facs="liv_001531_0008"/><!--pb/@n='8'--> 
<lb/>alluded to them except in an indirect manner 
<lb/>and in a way that would not affect his character)<reg>.</reg></p>
<lb/><p>You have constituted yourself the fourth 
<lb/>witness to the fact of an altercation on board 
<lb/>the <term type="boat">Pearl</term> after my pointed injunction 
<lb/>to the contrary. I made no charge without 
<lb/>evidence from credible witnesses 
<w>accompany-<lb break="no"/>ing</w> it - and am sorry to see that you 
<lb/>imagine your mere dicta and "belief" on 
<lb/>hearsay could subvert point blank 
<lb/>evidence. You cannot be a witness <del type="strikethrough">to</del>
<lb/>respecting the putridity exposed to view 
<lb/>after <persName>Bedingfeld</persName> was turned off, you 
<lb/>being I believe at the time in <placeName>Simon's Bay</placeName>. 
<lb/><hi rend="underline">You did not hear</hi><persName>Bedingfeld</persName> "<hi rend="underline">quietly</hi>" 
<lb/>"remonstrate" for by no rule of  
<lb/>interpretation can the assertion that the 
<lb/>"rivet heads are rusting off" "She will 
<lb/>never reach <placeName>Tette</placeName> if you go down to the 
<lb/>bar" &amp;c. be called quiet remonstrance. 
<lb/>I had orders from H. M. Government 
<lb/>to see the <term type="boat">Pearl</term> safely down to the Bar, 
<lb/>and had promised to obey - but it is  
<lb/>marvellous to you that I should wish 
<lb/>to get back my promise before consenting 
<lb/>to go up river instead. You ought, 
<lb/>my friend to have known all these 
<lb/>points before committing yourself. A 
<lb/>vessel painted inside and out with 
<lb/>Peacock's patent on the voyage out, 

	<pb n="0009" facs="liv_001531_0009"/><!--pb/@n='9'--> 
<lb/>with her rivet heads rusting off after 
<lb/>only one month's service, was such 
<lb/>a palpable stupid story, you could 
<lb/>not have stomached it either. Again 
<lb/>you are altogether mistaken about 
<lb/>the letter. It was written at once on 
<lb/><choice><sic>recieving</sic><corr>receiving</corr></choice> B's first resignation 
<lb/>copied by <persName>M<hi rend="sup underline">r</hi> C. Livingstone</persName> &amp; 
<lb/>read by my second in command; 
<lb/>but I delayed delivery, believing 
<lb/>that "I would not be doing as 
<lb/>I would wish to be done by if I did 
<lb/>not give B. time to reflect" this 
<lb/>is what I told you, and you 
<lb/>kindly offered to "mediate". <choice><reg>B</reg><orig>b</orig></choice>ut I 
<lb/>had never quarrelled. It was a 
<lb/>question of delivery or non delivery 
<lb/>entirely<reg>.</reg><space extent="2" unit="words"/>D. Livingstone</p>
<lb/><p><space extent="1" unit="words"/>I have said nothing offensive 
<lb/>or intentionally so, but I consider 
<lb/>it quite unjustifiable in you 
<lb/>to accuse me of ingratitude to
<lb/>the navy - some of your statements 
<lb/>are insulting enough but you don<reg>'</reg>t 
<lb/>thereby disparage the whole consular service<reg>.</reg></p>
				<lb/><p rend="right"><space extent="2" unit="chars"/>A true copy D.L.</p>

	<pb n="0010" facs="liv_001531_0010"/><!--pb/@n='10'-->
<lb/><p>(Note. I would not have troubled 
<lb/>you on this subject again as I meant 
<lb/>to have allowed it to drop, but 
<lb/>we hear that <persName>Bedingfeld</persName> has been 
<lb/>going about London shewing 
<lb/><persName>Gordon's</persName> letter. And he repeatedly 
<lb/>declared that anything could 
<lb/>be got out of the Admiralty by 
<lb/><choice><sic>boreing</sic><corr>boring</corr></choice> the "Old fools" I think 
<lb/>it well for you to know that 
<lb/><persName>Gordon</persName> allowed himself to be persuaded 
<lb/>he knew matters of which he positively 
<lb/>had no knowledge. He was tried 
<lb/>by court martial after he left us, 
<lb/>and were he examined on the points he now 
<lb/>has written upon, would appear to 
<lb/>no greater advantage than he did 
<lb/>there. I am satisfied that a 
<lb/>great deal of the disfavour in 
<lb/>which the Admiralty stands 
<lb/>is owing to the depreciation 
<lb/>of their own officers - <persName>Bedingfeld</persName>
<lb/>declared repeatedly on board the 
<lb/><term type="boat">Pearl</term> "that he got a steamer 
<lb/>because he never studied steam" 

	<pb n="0011" facs="liv_001531_0011"/><!--pb/@n='11'--> 
<lb/>"that the Admiralty discouraged all 
<lb/>scientific acquirements" and any 
<lb/>thing could be got out of them by 
<lb/>only plaguing them long enough. 
<lb/>It was impossible for <persName>Duncan</persName>
<lb/>to respect a person talking in 
<lb/>this way, and then followed 
<lb/>the hatred in which when <persName>Gordon</persName>
<lb/>joined my situation was 
<w>un-<lb break="no"/>comfortable</w> enough.</p>
<lb/><p>On another disagreeable subject 
<lb/>I neglected to call your attention 
<lb/>to the difference of statement between 
<lb/><persName>M<hi rend="sup underline">r</hi> John Laird</persName> and <persName>M<hi rend="sup underline">r</hi> Macgregor 
<lb/>Laird</persName>. <persName>Macgregor</persName> promised 
<lb/>that she would carry Ten or 
<lb/>Twelve Tons. <persName>John</persName> says she 
<lb/>was to carry a very few 
<lb/>persons. <persName>Macgregor</persName> promised 
<lb/>over rather than below Ten 
<lb/>knots. <persName>John</persName> blames me for 
<lb/>preventing her speed by loading 

	<pb n="0012" facs="liv_001531_0012"/><!--pb/@n='12'--> 
<lb/>her up to 2 feet. Now without gear 
<lb/>fuel, luggage, food or even water 
<lb/>in the boiler, she draws 23 inches 
<lb/>her paddle floats being 10 inches too 
<lb/>deep. The fact of the matter is that 
<lb/><persName>Macgregor's</persName> mad idea of turning 
<lb/>her up at each end upset all their 
<lb/>calculations. The Niger canoes are 
<lb/>made so to avoid the shock which 
<lb/>they would otherwise give on coming 
<lb/>to the banks. The bend allows them 
<lb/>to slide up. With us the bend increases 
<lb/>the draught and does not make her turn 
<lb/>more quickly. He would not have 
<lb/>made this "mule" with his own money. 
<lb/>By the engineer of <term type="boat">H. M. S. Lynx</term> I am 
<lb/>conformed in the statement that it is 
<lb/>a low pressure cylinder applied to a 
<lb/>high pressure engine. One side <add place="above">of the boiler</add> remains 
<lb/>long cool after the other is hot: and 
<lb/>it is not true that a pipe serves the 
<lb/>purpose of a steam chest in marine 
<lb/>engines. The authority for saying that 
<lb/>the cylinder was the sweepings of the 
<lb/>shop, was <persName>M<hi rend="sup underline">r</hi> Laird's</persName> own foreman, 
<lb/>but we do not mention that publicly as 
<lb/>it might hurt the man. From <persName>M<hi rend="sup">r</hi>
<lb/>Rae</persName> you may learn further particulars<reg>.</reg></p>
				<lb/><p rend="center"><space extent="2" unit="chars"/>I am &amp;c David Livingstone</p>
<addSpan spanTo="#p.12-01" place="marginleft"><!--addSpan/@place='left margin of fol. 12'--></addSpan>
<lb/>He presumed largely on people's ignorance in saying that a pipe serves instead<reg>.</reg>
<lb/>It is probable that the boiler too was made for a land engine from being without a steam 
<lb/>chest<anchor xml:id="p.12-01"/>

</div>
		</body>
	</text></TEI>