<?xml version="1.0" encoding="UTF-8"?>
<?xml-model href="http://livingstoneonline.github.io/LEAP-ODD/leap.rng" type="application/xml" schematypens="http://relaxng.org/ns/structure/1.0"?>
<?xml-model href="http://livingstoneonline.github.io/LEAP-ODD/leap.rng" type="application/xml" schematypens="http://purl.oclc.org/dsdl/schematron"?>
 <?xml-stylesheet href="http://livingstoneonline.github.io/LEAP-XSLT/transcription.xsl" type="text/xsl"?>
 <!--Converted from a TEI P4 XML file to the LEAP TEI P5 Schema by James Cummings on 2015-03-02--><!--TEI encoding revised and standardized by Adrian S. Wisnicki, 2015-2016-->
         <TEI xmlns="http://www.tei-c.org/ns/1.0" xml:id="liv_001671">
	<teiHeader>
		<fileDesc>
			<titleStmt>
				<title>Letter to John Washington</title>
                <title type="alternative">Letter to John Washington, 20 May 1861</title>
				<author xml:id="DL">Livingstone, David, 1813-1873</author>
			</titleStmt>
			<publicationStmt>
				<authority>Livingstone Online</authority>
				<pubPlace>London</pubPlace>
				<date>2009-08-18</date>
				<publisher>Wellcome Centre for the History of Medicine, UCL</publisher>
				<idno type="LEAP-ID">liv_001671</idno>
			</publicationStmt>
			<sourceDesc>
				<bibl xml:id="shelfmark">National Museum of the Royal Navy (Great Britain); MSS. 120</bibl>
				<bibl xml:id="ccnumber">Letters, 1124</bibl>
				<bibl xml:id="recipient"><persName>Washington, John, 1800-1863</persName></bibl>
				<bibl xml:id="date"><date when="1861-05-20">20 May 1861</date></bibl>
				<bibl xml:id="where">R. Shire</bibl>
			</sourceDesc>
		</fileDesc>
		<profileDesc>
			<langUsage>
				<language ident="en">English</language>
			</langUsage>
			<handNotes>
				<handNote xml:id="hand01">Scribe: Unknown</handNote>
			</handNotes>
		</profileDesc>
		<revisionDesc>
			<change>
				<date>2009-08-18</date>
				<name xml:id="SM">Sharon Messenger</name>Initial Transcription by Sharon Messenger
			</change>
			<change>
				<date>2009-10-28</date>
				<name xml:id="CL">Chris Lawrence</name>First Proof by Chris Lawrence
			</change>
		</revisionDesc>
	</teiHeader>

	<text>
		<body xml:lang="en">
			<div>

	<pb n="0001" facs="liv_001671_0001"/><!--pb/@n='1'-->
<lb/><p rend="right">20 May 1861. <placeName>R. Shire</placeName></p>
<lb/>
<lb/>
<lb/>
<lb/><p rend="no-indent">I hereby certify that <persName>D<hi rend="sup underline">r</hi> Kirk</persName>
<lb/><persName>M<hi rend="sup underline">r</hi> Charles Livingstone</persName>
<lb/><persName>M<hi rend="sup underline">r</hi> Gedye</persName>, <persName>M<hi rend="sup underline">r</hi>
<lb/>Hardisty</persName> (engineer), <persName>W<hi rend="sup">m</hi>
<lb/>Rowe</persName>, <persName>John Hutchins</persName>
<lb/><persName>Quarter Master Guilli<del type="strikethrough">a</del>m</persName>, 
<lb/>Stokers <persName>Pennel</persName>, <persName>Wilson</persName>
<lb/>seamen <persName>John &amp; Charles 
<lb/>Neale</persName> - carpenter <persName>Fayers</persName>
<lb/>and <persName>Thomas Ward</persName>
<lb/>steward are well and 
<lb/>performing their duty 
<lb/>on board H.M.S. Pioneer 
<lb/>at this date. </p>
				<lb/><p><space extent="2" unit="chars"/><persName>David Livingstone</persName></p>
				<lb/><p rend="center"><space extent="1" unit="chars"/>H.M. Consul </p>
			
</div>
		</body>
	</text></TEI>