<?xml version="1.0" encoding="UTF-8"?>
<?xml-model href="http://livingstoneonline.github.io/LEAP-ODD/leap.rng" type="application/xml" schematypens="http://relaxng.org/ns/structure/1.0"?>
<?xml-model href="http://livingstoneonline.github.io/LEAP-ODD/leap.rng" type="application/xml" schematypens="http://purl.oclc.org/dsdl/schematron"?>
 <?xml-stylesheet href="http://livingstoneonline.github.io/LEAP-XSLT/transcription.xsl" type="text/xsl"?>
 <!--Converted from a TEI P4 XML file to the LEAP TEI P5 Schema by James Cummings on 2015-03-02--><!--TEI encoding revised and standardized by Adrian S. Wisnicki, 2015-2016-->
         <TEI xmlns="http://www.tei-c.org/ns/1.0" xml:id="liv_001554">
	<teiHeader>
		<fileDesc>
			<titleStmt>
				<title>Letter to John Washington</title>
                <title type="alternative">Letter to John Washington, 25 March 1860</title>
				<author xml:id="DL">Livingstone, David, 1813-1873</author>
			</titleStmt>
			<publicationStmt>
				<authority>Livingstone Online</authority>
				<pubPlace>London</pubPlace>
				<date>2009-08-10</date>
				<publisher>Wellcome Centre for the History of Medicine, UCL</publisher>
				<idno type="LEAP-ID">liv_001554</idno>
			</publicationStmt>
			<sourceDesc>
				<bibl xml:id="shelfmark">National Museum of the Royal Navy (Great Britain); MSS. 120</bibl>
				<bibl xml:id="ccnumber">Letters, 1010</bibl>
				<bibl xml:id="recipient"><persName>Washington, John, 1800-1863</persName></bibl>
				<bibl xml:id="date"><date when="1860-03-25">25 March 1860</date></bibl>
				<bibl xml:id="where">Mazaro, Zambesi</bibl>
			</sourceDesc>
		</fileDesc>
		<profileDesc>
			<langUsage>
				<language ident="en">English</language>
			</langUsage>
			<handNotes>
				<handNote xml:id="hand01">Scribe: Unknown</handNote>
			</handNotes>
		</profileDesc>
		<revisionDesc>
			<change>
				<date>2009-08-10</date>
				<name xml:id="CO">Caroline Overy</name>Initial Transcription by Caroline Overy
			</change>
			<change>
				<date>2009-10-28</date>
				<name xml:id="CL">Chris Lawrence</name>First Proof by Chris Lawrence
			</change>
		</revisionDesc>
	</teiHeader>

	<text>
		<body xml:lang="en">
			<div>

	<pb n="0001" facs="liv_001554_0001"/><!--pb/@n='1'-->
<lb/><p><hi rend="underline">Latest</hi></p>
				<lb/><p rend="right"><space extent="2" unit="words"/><placeName>Mazaro, Zambesi</placeName> 25<hi rend="sup underline">th</hi> March</p>
				<lb/><p rend="right"><space extent="5" unit="words"/><space extent="2" unit="chars"/>1860</p>
<lb/>
<lb/><p>My Dear <persName>Captain Washington</persName></p>
				<lb/><p><space extent="5" unit="words"/><space extent="3" unit="chars"/>After waiting 23 days at 
<lb/><placeName>Kongone Harbour</placeName> we left on the 14<hi rend="sup underline">th</hi> currt for 
<lb/><placeName>Mazaro</placeName> in order to get <persName>M<hi rend="sup underline">r</hi> Rae</persName> conveyed by this 
<lb/>route to Quilimane. The river being full now 
<lb/>we might have gone near <placeName>Quilimane</placeName> by one of 
<lb/>the canals off the <placeName>Luabo</placeName> - but our vessel has 
<lb/>35 patches held on by over 60 bolts in her bottom 
<lb/>and without wind we cannot make more than 
<lb/>1/4 knot an hour. She is without cargo too 
<lb/>and certainly have not a ton with crew and 
<lb/>everything else. Everything is in the Pinnace 
<lb/>yet you can<reg>'</reg>t see the waterline. It is very 
<lb/>doubtful indeed if she ever reaches <placeName>Tette</placeName> as she has 
<lb/>scores of minute holes all over which entail 
<w>con-<lb break="no"/>stant</w> watching &amp; labour. We abandon her at 
<lb/><placeName>Tette</placeName> if she does not abandon us before that. 
<lb/>Never was Expedition crippled and belaboured 
<lb/>as we have been by trusting the Niger Philanthropist. </p>
<lb/><p>No ship having called I am hopelessly in the 
<lb/>dark as a new ship. One we shall have 
<lb/>either by public or private means. Our prospects 
<lb/>seem to me brighter than ever though I try to 
<lb/>divert the whole of any sanguine tinge. </p>

	<pb n="0002" facs="liv_001554_0002"/><!--pb/@n='2'-->
<lb/><p>I long to hear what you think of them from 
<lb/>a cool business point of view. One thing, 
<lb/>should the Bann or another vessel be given, we 
<lb/>ought to have a pennon and a couple of respectable 
<lb/>guns, not for fighting but for respect. <choice><reg>T</reg><orig>t</orig></choice>he 
<lb/>Portuguese look on us with great jealously 
<lb/>this is much increased of late by some English 
<lb/>forcing commerce up the river at <placeName>Delagoa Bay</placeName>
<lb/>and they think we mean to do the same here. 
<lb/>I have requested <persName>Lord John Russell</persName> to try and get 
<lb/>freedom of trade on this river or at least on 
<lb/>those parts never used by the Portuguese as the 
<lb/><placeName>Luabo</placeName> below <placeName>Mazaro</placeName> &amp; the <placeName>Shire</placeName>. If not this 
<lb/>then let us work it out quietly without 
<lb/>troubling the Portuguese, but for this we 
<lb/>would require to be able to say that we are 
<lb/>a man of war. They make much of my 
<lb/>being consul for <placeName>Quilimane</placeName> only. I say nothing 
<lb/>of course of my being accredited to other tribes 
<lb/>beyond their dominion. Nothing is said to me, 
<lb/>but as much as possible to my companions 
<lb/>by way of sounding them or drawing me into a 
<lb/>discussion. With a soil and climate far superior 
<lb/>to <placeName>Natal</placeName> they do nothing but peddle in ivory<reg>.</reg>
<lb/>I think we ought to try the <placeName>Rovuma</placeName> if we 
<lb/>cannot get free trade here. 1000 feet must be 
<lb/>accounted for along that river to the sea but 
<lb/>the fall may be in a shorter space than the 35 
<lb/>miles of the <placeName>Shire</placeName> and it is happily beyond 

	<pb n="0003" facs="liv_001554_0003"/><!--pb/@n='3'--> 
<lb/>Portuguese claims. </p>
<lb/><p>The river is now magnificent 
<lb/>just as <persName>Captain Gordon</persName> described 
<lb/>it "more like an inland sea 
<lb/>than a river". By the way the 
<lb/>chart of <persName>Baines</persName> above <placeName>Senna</placeName>
<lb/>is what is never seen. <choice><reg>T</reg><orig>t</orig></choice>he 
<lb/>great expanse of water is what 
<lb/>always strikes the eye and he 
<lb/>acknowledged that his sketch 
<lb/>was not its actual appearance 
<lb/>but what ought to be in instead 
<lb/>of the sand banks in mere lines as 
<lb/>compared with the water. I did 
<lb/>not suggest alteration as I considered 
<lb/>it would be near the truth to give 
<lb/>it as bad as it ever can become 
<lb/>for its low water. For two years 
<lb/>past it has been fordable in two 
<lb/>places. <choice><reg>T</reg><orig>t</orig></choice>his never occurred according 
<lb/>to the Portuguese before. All my 
<w>com-<lb break="no"/>panions</w> are well &amp; well tired of the 
<lb/>slow movement up<reg>.</reg> <persName>David Livingstone</persName></p>
			
</div>
		</body>
	</text></TEI>