<?xml version="1.0" encoding="UTF-8"?>
<?xml-model href="http://livingstoneonline.github.io/LEAP-ODD/leap.rng" type="application/xml" schematypens="http://relaxng.org/ns/structure/1.0"?>
<?xml-model href="http://livingstoneonline.github.io/LEAP-ODD/leap.rng" type="application/xml" schematypens="http://purl.oclc.org/dsdl/schematron"?>
 <?xml-stylesheet href="http://livingstoneonline.github.io/LEAP-XSLT/transcription.xsl" type="text/xsl"?>
 <!--Converted from a TEI P4 XML file to the LEAP TEI P5 Schema by James Cummings on 2015-03-02--><!--TEI encoding revised and standardized by Adrian S. Wisnicki, 2015-2016-->
         <TEI xmlns="http://www.tei-c.org/ns/1.0" xml:id="liv_001762">
	<teiHeader>
		<fileDesc>
			<titleStmt>
				<title>Letter to John Washington</title>
                <title type="alternative">Letter to John Washington, 1 April 1862</title>
				<author xml:id="DL">Livingstone, David, 1813-1873</author>
			</titleStmt>
			<publicationStmt>
				<authority>Livingstone Online</authority>
				<pubPlace>London</pubPlace>
				<date>2009-08-18</date>
				<publisher>Wellcome Centre for the History of Medicine, UCL</publisher>
				<idno type="LEAP-ID">liv_001762</idno>
			</publicationStmt>
			<sourceDesc>
				<bibl xml:id="shelfmark">National Museum of the Royal Navy (Great Britain); MSS. 120</bibl>
				<bibl xml:id="ccnumber">Letters, 1211</bibl>
				<bibl xml:id="recipient"><persName>Washington, John, 1800-1863</persName></bibl>
				<bibl xml:id="date"><date when="1862-04-01">1 April 1862</date></bibl>
				<bibl xml:id="where">Kongone</bibl>
			</sourceDesc>
		</fileDesc>
		<profileDesc>
			<langUsage>
				<language ident="en">English</language>
			</langUsage>
			<handNotes>
				<handNote xml:id="hand01">Scribe: Unknown</handNote>
			</handNotes>
		</profileDesc>
		<revisionDesc>
			<change>
				<date>2009-08-18</date>
				<name xml:id="SM">Sharon Messenger</name>Initial Transcription by Sharon Messenger
			</change>
			<change>
				<date>2009-10-24</date>
				<name xml:id="CL">Chris Lawrence</name>First Proof by Chris Lawrence
			</change>
		</revisionDesc>
	</teiHeader>

	<text>
		<body xml:lang="en">
			<div>

	<pb n="0001" facs="liv_001762_0001"/><!--pb/@n='1'-->
				<lb/><p><space extent="2" unit="chars"/><placeName>Kongone</placeName> 1<hi rend="sup underline">st</hi> April </p>
				<lb/><p rend="right"><space extent="1" unit="chars"/>1862 </p>
<lb/>
<lb/><p rend="no-indent">I take the liberty of 
<lb/>requesting <persName>Captain 
<lb/>Washington</persName> to 
<lb/>favour me by paying 
<lb/>the sum of Fifty Pounds 
<lb/>(£50) annually to 
<lb/>my father <persName>John 
<lb/>Reid</persName>, <placeName>Isle of 
<lb/>Whithorn</placeName>, 
	<lb/><space extent="1" unit="words"/><space extent="1" unit="chars"/><placeName>Wigtonshire</placeName>

	<pb n="0002" facs="liv_001762_0002"/><!--pb/@n='2'-->
<lb/>from my salary as 
<lb/>carpenter &amp; joiner with 
<lb/><persName>M<hi rend="sup underline">r</hi> Rae</persName> in the 
<lb/><placeName>Zambesi</placeName> Expedition 
<lb/>under <persName>D<hi rend="sup underline">r</hi> Livingstone</persName><reg>.</reg></p>
				<lb/><p rend="center"><space extent="1" unit="words"/>John Reid </p>
<lb/>
<lb/><p rend="no-indent">In presence of </p>
<lb/><p><persName>David Livingstone</persName></p>
			
</div>
		</body>
	</text></TEI>