<?xml version="1.0" encoding="UTF-8"?>
<?xml-model href="http://livingstoneonline.github.io/LEAP-ODD/leap.rng" type="application/xml" schematypens="http://relaxng.org/ns/structure/1.0"?>
<?xml-model href="http://livingstoneonline.github.io/LEAP-ODD/leap.rng" type="application/xml" schematypens="http://purl.oclc.org/dsdl/schematron"?>
 <?xml-stylesheet href="http://livingstoneonline.github.io/LEAP-XSLT/transcription.xsl" type="text/xsl"?>
 <!--Converted from a TEI P4 XML file to the LEAP TEI P5 Schema by James Cummings on 2015-03-02--><!--TEI encoding revised and standardized by Adrian S. Wisnicki, 2015-2016-->
         <TEI xmlns="http://www.tei-c.org/ns/1.0" xml:id="liv_001492">
	<teiHeader>
		<fileDesc>
			<titleStmt>
				<title>Letter to [Joseph B. Braithwaite]</title>
                <title type="alternative">Letter to [Joseph B. Braithwaite], 24 October 1859</title>
				<author xml:id="DL">Livingstone, David, 1813-1873</author>
			</titleStmt>
			<publicationStmt>
				<authority>Livingstone Online</authority>
				<pubPlace>London</pubPlace>
				<date>2007-06-14</date>
				<publisher>Wellcome Centre for the History of Medicine, UCL</publisher>
				<idno type="LEAP-ID">liv_001492</idno>
			</publicationStmt>
			<sourceDesc>
				<bibl xml:id="shelfmark">National Library of Scotland; MS. 20312, ff. 55-56</bibl>
				<bibl xml:id="ccnumber">Letters, 0952</bibl>
				<bibl xml:id="recipient"><persName>Braithwaite, Joseph B., 1818-1905</persName></bibl>
				<bibl xml:id="date"><date when="1859-10-24">24 October 1859</date></bibl>
				<bibl xml:id="where">River Shire</bibl>
			</sourceDesc>
		</fileDesc>
		<profileDesc>
			<langUsage>
				<language ident="en">English</language>
			</langUsage>
			<handNotes>
				<handNote xml:id="hand01" medium="pencil_ink">Scribe: Unknown</handNote>
				<handNote xml:id="hand02" medium="ink_ink">Scribe: Unknown</handNote>
			</handNotes>
		</profileDesc>
		<revisionDesc>
			<change>
				<date>2007-06-14</date>
				<name xml:id="CO">Caroline Overy</name>Intial Transcription by Caroline Overy
			</change>
			<change>
				<date>2007-06-21</date>
				<name xml:id="CL">Chris Lawrence</name>Proofed by Chris Lawrence
			</change>
			<change>
				<date>2007-08-13</date>
				<name xml:id="JB">Janet Browne</name>Proofed by Janet Browne
			</change>
		</revisionDesc>
	</teiHeader>

	<text>
		<body xml:lang="en">
			<div>

	<pb n="0001" facs="liv_001492_0001"/><!--pb/@n='55r'-->
 <addSpan spanTo="#p55r-01" place="marginleft"><!--addSpan/@place='left margin of fol. 55r'--></addSpan>
<lb/><p rend="no-indent">I enclose a letter for the Times again. It may be sent if the other 
<lb/>was noticed. My love to all the friends at <placeName>Kendal</placeName></p><anchor xml:id="p55r-01"/>
<lb/><p><del type="strikethrough" hand="#hand01"><hi rend="underline">Private</hi></del><space extent="1" unit="words"/><placeName>River Shire</placeName> 24<hi rend="sup underline">th</hi> Oct<hi rend="sup"><hi rend="double-underline">r</hi></hi></p>
<lb/><p rend="right"><space extent="3" unit="words"/>1859</p>
<lb/><p><persName><del type="strikethrough" hand="#hand01"><hi rend="underline">My Dear Friend</hi></del></persName><add place="inline" hand="#hand01">[<persName>J. B. Braithwaite</persName>]</add></p>
<lb/><p><space extent="3" unit="words"/><space extent="1" unit="chars"/>We have traced this 
<lb/>river up to its point of emergence from 
<lb/>the hitherto <del type="strikethrough" hand="#hand01">undiscovered</del> <add place="above" hand="#hand01">unexplored</add><placeName>Lake Nyassa</placeName>
<lb/>and have thus made an opening into 
<lb/>a cotton producing country superior 
<lb/>to the American. <choice><reg>F</reg><orig>f</orig></choice>or here there are 
<lb/>no frosts to endanger or cut off the 
<lb/>crops and instead of the never 
<lb/>ending toil necessary to raise a 
<lb/>foreign plant on that soil one 
<lb/>sowing here serves for three 
<lb/>years crops even though the plants 
<lb/>are burned off. I have alway said 
<lb/>that the fine country for the 
<w>pro-<lb break="no"/>duction</w> of raw material for our 
<lb/>manufactures and which I thought 
<lb/>and still <del type="strikethrough" hand="#hand01">do</del> think destined to free 
<lb/>us from the stain of dependence 
<lb/>on slave labour, is situated North 
<lb/>of 14° or 15° of south Latitude and 
<lb/>here we have entered it in a quarter 
<lb/>of which we never dreamed. <del type="strikethrough" hand="#hand01"><choice><reg>A</reg><orig>a</orig></choice>nd </del></p>

	<pb n="0002" facs="liv_001492_0002"/><!--pb/@n='55v'--> 
<addSpan spanTo="#p55v-01" place="marginleft"><!--addSpan/@place='left margin of fols. 56r, 55v'--></addSpan>
<lb/><p rend="no-indent">Deck &amp; Bottom went done simultaneously - £1200 for 12 months wear 
<lb/>was fairish without any whine of "<hi rend="underline">doing it for the good of the cause</hi>"</p><anchor xml:id="p55v-01"/>
<lb/><p rend="no-indent"><del type="strikethrough" hand="#hand01">in consequences of hindrances but little 
<lb/>creditable to ship builders &amp; others. We 
<lb/>have</del> <del type="overwritten" hand="#hand01">this</del> <add place="over-text" hand="#hand01">The</add> river <placeName>Shire</placeName> <add place="inline" hand="#hand01">is</add> better adapted for 
<lb/>steam navigation than even the 
<lb/><placeName>Zambesi</placeName>. One hundred miles without 
<lb/>any obstacle. <choice><reg>T</reg><orig>t</orig></choice>hen 33 miles of cataracts 
<lb/>past which a common road 
<lb/>could easily be made. Above this 
<lb/>the <placeName>Shire</placeName> is placed again right into the 
<lb/><placeName>Lake Nyassa</placeName> in 14° 25 S. Lat. <choice><reg>T</reg><orig>t</orig></choice>he 
<lb/>land above the cataracts <del type="strikethrough">has</del> is arranged 
<lb/>in three terraces. <choice><reg>T</reg><orig>t</orig></choice>he lowest, <del type="strikethrough" hand="#hand01">or vall <add place="above">e</add>y</del> <add place="above" hand="#hand01">or valley</add>
<lb/>of the <placeName>Shire</placeName> is 1200 feet high and exactly 
<lb/>like <del type="strikethrough" hand="#hand01">the</del> <add place="above" hand="#hand01">that of the</add><placeName>Nile</placeName> at <placeName>Cairo</placeName>. <choice><reg>A</reg><orig>a</orig></choice> second terrace 
<lb/>East of it is over 2000 ft and a 
<lb/>third 3000 ft. All are well supplied 
<lb/>with running rills of deliciously 
<lb/>cool water<reg>.</reg> You will <choice><sic>percieve</sic><corr>perceive</corr></choice> that 
<lb/>we have here changes of climate within 
<lb/>a few miles of each other. On the 
<lb/>third terrace rises the <placeName>Mount Zomba</placeName>
<lb/>with a base some 20 miles in diameter 
<lb/>and from 7000 to 8000 feet in 
<lb/>altitude. On the other terraces it was 
<lb/>delightfully cool in the hottest period of 
<lb/>the year<reg>.</reg><choice><reg>O</reg><orig>o</orig></choice>n <placeName>Zomba</placeName> we found it 
<lb/>cold. One of the greatest benefits our 
<lb/>expedition will confer is the cure of 
<lb/><term type="ailment">fever</term> even in the lowlands without</p>

	<pb n="0003" facs="liv_001492_0003"/><!--pb/@n='56r'--> 
 <addSpan spanTo="#p56r-01" place="marginleft"><!--addSpan/@place='left margin of fols. 56r, 55v'--></addSpan>
<lb/><p rend="no-indent"><supplied reason="damage">we</supplied> could not explore <placeName>Nyasa</placeName>. It seemed about 8 or ten miles broad 
<lb/><supplied reason="damage">at this</supplied> end. Laird<reg>'</reg>s vessel was in a sinking state. Funnel Furnace </p><anchor xml:id="p56r-01"/>
<lb/><p rend="no-indent"><choice><sic>without</sic><corr>notext</corr></choice><add place="inline" hand="#hand02">(</add>in general<add place="inline" hand="#hand02">)</add> loss of strength in the 
<lb/>patient. We use <term type="remedy">quinine</term> in the cure 
<lb/>but as a preventative it is a farce <del type="strikethrough" hand="#hand01">to 
<lb/>use quinine wine<reg>,</reg> only good to fill the 
<lb/>pockets of the self interested</del>. On all the 
<lb/>terraces cotton is now grown very 
<lb/>extensively. <choice><reg>T</reg><orig>t</orig></choice>he people are great 
<lb/>cultivators and have no cattle. <choice><reg>T</reg><orig>t</orig></choice>he 
<lb/>Portuguese say that they are of quick 
<lb/>apprehension even in a state of slavery<reg>.</reg>
<lb/>We found that their suspicions 
<lb/>that we might after all turn out to be 
<lb/>a marauding party were most 
<lb/>effectually allayed by frankly telling 
<lb/>them that we came to mark the paths 
<lb/>for our countrymen to come and 
<lb/>buy their cotton.</p>
<lb/><p><placeName>Lake Shirwa</placeName> or as its proper 
<lb/>name is, Tamandua is 
<lb/>ninety miles long. <choice><reg>B</reg><orig>b</orig></choice>ut no one 
<lb/>could tell us where the head of 
<lb/><placeName>Nyassa</placeName> or Nyinyesi lay<reg>.</reg> It had 
<lb/>a heavy swell on it though there 
<lb/>was no wind and it never varies 
<lb/>so far as we could see in height 
<lb/><supplied reason="damage">though it gives off constantly the <placeName>Shire</placeName> which may be called 80 to 150 yards wide with a two fathom channel.</supplied>

	<pb n="0004" facs="liv_001492_0004"/><!--pb/@n='56v'--> 
<lb/>and a two &amp; a half knot current. Even 
<lb/><add place="below">^</add> <add place="above" hand="#hand01">the</add><placeName>Shire</placeName> never varies more than from 
<lb/>2 to 3 feet from the wet to the dry season<reg>.</reg>
<lb/>The two Lakes lie parallel with the 
<lb/>East coast and all the trade from 
<lb/>the Interior must cross the <placeName>Shire</placeName> where 
<lb/>it comes out of <placeName>Nyassa</placeName> then go 
<lb/>along the partition between the Lakes 
<lb/>without embarking on either. We met 
<lb/>an East coast slaving party there<reg>.</reg>
<lb/>A more blackguard looking lot I never 
<lb/>saw. <choice><reg>T</reg><orig>t</orig></choice>hey had an immense number 
<lb/>of slaves and Elephants<reg>'</reg> tusks with 
<lb/>them. We bought some fine pieces 
<lb/>of malachite from them. On learning 
<lb/>that we were English they made off 
<lb/>probably with the same opinion of us 
<lb/>as we had of them<reg>.</reg></p>
<lb/><p><hi rend="underline">Confidential</hi> We have submitted a plan 
<lb/>of an English station to H<reg>.</reg> M. Government<reg>.</reg> It would cut off the slave &amp; other trade from 
<lb/><placeName>Mosambique</placeName> and several other ports. I have 
<lb/>written <persName>M<hi rend="sup underline">r</hi> Venn</persName> recommending the church 
<lb/>missionary society to occupy this most 
<lb/>desirable field. <choice><reg>B</reg><orig>b</orig></choice>ut we must be still 
<lb/>lest the Portuguese smell out our intentions<gap extent="3" unit="lines" agent="damage"/><supplied reason="damage">I want a small steamer on the <placeName>Nyassa</placeName>. Lawful commerce would cut out that in slaves &amp; <choice><sic>develope</sic><corr>develop</corr></choice> the Cotton Trade. 
<lb/><persName><hi rend="underline">D. Livingstone.</hi></persName></supplied></p>

			
</div>
		</body>
	</text></TEI>