<?xml version="1.0" encoding="UTF-8"?>
<?xml-model href="http://livingstoneonline.github.io/LEAP-ODD/leap.rng" type="application/xml" schematypens="http://relaxng.org/ns/structure/1.0"?>
<?xml-model href="http://livingstoneonline.github.io/LEAP-ODD/leap.rng" type="application/xml" schematypens="http://purl.oclc.org/dsdl/schematron"?>
 <?xml-stylesheet href="http://livingstoneonline.github.io/LEAP-XSLT/transcription.xsl" type="text/xsl"?>
 <!--Converted from a TEI P4 XML file to the LEAP TEI P5 Schema by James Cummings on 2015-03-02--><!--TEI encoding revised and standardized by Adrian S. Wisnicki, 2015-2016-->
         <TEI xmlns="http://www.tei-c.org/ns/1.0" xml:id="liv_001620">
	<teiHeader>
		<fileDesc>
			<titleStmt>
				<title>Letter to John Washington</title>
                <title type="alternative">Letter to John Washington, 1 February 1861</title>
				<author xml:id="DL">Livingstone, David, 1813-1873</author>
			</titleStmt>
			<publicationStmt>
				<authority>Livingstone Online</authority>
				<pubPlace>London</pubPlace>
				<date>2009-09-08</date>
				<publisher>Wellcome Centre for the History of Medicine, UCL</publisher>
				<idno type="LEAP-ID">liv_001620</idno>
			</publicationStmt>
			<sourceDesc>
				<bibl xml:id="shelfmark">National Museum of the Royal Navy (Great Britain); MSS. 120</bibl>
				<bibl xml:id="ccnumber">Letters, 1073</bibl>
				<bibl xml:id="recipient"><persName>Washington, John, 1800-1863</persName></bibl>
				<bibl xml:id="date"><date when="1861-02-01">1 February 1861</date></bibl>
				<bibl xml:id="where">Kongone</bibl>
			</sourceDesc>
		</fileDesc>
		<profileDesc>
			<langUsage>
				<language ident="en">English</language>
			</langUsage>
			<handNotes>
				<handNote xml:id="hand01">Scribe: Unknown</handNote>
			</handNotes>
		</profileDesc>
		<revisionDesc>
			<change>
				<date>2009-09-08</date>
				<name xml:id="CO">Caroline Overy</name>Initial Transcription by Caroline Overy
			</change>
			<change>
				<date>2009-10-01</date>
				<name xml:id="CL">Chris Lawrence</name>Proofed by Chris
			</change>
		</revisionDesc>
	</teiHeader>

	<text>
		<body xml:lang="en">
			<div>

	<pb n="0001" facs="liv_001620_0001"/><!--pb/@n='1r'-->
<addSpan spanTo="#p.1r-01" place="marginleft"><!--addSpan/@place='left margin of fols 1r, 1v, 2r'--></addSpan>
<lb/><p rend="no-indent">Mission thoroughly aware of the way to treat Fever. 
<lb/>I have ventured to say that you can supply the name 
<lb/>of our Bead merchant <persName>M<hi rend="sup underline">r</hi> Kendal</persName> to the secretaries</p><anchor xml:id="p.1r-01"/> 
<lb/><p rend="no-indent"><term type="boat">Pioneer</term> got 
<lb/>in on the 5<hi rend="sup underline">th</hi>
<lb/>all right</p>
<lb/>
<lb/><p rend="right"><placeName>Kongone</placeName> 1<hi rend="sup underline">st</hi> Feb<hi rend="sup">y</hi> 1861</p>
<lb/>
<lb/><p rend="no-indent">My Dear <persName>Captain Washington</persName></p>
				<lb/><p><space extent="1" unit="words"/><space extent="3" unit="chars"/>A barque rigged vessel 
<lb/>appeared on the South East of Flag 
<lb/>Staff island <add place="above">last night</add> and answered our 
<lb/>signals at 8 P.M. so we conclude 
<lb/>that our new vessel must be 
<lb/>near and make up our mails. See 
<lb/>a schooner opposite <placeName>Luabo</placeName> at midday.</p>
<lb/><p><persName>Rowe</persName> had worked at the 
<lb/>bottom of the launch so assiduously 
<lb/>during our absence, that we thought 
<lb/>we could bring her down to 
<lb/><placeName>Senna</placeName>, and there take out the engine. 
<lb/>We took the Pinnace too - an old 
<lb/><hi rend="underline">teredo</hi> eaten one when we got her - 
<lb/>intending to stick to that which 
<lb/>swam longest. The Pinnace went 
<lb/>first, and we could put the finger </p>

	<pb n="0002" facs="liv_001620_0002"/><!--pb/@n='1v'-->
<addSpan spanTo="#p.1v-01" place="marginleft"><!--addSpan/@place='left margin of fols 1r, 1v, 2r'--></addSpan>
<lb/><p rend="no-indent">If I add nothing more it will be on finding 
<lb/>our vessel all right a boat is now</p><anchor xml:id="p.1v-01"/>  
<lb/><p rend="no-indent">through any part of her bottom with ease 
<lb/>when we decided to use her as fuel<reg>.</reg>
<lb/>New holes burst out every day in 
<lb/>the Launch, sometimes seven in 
<lb/>one afternoon. We puddled &amp; patched 
<lb/>most strenuously, but at last 
<lb/>could not keep two compartments 
<lb/>from being constantly full - went 
<lb/>some days so - but happening 
<lb/>to drift on to a sand bank 
<lb/>scarcely knee deep the weight of 
<lb/>the two full compartments 
<lb/>prevented our getting her off. <choice><reg>T</reg><orig>t</orig></choice>he 
<lb/>water took away the sand from the 
<lb/>upper side, and she filled all over. 
<lb/>We took our things out and the 
<lb/>river rising next day she was 
<lb/>covered. She lies one day above 
<lb/><placeName>Senna</placeName>. We have taken all the 
<lb/>good out of her that ever was in her </p>

	<pb n="0003" facs="liv_001620_0003"/><!--pb/@n='2r'-->
<addSpan spanTo="#p.2r-01" place="marginleft"><!--addSpan/@place='left margin of fols 1r, 1v, 2r'--></addSpan>
<lb/><p rend="no-indent">coming ashore by the wrong passage East of 
<lb/>the Island a mistake she did not come in<reg>.</reg></p>
<lb/><p>Yours Most Truly D. Livingstone</p>
<lb/><p>4<hi rend="sup underline">th</hi> both vessels came opposite us yesterday &amp; answered our 
<lb/>signals last night - they want fair weather<reg>.</reg></p><anchor xml:id="p.2r-01"/> 
<lb/><p rend="no-indent">I only regret that I did not get a bottom 
<lb/>plate to send to you and you would 
<lb/>see that patent steel is not the thing 
<lb/>for Tropical waters.</p>
<lb/><p>I am in want of writing paper 
<lb/>official &amp; other kinds. <persName>Baines</persName> made 
<lb/>away with our supply. We require 
<lb/>also a fresh supply of Resin of 
<lb/>Jalap and Rhubarb. Also some 
<lb/>phials for insects<reg>.</reg><persName>M<hi rend="sup underline">r</hi> Young</persName> will 
<lb/>select the proper kind when he 
<lb/>gets my letter - I have to beg 
<lb/>your favour in sending our 
<lb/>periodicals by your mail 
<lb/>they come so irregularly &amp; are used 
<lb/><hi rend="underline">I conjecture</hi> at the Cape that I wish 
<lb/>them sent by a man of war 
<lb/>without going to the Post Office<reg>.</reg>
<lb/>It is a mere conjecture on my 
<lb/>part from my periodicals having 

	<pb n="0004" facs="liv_001620_0004"/><!--pb/@n='2v'--> 
<lb/>been treated in the same way when I was 
<lb/>at <placeName>Kolobeng</placeName><reg>.</reg></p>
<lb/><p><persName>D<hi rend="sup underline">r</hi> Kirk</persName> was going home but when 
<lb/>we heard that the <placeName>Rovuma</placeName> was to be 
<lb/>explored I saw <add place="above">that</add> the botany there ought to be 
<lb/>examined as well as that of the <placeName>Zambesi</placeName>
<lb/>and that he would like to go. So we 
<lb/>take him. He has done well for this 
<lb/>region. His report is a good one. 
<lb/>It will be sent next mail. <persName>Thornton</persName> 
<lb/>has gone to <placeName>Mosambique</placeName>. His salary 
<lb/>will on my recommendation 
<lb/>be restored to him.</p>
<lb/><p>I am very much delighted with the 
<lb/>prospect of a mission from the 
<lb/>Universities - and think that great 
<lb/>good will be done. The London 
<w>Mission-<lb break="no"/>aries</w> did not let me know of their 
<lb/>movements though the Cape papers 
<lb/>spoke of them as "in connection with 
<lb/>the <placeName>Zambesi</placeName> Expedition" - and it was only 
<lb/>at <placeName>Victoria Falls</placeName> that we became aware 
<lb/>of their arrival &amp; sad fate. We shall take 
<lb/>care to make the medical man of the Universities</p> 

			
</div>
		</body>
	</text></TEI>