<?xml version="1.0" encoding="UTF-8"?>
<!--Converted from a TEI P4 XML file to the LEAP TEI P5 Schema by James Cummings on 2015-03-02-->
<?xml-model href="http://livingstoneonline.github.io/LEAP-ODD/leap.rng" type="application/xml" schematypens="http://relaxng.org/ns/structure/1.0"?>
<?xml-model href="http://livingstoneonline.github.io/LEAP-ODD/leap.rng" type="application/xml" schematypens="http://purl.oclc.org/dsdl/schematron"?>
<?xml-stylesheet type="text/xsl" href="http://livingstoneonline.github.io/LEAP-XSLT/transcription.xsl"?>
<TEI xmlns="http://www.tei-c.org/ns/1.0" xml:id="liv_001097">
	<teiHeader xmlns:tei="http://www.tei-c.org/ns/1.0">
		<fileDesc>
			<titleStmt>
				<title>Letter to William Wilson</title>
				<author xml:id="DL">David Livingstone</author>
			</titleStmt>
			<publicationStmt>
				<authority>Livingstone Online</authority>
				<pubPlace>London</pubPlace>
				<date>2009-05-19</date>
				<publisher>Wellcome Centre for the History of Medicine, UCL</publisher>
				<idno type="LEAP-ID">liv_001097</idno>
			</publicationStmt>
			<sourceDesc>
				<bibl xml:id="shelfmark">School of Oriental and African Studies Library, University of London, CWM/LMS, Livingstone Wooden Box-106A</bibl>
				<bibl xml:id="ccnumber">0588</bibl>
				<bibl xml:id="recipient">William Wilson</bibl>
				<bibl xml:id="date">14 September 1857</bibl>
				<bibl xml:id="where">Burnbank, Hamilton</bibl>
			</sourceDesc>
		</fileDesc>
		<profileDesc>
			<langUsage>
				<language ident="en">English</language>
			</langUsage>
			<handNotes>
				<handNote xml:id="hand01">Scribe: Unknown</handNote>
			</handNotes>
		</profileDesc>
		<revisionDesc>
			<change>
				<date>2009-05-19</date>
				<name xml:id="initials">SM</name>Letter foliated by Sharon Messenger
			</change>
			<change>
				<date>2009-06-11</date>
				<name xml:id="CL">Chris Lawrence</name>Proofed by Chris
			</change>
		</revisionDesc>
	</teiHeader>

	<text xmlns:tei="http://www.tei-c.org/ns/1.0">
		<body xml:lang="en">
			<div>

	<pb n="0001" facs="liv_001097_0001"/><!--pb/@n='1r'-->
<lb/><p rend="right"><placeName>Burnbank</placeName></p>
<lb/><p rend="right"><placeName>Hamilton,</placeName></p>
<lb/><p rend="right">14<hi rend="underline"><hi rend="sup">th</hi></hi> Sept 1857 </p>
<lb/><p>My Dear Sir </p>
<lb/><p>It certainly 
<lb/>would be very 
<lb/>nice to spend a 
<lb/>short time in 
<lb/>the pleasant 
<lb/>haunts to which 
<lb/>you most kindly 
<lb/>invite me, but 

	<pb n="0002" facs="liv_001097_0002"/><!--pb/@n='1v'--> 
<lb/>I think that duty 
<lb/>compels me to 
<lb/>decline the enjoy
<lb/>ment. I am at 
<lb/>present lionizing - 
<lb/>a work to which 
<lb/>I have no appetite, 
<lb/>but different 
<lb/>friends seem

<lb/>anxious for it 
<lb/>and I think it 
<lb/>may lead to the 
<lb/>opening of <placeName>Africa</placeName>

	<pb n="0003" facs="liv_001097_0003"/><!--pb/@n='2r'--> 
<lb/>to the gospel and 
<lb/>submit accordingly<reg>.</reg>
<lb/>If <persName>M<hi rend="sup"><hi rend="underline">r</hi></hi> Cecil</persName> is 
<lb/>with you, pray 
<lb/>present my 
<lb/>kindest regards<reg>.</reg>
<lb/>I have not had 
<lb/>time to call on 
<lb/>him since my 
<lb/>return and indeed 
<lb/>I have gone no 
<lb/>where on pleasure<reg>.</reg>
<lb/>I only saw the 

	<pb n="0004" facs="liv_001097_0004"/><!--pb/@n='2v'--> 
<lb/><placeName><choice><sic>Chrystal</sic><corr>crystal</corr></choice> Palace</placeName> once 
<lb/>when about to 
<lb/>leave <placeName>London</placeName>
<lb/>and the Art treasure 
<lb/>exhibition when 
<lb/>about to leave 
<lb/><placeName>Manchester</placeName>. <choice><reg>T</reg><orig>t</orig></choice>he 
<lb/>book is all in the 
<lb/>printer's hands &amp; 
<lb/>will be published 
<lb/>on 10<hi rend="sup">th</hi> November<reg>.</reg>
<lb/>With many thanks 
<lb/>for your kindness<reg>.</reg>
<lb/>I am &amp;c 
<lb/><persName>David Livingstone</persName></p>
			
</div>
		</body>
	</text></TEI>