<?xml version="1.0" encoding="UTF-8"?>
<!--Converted from a TEI P4 XML file to the LEAP TEI P5 Schema by James Cummings on 2015-03-02-->
<?xml-model href="http://livingstoneonline.github.io/LEAP-ODD/leap.rng" type="application/xml" schematypens="http://relaxng.org/ns/structure/1.0"?>
<?xml-model href="http://livingstoneonline.github.io/LEAP-ODD/leap.rng" type="application/xml" schematypens="http://purl.oclc.org/dsdl/schematron"?>
<?xml-stylesheet type="text/xsl" href="http://livingstoneonline.github.io/LEAP-XSLT/transcription.xsl"?>
<TEI xmlns="http://www.tei-c.org/ns/1.0" xml:id="liv_001055">
	<teiHeader xmlns:tei="http://www.tei-c.org/ns/1.0">
		<fileDesc>
			<titleStmt>
				<title>Letter to John Murray</title>
				<author xml:id="DL">David Livingstone</author>
			</titleStmt>
			<publicationStmt>
				<authority>Livingstone Online</authority>
				<pubPlace>London</pubPlace>
				<date>2008-11-04</date>
				<publisher>Wellcome Centre for the History of Medicine, UCL</publisher>
				<idno type="LEAP-ID">liv_001055</idno>
			</publicationStmt>
			<sourceDesc>
				<bibl xml:id="shelfmark">John Murray Archive, National Library of Scotland, MS. 42420, ff. 61r-62v</bibl>
				<bibl xml:id="ccnumber">0551</bibl>
				<bibl xml:id="recipient">John Murray</bibl>
				<bibl xml:id="date">6 July 1857</bibl>
				<bibl xml:id="where">Hadley Green</bibl>
			</sourceDesc>
		</fileDesc>
		<profileDesc>
			<langUsage>
				<language ident="en">English</language>
			</langUsage>
			<handNotes>
				<handNote xml:id="hand01">Scribe: Unknown</handNote>
			</handNotes>
		</profileDesc>
		<revisionDesc>
			<change>
				<date>2008-11-21</date>
				<name xml:id="SM">Sharon Messenger</name>Initial Transcription by Sharon Messenger
			</change>
			<change>
				<date>2008-11-26</date>
				<name xml:id="CL">Chris Lawrence</name>Proofed by Chris Lawrence
			</change>
		</revisionDesc>
	</teiHeader>

	<text xmlns:tei="http://www.tei-c.org/ns/1.0">
		<body xml:lang="en">
			<div>

	<pb n="0001" facs="liv_001055_0001"/><!--pb/@n='61r'-->
<lb/><p rend="right"><placeName>Hadley Green</placeName></p>
<lb/><p rend="right">6<hi rend="sup">th</hi>
<lb/>July 1857</p>
<lb/><p>My Dear <persName>M<hi rend="sup">r</hi> Murray</persName></p>
<lb/><p>Thanks for 
<lb/>the drawing of the 
<lb/>Falls which came 
<lb/>safely. I enclose 
<lb/>a note from my brother to 
<lb/>your banker 
<lb/>about the money 

	<pb n="0002" facs="liv_001055_0002"/><!--pb/@n='61v'--> 
<lb/>we sent (£30) to 
<lb/><placeName>Boston</placeName> as <persName>Blake 
<lb/>Howe &amp; Co.</persName> of 
<lb/>that city told <persName>M<hi rend="underline"><hi rend="sup">rs</hi></hi>
<lb/>C. Livingstone</persName> on 
<lb/>16<hi rend="sup">th</hi> June that 
<lb/>they had advised <persName>Herries &amp; Co</persName> to 
<lb/>pay it to <persName>C. Livingstone</persName>
<lb/>in <placeName>London</placeName>. He 
<lb/>still wants it 
<lb/>paid to his wife 
<lb/>in <placeName>America</placeName><reg>.</reg>

	<pb n="0003" facs="liv_001055_0003"/><!--pb/@n='62r'--> 
<lb/>Will you forward the enclosed to 
<lb/>your Bankers<reg>?</reg></p>
<lb/><p>I have manuscript 
<lb/>which I shall either 
<lb/>bring <add place="above">to you</add> or send to 
<lb/><placeName>1 Robert St. Adelphi</placeName>
<lb/>tomorrow. I think 
<lb/>two or three more 
<lb/>than what I bring 
<lb/>tomorrow will 
<lb/>be the end. I am 
<lb/>going down the <placeName>Zambesi</placeName>
<lb/>to <placeName>Tete</placeName> now<reg>.</reg>

	<pb n="0004" facs="liv_001055_0004"/><!--pb/@n='62v'--> 
<lb/>I shall bring <persName>M<hi rend="sup"><hi rend="underline">rs</hi></hi> L</persName>
<lb/>to <persName>Sir Henry Holland</persName>
<lb/>the first time I come<reg>.</reg>
<lb/>Will you send to 
<lb/><persName>M<hi rend="sup">r</hi> Taylor</persName><placeName>1 Robert 
<lb/>St. Adelphi</placeName> if 
<lb/>I do not come 
<lb/>before 3 o<reg>'</reg>clock<reg>?</reg>
<lb/>I shall bring 
<lb/>Kane. </p>
<lb/><p rend="center">Yours &amp;c </p>
<lb/><p rend="center"><persName>David Livingstone</persName></p>
			
</div>
		</body>
	</text></TEI>