<?xml version="1.0" encoding="UTF-8"?>
<!--Converted from a TEI P4 XML file to the LEAP TEI P5 Schema by James Cummings on 2015-03-02-->
<?xml-model href="http://livingstoneonline.github.io/LEAP-ODD/leap.rng" type="application/xml" schematypens="http://relaxng.org/ns/structure/1.0"?>
<?xml-model href="http://livingstoneonline.github.io/LEAP-ODD/leap.rng" type="application/xml" schematypens="http://purl.oclc.org/dsdl/schematron"?>
<?xml-stylesheet type="text/xsl" href="http://livingstoneonline.github.io/LEAP-XSLT/transcription.xsl"?>
<TEI xmlns="http://www.tei-c.org/ns/1.0" xml:id="liv_001301">
	<teiHeader xmlns:tei="http://www.tei-c.org/ns/1.0">
		<fileDesc>
			<titleStmt>
				<title>Letter to Richard Owen</title>
				<author xml:id="DL">David Livingstone</author>
			</titleStmt>
			<publicationStmt>
				<authority>Livingstone Online</authority>
				<pubPlace>London</pubPlace>
				<date>2007-07-09</date>
				<publisher>Wellcome Centre for the History of Medicine, UCL</publisher>
				<idno type="LEAP-ID">liv_001301</idno>
			</publicationStmt>
			<sourceDesc>
				<bibl xml:id="shelfmark">National Library of Scotland, MS.20312, ff. 41-42</bibl>
				<bibl xml:id="ccnumber">0775</bibl>
				<bibl xml:id="recipient">Richard Owen</bibl>
				<bibl xml:id="date">30 March 1858</bibl>
				<bibl xml:id="where">Sierra Leone</bibl>
			</sourceDesc>
		</fileDesc>
		<profileDesc>
			<langUsage>
				<language ident="en">English</language>
			</langUsage>
			<handNotes>
				<handNote xml:id="hand01">Scribe: Unknown</handNote>
			</handNotes>
		</profileDesc>
		<revisionDesc>
			<change>
				<date>2007-07-09</date>
				<name xml:id="CO">Caroline Overy</name>Intial Transcription by Caroline Overy
			</change>
			<change>
				<date>2007-11-05</date>
				<name xml:id="CL">Chris Lawrence</name>Proofed by Chris
			</change>
		</revisionDesc>
	</teiHeader>

	<text xmlns:tei="http://www.tei-c.org/ns/1.0">
		<body xml:lang="en">
			<div>

	<pb n="0001" facs="liv_001301_0001"/><!--pb/@n='43r'-->
<lb/><p rend="right"><placeName>Sierra Leone</placeName></p>
<lb/><p rend="right">30 March 1858</p>
<lb/><p>My Dear Friend</p>
<lb/><p>I have only 
<lb/>time to say How do ye do? 
<lb/>before leaving this 
<lb/>to which we made 
<lb/>a good passage from 
<lb/><placeName>Liverpool</placeName>. I am sorry 
<lb/>that I was unable 
<lb/>to call at last and 
<lb/>bid you good bye 
<lb/>but by way of 
<lb/>making amends I 
<lb/>have spoken to the 
<lb/>Governor here - <persName>Colonel 

	<pb n="0002" facs="liv_001301_0002"/><!--pb/@n='43v'--> 
<lb/>Hill</persName> a most excellent 
<lb/>and obliging man to 
<lb/>get some mud fish 
<lb/>for you. They are 
<lb/>abundant in <placeName>the 
<lb/>Gambia</placeName> and he will 
<lb/>have them sent to 
<lb/>you in the mud &amp; all ready for examination<reg>.</reg>
<lb/>If you kindly 
<w>acknow-<lb break="no"/>ledge</w> the receipt of 
<lb/>them and mention 
<lb/>any other kind that 
<lb/>you may wish <persName>his 
<lb/>Excellency</persName> will I am 
<lb/>sure take care that 

	<pb n="0003" facs="liv_001301_0003"/><!--pb/@n='44r'--> 
<lb/>your wishes are attended to<reg>.</reg>
<lb/>The complaint I hear 
<lb/>made on all hands here 
<lb/>when an invitation is 
<lb/>given to send home 
<lb/>specimens of natural 
<lb/>history is that they 
<lb/>have sent objects &amp; 
<lb/>no acknowledgement 
<lb/>is made of their receipt<reg>.</reg>
<lb/>Though sure that this 
<lb/>does not apply to you 
<lb/>it is well for you 
<lb/>to know that there 
<lb/>are defaulters among 
<lb/>your bretheren<reg>.</reg></p>
<lb/><p>My kindest regards 
<lb/>to <persName>M<hi rend="sup"><hi rend="underline">rs</hi></hi> Owen</persName>. <persName>M<hi rend="sup"><hi rend="underline">rs</hi></hi> L.</persName>

	<pb n="0004" facs="liv_001301_0004"/><!--pb/@n='44v'--> 
<lb/>joins in this with hearty good 
<lb/>will. She has symptoms 
<lb/>of the nine months 
<w>inter-<lb break="no"/>mittent</w> and I fear must 
<lb/>on that account be 
<lb/>discharged at the Cape to 
<lb/>go up to her father's for 
<lb/>this I am sorry as she 
<lb/>would have made us 
<lb/>all comfortable in 
<lb/>our labours. <persName>M<hi rend="sup"><hi rend="underline">rs</hi></hi> O's</persName>
<lb/>name put this little bit 
<lb/>of gossip in my head<reg>.</reg></p>
<lb/><p rend="center">I am Affectionately</p>
<lb/><p rend="center">yours</p>
<lb/><p rend="center">David Livingstone</p>
<lb/><p><persName>D<hi rend="sup"><hi rend="underline">r</hi></hi> Kirk</persName> is a fine fellow. I 
<lb/>think he has got a peculiar 
<lb/>new mud fish already. <choice><reg>I</reg><orig>i</orig></choice>t will 
<lb/>be sent you from the Cape.</p>
			
</div>
		</body>
	</text></TEI>