<?xml version="1.0" encoding="UTF-8"?>
<!--Converted from a TEI P4 XML file to the LEAP TEI P5 Schema by James Cummings on 2015-03-02-->
<?xml-model href="http://livingstoneonline.github.io/LEAP-ODD/leap.rng" type="application/xml" schematypens="http://relaxng.org/ns/structure/1.0"?>
<?xml-model href="http://livingstoneonline.github.io/LEAP-ODD/leap.rng" type="application/xml" schematypens="http://purl.oclc.org/dsdl/schematron"?>
<?xml-stylesheet type="text/xsl" href="http://livingstoneonline.github.io/LEAP-XSLT/transcription.xsl"?>
<TEI xmlns="http://www.tei-c.org/ns/1.0" xml:id="liv_001994">
	<teiHeader xmlns:tei="http://www.tei-c.org/ns/1.0">
		<fileDesc>
			<titleStmt>
				<title>Letter to George H. Richards</title>
				<author xml:id="DL">David Livingstone</author>
			</titleStmt>
			<publicationStmt>
				<authority>Livingstone Online</authority>
				<pubPlace>London</pubPlace>
				<date>2007-06-28</date>
				<publisher>Wellcome Centre for the History of Medicine, UCL</publisher>
				<idno type="LEAP-ID">liv_001994</idno>
			</publicationStmt>
			<sourceDesc>
				<bibl xml:id="shelfmark">Royal Geographical Society, Archives, DL 3/16/3</bibl>
				<bibl xml:id="ccnumber">1422</bibl>
				<bibl xml:id="recipient">George H. Richards</bibl>
				<bibl xml:id="date">10 February 1864</bibl>
				<bibl xml:id="where">Shupanga</bibl>
			</sourceDesc>
		</fileDesc>
		<profileDesc>
			<langUsage>
				<language ident="en">English</language>
			</langUsage>
			<handNotes>
				<handNote xml:id="hand01">Scribe: Unknown</handNote>
			</handNotes>
		</profileDesc>
		<revisionDesc>
			<change>
				<date>2007-06-28</date>
				<name xml:id="CO">Caroline Overy</name>Intial Transcription by Caroline Overy
			</change>
			<change>
				<date>2007-08-13</date>
				<name xml:id="JB">Janet Browne</name>Proofed by Janet Browne
			</change>
		</revisionDesc>
	</teiHeader>

	<text xmlns:tei="http://www.tei-c.org/ns/1.0">
		<body xml:lang="en">
			<div>

	<pb n="0001" facs="liv_001994_0001"/><!--pb/@n='1r'-->
<lb/><p rend="right"><placeName>Shupanga</placeName> 10<hi rend="sup"><hi rend="underline">th</hi></hi> February</p>
<lb/><p rend="right">1864</p>
<lb/><p><persName>Captain G. H. Richards R.N.</persName></p>
<lb/><p>Dear Sir</p>
<lb/><p>The accompanying 
<lb/>letter for the late <persName>Admiral 
<w>Washing-<lb break="no"/>ton</w></persName> whose loss I deeply deplore, 
<lb/>is sent unaltered to you, as I 
<lb/>am informed by <persName>Sir Thomas 
<lb/>Maclear</persName> that you have been 
<lb/>appointed chief of the Hydrographic 
<lb/>Office. We have been in the 
<lb/>habit of corresponding in the 
<lb/>familiar style of that letter 
<lb/>and as we shall start for the 
<lb/>sea as soon as we have 
<lb/>wooded, the want of time to 
<lb/>write otherwise is my excuse 

	<pb n="0002" facs="liv_001994_0002"/><!--pb/@n='1v'-->
<lb/>for begging you to consider it as 
<lb/>addressed to yourself:</p>
<lb/><p>The flood came unusually late this 
<lb/>season but rose very high. It was 
<lb/>the more trying to wait so long 
<lb/>in as much as I felt that there 
<lb/>was actually abundance of time 
<lb/>for my having explored the 
<lb/><placeName>Lake Bemba</placeName> and a portion 
<lb/>of the river system of the <placeName>Luapula</placeName>
<lb/>which possibly discharges through 
<lb/><placeName>Tanganyika</placeName> into the <placeName>Casai</placeName> &amp; 
<lb/><placeName>Congo</placeName>, but all enjoyed good 
<lb/>health.</p>
<lb/><p>We carried away the Rudder 
<lb/>by being swept against a bank 
<lb/>by the current. <choice><reg>T</reg><orig>t</orig></choice>his delayed us 
<lb/>so that we were a fortnight in 
<lb/>coming down the <placeName>Shire</placeName><!-- the Shire is underlined in another hand and a / to sentence in margin-->. We 
<lb/>took off the last of the missionaries 
<lb/>from <placeName>Morambala mountain</placeName>
<lb/>and some forty captives who 

	<pb n="0003" facs="liv_001994_0003"/><!--pb/@n='2r'-->
<lb/>had been attached to the mission 
<lb/><add place="below">^</add><add place="marginleft">of</add><persName>bishop Mackenzie</persName>, but whom 
<lb/><persName>bishop Tozer</persName> wished to abandon. 
<lb/><choice><reg>A</reg><orig>a</orig></choice>s I was instrumental in 
<lb/>liberating these captives I felt 
<lb/>in honour bound to see them 
<lb/>out of the country if necessary 
<lb/>at my own expense. <choice><reg>T</reg><orig>t</orig></choice>hey are 
<lb/>put on board the <term type="boat">Lady Nyassa</term>. 
<lb/>The Portuguese officials have all 
<lb/>been very civil to me personally, 
<lb/>though we know that these 
<lb/>poor people were captured by 
<lb/>means of their slaves. In  our 
<lb/>intercourse they never refer to the 
<lb/>subject. The liberated are chiefly 
<lb/>boys and all exceedingly glad to 
<lb/>go with their missionary friends 
<lb/>two of whom we have on board<reg>.</reg></p>
<lb/><p>I am informed by <persName>D<hi rend="sup"><hi rend="underline">r</hi></hi> Kirk</persName>
<lb/>that on the recommendation 
<lb/>of the surgeon of the <term type="boat">Orestes</term>
<lb/><persName>D<hi rend="sup"><hi rend="underline">r</hi></hi> Playfair</persName>, the seamen 

	<pb n="0004" facs="liv_001994_0004"/><!--pb/@n='2v'-->
<lb/>discharged from the <term type="boat">Pioneer</term> - <persName>D<hi rend="sup"><hi rend="underline">r</hi></hi> Kirk</persName>
<lb/>himself &amp; <persName>M<hi rend="sup"><hi rend="underline">r</hi></hi> Livingstone</persName> were 
<lb/>sent by the overland passage. On 
<lb/>account of the expense I cautioned 
<lb/><persName>D<hi rend="sup"><hi rend="underline">r</hi></hi> Kirk</persName> not to take that route &amp; 
<lb/>said if he did so it must be at his 
<lb/>own cost. It seems <persName>D<hi rend="sup"><hi rend="underline">r</hi></hi> Playfair</persName>
<lb/>had said that he would have nothing 
<lb/>to do with the men &amp; on his authority 
<lb/><persName>Captain Gardner</persName> decided on the 
<lb/>overland passage. I used the 
<lb/>necessary precaution previously 
<lb/>so am not responsible for the 
<lb/>measure.</p>
<lb/><p>I intend to go Northwards - 
<lb/>perhaps to <placeName>Bombay</placeName> in search 
<lb/>of a market for <term type="boat">Lady Nyassa</term>
<lb/>there being no probability of our 
<lb/>disposing of her at the Cape -</p>
<lb/><p>And am Dear Sir</p>
<lb/><p rend="center">Faithfully yours</p>
<lb/><p rend="center">David Livingstone</p>
			
</div>
		</body>
	</text></TEI>