<?xml version="1.0" encoding="UTF-8"?>
<!--Converted from a TEI P4 XML file to the LEAP TEI P5 Schema by James Cummings on 2015-03-02-->
<?xml-model href="http://livingstoneonline.github.io/LEAP-ODD/leap.rng" type="application/xml" schematypens="http://relaxng.org/ns/structure/1.0"?>
<?xml-model href="http://livingstoneonline.github.io/LEAP-ODD/leap.rng" type="application/xml" schematypens="http://purl.oclc.org/dsdl/schematron"?>
<?xml-stylesheet type="text/xsl" href="http://livingstoneonline.github.io/LEAP-XSLT/transcription.xsl"?>
<TEI xmlns="http://www.tei-c.org/ns/1.0" xml:id="liv_001489">
	<teiHeader xmlns:tei="http://www.tei-c.org/ns/1.0">
		<fileDesc>
			<titleStmt>
				<title>Letter to John Washington</title>
				<author xml:id="DL">David Livingstone</author>
			</titleStmt>
			<publicationStmt>
				<authority>Livingstone Online</authority>
				<pubPlace>London</pubPlace>
				<date>2009-08-24</date>
				<publisher>Wellcome Centre for the History of Medicine, UCL</publisher>
				<idno type="LEAP-ID">liv_001489</idno>
			</publicationStmt>
			<sourceDesc>
				<bibl xml:id="shelfmark">The National Museum of the Royal Navy, Portsmouth, UK, MSS 120</bibl>
				<bibl xml:id="ccnumber">0949</bibl>
				<bibl xml:id="recipient">John Washington</bibl>
				<bibl xml:id="date">20 October, 30 November [59]</bibl>
				<bibl xml:id="where">[River Shire]</bibl>
			</sourceDesc>
		</fileDesc>
		<profileDesc>
			<langUsage>
				<language ident="en">English</language>
			</langUsage>
			<handNotes>
				<handNote xml:id="hand01">Scribe: Unknown</handNote>
			</handNotes>
		</profileDesc>
		<revisionDesc>
			<change>
				<date>2009-08-24</date>
				<name xml:id="SM">Sharon Messenger</name>Initial Transcription by Sharon Messenger
			</change>
			<change>
				<date>2009-10-24</date>
				<name xml:id="CL">Chris Lawrence</name>First Proof by Chris Lawrence
			</change>
		</revisionDesc>
	</teiHeader>

	<text xmlns:tei="http://www.tei-c.org/ns/1.0">
		<body xml:lang="en">
			<div>

	<pb n="0001" facs="liv_001489_0001"/><!--pb/@n='1'-->
<lb/><p><hi rend="underline">Private</hi><space dim="horizontal" extent="10" unit="chars"/><placeName>Shire</placeName><space dim="horizontal" extent="4" unit="chars"/> 20 Oct<hi rend="underline"><hi rend="sup">r</hi></hi></p>
<lb/><p><persName>Baines</persName> and <persName>Thornton</persName> were left 
<lb/>at <placeName>Tette</placeName> because January February 
<lb/>and March are unhealthy months 
<lb/>and I wished to save them 
<lb/>the exposure of the <placeName>Shire valley</placeName>
<lb/>but left orders for <persName>C. Livingstone</persName>
<lb/>to go S.W. with them as soon 
<lb/>as the unhealthy period was 
<lb/>over. War prevented him 
<lb/>going. And no one suspected 
<lb/><persName>Baines</persName> of dishonesty till 
<lb/>he associated with certain 
<lb/>"ticket of leave men" and 
<lb/>unknown to any made away with some <del type="strikethrough">provisions</del>
<lb/>barrels of white sugar, butter 

	<pb n="0002" facs="liv_001489_0002"/><!--pb/@n='2'--> 
<lb/>cheese hams, wine and even 
<lb/>his companions property - stowing 
<lb/>away some of the latter in his 
<lb/>boxes. They were astounded on 
<lb/>discovering it as he had been 
<lb/>recommended by the Geographical 
<lb/>Society, Colonial Office &amp;c. &amp;c<reg>.</reg>
<lb/>He confessed to some breaches 
<lb/>of trust, but we don<reg>'</reg>t know 
<lb/>all he has made away with &amp; 
<lb/>I put it down to his head having 
<lb/>been affected by fever till 
<lb/>I found that he had not only 
<lb/>stolen his fellow members' 
<lb/>goods but took precious 
<lb/>good one of all his own 
<lb/>property &amp; of whatever he had 

	<pb n="0003" facs="liv_001489_0003"/><!--pb/@n='3'--> 
<lb/>appropriated. <persName>Bedingfeld</persName> made 
<lb/>a great deal of him &amp; favoured 
<lb/>on him in a way you would 
<lb/>find it difficult to believe. 
<lb/>I have sent <persName>D<hi rend="sup"><hi rend="underline">r</hi></hi> Kirk</persName> &amp; <persName>M<hi rend="underline"><hi rend="sup">r</hi></hi>
<lb/>Rae</persName> across country from <placeName>Chibisa</placeName> - 
<lb/>to <placeName>Tette</placeName> to bring <persName>Thornton</persName> &amp; 
<lb/><persName>Baines</persName> away and dismiss 
<lb/>them into Lynx, at <placeName>Kongone</placeName>
<lb/>I get on well when with a few 
<lb/>but never contemplated what 
<lb/>I am sure was considerate 
<lb/>kindness for the sake of health 
<lb/>would be turned into villainy<reg>.</reg>
<lb/>Our party now weeded of 
<lb/><persName>Bedingfeld</persName> and the Kroomen 
<lb/>with whom he tampered &amp; 
<lb/>whom he spoiled &amp; <persName>Baines</persName><del type="strikethrough">&amp;</del> with <persName>D<hi rend="underline"><hi rend="sup">r</hi></hi> Kirk</persName>. 
<lb/><persName>Rae</persName> &amp; <persName>C.L.</persName> is now effective 

	<pb n="0004" facs="liv_001489_0004"/><!--pb/@n='4'--> 
<lb/>and our prospects daily brighter<reg>.</reg>
<lb/>We mean to put a wooden bottom 
<lb/>outside the 1/16 of an inch one at 
<lb/><placeName>Kongone</placeName> by beaching her and digging 
<lb/>out the sand below - have made 
<lb/>a new funnel of copper sheets 
<lb/>from Persian. The opening up 
<lb/><placeName>Shire</placeName> into <placeName>Nyassa</placeName> I never anticipated 
<lb/>only to think no frosts to kill 
<lb/>the crops <add place="above">as in America</add> - One sowing of foreign 
<lb/>cotton yields for three years, and 
<lb/>the staple fine &amp; long. Their changes of 
<lb/>climate within a few miles of each 
<lb/>other. <choice><reg>T</reg><orig>t</orig></choice>he greatest boon the 
<lb/>expedition has given is  cure of 
<lb/>fever quickly <add place="above"> &amp; generally</add>without loss of 
<lb/>strength in the patient. Quinine 
<lb/>except in the cure (and then it is in 
<lb/>valuable), is a farce. We are getting very 
<lb/>thin in flesh - hope some one will send 
<lb/>us a little bitter ale. <persName>David Livingstone</persName></p><addSpan spanTo="#p03-01" place="marginleft"><!--addSpan/@place='left hand margin of p03-01'--></addSpan>
<lb/><p>30 Nov<hi rend="underline"><hi rend="sup">r</hi></hi> Lynx in sight - <persName>Thornton</persName> took to work 
<lb/>after he was cut off &amp; is gone up to <placeName>Zumbo</placeName>
<lb/>with a Portuguese trader.</p><anchor xml:id="p03-01"/>
			
</div>
		</body>
	</text></TEI>