<?xml version="1.0" encoding="UTF-8"?>
<!--Converted from a TEI P4 XML file to the LEAP TEI P5 Schema by James Cummings on 2015-03-02-->
<?xml-model href="http://livingstoneonline.github.io/LEAP-ODD/leap.rng" type="application/xml" schematypens="http://relaxng.org/ns/structure/1.0"?>
<?xml-model href="http://livingstoneonline.github.io/LEAP-ODD/leap.rng" type="application/xml" schematypens="http://purl.oclc.org/dsdl/schematron"?>
<?xml-stylesheet type="text/xsl" href="http://livingstoneonline.github.io/LEAP-XSLT/transcription.xsl"?>
<TEI xmlns="http://www.tei-c.org/ns/1.0" xml:id="liv_000964">
	<teiHeader xmlns:tei="http://www.tei-c.org/ns/1.0">
		<fileDesc>
			<titleStmt>
				<title>Letter to H. Norton Shaw</title>
				<author xml:id="DL">David Livingstone</author>
			</titleStmt>
			<publicationStmt>
				<authority>Livingstone Online</authority>
				<pubPlace>London</pubPlace>
				<date>15-01-2009</date>
				<publisher>Wellcome Centre for the History of Medicine, UCL</publisher>
				<idno type="LEAP-ID">liv_000964</idno>
			</publicationStmt>
			<sourceDesc>
				<bibl xml:id="shelfmark">Royal Geographical Society, Archives, DL 2/15/2</bibl>
				<bibl xml:id="ccnumber">0471</bibl>
				<bibl xml:id="recipient">H. Norton Shaw</bibl>
				<bibl xml:id="date">20 February [57]</bibl>
				<bibl xml:id="where">57 Sloane Street</bibl>
			</sourceDesc>
		</fileDesc>
		<profileDesc>
			<langUsage>
				<language ident="en">English</language>
			</langUsage>
			<handNotes>
				<handNote xml:id="hand01">Scribe: Unknown</handNote>
			</handNotes>
		</profileDesc>
		<revisionDesc>
			<change>
				<date>12-01-2009</date>
				<name xml:id="initials">SM</name>Initial Transcription by Sharon Messenger
			</change>
			<change>
				<date>2009-01-23</date>
				<name xml:id="CL">Christopher Lawrence</name>Proof by Chris Lawrence
			</change>
		</revisionDesc>
	</teiHeader>

	<text xmlns:tei="http://www.tei-c.org/ns/1.0">
		<body xml:lang="en">
			<div>

	<pb n="0001" facs="liv_000964_0001"/><!--pb/@n='1r'-->
<lb/><p rend="right"><placeName>57 Sloane St</placeName></p>
<lb/><p rend="right">20<hi rend="sup"><hi rend="underline">th</hi></hi> Feb<hi rend="sup">y</hi></p>
<lb/><p>My Dear <persName>D<hi rend="sup">r</hi> Shaw</persName></p>
<lb/><p><persName>M<hi rend="sup"><hi rend="underline">rs</hi></hi> Livingstone</persName>
<lb/>has a whitlow on her 
<lb/>finger and I have 
<lb/>not a lancet nor 
<lb/>the heart to slice 
<lb/>it up for her<reg>.</reg>
<lb/>Will you be so good 
<lb/>as give her an 
<lb/>introduction to 

	<pb n="0002" facs="liv_000964_0002"/><!--pb/@n='1v'--> 
<lb/>one of your surgical 
<lb/>friends near who 
<lb/>is expert in these 
<lb/>matters? I know 
<lb/><persName>M<hi rend="sup"><hi rend="underline">r</hi></hi> Hancock</persName>
<lb/>well but don<reg>'</reg>t 
<lb/>like to trouble 
<lb/>a great man 
<lb/>with a thing so little<reg>.</reg></p>
<lb/><p><choice><reg>T</reg><orig>t</orig></choice>hanks for the 
<lb/>journals. <choice><reg>T</reg><orig>t</orig></choice>he 
<lb/>observations are 

	<pb n="0003" facs="liv_000964_0003"/><!--pb/@n='2r'--> 
<lb/>not come yet<reg>.</reg>
<lb/>If you copy them 
<lb/>won<reg>'</reg>t <persName>Cooley</persName> send 
<lb/>them to <placeName>Germany</placeName>
<lb/>before I can get 
<lb/>them out myself. 
<lb/>I am perfectly willing 
<lb/>to do whatever is 
<lb/>right. I shall come 
<lb/>on <choice><reg>M</reg><orig>m</orig></choice>onday to 
<lb/>see if you please 
<lb/><unclear cert="low"><persName>Parker's</persName></unclear> notes. 
<lb/>Saw <hi rend="underline">your friend</hi>

	<pb n="0004" facs="liv_000964_0004"/><!--pb/@n='2v'--> 
<lb/><persName>Prince Albert</persName>
<lb/>yesterday<reg>.</reg></p>
<lb/><p rend="center">yours &amp;c </p>
<lb/><p rend="center">David Livingston </p>
			
</div>
		</body>
	</text></TEI>