<?xml version="1.0" encoding="UTF-8"?>
<!--Converted from a TEI P4 XML file to the LEAP TEI P5 Schema by James Cummings on 2015-03-02-->
<?xml-model href="http://livingstoneonline.github.io/LEAP-ODD/leap.rng" type="application/xml" schematypens="http://relaxng.org/ns/structure/1.0"?>
<?xml-model href="http://livingstoneonline.github.io/LEAP-ODD/leap.rng" type="application/xml" schematypens="http://purl.oclc.org/dsdl/schematron"?>
<?xml-stylesheet type="text/xsl" href="http://livingstoneonline.github.io/LEAP-XSLT/transcription.xsl"?>
<TEI xmlns="http://www.tei-c.org/ns/1.0" xml:id="liv_001184"><!-- LP28 -->
	<teiHeader xmlns:tei="http://www.tei-c.org/ns/1.0">
		<fileDesc>
			<titleStmt>
				<title>Letter to William Hope</title>
				<author xml:id="DL">David Livingstone</author>
			</titleStmt>
			<publicationStmt>
				<authority>Livingstone Online</authority>
				<pubPlace>London</pubPlace>
				<date>2005-05-04</date>
				<publisher>Wellcome Centre for the History of Medicine, UCL</publisher>
				<idno type="LEAP-ID">liv_001184</idno>
			</publicationStmt>
			<sourceDesc>
				<bibl xml:id="ccnumber">0669</bibl>
				<bibl xml:id="recipient">William Hope</bibl>
				<bibl xml:id="date">21 January 1858</bibl>
				<bibl xml:id="where">12 Kensington Palace Gdns</bibl>
				<bibl xml:id="shelfmark">Wellcome Library Ms. 7329/28</bibl><!--1858-01-21--><!--Original:1858-01-21-->
				<bibl xml:id="extent">3 pages</bibl>
			</sourceDesc>
		</fileDesc>
		<revisionDesc>
			<change>
				<date>2005-04-28</date>
				<name xml:id="CO">Caroline Overy</name>Initial Transcription
			</change>
			<change>
				<date>2006-02-12</date>
				<name xml:id="CL">Chris Lawrence</name>first proof
			</change>
			<change>
				<date>2006-02-19</date>
				<name xml:id="JB">Janet Browne</name>second proof
			</change>
			<change>
				<date>2006-03-02</date>
				<name xml:id="SM">Sharon Messenger</name>final proof
			</change>
		</revisionDesc>
	</teiHeader>

	<text xmlns:tei="http://www.tei-c.org/ns/1.0">
		<body>
			<div>

	<pb n="0001" facs="liv_001184_0001"/><!--pb/@n='1'--> 
<!--Hand 01 23 top left--><!--Hand 02 67550 top right-->
<lb/><p rend="right"><placeName>12 Kensington Palace Gardens</placeName></p>
<lb/><p rend="right">21<hi rend="sup"><hi rend="underline">st</hi></hi> January</p>
<lb/><p rend="right">1858</p>
<lb/><p>My Dear Sir</p>
<lb/><p>the report concerning 
<lb/>our sailing from Liverpool on 
<lb/>saturday next is not correct 
<lb/>but we hope to take our departure 
<lb/>from Liverpool in a short time 
<lb/>subsequent to that day.</p>
<lb/><p>With respect to the money 
<lb/>testimonial I feel greatly obliged 
<lb/>by your kindness in mentioning 
<lb/>it and I most thankfully 
<lb/>present my acknowledgements 
<lb/>to the kind friends who have 

	<pb n="0002" facs="liv_001184_0002"/><!--pb/@n='2'--> 
<lb/>favoured me by their generosity 
<lb/>These expressions of approbation 
<lb/>of my labours in time past 
<lb/>make me feel under additional 
<lb/>obligations to exert myself 
<lb/>in the same line in future 
<lb/>And I hope that the friends 
<lb/>who now applaud will 
<lb/>continue to sympathize with 
<lb/>me in my efforts even 
<lb/>though we may meet with 
<lb/>difficulties of which we have 
<lb/>now no conception. Business 
<lb/>men like the Liverpool merchants 
<lb/>understand such enterprises as 
<lb/>that in which I am engaged 
<lb/>and to them I shall look 

	<pb n="0003" facs="liv_001184_0003"/><!--pb/@n='3'--> 
<lb/>for consideration should it 
<lb/>so happen that contrary to 
<lb/>our expectations we <choice><sic>recieve</sic><corr>receive</corr></choice>
<lb/>any sort of check in the 
<lb/>outset. Of the ultimate success 
<lb/>I have no manner of doubt 
<lb/>though I may not be privileged 
<lb/>to see it. I thank you all 
<lb/>most unfeignedly for your 
<lb/>kindness.</p>
<lb/><p>If the sum is placed 
<lb/>to my account at Coutts &amp; co
<lb/>Bankers, Strand you will 
<lb/>oblige yours gratefully</p>
<lb/><p rend="center">David Livingstone</p>
<lb/><p><persName><choice><abbr>Wi<hi rend="underline"><hi rend="sup">m</hi></hi></abbr><expan>William</expan></choice> Hope</persName> Esq.</p>
			
</div>
		</body>
	</text></TEI>