<?xml version="1.0" encoding="UTF-8"?>
<?xml-model href="http://livingstoneonline.github.io/LEAP-ODD/leap.rng" type="application/xml" schematypens="http://relaxng.org/ns/structure/1.0"?>
<?xml-model href="http://livingstoneonline.github.io/LEAP-ODD/leap.rng" type="application/xml" schematypens="http://purl.oclc.org/dsdl/schematron"?>
<?xml-stylesheet type="text/xsl" href="http://livingstoneonline.github.io/LEAP-XSLT/transcription.xsl"?>
<TEI xmlns="http://www.tei-c.org/ns/1.0" xml:id="liv_000801">
    <!-- xml:id attribute value above should be same as the LEAP file name (without .xml suffix) -->
    <teiHeader>
        <fileDesc>
            <titleStmt>
                <title>Letter to Jean Fredoux, 28 September 1853</title>
                <author>David Livingstone</author>
                <principal>Adrian S. Wisnicki</principal>
                <principal>Christopher Lawrence</principal>
                <respStmt xml:id="AW">
                    <name>Adrian S. Wisnicki</name>
                    <resp>Transcription</resp>
                    <resp>TEI Encoding</resp>
                    <resp>Editorial Decisions</resp>
					<resp>Proofing</resp>
					<resp>Encoding Review</resp>
                </respStmt>
				<respStmt xml:id="CL">
					<name>Christopher Lawrence</name>
					<resp>Final proofing</resp>
				</respStmt>
                <respStmt xml:id="MW">
                    <name>Megan Ward</name>
                    <resp>Transcription</resp>
                    <resp>TEI Encoding</resp>
                    <resp>Editorial Decisions</resp>
					<resp>Proofing</resp>
                </respStmt>
                <respStmt xml:id="HB">
                    <name>Heather F. Ball</name>
                    <resp>Transcription</resp>
                    <resp>TEI Encoding</resp>
                    <resp>Editorial Decisions</resp>
					<resp>Proofing</resp>
					<resp>Quality Control and Integration</resp>
                </respStmt>
                <respStmt xml:id="KS">
                    <name>Kate Simpson</name>
                    <resp>Transcription</resp>
                    <resp>TEI Encoding</resp>
                    <resp>Editorial Decisions</resp>
					<resp>Proofing</resp>
                </respStmt>
                <respStmt xml:id="JM">
                    <name>Jared McDonald</name>
                    <resp>Transcription</resp>
                    <resp>TEI Encoding</resp>
					<resp>Proofing</resp>
                </respStmt>
                <respStmt xml:id="AA">
                    <name>Angela Aliff</name>
                    <resp>Transcription</resp>
                    <resp>TEI Encoding</resp>
					<resp>Proofing</resp>
                </respStmt>
                <respStmt xml:id="AK">
                    <name>Ashanka Kumari</name>
                    <resp>Transcription</resp>
                    <resp>TEI Encoding</resp>
					<resp>Proofing</resp>
                </respStmt>
                <respStmt xml:id="AM">
                    <name>Anne Martin</name>
                    <resp>Transcription</resp>
                    <resp>TEI Encoding</resp>
					<resp>Proofing</resp>
                </respStmt>
				<respStmt xml:id="SF">
					<name>Samantha Fitch</name>
					<resp>Transcription</resp>
                    <resp>TEI Encoding</resp>
					<resp>Proofing</resp>
                </respStmt>
				<respStmt xml:id="EC">
					<name>Erin Cheatham</name>
					<resp>Transcription</resp>
                    <resp>TEI Encoding</resp>
					<resp>Proofing</resp>
                </respStmt>		
            </titleStmt>
            <publicationStmt>
                <authority>Livingstone Online</authority>
                <publisher>University of Maryland Libraries</publisher>
                <pubPlace>College Park, MD, USA</pubPlace>
                <date>2014</date>
                <availability>
                    <licence target="https://creativecommons.org/licenses/by-nc/3.0/">
                        All materials are licensed for use under the 
                        <ref target="https://creativecommons.org/licenses/by-nc/3.0/">
                            Creative Commons Attribution-Noncommercial 3.0 Unported License
                        </ref>. 
                        (c) Dr. Neil Imray Livingstone Wilson, 2014
                    </licence>
                </availability>
            </publicationStmt>
            <sourceDesc>
                <msDesc>
                    <msIdentifier>
                        <country>United Kingdom</country>
                        <settlement>Blantyre</settlement>
                        <repository>David Livingstone Centre</repository>
                        <idno type="shelfmark">Cat 777</idno>
                        <altIdentifier>
                            <idno type="ccnumber">Letters, 0321</idno>
                        </altIdentifier>
                    </msIdentifier>
                    <physDesc>
                        <handDesc>
                            <handNote xml:id="U"><label>Unknown Hand</label> This hand is unknown
                                but thought not David Livingstone's.</handNote>
                        </handDesc>
                    </physDesc>
                </msDesc>
                <bibl type="sourceMetadata">
                    <title>Letter to Jean Fredoux, 28 September 1853</title>
                    <author xml:id="DL">David Livingstone</author>
                    <date type="composition" when="1853-09-28">28 September 1853</date>
                    <placeName type="compositionPlace">Sekeletu's Town</placeName>
                    <persName type="addressee">Jean Fredoux</persName>
                </bibl>
            </sourceDesc>
        </fileDesc>
        <profileDesc>
            <langUsage>
                <language ident="en">English</language>
            </langUsage>
        </profileDesc>
        <revisionDesc>
			<change when="2015-10-17" who="#CL">Corrections</change> 
			<change when="2015-08-22" who="#AW">Coding Review</change>            
            <change when="2015-07-27" who="#HB">Proofing and Quality Control</change>
            <change when="2014-10-10" who="#EC">Proofing</change>
            <change when="2014-08-16" who="#AM">Initial Transcription and TEI Encoding</change>
        </revisionDesc>
    </teiHeader>

    <text>
        <body>
            <div>
                <pb facs="liv_000801_0001" n="0001"/>
<lb/><opener><dateline rend="right"><placeName><settlement type="town">Town of <persName>Sekeletu</persName></settlement></placeName> <placeName><region>Linyanti</region></placeName> <date when="1853-09-28">28<hi rend="sup underline">th</hi> September 
<lb/>1853</date></dateline>
<lb/><salute>My Dear Brother</salute></opener>
<lb rend="center"/><p>I send you the <bibl>enclosed letter</bibl> for the
<lb/><orgName><placeName><settlement type="city">Paris</settlement></placeName> Geographical Society</orgName> which I hope you will be kind
<lb/>enough to address and forward. I do not know the
<lb/>name of their <term type="occupation">President</term>, not yet having <choice><sic>recieved</sic><corr>received</corr></choice> <bibl>my
<lb/>letter</bibl> about the Medal with which they have honoured
<lb/>me. <persName>M<hi rend="sup">r</hi> Thompson</persName> informs me it is in his possession
<lb/>but says nothing of a <bibl>letter</bibl>. I write to thank you
<lb/>now because if one delays it may seem to them as
<lb/>if I undervalue their kindness, and whatever may
<lb/>be thought of the gift itself (by those who <choice><sic>dont</sic><corr>don't</corr></choice> get it) there
<lb/>can be no doubt about the kindness of the motives of
<lb/>those who resolved to bestow it I ought to thank you
<lb/>too for it for if you had not sent <bibl>my letter</bibl> I should
<lb/>never have been known to them. I shall move a vote
<lb/>of thanks to you when <persName>Mary</persName> comes. At present I have no
<lb/>one to second it and it would be a pity to let a good
<lb/>thing fall to the ground for want of a seconder. You
<lb/>do not give me a note though I have been so long
<lb/>without news. I have heard from <placeName><settlement type="village">Kuruman</settlement></placeName> of the increase
<lb/>of your family and that all was right - except <orgName>Boers</orgName> likely
<lb/>to trouble you. I begin to wish you were North of
<lb/>me that the Newspapers might come to me first. I have
<lb/>not seen a single <bibl>Advertizer</bibl> since I left. All the Newspapers
<lb/>I <choice><sic>recieved</sic><corr>received</corr></choice> were a few <bibl><term type="nationality">Canadian</term> papers</bibl> &amp; two or three <bibl><orgName>Frontier
<lb/>times</orgName></bibl> &amp; two <bibl><orgName><term type="faith">Christian</term> times</orgName></bibl>, with about a dozen of that valuable
<lb/>production the <bibl>Friend of the sovereignty</bibl> from each of
<lb/>which an industrious person may glean as much

                <pb facs="liv_000801_0002" n="0002"/>
<lb/>as is contained in a little child's pictured pocket handkerchief</p>
<lb/><p>We had two <term type="occupation"><orgName>slave</orgName> traders</term> here and a host of <term type="tribe">Mambari</term>, the
<lb/>former <term type="people">Portuguese</term>, and the latter connected with them in trade
<lb/>or as <orgName>slaves</orgName>. One had sixty <orgName>slaves</orgName> and will take away from
<lb/>the <placeName><region>Bashukulompa villages</region></placeName> which by an intrigue with an
<lb/><term type="occupation">underchief</term> who was put to death for it, 100 or 150 more
<lb/>The <term type="tribe">Mambari</term> found no market here and they fled as soon
<lb/>as they heard I had reached the <placeName><geogName type="river">Chobe</geogName></placeName>. One <term type="occupation">merchant</term> came
<lb/>carried in a hammock <del type="cancelled">carried on</del><add place="above">slung to</add> a pole. He was probably
<lb/>disappointed in his market for he remained only 3 days and
<lb/>departed. The other whose name I may mention to you as
<lb/>this will not be published was <persName>Senor Antoneo-Francisco
<lb/>Da Silva Ferrevia Porto</persName>. <choice><sic>Its</sic><corr>It's</corr></choice> enough to take away one's breath
<lb/>Both come from the farthest inland trading station belonging
<lb/>to the <term type="people">Portuguese</term> in the <placeName><region>West opposite <placeName><region>Benguela</region></placeName></region></placeName>. It resembles
<lb/><placeName><settlement type="village">Kuruman</settlement></placeName> considered as a trading station. <persName>Porto</persName> seemed the
<lb/>richest. He had <term type="foodstuff">wine</term> at his table and sent me two <term type="foodstuff"><term type="nationality">Dutch</term> cheeses</term>
<lb/>and some <term type="foodstuff">preserved <term type="plant_foodstuff">pears</term></term>. He has erected a stockade and
<lb/>planted a flagstaff for the <term type="nationality">Portuguese</term> banner. We suspect
<lb/>the <term type="occupation">underchief</term> who was executed for intriguing may have
<lb/>given him leave. At any rate it was by means of this
<lb/>person that he was allowed to cross the river and peel <!-- geog: Chobe -->
<lb/>the villages. He <choice><sic>wont</sic><corr>won't</corr></choice> be allowed to come in again
<lb/>They would have expelled him but I interceded as the
<lb/>poor <orgName>slaves</orgName> would have suffered most. The plan was
<lb/>to hunger him out - and to a man with no <term type="occupation">attendants</term>
<lb/>it would have been effectual. I visited his stockade
<lb/>when he was absent. He wished us to travel in his
<lb/>company but I was so disgusted with the sight of
<lb/>poor gangs of wretches in chains I have resolved to go
<lb/>alone. The enclosed will give you an idea of what
<lb/>I have been doing. <placeName><settlement type="village">Katongo</settlement></placeName> adjacent to <placeName><settlement type="village">Nariele</settlement></placeName> is where
<lb/>the stockade has been put up. The <term type="tribe">Makololo</term> are dreadful

                <pb facs="liv_000801_0003" n="0003"/>
<lb/>savages. Killing is thought nothing of. Indeed it is an every day
<lb/>boast how many men a man has killed. Whatever dispute may
<lb/>arise it immediately degenerates into "how many men <w><supplied cert="high">h</supplied>ave</w> you killed
<lb/>You are a coward you never killed any one &amp;c &amp;c" No tribe needs
<lb/>the <bibl>Gospel</bibl> more than they - but the <term type="ailment">fever</term> is very bad, very fatal
<lb/>even to <orgName>Natives</orgName>. The devil has it all his own way here <w>a<supplied cert="medium">s</supplied></w> he has had
<lb/>for ages. 4 <term type="tribe">Makololo</term> have been executed in the most cool offhand
<lb/>manner since I came and when I remonstrated against shedding
<lb/>human blood they only replied that they "<unclear cert="medium">being</unclear> still <orgName>Boers</orgName> all are
<lb/>not yet taught". A short path in will be of benefit to
<lb/>the country. I go on horseback. It is reported that a waggon <!-- geog:  -->
<lb/>could not pass in consequence of numerous rivers &amp;
<lb/>Forests I have had <term type="ailment">fever</term> <unclear>9</unclear> times the last very severe
<lb/>Never had a touch of it till I came here though all the people had
<lb/>it on the way. It is not probable that I shall come out
<lb/>to <placeName><settlement type="village">Kuruman</settlement></placeName> again unless I have failed in finding
<lb/>another path. We met <orgName>Arabs</orgName> from <placeName><region>Zanguebar</region></placeName>
<lb/>subjects of the <term type="occupation"><choice><orig>Imaum</orig><reg>Imam</reg></choice> of <placeName><settlement type="town">Muscat</settlement></placeName></term>. One of them
<lb/>wrote readily in my <bibl>notebook</bibl> from right to left
<lb/><term type="people">Portuguese</term> <term type="tribe">Mambari</term> and <orgName>Arabs</orgName> were all intent on the
<lb/><orgName>slave trade</orgName>. It must be profitable</p>
<lb/><p><space extent="7" unit="chars"/>In writing to the <term type="occupation">President</term> will you explain the reason
<lb/>why his name is not used. I <choice><sic>dont</sic><corr>don't</corr></choice> know it. If any of the
<lb/>members are known to you they might give me a help
<lb/>by writing to the <term type="occupation"><term type="nationality">French</term> Consul</term> in the <placeName><region>West of <placeName><bloc>Africa</bloc></placeName></region></placeName> -
<lb/>I think of <placeName><settlement type="town">Loanda</settlement></placeName> because there are <term type="people">English</term> &amp; <term type="people">French</term> living
<lb/>there and there are none in <placeName><region>Benguela</region></placeName>. <placeName><settlement type="town">Loanda</settlement></placeName> is farther
<lb/>than <placeName><region>Benguela</region></placeName>. Kind regards to <persName>Ann</persName>. Hope her young
<lb/>ones are both thriving. Wish I saw mine. Remembrance
<lb/>to <persName>M<hi rend="sup underline">r</hi> &amp; M<hi rend="sup">rs</hi> Jousse</persName> or whatever else you call him. The <bibl>enclosure</bibl>
<lb/>which of course you will read saves me from some writing for
<lb/>it would be mere repetition to tell you all. The <term type="people">Portuguese</term> have
<lb/>many "bastards", they are just like <term type="tribe">Griquas</term></p>

                <pb facs="liv_000801_0004" n="0004"/>
<lb/><closer><salute>May God bless you and yours is the wish of
<lb/>Ever Affectionately Yours</salute>
<lb/><signed><persName><choice><abbr>D</abbr><expan>David</expan></choice> <choice><orig>Livingston</orig><reg>Livingstone</reg></choice></persName></signed></closer>
            </div>
        </body>
		<back>
			<div>
<cb/><ab>
<address>
<addrLine/><persName>Rev. <choice><abbr>J.</abbr><expan>Jean</expan></choice> Fredoux</persName>
<addrLine/><placeName><settlement type="village"><hi rend="underline">Motito</hi></settlement></placeName><!-- underlining here ends with a flourish which creates a spiral effect under the word, or a sort of multiple underlining effect AM 2014-05-12 -->    
</address>
</ab>
			</div>
		</back>
     </text>
</TEI>
