<?xml version="1.0" encoding="UTF-8"?>
<!--Converted from a TEI P5 XML file to the LEAP TEI P5 Schema by James Cummings on 2015-03-02-->
<?xml-model href="http://livingstoneonline.github.io/LEAP-ODD/leap.rng" type="application/xml" schematypens="http://relaxng.org/ns/structure/1.0"?>
<?xml-model href="http://livingstoneonline.github.io/LEAP-ODD/leap.rng" type="application/xml" schematypens="http://purl.oclc.org/dsdl/schematron"?>
<?xml-stylesheet type="text/xsl" href="http://livingstoneonline.github.io/LEAP-XSLT/transcription.xsl"?>
<TEI xmlns="http://www.tei-c.org/ns/1.0" xml:id="liv_002040">
	<teiHeader>
		<fileDesc>
			<titleStmt>
				<title>Letter to Horace Waller</title>
				<author xml:id="DL">David Livingstone</author>
			</titleStmt>
			<publicationStmt>
				<authority>Livingstone Online</authority>
				<pubPlace>London, UK</pubPlace>
				<publisher>University College London</publisher>
				<date>2012</date>
				<idno type="LEAP-ID">liv_002040</idno>
			</publicationStmt>
			<sourceDesc>
				<bibl xml:id="shelfmark">Bodleian Library of Commonwealth and African Studies at Rhodes House, MSS.Afr.s.16/1, fol. 71-72</bibl>
				<bibl xml:id="ccnumber">1462</bibl>
				<bibl xml:id="recipient">Horace Waller</bibl>
				<bibl xml:id="date">6 August 1864</bibl>
				<bibl xml:id="where">Hamilton</bibl>
			</sourceDesc>
		</fileDesc>
		<profileDesc>
			<langUsage>
				<language ident="en">English</language>
			</langUsage>
		</profileDesc>
		<revisionDesc>
			<change>
				<date>2011-12-17</date>
				<name xml:id="HFB">Heather F. Ball</name> initial transcription and XML encoding.
            
			</change>
			<change>
				<date>2011-12-21</date>
				<name xml:id="AW">Adrian S. Wisnicki</name> proofreading.
            
			</change>
		</revisionDesc>
	</teiHeader>

	<text>
		<body>
			<div>

	<pb n="0001" facs="liv_002040_0001"><!--pb/@n='71r'--></pb>
<lb/><p rend="center"><placeName><settlement type="town">Hamilton</settlement></placeName></p>
<lb/><p rend="right"><date when="1864-08-06">6 August
<lb/>1864</date></p>
<lb/><p>My Dear <persName>Waller</persName></p>
<lb/><p>I wrote you
<lb/>a "Young man
<lb/>about town"ish
<lb/>letter yesterday
<lb/>This is business
<lb/>Be good enough
<lb/>to send the enclosed
<lb/>to <persName>Meller</persName> at your
<lb/>earliest convenience
                
    

	<pb n="0002" facs="liv_002040_0002"><!--pb/@n='71v'--></pb>
<lb/>I want him to get
<lb/>through his brother
<lb/>a collage for me
<lb/>near <placeName><settlement type="city">London</settlement></placeName>
<lb/>where I may be
<lb/>retired from
<lb/>everyone <persName><choice><abbr>HW</abbr><expan>Horace Waller</expan></choice></persName>
<lb/>included.</p>
<lb/><p>I am still with
<lb/>my mother &amp;
<lb/>family and hope
<lb/>you are enjoying
<lb/>yourself - Between
<lb/>ourselves <persName>Bishop

    

	<pb n="0003" facs="liv_002040_0003"><!--pb/@n='72r'--></pb>
<lb/>Tozer</persName>'s conduct
<lb/>has staggered his
<lb/>friends and 
<lb/>having been
<lb/>consulted I have
<lb/>given my
<lb/>opinion of it
<lb/>pretty plainly
<lb/>but I hope
<lb/>without malice
<lb/>He is pretending
<lb/>that at <placeName><region>Zanzibar</region></placeName>
<lb/>he will work
<lb/>in <placeName><region>Central Africa</region></placeName>
<lb/>"The merchants

    

	<pb n="0004" facs="liv_002040_0004"><!--pb/@n='72v'--></pb>
<lb/>of that great Emporium
<lb/>underselling others
<lb/>even at <persName><settlement type="village">Tette</settlement></persName>"
<lb/>I say <placeName><region>Central Africa</region></placeName>
<lb/>is abandoned
<lb/>but they will get
<lb/>nice little comforts
<lb/>&amp; luxuries at
<lb/><placeName><region>Zanzibar</region></placeName></p>
<lb/><p rend="center"><choice><abbr>DL.</abbr><expan>David Livingstone</expan></choice></p>
			
</div>
		</body>
	</text></TEI>