<?xml version="1.0" encoding="UTF-8"?>
<!--Converted from a TEI P4 XML file to the LEAP TEI P5 Schema by James Cummings on 2015-03-02-->
<?xml-model href="http://livingstoneonline.github.io/LEAP-ODD/leap.rng" type="application/xml" schematypens="http://relaxng.org/ns/structure/1.0"?>
<?xml-model href="http://livingstoneonline.github.io/LEAP-ODD/leap.rng" type="application/xml" schematypens="http://purl.oclc.org/dsdl/schematron"?>
<?xml-stylesheet type="text/xsl" href="http://livingstoneonline.github.io/LEAP-XSLT/transcription.xsl"?>
<TEI xmlns="http://www.tei-c.org/ns/1.0" xml:id="liv_001187">
	<teiHeader xmlns:tei="http://www.tei-c.org/ns/1.0">
		<fileDesc>
			<titleStmt>
				<title>Letter to John Kirk</title>
				<author xml:id="DL">David Livingstone</author>
			</titleStmt>
			<publicationStmt>
				<authority>Livingstone Online</authority>
				<pubPlace>London</pubPlace>
				<date>2008-01-24</date>
				<publisher>Wellcome Centre for the History of Medicine, UCL</publisher>
				<idno type="LEAP-ID">liv_001187</idno>
			</publicationStmt>
			<sourceDesc>
				<bibl xml:id="shelfmark">National Library of Scotland, Acc. 9942, ff. 1r-2v</bibl>
				<bibl xml:id="ccnumber">0672</bibl>
				<bibl xml:id="recipient">John Kirk</bibl>
				<bibl xml:id="date">22 January 1858</bibl>
				<bibl xml:id="where">15 Whitehall Place</bibl>
			</sourceDesc>
		</fileDesc>
		<profileDesc>
			<langUsage>
				<language ident="en">English</language>
			</langUsage>
			<handNotes>
				<handNote xml:id="hand01">Scribe: Unknown</handNote>
			</handNotes>
		</profileDesc>
		<revisionDesc>
			<change>
				<date>2008-01-24</date>
				<name xml:id="SM">Sharon Messenger</name>Initial Transcription by Sharon Messenger
			</change>
			<change>
				<date>2008-04-11</date>
				<name xml:id="CL">Chris Lawrence</name>Proofed by Chris Lawrence
			</change>
		</revisionDesc>
	</teiHeader>

	<text xmlns:tei="http://www.tei-c.org/ns/1.0">
		<body xml:lang="en">
			<div>

	<pb n="0001" facs="liv_001187_0001"/><!--pb/@n='1r'--> 
<!-- headed notepaper --><!--<p rend="right"><placeName>45 Whitehall Pl. </placeName> <lb/></p>-->
<lb/><p rend="right">22<hi rend="sup">d</hi> Jany 
<lb/>1858 </p>
<lb/><p>My Dear Sir </p>
<lb/><p>On counselling 
<lb/><persName>Captain Washington</persName>
<lb/>about the paper 
<lb/>for drying plants 
<lb/>he informed me 
<lb/>that he has got 
<lb/>five reams of 
<lb/>it ready for you<reg>.</reg>

	<pb n="0002" facs="liv_001187_0002"/><!--pb/@n='1v'--> 
<lb/>He thinks that 
<lb/>after you have 
<lb/>made the list 
<lb/>complete it ought 
<lb/>to be sent to 
<lb/>the medical depart
<lb/>ment of the 
<lb/>Navy and that 
<lb/>the medicines 
<lb/>should be furnished 
<lb/>by them. So if 

	<pb n="0003" facs="liv_001187_0003"/><!--pb/@n='2r'--> 
<lb/>you have not 
<lb/>already ordered 
<lb/>any you had 
<lb/>better just send 
<lb/>me the list 
<lb/>and if you 
<lb/>should come to 
<lb/><placeName>London</placeName> you 
<lb/>could see to 
<lb/>the packing of 
<lb/>them as you 
<lb/>desire<reg>.</reg></p>

	<pb n="0004" facs="liv_001187_0004"/><!--pb/@n='2v'-->
<lb/><p>If convenient it 
<lb/>would be well 
<lb/>for you to see 
<lb/><persName>Captain Washington</persName>
<lb/>before we go. He 
<lb/>likes to be <hi rend="underline"><choice><sic><w>acknow-<lb break="no"/>ledged</w></sic><corr>acknowleged</corr></choice></hi> and is also 
<lb/>very useful in getting 
<lb/>anything for you 
<lb/>in his power. 
<lb/>A quarter or half 
<lb/>a year's salary may 
<lb/>be obtained. </p>
<lb/><p>Hoping that this is 
<lb/><addSpan spanTo="#p1r-01" place="marginleft"><!--addSpan/@place='left margin of fol. 1r'--></addSpan>
not too late for reversing my decision 
<lb/>about getting the medicines in <placeName>Edinburgh</placeName><reg>.</reg>
<lb/>
I am &amp; 
<lb/><persName>David Livingstone</persName>
<lb/><anchor xml:id="p1r-01"/></p><addSpan spanTo="#p2v-01" place="marginleft"><!--addSpan/@place='left margin of fol. 2vr'--></addSpan>
<lb/><p>Please name arsenical soap corrosive 
<lb/>sublimate &amp;c in your list<reg>.</reg></p><anchor xml:id="p2v-01"/>
			
</div>
		</body>
	</text></TEI>