<?xml version="1.0" encoding="UTF-8"?>
<!--Converted from a TEI P4 XML file to the LEAP TEI P5 Schema by James Cummings on 2015-03-02-->
<?xml-model href="http://livingstoneonline.github.io/LEAP-ODD/leap.rng" type="application/xml" schematypens="http://relaxng.org/ns/structure/1.0"?>
<?xml-model href="http://livingstoneonline.github.io/LEAP-ODD/leap.rng" type="application/xml" schematypens="http://purl.oclc.org/dsdl/schematron"?>
<?xml-stylesheet type="text/xsl" href="http://livingstoneonline.github.io/LEAP-XSLT/transcription.xsl"?>
<TEI xmlns="http://www.tei-c.org/ns/1.0" xml:id="liv_001126">
	<teiHeader xmlns:tei="http://www.tei-c.org/ns/1.0">
		<fileDesc>
			<titleStmt>
				<title>Letter to H. Norton Shaw</title>
				<author xml:id="DL">David Livingstone</author>
			</titleStmt>
			<publicationStmt>
				<authority>Livingstone Online</authority>
				<pubPlace>London</pubPlace>
				<date/>
				<publisher>Wellcome Centre for the History of Medicine, UCL</publisher>
				<idno type="LEAP-ID">liv_001126</idno>
			</publicationStmt>
			<sourceDesc>
				<bibl xml:id="shelfmark">Royal Geographical Society, Archives, DL 2/15/12</bibl>
				<bibl xml:id="ccnumber">0614</bibl>
				<bibl xml:id="recipient">H. Norton Shaw</bibl>
				<bibl xml:id="date">2 November [57]</bibl>
				<bibl xml:id="where">10 Soho Square</bibl>
			</sourceDesc>
		</fileDesc>
		<profileDesc>
			<langUsage>
				<language ident="en">English</language>
			</langUsage>
			<handNotes>
				<handNote xml:id="hand01">Scribe: Unknown</handNote>
			</handNotes>
		</profileDesc>
		<revisionDesc>
			<change>
				<date>09-01-09</date>
				<name xml:id="initials">SM</name>Initial Transcription by Sharon Messenger
			</change>
			<change>
				<date>2009-01-23</date>
				<name xml:id="CL">Christopher Lawrence</name>Proof by Chris Lawrence
			</change>
		</revisionDesc>
	</teiHeader>

	<text xmlns:tei="http://www.tei-c.org/ns/1.0">
		<body xml:lang="en">
			<div>

	<pb n="0001" facs="liv_001126_0001"/><!--pb/@n='1r'-->
<lb/><p rend="right"><placeName>10 Soho Square</placeName></p>
<lb/><p rend="right">2<hi rend="sup">d</hi> Nov<hi rend="sup">r</hi></p>
<lb/><p>My Dear <persName>D<hi rend="sup"><hi rend="underline">r</hi></hi> Shaw</persName>
<lb/>You are quite 
<lb/>right about the 
<lb/>balls. I ought 
<lb/>to have said 
<lb/>the ball was 
<lb/>an eight to the 
<lb/>pound ball or 
<lb/>two ounces<reg>.</reg>

	<pb n="0002" facs="liv_001126_0002"/><!--pb/@n='1v'--> 
<lb/>As some more may 
<lb/>be printed off 
<lb/>yet I have ordered 
<lb/>the phrase to be 
<lb/>changed to a two 
<lb/>ounce ball. When 
<lb/>you mentioned it 
<lb/>I looked at another 
<lb/>place where the 
<lb/>same gun &amp; ball 
<lb/>is spoken of 
<lb/>properly<reg>.</reg></p>

	<pb n="0003" facs="liv_001126_0003"/><!--pb/@n='2r'--> 
<lb/>
<lb/><p>I am glad that you 
<lb/>are pleased with 
<lb/>it. I have written 
<lb/>your name in 
<lb/>a copy, and one 
<lb/>will come to the 
<lb/>society on the 
<lb/>9<hi rend="sup"><hi rend="underline">th</hi></hi> for the Library 
<lb/>if <choice><sic>admissable</sic><corr>admissible</corr></choice>. </p>
<lb/><p>The large map 
<lb/>is at <placeName>Birmingham</placeName>
<lb/>but I wrote off for 
<lb/>it this morning 

	<pb n="0004" facs="liv_001126_0004"/><!--pb/@n='2v'--> 
<lb/>and it will be 
<lb/>here in good time 
<lb/>for you. Thanks 
<lb/>for the ticket 
<lb/>you sent me<reg>.</reg>
<lb/>I go down to <placeName>Rugeley</placeName> on <choice><reg>T</reg><orig>t</orig></choice>hursday 
<lb/>but will come up 
<lb/>so as to be at the 
<lb/>meeting on Monday 
<lb/>the 9<hi rend="sup"><hi rend="underline">th</hi></hi><reg>.</reg></p>
<lb/><p rend="center">I am ever 
<lb/>yours 
<lb/><persName>David Livingstone</persName></p>
			
</div>
		</body>
	</text></TEI>