<?xml version="1.0" encoding="UTF-8"?>
<!--Converted from a TEI P5 XML file to the LEAP TEI P5 Schema by James Cummings on 2015-03-02-->
<?xml-model href="http://livingstoneonline.github.io/LEAP-ODD/leap.rng" type="application/xml" schematypens="http://relaxng.org/ns/structure/1.0"?>
<?xml-model href="http://livingstoneonline.github.io/LEAP-ODD/leap.rng" type="application/xml" schematypens="http://purl.oclc.org/dsdl/schematron"?>
<?xml-stylesheet type="text/xsl" href="http://livingstoneonline.github.io/LEAP-XSLT/transcription.xsl"?>
<TEI xmlns="http://www.tei-c.org/ns/1.0" xml:id="liv_001809">
	<teiHeader>
		<fileDesc>
			<titleStmt>
				<title>Letter to Horace Waller</title>
				<author xml:id="DL">David Livingstone</author>
			</titleStmt>
			<publicationStmt>
				<authority>Livingstone Online</authority>
				<pubPlace>London, UK</pubPlace>
				<publisher>University College London</publisher>
				<date>2012</date>
				<idno type="LEAP-ID">liv_001809</idno>
			</publicationStmt>
			<sourceDesc>
				<bibl xml:id="shelfmark">Bodleian Library of Commonwealth and African Studies at Rhodes House, MSS.Afr.s.16/1, fol. 7-10</bibl>
				<bibl xml:id="ccnumber">1256</bibl>
				<bibl xml:id="recipient">Horace Waller</bibl>
				<bibl xml:id="date">30 July 1862</bibl>
				<bibl xml:id="where">Kongone</bibl>
			</sourceDesc>
		</fileDesc>
		<profileDesc>
			<langUsage>
				<language ident="en">English</language>
			</langUsage>
		</profileDesc>
		<revisionDesc>
			<change>
				<date>2011-11-29</date>
				<name xml:id="AJS">A.J. Schmitz</name> initial transcription and XML encoding.
            
			</change>
			<change>
				<date>2011-12-14</date>
				<name xml:id="HFB">Heather F. Ball</name> proofreading.
            
			</change>
			<change>
				<date>2012-02-12</date>
				<name xml:id="AW">Adrian S. Wisnicki</name> editing.
            
			</change>
		</revisionDesc>
	</teiHeader>

	<text>
		<body>
			<div>

	<pb n="0001" facs="liv_001809_0001"><!--pb/@n='7r'--></pb>
<lb/><p rend="right"><placeName><settlement type="village">Kongone</settlement></placeName><date when="1862-07-30">30 July
<lb/>1862</date></p>
<lb/><p>My Dear <persName>Waller</persName></p>
<lb/><p>We met the Ariel 
<lb/>Captain <persName>Oldfield</persName> on <date when="1862-07-24">24<hi rend="sup underline">th</hi></date>
<lb/>and took in provisions 
<lb/>but next day foul 
<lb/>weather made us run 
<lb/>in and him run out. 
<lb/>On <date when="1862-07-26">26</date> at 5 <choice><abbr>P.M.</abbr><expan>Prime Meridian</expan></choice> we 
<lb/>went out over a tremendous 
<lb/>bar got a boat from 
<lb/>him - delivered our letters 
<lb/>and ran in again - The 
<lb/>captain is going home 
<lb/>but will be out in 
<lb/>15 months - He is promoted 

        

	<pb n="0002" facs="liv_001809_0002"><!--pb/@n='7v'--></pb>
<lb/>We ran around three 
<lb/>times in coming down 
<lb/>and saw a prospect 
<lb/>of very low water 
<lb/>both in <placeName><geogName type="river">Zambesi</geogName></placeName>
<lb/>and <placeName><geogName type="river">Shire</geogName></placeName> a month 
<lb/>or six weeks hence -
<lb/>We got no <placeName><settlement>Johanna</settlement></placeName>
<lb/>men &amp; Ariel was going 
<lb/>to the <placeName><geogName type="feature">Cape</geogName></placeName> so we must 
<lb/>go to <placeName><settlement>Johanna</settlement></placeName> for a 
<lb/>crew and it is likely 
<lb/>that we may spend 
<lb/>the months between 
<lb/><date when="1862-08">August</date> &amp; <date when="1862-11">Nov<hi rend="sup underline">r</hi></date> or <date when="1862-12">Dec<hi rend="sup underline">r</hi></date>
<lb/>in boat exploration 



	<pb n="0003" facs="liv_001809_0003"><!--pb/@n='8r'--></pb>
<lb/>of the <placeName><geogName type="river">Rovuma</geogName></placeName> - This 
<lb/>will be better work 
<lb/>than slowly threading our 
<lb/>way up to you -</p>
<lb/><p>I told <persName>Vianna</persName> about 
<lb/>the cheating perpetrated 
<lb/>against <persName>Blair</persName> and 
<lb/>he only uttered a few 
<lb/>Devil's blessings on 
<lb/>"these cursed negroes" 
<lb/>I have a £5 cask of wine 
<lb/>on board for you - <persName>Scudi</persName>.
<lb/>would not like it 
<lb/>so you must pitch 
<lb/>into him - 2 bales of 
<lb/>blue cloth are bespoke - 
<lb/>&amp; ready for you -</p>
<lb/><p>We are getting ready 
<lb/>for sea - I send you 



	<pb n="0004" facs="liv_001809_0004"><!--pb/@n='8v'--></pb>
<lb/>mail up to <persName>Thornton</persName>
<lb/>and tell him to get 
<lb/><persName>Vianna</persName> to send it on 
<lb/>at your expense - I do 
<lb/>so because <persName>Vianna</persName>
<lb/>may be gone as he 
<lb/>intended to <placeName><settlement type="village">Quillimane</settlement></placeName>. 
<lb/>and in <persName>Thornton</persName>'s hands 
<lb/>it will be safe -</p>
<lb/><p>The bishop is gone to 
<lb/><placeName><country>England</country></placeName> for another head 
<lb/>for you and there he 
<lb/>will be successful - 
<lb/>You are not to get a 
<lb/>steamer but I need 
<lb/>not tell you what will 
<lb/>no doubt be better told 
<lb/>in your letters 



	<pb n="0005" facs="liv_001809_0005"><!--pb/@n='9r'--></pb>
<lb/>As for your ultimate 
<lb/>success there can be 
<lb/>no doubt of it. You 
<lb/>will meet with trials 
<lb/>difficulties and 
<lb/>hinderances from without 
<lb/>and from within - but 
<lb/>it is God's own 
<lb/>work and he will 
<lb/>ensure its triumph.</p>
<lb/><p>From a hint I see 
<lb/>in a <placeName><geogName type="feature">Cape</geogName></placeName> paper <persName>M<hi rend="sup underline">r</hi>
<lb/>Stewart</persName> had written to 
<lb/><persName>M<hi rend="sup underline">r</hi> Noble</persName> the editor 
<lb/>of the Advertizer about 
<lb/>some abstrudions he 



	<pb n="0006" facs="liv_001809_0006"><!--pb/@n='9v'--></pb>
<lb/><choice><sic>he</sic><corr/></choice> imagined had been 
<lb/>thrown in his way at 
<lb/><placeName><region>Natal</region></placeName> - and <persName>M<hi rend="sup underline">r</hi> Hawkins</persName>
<lb/>had called on the Editor 
<lb/>in consequence and 
<lb/>explained that nothing 
<lb/>had been done by him. 
<lb/>I am very sorry that 
<lb/>any sort of unfriendly feeling 
<lb/>should appear in public 
<lb/>I am conscious of but 
<lb/>one feeling of respect 
<lb/>and love for both 
<lb/>parties and am sure 
<lb/>that there is room 
<lb/>enough and to spare 
<lb/>for all who may 



	<pb n="0007" facs="liv_001809_0007"><!--pb/@n='10r'--></pb>
<lb/>wish to promote <persName><choice><sic>Christs</sic><corr>Christ's</corr></choice></persName>
<lb/>kingdom in this region.
<lb/>If I might venture 
<lb/>to suggest the more 
<lb/>noble course to you.  
<lb/>To <choice><orig>shew</orig><reg>show</reg></choice> yourselves as 
<lb/>superior to any petty 
<lb/>feelings by acting as 
<lb/>if you knew it not. 
<lb/>In time asperities will 
<lb/>wear off - You must 
<lb/>excuse my impertinence 
<lb/>in this presumptuous 
<lb/>hint.</p>
<lb/><p><persName>Captain Oldfield</persName> is 
<lb/>disappointed to hear 
<lb/>that you have not by 
<lb/>this time houses



	<pb n="0008" facs="liv_001809_0008"><!--pb/@n='10v'--></pb>
<lb/>as good as <persName>Sunley</persName>'s 
<lb/>I explained the difficulties 
<lb/>but he does not realize 
<lb/>them - We hope to 
<lb/>meet the <unclear>Gorgon</unclear> at 
<lb/><placeName><settlement>Johanna</settlement></placeName> - We have 
<lb/>a box I think of medicines 
<lb/>for you - and I shall 
<lb/>bring up your cloth 
<lb/>&amp; grog in <date when="1863-01">January</date>
<lb/>if possible - In the <w>mean 
<lb break="no"/>time</w>. My Dear Friend 
<lb/>keep up your heart 
<lb/>remembering Him who 
<lb/><hi rend="underline">is</hi> with you &amp; always 
<lb/>will be -</p>
<lb/><p rend="center">David Livingstone</p>
			
</div>
		</body>
	</text></TEI>