<?xml version="1.0" encoding="UTF-8"?>
<!--Converted from a TEI P4 XML file to the LEAP TEI P5 Schema by James Cummings on 2015-03-02-->
<?xml-model href="http://livingstoneonline.github.io/LEAP-ODD/leap.rng" type="application/xml" schematypens="http://relaxng.org/ns/structure/1.0"?>
<?xml-model href="http://livingstoneonline.github.io/LEAP-ODD/leap.rng" type="application/xml" schematypens="http://purl.oclc.org/dsdl/schematron"?>
<?xml-stylesheet type="text/xsl" href="http://livingstoneonline.github.io/LEAP-XSLT/transcription.xsl"?>
<TEI xmlns="http://www.tei-c.org/ns/1.0" xml:id="liv_001464">
	<teiHeader xmlns:tei="http://www.tei-c.org/ns/1.0">
		<fileDesc>
			<titleStmt>
				<title>Scribal Extract of a Letter to James Young</title>
				<author xml:id="DL">David Livingstone</author>
			</titleStmt>
			<publicationStmt>
				<authority>Livingstone Online</authority>
				<pubPlace>London</pubPlace>
				<date>09-08-2009</date>
				<publisher>Wellcome Centre for the History of Medicine, UCL</publisher>
				<idno type="LEAP-ID">liv_001464</idno>
			</publicationStmt>
			<sourceDesc>
				<bibl xml:id="shelfmark">The National Museum of the Royal Navy, Portsmouth, UK, MSS 120</bibl>
				<bibl xml:id="ccnumber">0927</bibl>
				<bibl xml:id="recipient">James Young</bibl>
				<bibl xml:id="date">6 August 1859</bibl>
				<bibl xml:id="where">River Zambesi</bibl>
			</sourceDesc>
		</fileDesc>
		<profileDesc>
			<langUsage>
				<language ident="en">English</language>
			</langUsage>
			<handNotes>
				<handNote xml:id="hand01">Scribe: Unknown</handNote>
			</handNotes>
		</profileDesc>
		<revisionDesc>
			<change>
				<date>11-08-2009</date>
				<name xml:id="initials">SM</name>Initial Transcription by Sharon Messenger
			</change>
			<change>
				<date>2009-10-09</date>
				<name xml:id="CL">Chris Lawrence</name>First Proof by Chris Lawrence
			</change>
		</revisionDesc>
	</teiHeader>

	<text xmlns:tei="http://www.tei-c.org/ns/1.0">
		<body xml:lang="en">
			<div>

	<pb n="0001" facs="liv_001464_0001"/><!--pb/@n='1'--> 
<!-- note this is an extract and a scribal copy but does have original C&C -->
<lb/><p rend="right"><placeName>River Zambesi</placeName> 6 Augt. 1859 </p>
<lb/><p>...Well after this preface you will recollect 
<lb/>that I authorized you to use £2,000 if the Gov<hi rend="sup">t</hi>
<lb/>refused the Bann or another vessel ... </p>
<lb/><p>[This was received 23<hi rend="sup">d</hi> November 1859] </p>
			
</div>
		</body>
	</text></TEI>