<?xml version="1.0" encoding="UTF-8"?>
<!--Converted from a TEI P4 XML file to the LEAP TEI P5 Schema by James Cummings on 2015-03-02-->
<?xml-model href="http://livingstoneonline.github.io/LEAP-ODD/leap.rng" type="application/xml" schematypens="http://relaxng.org/ns/structure/1.0"?>
<?xml-model href="http://livingstoneonline.github.io/LEAP-ODD/leap.rng" type="application/xml" schematypens="http://purl.oclc.org/dsdl/schematron"?>
<?xml-stylesheet type="text/xsl" href="http://livingstoneonline.github.io/LEAP-XSLT/transcription.xsl"?>
<TEI xmlns="http://www.tei-c.org/ns/1.0" xml:id="liv_001113">
	<teiHeader xmlns:tei="http://www.tei-c.org/ns/1.0">
		<fileDesc>
			<titleStmt>
				<title>Letter to John Murray</title>
				<author xml:id="DL">David Livingstone</author>
			</titleStmt>
			<publicationStmt>
				<authority>Livingstone Online</authority>
				<pubPlace>London</pubPlace>
				<date>2008-11-25</date>
				<publisher>Wellcome Centre for the History of Medicine, UCL</publisher>
				<idno type="LEAP-ID">liv_001113</idno>
			</publicationStmt>
			<sourceDesc>
				<bibl xml:id="shelfmark">John Murray Archive, National Library of Scotland, MS. 42420, ff. 81r-82v</bibl>
				<bibl xml:id="ccnumber">0602</bibl>
				<bibl xml:id="recipient">John Murray</bibl>
				<bibl xml:id="date">13 October 1857</bibl>
				<bibl xml:id="where">Liverpool</bibl>
				<bibl xml:id="folio">ff. 81r-82v</bibl>
			</sourceDesc>
		</fileDesc>
		<profileDesc>
			<langUsage>
				<language ident="en">English</language>
			</langUsage>
			<handNotes>
				<handNote xml:id="hand01">Scribe: Unknown</handNote>
			</handNotes>
		</profileDesc>
		<revisionDesc>
			<change>
				<date>2008-11-25</date>
				<name xml:id="CO">Caroline Overy</name>Initial Transcription by caroline Overy
			</change>
			<change>
				<date>2008-12-06</date>
				<name xml:id="CL">Chris Lawrence</name>Proof by Chris Lawrence
			</change>
		</revisionDesc>
	</teiHeader>

	<text xmlns:tei="http://www.tei-c.org/ns/1.0">
		<body xml:lang="en">
			<div>

	<pb n="0001" facs="liv_001113_0001"/><!--pb/@n='81r'-->
<lb/><p rend="right"><placeName>Liverpool</placeName> 13<hi rend="sup"><hi rend="underline">th</hi></hi>
<lb/>October 1857</p>
<lb/><p>My Dear <persName>M<hi rend="sup"><hi rend="underline">r</hi></hi> Murray</persName></p>
<lb/><p>I enclose the preface 
<lb/>and a rough copy of 
<lb/>what I wrote when 
<lb/>a little nettled at the 
<lb/>pirates. The Preface 
<lb/>on the white paper 
<lb/>is for the printer 
<lb/>that on the blue is 
<lb/>for yourself if you 
<lb/>could suggest any 
<lb/>point which 

	<pb n="0002" facs="liv_001113_0002"/><!--pb/@n='81v'--> 
<lb/>might be transferred 
<lb/>without making 
<lb/>it appear coarse 
<lb/>or vituperative. If 
<lb/>not then throw it 
<lb/>in the fire. Should 
<lb/>you think proper 
<lb/>to put in a 
<lb/>softening expression 
<lb/>anywhere pray 
<lb/>do so though verily 
<lb/>they don't deserve 
<lb/>it<reg>.</reg></p>
<lb/><p><persName>Edward Baines Esq</persName>

	<pb n="0003" facs="liv_001113_0003"/><!--pb/@n='82r'--> 
<lb/>of Leeds the Editor 
<lb/>of the "Leeds Mercury" 
<lb/>wants an early copy 
<lb/>for a friendly review 
<lb/>in his paper and he 
<lb/>will send the <unclear cert="low">piece</unclear>
<lb/>to you direct. I said 
<lb/>I would give you his 
<lb/>order. <persName>M<hi rend="sup"><hi rend="underline">r</hi></hi> Braithwaite</persName>
<lb/>of <placeName>Kendal</placeName> wants a 
<lb/>number of copies 
<lb/>and as he is a good 
<lb/>friend of ours I shall 
<lb/>feel obliged 
<lb/>if you 
<lb/>say to your man to 

	<pb n="0004" facs="liv_001113_0004"/><!--pb/@n='82v'--> 
<lb/><choice><sic>to</sic><corr>notext</corr></choice> pay particular attention 
<lb/>to his orders. I would 
<lb/>like to give a copy to 
<lb/><persName>Captain Need</persName> for his 
<lb/>help with the pictures<reg>.</reg>
<lb/>I saw two photographs 
<lb/>in <persName>M<hi rend="sup">r</hi> Mungo Murray<reg>'</reg>s</persName>
<lb/>house, of the <placeName>Zouga</placeName>
<lb/>which in case of a 
<lb/>second edition I could 
<lb/>get. <choice><reg>T</reg><orig>t</orig></choice>hey shew the vegetation 
<lb/>well, I meet the chamber 
<lb/>of commerce here today 
<lb/>&amp; go to Birmingham 
<lb/>tomorrow (14<hi rend="sup">th</hi>) my address 
<lb/>there is "Spark Hill, Spark 
<lb/>Brook, Birmingham, I come 
<lb/>to London on Saturday or 
<lb/><choice><reg>M</reg><orig>m</orig></choice>onday next<reg>.</reg> D. Livingstone<reg>.</reg></p><addSpan spanTo="#p81r-01" place="marginleft"><!--addSpan/@place='left margin of fol. 81r'--></addSpan>
<lb/><p>The last sheet is between the printer, <persName>Admiral 
<lb/>Smythe</persName> &amp; <persName>Arrowsmith</persName>. The latter is the dilinquent of 
<lb/>course<reg>.</reg>
<lb/>Let him go on 
<lb/>with the 
<w>wood-<lb break="no"/>cut.</w> It is correct.</p><anchor xml:id="p81r-01"/><addSpan spanTo="#p82r-01" place="marginleft"><!--addSpan/@place='left margin of fol. 82r'--></addSpan>
<lb/><p><persName>E. Baines Esq</persName><reg>,</reg><placeName>Headingly Lodge</placeName>. Leeds<reg>.</reg></p><anchor xml:id="p82r-01"/>
			
</div>
		</body>
	</text></TEI>