<?xml version="1.0" encoding="UTF-8"?>
<!--Converted from a TEI P4 XML file to the LEAP TEI P5 Schema by James Cummings on 2015-03-02-->
<?xml-model href="http://livingstoneonline.github.io/LEAP-ODD/leap.rng" type="application/xml" schematypens="http://relaxng.org/ns/structure/1.0"?>
<?xml-model href="http://livingstoneonline.github.io/LEAP-ODD/leap.rng" type="application/xml" schematypens="http://purl.oclc.org/dsdl/schematron"?>
<?xml-stylesheet type="text/xsl" href="http://livingstoneonline.github.io/LEAP-XSLT/transcription.xsl"?>
<TEI xmlns="http://www.tei-c.org/ns/1.0" xml:id="liv_001033"><!-- LP13 -->
	<teiHeader xmlns:tei="http://www.tei-c.org/ns/1.0">
		<fileDesc>
			<titleStmt>
				<title>Letter to Lady Elizabeth Eastlake</title>
				<author xml:id="DL">David Livingstone</author>
			</titleStmt>
			<publicationStmt>
				<authority>Livingstone Online</authority>
				<pubPlace>London</pubPlace>
				<date>2005-04-20</date>
				<publisher>Wellcome Centre for the History of Medicine, UCL</publisher>
				<idno type="LEAP-ID">liv_001033</idno>
			</publicationStmt>
			<sourceDesc>
				<bibl xml:id="ccnumber">0530</bibl>
				<bibl xml:id="recipient">Lady Elizabeth Eastlake</bibl>
				<bibl xml:id="date">30 May 1857</bibl>
				<bibl xml:id="where">Hadley Green</bibl>
				<bibl xml:id="shelfmark">Wellcome Library Ms. 7329/13</bibl><!--1857-05-30--><!--Original:1857-05-30-->
				<bibl xml:id="extent">4 pages</bibl>
			</sourceDesc>
		</fileDesc>
		<revisionDesc>
			<change>
				<date>2004-11-16</date>
				<name xml:id="CO">Caroline Overy</name>Initial Transcription
			</change>
			<change>
				<date>2006-02-13</date>
				<name xml:id="CL">Chris Lawrence</name>first proof
			</change>
			<change>
				<date>2006-02-19</date>
				<name xml:id="JB">Janet Browne</name>second proof
			</change>
			<change>
				<date>2006-03-01</date>
				<name xml:id="SM">Sharon Messenger</name>final proof
			</change>
		</revisionDesc>
	</teiHeader>

	<text xmlns:tei="http://www.tei-c.org/ns/1.0">
		<body>
			<div>

	<pb n="0001" facs="liv_001033_0001"/><!--pb/@n='1'--> 
<!--Hand 01 12 top left--><!--hand 02 68010 superscript A top right-->
<lb/><p rend="right"><placeName>Hadley Green</placeName></p>
<lb/><p rend="right">30<hi rend="sup"><hi rend="underline">th</hi></hi> May 1857</p>
<lb/><p><persName>Lady Eastlake</persName></p>
<lb/><p>I am both 
<lb/>ashamed and sorry 
<lb/>on account of 
<lb/>having entirely 
<lb/>forgotten your 
<lb/>most kind 
<lb/>invitation for 
<lb/>Wednesday last 

	<pb n="0002" facs="liv_001033_0002"/><!--pb/@n='2'--> 
<lb/>I was employed 
<lb/>during the greater 
<lb/>part of last week 
<lb/>in trying to get 
<lb/>away from the 
<lb/>bustle of London, 
<lb/>then the beginning 
<lb/>of this, was spent 
<lb/>in removing from 
<lb/>town to <placeName>Hadley 
<lb/>Green</placeName>, and the 
<lb/>privilege you had 
<lb/>most obligingly 

	<pb n="0003" facs="liv_001033_0003"/><!--pb/@n='3'--> 
<lb/>placed within my 
<lb/>reach, of meeting 
<lb/>the <persName>Bishop of 
<lb/>London</persName> and the 
<lb/><persName>Editor of the Times</persName>, 
<lb/>never once flitted 
<lb/>across my mind 
<lb/>until <persName>M<hi rend="sup"><hi rend="underline">r</hi></hi> Murray</persName>
<lb/>enquired the reason 
<lb/>of my absence 
<lb/>this morning.</p>
<lb/><p>If <persName>your Ladyship</persName><del type="strikethrough">s</del>
<lb/>says "Well he does 

	<pb n="0004" facs="liv_001033_0004"/><!--pb/@n='4'--> 
<lb/>not deserve my 
<lb/>consideration, or notice" <!--closing quotation marks on image of page 1-->
<lb/>I cannot say a 
<lb/>word in my 
<lb/>defence. I only 
<lb/>confess my fault 
<lb/>without any 
<lb/>attempt to justify 
<lb/>myself, and though 
<lb/>you may never 
<lb/>forgive me I shall 
<lb/>I shall never be able to 
<lb/>blame anyone for 
<lb/>it but myself. I am &amp;c</p>
<lb/><p rend="center">David Livingstone</p>
			
</div>
		</body>
	</text></TEI>