<?xml version="1.0" encoding="UTF-8"?>
<!--Converted from a TEI P4 XML file to the LEAP TEI P5 Schema by James Cummings on 2015-03-02-->
<?xml-model href="http://livingstoneonline.github.io/LEAP-ODD/leap.rng" type="application/xml" schematypens="http://relaxng.org/ns/structure/1.0"?>
<?xml-model href="http://livingstoneonline.github.io/LEAP-ODD/leap.rng" type="application/xml" schematypens="http://purl.oclc.org/dsdl/schematron"?>
<?xml-stylesheet type="text/xsl" href="http://livingstoneonline.github.io/LEAP-XSLT/transcription.xsl"?>
<TEI xmlns="http://www.tei-c.org/ns/1.0" xml:id="liv_001165">
	<teiHeader xmlns:tei="http://www.tei-c.org/ns/1.0">
		<fileDesc>
			<titleStmt>
				<title>Letter to John Murray</title>
				<author xml:id="DL">David Livingstone</author>
			</titleStmt>
			<publicationStmt>
				<authority>Livingstone Online</authority>
				<pubPlace>London</pubPlace>
				<date>2008-11-04</date>
				<publisher>Wellcome Centre for the History of Medicine, UCL</publisher>
				<idno type="LEAP-ID">liv_001165</idno>
			</publicationStmt>
			<sourceDesc>
				<bibl xml:id="shelfmark">John Murray Archive, National Library of Scotland, MS. 42420, ff. 87r-88r</bibl>
				<bibl xml:id="ccnumber">0651</bibl>
				<bibl xml:id="recipient">John Murray</bibl>
				<bibl xml:id="date">25 December 1857</bibl>
				<bibl xml:id="where">Burnbank, Hamilton</bibl>
			</sourceDesc>
		</fileDesc>
		<profileDesc>
			<langUsage>
				<language ident="en">English</language>
			</langUsage>
			<handNotes>
				<handNote xml:id="hand01">Scribe: Unknown</handNote>
			</handNotes>
		</profileDesc>
		<revisionDesc>
			<change>
				<date>2008-11-19</date>
				<name xml:id="SM">Sharon Messenger</name>Initial Transcription by Sharon Messenger
			</change>
			<change>
				<date>2008-11-26</date>
				<name xml:id="CL">Chris Lawrence</name>Proof by Chris Lawrence
			</change>
		</revisionDesc>
	</teiHeader>

	<text xmlns:tei="http://www.tei-c.org/ns/1.0">
		<body xml:lang="en">
			<div>

	<pb n="0001" facs="liv_001165_0001"/><!--pb/@n='87r'-->
<lb/><p rend="right"><placeName>Burnbank</placeName></p>
<lb/><p rend="right"><placeName>Hamilton</placeName></p>
<lb/><p rend="right">25<hi rend="underline"><hi rend="sup">th</hi></hi> Dec<hi rend="sup">r</hi> 1857</p>
<lb/><p>My Dear <persName>M<hi rend="sup">r</hi> Murray</persName></p>
<lb/><p>Yesterday on 
<lb/>passing through 
<lb/><placeName>Manchester</placeName> a friend 
<lb/>of mine wishing 
<lb/>to have my autograph 
<lb/>in the copy of the 
<lb/>book sent round 
<lb/>the town &amp; searched 

	<pb n="0002" facs="liv_001165_0002"/><!--pb/@n='87v'--> 
<lb/>for it in vain<reg>.</reg>
<lb/>He got it at last 
<lb/>by offering 2/6 
<lb/>to any boy 
<lb/>who would 
<w>pro-<lb break="no"/>cure</w> it for him. 
<lb/>I think it well 
<lb/>to mention this 
<lb/>and also that the 
<lb/>new ones have 
<lb/>not yet reached 
<lb/><placeName>Glasgow</placeName>. </p>

	<pb n="0003" facs="liv_001165_0003"/><!--pb/@n='88r'-->
<lb/><p>I got down all 
<lb/>right last night 
<lb/>and have found 
<lb/>my family pretty 
<lb/>well. Wishing 
<lb/>you all a 
<lb/>merry <choice><reg>C</reg><orig>c</orig></choice>hristmas 
<lb/>and a happy 
<lb/>new year<reg>.</reg></p>
<lb/><p rend="center">I am &amp;c </p>
<lb/><p rend="center"><persName>David Livingstone</persName></p>
			
</div>
		</body>
	</text></TEI>