<?xml version="1.0" encoding="UTF-8"?>
<!--Converted from a TEI P4 XML file to the LEAP TEI P5 Schema by James Cummings on 2015-03-02-->
<?xml-model href="http://livingstoneonline.github.io/LEAP-ODD/leap.rng" type="application/xml" schematypens="http://relaxng.org/ns/structure/1.0"?>
<?xml-model href="http://livingstoneonline.github.io/LEAP-ODD/leap.rng" type="application/xml" schematypens="http://purl.oclc.org/dsdl/schematron"?>
<?xml-stylesheet type="text/xsl" href="http://livingstoneonline.github.io/LEAP-XSLT/transcription.xsl"?>
<TEI xmlns="http://www.tei-c.org/ns/1.0" xml:id="liv_000946">
	<teiHeader xmlns:tei="http://www.tei-c.org/ns/1.0">
		<fileDesc>
			<titleStmt>
				<title>Letter to H. Norton Shaw</title>
				<author xml:id="DL">David Livingstone</author>
			</titleStmt>
			<publicationStmt>
				<authority>Livingstone Online</authority>
				<pubPlace>London</pubPlace>
				<date>2007-05-15</date>
				<publisher>Wellcome Centre for the History of Medicine, UCL</publisher>
				<idno type="LEAP-ID">liv_000946</idno>
			</publicationStmt>
			<sourceDesc>
				<bibl xml:id="shelfmark">Royal Geographical Society, Archives, DL 2/15/14</bibl>
				<bibl xml:id="ccnumber">0455</bibl>
				<bibl xml:id="recipient">H. Norton Shaw</bibl>
				<bibl xml:id="date">20 January 1857</bibl>
				<bibl xml:id="where">57 Sloane Street</bibl>
			</sourceDesc>
		</fileDesc>
		<profileDesc>
			<langUsage>
				<language ident="en">English</language>
			</langUsage>
			<handNotes>
				<handNote xml:id="hand01">Scribe: Unknown</handNote>
				<handNote xml:id="hand02">Scribe: Unknown</handNote>
			</handNotes>
		</profileDesc>
		<revisionDesc>
			<change>
				<date>200-05-15</date>
				<name xml:id="CO">Caroline Overy</name>Initial Transcription by Caroline Overy
			</change>
			<change>
				<date>2007-05-19</date>
				<name xml:id="CL">Chris Lawrence</name>Proof
			</change>
		</revisionDesc>
	</teiHeader>

	<text xmlns:tei="http://www.tei-c.org/ns/1.0">
		<body xml:lang="en">
			<div>

	<pb n="0001" facs="liv_000946_0001"/><!--pb/@n='1r'-->
<fw corresp="#hand01"/>
<lb/><p rend="right">57 Sloane St.</p>
<lb/><p rend="right">Cadogan Place</p>
<lb/><p rend="right">20<hi rend="sup"><hi rend="underline">th</hi></hi> Jan<hi rend="sup">y</hi> 1857</p>
<lb/><p><persName>D<hi rend="sup"><hi rend="underline">r</hi></hi> Norton Shaw</persName></p>
<lb/><p>My Dear Sir</p>
<lb/><p>I herewith 
<lb/>forward for your 
<lb/>perusal a letter from 
<lb/><persName>Lieutenant Hoskins</persName>
<lb/>R.N. whose acquaintance 
<lb/>I made in <placeName><choice><sic>Loando</sic><corr>Loanda</corr></choice></placeName>
<lb/>Angola, and whom 

	<pb n="0002" facs="liv_000946_0002"/><!--pb/@n='1v'-->
<lb/>I have reason to 
<lb/>remember with 
<lb/>gratitude as he 
<lb/>furnished me 
<lb/>with a copy of 
<lb/><term type="reference">"<choice><sic>Humbolt's</sic><corr>Humboldt's</corr></choice> Cosmos"</term>
<lb/>which afforded me 
<lb/>pleasant reading 
<lb/>half way <choice><sic>accross</sic><corr>across</corr></choice>
<lb/>the continent. He 
<lb/>was then in com
<lb/>mand of <term type="boat">the Pluto</term>
<lb/>a war steamer 

	<pb n="0003" facs="liv_000946_0003"/><!--pb/@n='2r'-->
<lb/>stationed on the West 
<lb/>coast, and had 
<lb/>been in command 
<lb/>of a vessel on the 
<lb/>East Coast also, hence 
<lb/>the mistake of rank 
<lb/>to which he alludes.</p>
<lb/><p>I understood from 
<lb/>the Portuguese authorities 
<lb/>in Eastern Africa 
<lb/>that the late <persName>Captain 
<lb/>Parker</persName> examined the 
<lb/>principal branch of 
<lb/>the <placeName>Zambesi</placeName> up to 

	<pb n="0004" facs="liv_000946_0004"/><!--pb/@n='2v'-->
<lb/>the point where I 
<lb/>left that river viz. 
<lb/><placeName>Mazaro</placeName> or "<placeName>mouth of 
<lb/>the Mutu</placeName>" otherwise 
<lb/>called the river of 
<lb/><placeName>Quilimane</placeName>, and 
<lb/>was highly pleased 
<lb/>with its capabilities<reg>.</reg><choice><reg>T</reg><orig>t</orig></choice>he Portuguese speak 
<lb/>highly of him to 
<lb/>this day, and their 
<lb/>admiration of his 

	<pb n="0005" facs="liv_000946_0005"/><!--pb/@n='3r'-->
<lb/><fw corresp="#hand01"/>abilities induced me 
<lb/>to nurse a severe 
<lb/>tertian I had caught 
<lb/>at <placeName>Mazaro</placeName> instead 
<lb/>of going round 
<lb/>and examining 
<lb/>the mouths of the 
<lb/><placeName>Zambesi</placeName> myself. 
<lb/>I had the impression 
<lb/><add place="marginleft">too</add> that my examination 
<lb/>of a point requiring 
<lb/>nautical knowledge 

	<pb n="0006" facs="liv_000946_0006"/><!--pb/@n='3v'-->
<lb/>and experience would 
<lb/>be like that of a 
<lb/>monkey &amp; lookingglass.</p>
<lb/><p>As the Lords of 
<lb/>the Admiralty are 
<lb/>always willing to do 
<lb/>anything in their 
<lb/>power to forward 
<lb/>the interests of science 
<lb/>and commerce, 
<lb/>would it not be 
<lb/>well to beg of them 
<lb/>the favour of 

	<pb n="0007" facs="liv_000946_0007"/><!--pb/@n='4r'-->
<lb/>any details sent home 
<lb/>by <persName>Captain Parker</persName>
<lb/>during his command 
<lb/>on the East coast 
<lb/>respecting the mouths 
<lb/>of the <placeName>Zambesi</placeName>, not 
<lb/>because we undervalue 
<lb/>the testimony of 
<lb/><persName>Lieut<hi rend="sup">t</hi> Hoskins</persName> but 
<lb/>in order to furnish 
<lb/>your society and 
<lb/>the public with the 
<lb/>fullest information 

	<pb n="0008" facs="liv_000946_0008"/><!--pb/@n='4v'-->
<lb/>on <del type="overwritten">the</del><add place="over-text">a</add> very important 
<lb/>point<reg>.</reg></p>
<lb/><p>Believe me Dear Sir</p>
<lb/><p rend="center">Faithfully yours</p>
<lb/><p rend="center">David Livingstone</p>
			
</div>
		</body>
	</text></TEI>