<?xml version="1.0" encoding="UTF-8"?>
<!--Converted from a TEI P4 XML file to the LEAP TEI P5 Schema by James Cummings on 2015-03-02-->
<?xml-model href="http://livingstoneonline.github.io/LEAP-ODD/leap.rng" type="application/xml" schematypens="http://relaxng.org/ns/structure/1.0"?>
<?xml-model href="http://livingstoneonline.github.io/LEAP-ODD/leap.rng" type="application/xml" schematypens="http://purl.oclc.org/dsdl/schematron"?>
<?xml-stylesheet type="text/xsl" href="http://livingstoneonline.github.io/LEAP-XSLT/transcription.xsl"?>
<TEI xmlns="http://www.tei-c.org/ns/1.0" xml:id="liv_001069">
	<teiHeader xmlns:tei="http://www.tei-c.org/ns/1.0">
		<fileDesc>
			<titleStmt>
				<title>Letter to John Murray</title>
				<author xml:id="DL">David Livingstone</author>
			</titleStmt>
			<publicationStmt>
				<authority>Livingstone Online</authority>
				<pubPlace>London</pubPlace>
				<date>2008-11-04</date>
				<publisher>Wellcome Centre for the History of Medicine, UCL</publisher>
				<idno type="LEAP-ID">liv_001069</idno>
			</publicationStmt>
			<sourceDesc>
				<bibl xml:id="shelfmark">John Murray Archive, National Library of Scotland, MS. 42420, ff. 70r-71v</bibl>
				<bibl xml:id="ccnumber">0562</bibl>
				<bibl xml:id="recipient">John Murray</bibl>
				<bibl xml:id="date">[1 March-30 July 57]</bibl>
				<bibl xml:id="where">[London]</bibl>
			</sourceDesc>
		</fileDesc>
		<profileDesc>
			<langUsage>
				<language ident="en">English</language>
			</langUsage>
			<handNotes>
				<handNote xml:id="hand01">Scribe: Unknown</handNote>
			</handNotes>
		</profileDesc>
		<revisionDesc>
			<change>
				<date>2008-11-21</date>
				<name xml:id="SM">Sharon Messenger</name>Initial Transcription by Sharon Messenger
			</change>
			<change>
				<date>2008-11-26</date>
				<name xml:id="CL">Chris Lawrence</name>Proofed by Chris Lawrence
			</change>
		</revisionDesc>
	</teiHeader>

	<text xmlns:tei="http://www.tei-c.org/ns/1.0">
		<body xml:lang="en">
			<div>

	<pb n="0001" facs="liv_001069_0001"/><!--pb/@n='70r'-->
<lb/><p>Dear <persName>M<hi rend="sup">r</hi> Murray</persName></p>
<lb/><p>I have just 
<lb/>glanced at a few 
<lb/>of the corrections 
<lb/>proposed and think 
<lb/>they are proper 
<lb/>as the word "urine" 
<lb/>the reason of putting 
<lb/>that incident in 
<lb/>is I know of 
<lb/>nothing which 

	<pb n="0002" facs="liv_001069_0002"/><!--pb/@n='70v'--> 
<lb/>gives so good an 
<lb/>idea of the want 
<lb/>of water than that 
<lb/>of these acute fellows 
<lb/>with their wits 
<lb/>sharpened by thirst 
<lb/>watching till they 
<lb/>saw the bushmen 
<lb/>softening their 
<lb/>skins in the manner 
<lb/>described. I shall 
<lb/>leave it out. 

	<pb n="0003" facs="liv_001069_0003"/><!--pb/@n='71r'--> 
<lb/>Many parts are 
<lb/>marked "meaning 
<lb/>obscure" I shall 
<lb/>examine carefully 
<lb/>whether that is 
<lb/>owing to the wits 
<lb/>of either your friend 
<lb/>or my own being 
<lb/>in that state - 
<lb/>probably it is my 
<lb/>language and I 
<lb/>may improve 
<lb/>the cases referred to 

	<pb n="0004" facs="liv_001069_0004"/><!--pb/@n='71v'--> 
<lb/>one "My <hi rend="underline">meaning horses 
<lb/>imported from ships"</hi>
<lb/>Why I am rather 
<lb/>proud of my faults 
<lb/>not being greater 
<lb/>than this. Does 
<lb/>he really not know 
<lb/>what this means? 
<lb/>I shall be over 
<lb/>tomorrow afternoon 
<lb/>I send what you mention &amp; <persName>Smith</persName>
<lb/>for the binding. </p>
<lb/><p rend="center"><persName>D Livingstone</persName></p>
			
</div>
		</body>
	</text></TEI>