<?xml version="1.0" encoding="UTF-8"?>
<!--Converted from a TEI P4 XML file to the LEAP TEI P5 Schema by James Cummings on 2015-03-02-->
<?xml-model href="http://livingstoneonline.github.io/LEAP-ODD/leap.rng" type="application/xml" schematypens="http://relaxng.org/ns/structure/1.0"?>
<?xml-model href="http://livingstoneonline.github.io/LEAP-ODD/leap.rng" type="application/xml" schematypens="http://purl.oclc.org/dsdl/schematron"?>
<?xml-stylesheet type="text/xsl" href="http://livingstoneonline.github.io/LEAP-XSLT/transcription.xsl"?>
<TEI xmlns="http://www.tei-c.org/ns/1.0" xml:id="liv_001241"><!-- LP32 -->
	<teiHeader xmlns:tei="http://www.tei-c.org/ns/1.0">
		<fileDesc>
			<titleStmt>
				<title>Letter to T. Sam Fletcher</title>
				<author xml:id="DL">David Livingstone</author>
			</titleStmt>
			<publicationStmt>
				<authority>Livingstone Online</authority>
				<pubPlace>London</pubPlace>
				<date>2005-05-05</date>
				<publisher>Wellcome Centre for the History of Medicine, UCL</publisher>
				<idno type="LEAP-ID">liv_001241</idno>
			</publicationStmt>
			<sourceDesc>
				<bibl xml:id="ccnumber">0721</bibl>
				<bibl xml:id="recipient">T. Sam Fletcher</bibl>
				<bibl xml:id="date">17 February 1858</bibl>
				<bibl xml:id="where">18 Hart St., Bloomsbury</bibl>
				<bibl xml:id="shelfmark">Wellcome Library Ms. 7329/32</bibl><!--1858-02-17--><!--Original:1858-02-17-->
				<bibl xml:id="extent">4 pages</bibl>
			</sourceDesc>
		</fileDesc>
		<revisionDesc>
			<change>
				<date>2005-05-05</date>
				<name xml:id="CO">Caroline Overy</name>Initial Transcription
			</change>
			<change>
				<date>2006-02-12</date>
				<name xml:id="CL">Chris Lawrence</name>first proof
			</change>
			<change>
				<date>2006-02-19</date>
				<name xml:id="JB">Janet Browne</name>second proof
			</change>
			<change>
				<date>2006-03-01</date>
				<name xml:id="SM">Sharon Messenger</name>final proof
			</change>
		</revisionDesc>
	</teiHeader>

	<text xmlns:tei="http://www.tei-c.org/ns/1.0">
		<body>
			<div>

	<pb n="0001" facs="liv_001241_0001"/><!--pb/@n='1'--> 
<!--Hand 01 26 top left--><!-- MH Hand 02 <p><abbr expan="Received">Rec<hi rend="superscript">d</hi></abbr>, &amp; <abbr expan="answered">Ans<hi rend="superscript">d</hi></abbr> <lb/>18 <abbr expan="February">Feb<hi rend="superscript">y</hi></abbr></p>-->
<lb/><p rend="right"><placeName>18 Hart St</placeName></p>
<lb/><p rend="right">Bloomsbury</p>
<lb/><p rend="right">17<hi rend="sup"><hi rend="underline">th</hi></hi><choice><abbr>Feby</abbr><expan>February</expan></choice></p>
<lb/><p rend="right">1858</p>
<lb/><p><persName>Sir</persName></p>
<lb/><p>Be so good as 
<lb/>transmit the 
<lb/>7 packages 
<lb/>from <persName>J. A. Turner</persName>
<lb/>of Manchester 
<lb/>to <persName>John Laird's</persName>

	<pb n="0002" facs="liv_001241_0002"/><!--pb/@n='2'--> 
<lb/>Iron Works 
<lb/>Birkenhead for 
<lb/>the <term type="note">Zambesi 
<lb/>expedition</term> and 
<lb/>you will 
<lb/>much oblige</p>
<lb/><p>Yours Truly</p>
<lb/><p>David Livingstone</p><!-- Hand 03 A.365. bottom right-->

	<pb n="0003" facs="liv_001241_0003"/><!--pb/@n='3'-->
<lb/><p>Mess<unclear cert="low"><hi rend="sup">rs</hi></unclear><persName>Sam Fletcher</persName><unclear cert="low">&amp;c</unclear></p>

	<pb n="0004" facs="liv_001241_0004"/><!--pb/@n='4'-->
<lb/><p><note type="editorial" anchored="true">table in different hand</note></p>
<lb/><p><hi rend="underline">1858</hi></p>
<lb/><p><hi rend="underline">David Livingstone</hi></p>
<lb/><p>Bloomsbury 17 <choice><abbr>Feby</abbr><expan>February</expan></choice></p>
<lb/><p><choice><abbr>Recd</abbr><expan>received</expan></choice> 18--</p>
<lb/><p><hi rend="underline"><choice><abbr>Ans</abbr><expan>Answered</expan></choice> 18--</hi><!--double underline--></p>
			
</div>
		</body>
	</text></TEI>