<?xml version="1.0" encoding="UTF-8"?>
<!--Converted from a TEI P4 XML file to the LEAP TEI P5 Schema by James Cummings on 2015-03-02-->
<?xml-model href="http://livingstoneonline.github.io/LEAP-ODD/leap.rng" type="application/xml" schematypens="http://relaxng.org/ns/structure/1.0"?>
<?xml-model href="http://livingstoneonline.github.io/LEAP-ODD/leap.rng" type="application/xml" schematypens="http://purl.oclc.org/dsdl/schematron"?>
<?xml-stylesheet type="text/xsl" href="http://livingstoneonline.github.io/LEAP-XSLT/transcription.xsl"?>
<TEI xmlns="http://www.tei-c.org/ns/1.0" xml:id="liv_001087">
	<teiHeader xmlns:tei="http://www.tei-c.org/ns/1.0">
		<fileDesc>
			<titleStmt>
				<title>Letter to H. Norton Shaw</title>
				<author xml:id="DL">David Livingstone</author>
			</titleStmt>
			<publicationStmt>
				<authority>Livingstone Online</authority>
				<pubPlace>London</pubPlace>
				<date>2007-05-22</date>
				<publisher>Wellcome Centre for the History of Medicine, UCL</publisher>
				<idno type="LEAP-ID">liv_001087</idno>
			</publicationStmt>
			<sourceDesc>
				<bibl xml:id="shelfmark">Royal Geographical Society, Archives, DL 2/15/16</bibl>
				<bibl xml:id="ccnumber">0580</bibl>
				<bibl xml:id="recipient">H. Norton Shaw</bibl>
				<bibl xml:id="date">4 September 1857</bibl>
				<bibl xml:id="where">London</bibl>
			</sourceDesc>
		</fileDesc>
		<profileDesc>
			<langUsage>
				<language ident="en">English</language>
			</langUsage>
			<handNotes>
				<handNote xml:id="hand01">Scribe: Unknown</handNote>
			</handNotes>
		</profileDesc>
		<revisionDesc>
			<change>
				<date>2007-05-11</date>
				<name xml:id="SM">Sharon Messenger</name>Intial Transcription by Sharon Messenger
			</change>
		</revisionDesc>
	</teiHeader>

	<text xmlns:tei="http://www.tei-c.org/ns/1.0">
		<body xml:lang="en">
			<div>

	<pb n="0001" facs="liv_001087_0001"/><!--pb/@n='1r'-->
<lb/><p><placeName>London</placeName> 4<hi rend="sup"><hi rend="underline">th</hi></hi></p>
<lb/><p>September 1857 </p>
<lb/><p>My Dear <persName>D<hi rend="sup"><hi rend="underline">r</hi></hi> Shaw</persName></p>
<lb/><p>I sent a 
<lb/>note to <persName>M<hi rend="underline"><hi rend="sup">r</hi></hi> MacGregor</persName>
<lb/>last night desiring 
<lb/>him to apply to 
<lb/>you for the map 
<lb/>as I mean to 
<lb/>say a little at 
<lb/><placeName>Manchester.</placeName><choice><reg>A</reg><orig>a</orig></choice>nd 
<lb/>I hope he may 

	<pb n="0002" facs="liv_001087_0002"/><!--pb/@n='1v'--> 
<lb/>find you still 
<lb/>at <placeName>Dublin.</placeName> I quite 
<lb/>forgot to accept 
<lb/>of the offer you 
<lb/>made &amp; bring it 
<lb/>with me. I was 
<lb/>a little bewildered 
<lb/>I suppose. If you 
<lb/>are still in <placeName>Dublin</placeName>
<lb/><choice><reg>b</reg><orig>B</orig></choice>e kind enough 
<lb/>to give it to him 
<lb/>and he will forward 

	<pb n="0003" facs="liv_001087_0003"/><!--pb/@n='2r'--> 
<lb/>it to <placeName>Manchester</placeName>
<lb/>whither I am going 
<lb/>tomorrow. <choice><reg>T</reg><orig>t</orig></choice>he children go to <placeName>Scotland</placeName> at the 
<lb/>same time. </p>
<lb/><p><persName>Captain Toynbee</persName>
<lb/>has been looking 
<lb/>over my observations 
<lb/>and is much 
<lb/>pleased with them<reg>.</reg> You remember 
<lb/><persName>Sir Roderick</persName> send 

	<pb n="0004" facs="liv_001087_0004"/><!--pb/@n='2v'--> 
<lb/><choice><sic>send</sic><corr>no text</corr></choice> that the R.G.S. 
<lb/>would publish them<reg>.</reg>
<lb/>Now I wish to put the 
<lb/>results i.e. a table 
<lb/>of the Latitudes and 
<lb/>Longitudes at the 
<lb/>end of the book<reg>.</reg>
<lb/>Would that interfere 
<lb/>with the publication 
<lb/>of them by the 
<lb/>society with <persName>Captain 
<lb/>Toynbee's</persName> remarks? 
<lb/><persName>The Admiral</persName> has 
<lb/>undertaken to correct 
<lb/>the press - and <persName>Cap<hi rend="sup">n</hi><addSpan spanTo="#p1r-01" place="marginleft"><!--addSpan/@place='left margin of fol. 1r'--></addSpan>Toynbee</persName> thinks they may prove useful to 
<lb/>travellers. Would you drop a line to say if I 
<lb/>may put in the table. Many of them have been 
<lb/>already published in 
<lb/>your journal<reg>.</reg></p>
<lb/><p><persName>D Livingstone</persName></p><anchor xml:id="p1r-01"/><addSpan spanTo="#p1v-01" place="marginleft"><!--addSpan/@place='left margin of fols. 1v, 2r'--></addSpan>
<lb/><p>Have you heard anything of a 
<lb/>steamer for the <placeName>Zambesi</placeName>? </p>
<lb/><p>I heard a little just before leaving 
<lb/><placeName>Dublin</placeName> on <choice><reg>T</reg><orig>t</orig></choice>uesday</p><anchor xml:id="p1v-01"/>
			
</div>
		</body>
	</text></TEI>