<?xml version="1.0" encoding="UTF-8"?>
<!--Converted from a TEI P4 XML file to the LEAP TEI P5 Schema by James Cummings on 2015-03-02-->
<?xml-model href="http://livingstoneonline.github.io/LEAP-ODD/leap.rng" type="application/xml" schematypens="http://relaxng.org/ns/structure/1.0"?>
<?xml-model href="http://livingstoneonline.github.io/LEAP-ODD/leap.rng" type="application/xml" schematypens="http://purl.oclc.org/dsdl/schematron"?>
<?xml-stylesheet type="text/xsl" href="http://livingstoneonline.github.io/LEAP-XSLT/transcription.xsl"?>
<TEI xmlns="http://www.tei-c.org/ns/1.0" xml:id="liv_001447">
	<teiHeader xmlns:tei="http://www.tei-c.org/ns/1.0">
		<fileDesc>
			<titleStmt>
				<title>Letter to Richard Thornton</title>
				<author xml:id="DL">David Livingstone</author>
			</titleStmt>
			<publicationStmt>
				<authority>Livingstone Online</authority>
				<pubPlace>London</pubPlace>
				<date>2007-08-24</date>
				<publisher>Wellcome Centre for the History of Medicine, UCL</publisher>
				<idno type="LEAP-ID">liv_001447</idno>
			</publicationStmt>
			<sourceDesc>
				<bibl xml:id="shelfmark">National Library of Scotland, MS.10707, ff. 49-50</bibl>
				<bibl xml:id="ccnumber">0910</bibl>
				<bibl xml:id="recipient">Richard Thornton</bibl>
				<bibl xml:id="date">25 June 1859</bibl>
				<bibl xml:id="where">Tette</bibl>
			</sourceDesc>
		</fileDesc>
		<profileDesc>
			<langUsage>
				<language ident="en">English</language>
			</langUsage>
			<handNotes>
				<handNote xml:id="hand01">Scribe: Unknown</handNote>
			</handNotes>
		</profileDesc>
		<revisionDesc>
			<change>
				<date>2007-08-24</date>
				<name xml:id="SM">Sharon Messenger</name>Initial Transcription by Sharon Messenger
			</change>
			<change>
				<date>2007-11-05</date>
				<name xml:id="CL">Chris Lawrence</name>Proofed by Chris
			</change>
		</revisionDesc>
	</teiHeader>

	<text xmlns:tei="http://www.tei-c.org/ns/1.0">
		<body xml:lang="en">
			<div>

	<pb n="0001" facs="liv_001447_0001"/><!--pb/@n='49r'-->
<lb/><p rend="right"><placeName>Tette</placeName> 25 June 1859 </p>
<lb/><p rend="right"><persName>M<hi rend="underline"><hi rend="sup">r</hi></hi> R. Thornton</persName></p>
<lb/><p>Sir</p>
<lb/><p>On our arrival 
<lb/>here in November last, I 
<lb/>gave you in addition to my 
<lb/>written instructions an order 
<lb/>to proceed with a geological 
<lb/>examination of this district 
<lb/>as a starting point; and 
<lb/>that order not having been 
<lb/>obeyed I made every allowance 
<lb/>for your suffering from 
<lb/>"prickly heat" and other little 
<lb/>illnesses. But at a subsequent 
<lb/>period I urged on you the 
<lb/>necessity of your making 
<lb/>some exertion to fulfill the 

	<pb n="0002" facs="liv_001447_0002"/><!--pb/@n='49v'--> 
<lb/>object of your appointment 
<lb/>as Mining Geologist and 
<lb/>both <persName>D<hi rend="sup"><hi rend="underline">r</hi></hi> Kirk</persName> and I were 
<lb/>of opinion that such 
<lb/>exercise would have benefitted 
<lb/>your health. You were 
<lb/>also informed that <persName>Major 
<lb/>Secard</persName> was ready to 
<lb/>send you to all the interesting 
<lb/>geological points in the district 
<lb/>and I gave you written 
<lb/>orders so that there should 
<lb/>be no excuse. </p>
<lb/><p><choice><reg>A</reg><orig>a</orig></choice>ccording to your own 
<lb/>report you did as little 
<lb/>geology as possible though 
<lb/>your people had instructions 
<lb/>to take you to the different 
<lb/>coal seams already known. 
<lb/><choice><reg>S</reg><orig>s</orig></choice>eing you disinclined to work 
<lb/>at general geology, I set 
<lb/>you to run a shaft into 
<lb/>one of the coal seams to 

	<pb n="0003" facs="liv_001447_0003"/><!--pb/@n='50r'--> 
<lb/>ascertain its quality at a proper 
<lb/>distance in which you told 
<lb/>me was 20 or 30 <del type="strikethrough">yards</del>feet<reg>.</reg>
<lb/>I visited you on the 14<hi rend="sup"><hi rend="underline">th</hi></hi> March 
<lb/>last and you were ordered 
<lb/>to proceed with this work. 
<lb/><choice><reg>Y</reg><orig>y</orig></choice>ou returned from it on 
<lb/>the 3<hi rend="sup">d</hi> of May having with 
<lb/>the people employed accomplished 
<lb/>only 13 feet nine inches, and 
<lb/>though in perfect health 
<lb/>you have continued 
<lb/>idle ever since. Hearing 
<lb/>that you were remaining 
<lb/>here idle I sent an order 
<lb/>from <placeName>Senna</placeName> for you to 
<lb/>go on with the geological 
<lb/>examination of the district<reg>.</reg>
<lb/>This you have not 
<lb/>attended to. I am therefore 
<lb/>compelled by your repeated 

	<pb n="0004" facs="liv_001447_0004"/><!--pb/@n='50v'--> 
<lb/>disobedience of orders 
<lb/>to inform you that your 
<lb/>salary is stopped from 
<lb/>the third of May the date 
<lb/>at which you retired 
<lb/>from one duty and declined 
<lb/>beginning another. It is 
<lb/>with great reluctance 
<lb/>that I take this step 
<lb/>but your failure to do 
<lb/>your duty forces me 
<lb/>however relucantly to 
<lb/>do mine to H M's 
<lb/>Government and separate 
<lb/>you from the Expedition. </p>
<lb/><p rend="center">I am &amp;c </p>
<lb/><p rend="center"><persName>David Livingstone</persName></p>
<lb/><p rend="center">H. M.'s Consul </p>
<lb/><p>Commanding Zambesi Expedition </p>

	<pb n="0005" facs="liv_001447_0005"/><!--pb/@n='51r'--> 
<addSpan spanTo="#addEnd-51r"><!--addSpan/@place='Envelope'--></addSpan>
<lb/><p rend="center">O H. M. S.</p>
<lb/><p rend="center"><persName>M<hi rend="sup"><hi rend="underline">r</hi></hi> Richard Thornton</persName></p>
<lb/><p rend="center"><placeName>Tette</placeName></p>
<lb/><p>D<hi rend="sup"><hi rend="underline">r</hi></hi> Livingstone</p><anchor xml:id="addEnd-51r"/>
			
</div>
		</body>
	</text></TEI>