<?xml version="1.0" encoding="UTF-8"?>
<!--Converted from a TEI P4 XML file to the LEAP TEI P5 Schema by James Cummings on 2015-03-02-->
<?xml-model href="http://livingstoneonline.github.io/LEAP-ODD/leap.rng" type="application/xml" schematypens="http://relaxng.org/ns/structure/1.0"?>
<?xml-model href="http://livingstoneonline.github.io/LEAP-ODD/leap.rng" type="application/xml" schematypens="http://purl.oclc.org/dsdl/schematron"?>
<?xml-stylesheet type="text/xsl" href="http://livingstoneonline.github.io/LEAP-XSLT/transcription.xsl"?>
<TEI xmlns="http://www.tei-c.org/ns/1.0" xml:id="liv_001615"><!-- LP40 -->
	<teiHeader xmlns:tei="http://www.tei-c.org/ns/1.0">
		<fileDesc>
			<titleStmt>
				<title>Letter to Robert Moffat 1</title>
				<author xml:id="DL">David Livingstone</author>
			</titleStmt>
			<publicationStmt>
				<authority>Livingstone Online</authority>
				<pubPlace>London</pubPlace>
				<date>2004-12-07</date>
				<publisher>Wellcome Centre for the History of Medicine, UCL</publisher>
				<idno type="LEAP-ID">liv_001615</idno>
			</publicationStmt>
			<sourceDesc>
				<bibl xml:id="ccnumber">1069</bibl>
				<bibl xml:id="recipient">Robert Moffat 1</bibl>
				<bibl xml:id="date">28 January 1861</bibl>
				<bibl xml:id="where">Kongone</bibl>
				<bibl xml:id="shelfmark">Wellcome Library Ms. 7329/40</bibl><!--1861-01-28--><!--Original:1861-01-28-->
				<bibl xml:id="extent">4 pages</bibl>
			</sourceDesc>
		</fileDesc>
		<revisionDesc>
			<change>
				<date>2004-11-16</date>
				<name xml:id="CO">Caroline Overy</name>Initial Transcription
			</change>
			<change>
				<date>2006-02-14</date>
				<name xml:id="JB">Janet Browne</name>first proof
			</change>
			<change>
				<date>2006-02-22</date>
				<name xml:id="CL">Chris lawrence</name>second proof
			</change>
			<change>
				<date>2006-03-02</date>
				<name xml:id="SM">Sharon Messenger</name>final proof
			</change>
		</revisionDesc>
	</teiHeader>

	<text xmlns:tei="http://www.tei-c.org/ns/1.0">
		<body>
			<div>

	<pb n="0001" facs="liv_001615_0001"/><!--pb/@n='1'--> 
<!--Hand 01 34 top left--><!--Hand 02 68010 superscript C top right--><!--Hand 03 <p><unclear cert="low">in Lancet</unclear></p> across top-->
<lb/><p>Postscript at <placeName><settlement>Kongone</settlement></placeName><date when="1861-01-28">28<hi rend="sup">th</hi> January 
<lb/>1861</date></p>
<lb/><p>We are waiting here for our <term type="boat">new steamer</term>
<lb/>and for the first time since my return to 
<lb/><placeName><country>Africa</country></placeName> I have <choice><sic>leizure</sic><corr>leisure</corr></choice> for correspondence 
<lb/>We cannot divine what detains her 
<lb/>as she is now two months beyond her 
<lb/>time - but patience patience!</p>
<lb/><p>I have heard from <persName>Sir Culling 
<lb/>E. <surname><choice><sic>Earldley</sic><corr>Eardley</corr></choice></surname></persName> and he refers to a <term type="note">Karross</term>
<lb/>you gave to <persName>Lady <surname><choice><sic>Earldley</sic><corr>Eardley</corr></choice></surname></persName>. She 
<lb/>told me about the loss she sustained 
<lb/>by going to the <placeName><bloc>Continent</bloc></placeName>. When she 
<lb/>returned it was all moth eaten. She 
<lb/>was "so sorry as it came from 
<lb/>you" I mentioned it to you at the 
<lb/><placeName><region>Cape</region></placeName> but it must have escaped 
<lb/>your memory - or possibly I neglected 
<lb/>to give you their address. It is 39 
<lb/>Upper Grosvenor <choice><abbr>St.</abbr><expan>Street</expan></choice><placeName><settlement type="city">London</settlement></placeName>.</p>

	<pb n="0002" facs="liv_001615_0002"/><!--pb/@n='2'-->
<lb/><p>If it were possible for me to buy one 
<lb/>in this region I would do so but none 
<lb/>are to be had for love or money. She has 
<lb/>been suffering greatly from disease of 
<lb/>the heart. This brings to my recollection 
<lb/>that we got a glimpse of some people from 
<lb/><persName>Mosilikatze's</persName> at <placeName><settlement><choice><sic>Senna</sic><corr>Sena</corr></choice></settlement></placeName>. As soon as they 
<lb/>saw the <term type="tribe">Makololo</term> with me they decamped 
<lb/>and no persuasion could induce them 
<lb/>to come near us. A <persName>Senhor Isidore 
<lb/><surname>Pereira</surname></persName> of <placeName><settlement><choice><sic>Senna</sic><corr>Sena</corr></choice></settlement></placeName> usually called <persName>Senhor 
<lb/><surname><unclear cert="low">Eezedor</unclear></surname></persName> sent a party of his slaves to trade 
<lb/>with <persName>Mosilikatze</persName> 16 months ago. they 
<lb/>were away 14 months but stopped at 
<lb/>different places for months at a time 
<lb/>This is the second visit and the guns you saw 
<lb/>came from <placeName><settlement><choice><sic>Senna</sic><corr>Sena</corr></choice></settlement></placeName>. <unclear cert="low">Mosilikatze</unclear>
<lb/>sent about 30 head of cattle, one a 
<lb/>remarkable pure white ox. Of these only 
<lb/>2 arrived and one died while we were at 
<lb/><placeName><settlement><choice><sic>Senna</sic><corr>Sena</corr></choice></settlement></placeName>. About 1000 sheep &amp; goats. Of these 
<lb/>about <unclear cert="medium">400</unclear> arrived &amp; nearly all lame. 
<lb/>and 2 meercat <term type="note">karrosses</term>.!</p>
<lb/><p><!--written up margin of p. 2-->The word "Falla" means to speak and it is probably the only word they 
<lb/>had picked up. <persName>Isidore</persName> is commandant of <placeName><choice><sic>Senna</sic><corr>Sena</corr></choice></placeName></p>

	<pb n="0003" facs="liv_001615_0003"/><!--pb/@n='3'-->
<lb/><p><persName>Isidore</persName> was not well pleased with the trade 
<lb/>and we heard him threatening to send his 
<lb/>slaves to the fort for punishment but being 
<lb/>a rather dissatisfied character we dont 
<lb/>know whether this means much. He 
<lb/>lost all his ostrich feathers by the camp 
<lb/>taking <unclear cert="high">fire. Laws</unclear> very stringent against 
<lb/>gunpowder &amp; arms being sold to the natives 
<lb/>but nobody observes them - not one. These 
<lb/>people never went near you - they were 
<lb/>afraid. They lived with a headman of 
<lb/><persName>Mosilikatzes</persName>&gt; at some distance from <placeName><unclear cert="low">Moshetta</unclear></placeName>
<lb/>They saw a hunter kill an elephant. Was 
<lb/>this <persName>Baldwin</persName>? A chief of the <term type="tribe">Batoka</term>
<lb/>called <persName><unclear cert="low">Sekote</unclear></persName> fled from <unclear cert="low">Kalai is<hi rend="sup"><hi rend="underline">d</hi></hi></unclear> to 
<lb/><persName>Mosilikatze</persName> and lives under him. The 
<lb/>people who have come to <placeName><settlement><choice><sic>Senna</sic><corr>Sena</corr></choice></settlement></placeName> belong 
<lb/>to his party and it so happened that we 
<lb/>have a man of <persName><unclear cert="low">Sekote</unclear></persName> who came with us 
<lb/>to get himself cured of <term type="ailment">leprosy</term>. He knew 
<lb/>the strangers by name but like unmitigated 
<lb/>cowards they fled, though the few <term type="tribe">Makololo</term> had no spears - nor would they return when 

	<pb n="0004" facs="liv_001615_0004"/><!--pb/@n='4'--> 
<lb/>their own countryman went &amp; tried to persuade 
<lb/>them. This proves the truth of what I have 
<lb/>told the <term type="tribe">Makololo</term> that they are just a lot of 
<lb/>hyaenas - cowards before all who are stronger 
<lb/>than they are - they dread the <term type="tribe">Matibele</term> and I 
<lb/>suspect are dreaded by them. The account given 
<lb/>you of a fight below the <placeName>Falls<!--geog note: Falls--></placeName> in which the 
<lb/><term type="tribe">Matibele</term> were victorious does not appear to 
<lb/>have taken place at all. A foray was made 
<lb/>to the West but the <term type="ailment">leprosy</term> affair came on 
<lb/>afterwards and embittered their success. If 
<lb/>they cannot remove soon <term type="ailment">fever</term> will break 
<lb/>them up as a tribe. It is a pity that <persName>John</persName>
<lb/>did not go there but <unclear cert="medium">not</unclear> by <placeName>Linyanti</placeName>
<lb/>The way is direct to <placeName><geogName>Victoria Falls</geogName></placeName> by <persName>M<hi rend="sup"><hi rend="underline">r</hi></hi>
<lb/>Baldwin's</persName><unclear cert="low">spoor</unclear>. The swamps of the <placeName>Chobe</placeName>
<lb/>are then avoided and one is at the foot 
<lb/>of the highlands. I cannot imagine what kept 
<lb/><persName>Helmore</persName> so long in the way. Did they use 
<lb/>any remedy? Was it <term type="ailment">fever</term>? What symptoms 
<lb/>did they observe? are questions I should like 
<lb/>to put but cannot.</p>
<lb/><p>Our <term type="boat">steamer</term> is to be a real one. It is superintended 
<lb/>in construction by the Admiralty &amp; everything we 
<lb/><!--rest of paragraph written up the margin of p.1-->we have got from them has been of first rate quality. We shall 
<lb/>try to get an entrance <unclear cert="low">exterior</unclear> to the Portuguese claims but 
<lb/>this is not made public</p>
<lb/><p><!--written up margin of p. 3-->Mary is in England I believe children all well and doing 
<lb/>well. The <term type="note">Universities' mission</term> prospering greatly.</p>
<lb/><p>David Livingstone</p>
<lb/><p><!--written up margin of p. 4-->I shall send <term type="plant">Senna</term> seeds first time we go to <placeName>Tette</placeName>.</p>
			
</div>
		</body>
	</text></TEI>