<?xml version="1.0" encoding="UTF-8"?>
<!--Converted from a TEI P4 XML file to the LEAP TEI P5 Schema by James Cummings on 2015-03-02-->
<?xml-model href="http://livingstoneonline.github.io/LEAP-ODD/leap.rng" type="application/xml" schematypens="http://relaxng.org/ns/structure/1.0"?>
<?xml-model href="http://livingstoneonline.github.io/LEAP-ODD/leap.rng" type="application/xml" schematypens="http://purl.oclc.org/dsdl/schematron"?>
<?xml-stylesheet type="text/xsl" href="http://livingstoneonline.github.io/LEAP-XSLT/transcription.xsl"?>
<TEI xmlns="http://www.tei-c.org/ns/1.0" xml:id="liv_001020">
	<teiHeader xmlns:tei="http://www.tei-c.org/ns/1.0">
		<fileDesc>
			<titleStmt>
				<title>Letter to William Hooker</title>
				<author xml:id="DL">David Livingstone</author>
			</titleStmt>
			<publicationStmt>
				<authority>Livingstone Online</authority>
				<pubPlace>London</pubPlace>
				<date>2008-04-30</date>
				<publisher>Wellcome Centre for the History of Medicine, UCL</publisher>
				<idno type="LEAP-ID">liv_001020</idno>
			</publicationStmt>
			<sourceDesc>
				<bibl xml:id="shelfmark">Library, Art &amp; Archives, Royal Botanic Gardens, Kew, African Letters, 1844-1858, LIX f, 191</bibl>
				<bibl xml:id="ccnumber">0519</bibl>
				<bibl xml:id="recipient">William Hooker</bibl>
				<bibl xml:id="date">16 May 1857</bibl>
				<bibl xml:id="where">57 Sloane Street</bibl>
			</sourceDesc>
		</fileDesc>
		<profileDesc>
			<langUsage>
				<language ident="en">English</language>
			</langUsage>
			<handNotes>
				<handNote xml:id="hand01">Scribe: Unknown</handNote>
			</handNotes>
		</profileDesc>
		<revisionDesc>
			<change>
				<date>2008-04-30</date>
				<name xml:id="CO">Caroline Overy</name>Intial Transcription by Caroline Overy
			</change>
			<change>
				<date>2008-05-03</date>
				<name xml:id="CL">Chris Lawrence</name>Proof by Chris Lawrence
			</change>
			<change>
				<date>2008-06-28</date>
				<name xml:id="JB">Janet Browne</name>Proofed by Janet Browne
			</change>
		</revisionDesc>
	</teiHeader>

	<text xmlns:tei="http://www.tei-c.org/ns/1.0">
		<body xml:lang="en">
			<div>

	<pb n="0001" facs="liv_001020_0001"/><!--pb/@n='191-1'-->
<lb/><p rend="right"><placeName>57 Sloane St</placeName></p>
<lb/><p rend="right">16<hi rend="sup"><hi rend="underline">th</hi></hi> May</p>
<lb/><p rend="right">1857</p>
<lb/><p>Dear Sir</p>
<lb/><p>I fully 
<lb/>intended to accept 
<lb/>your very kind 
<lb/>invitation today 
<lb/>but I feel for 
<lb/>the first time 
<lb/>since I came home 

	<pb n="0002" facs="liv_001020_0002"/><!--pb/@n='191a-2'--> 
<lb/>the effects of 
<lb/>overwork in 
<lb/>great lassitude 
<lb/>and a feeling 
<lb/>of illness. I attended 
<lb/>the Anniversary 
<lb/>of the <term type="organisation">London 
<lb/>Missionary Society</term>
<lb/>on Thursday and 
<lb/>have hurt my 
<lb/>throat in trying 
<lb/>to speechify to 

	<pb n="0003" facs="liv_001020_0003"/><!--pb/@n='191a-3'--> 
<lb/>upwards of 2000 
<lb/>people a work 
<lb/>for which I 
<lb/>have always 
<lb/>believed I was 
<lb/>never intended<reg>.</reg>
<lb/>It is not the speaking 
<lb/>so much as the 
<lb/>sitting sweating 
<lb/>in agony about 
<lb/>what you will 
<lb/>say for hours 
<lb/>beforehand. I would 
<lb/>be ashamed to 

	<pb n="0004" facs="liv_001020_0004"/><!--pb/@n='191-4'--> 
<lb/>meet <persName>Lady Hooker</persName>
<lb/>in this state so I 
<lb/>now (4 O clock) 
<lb/>beg you to allow 
<lb/>me to come next 
<lb/><add place="below">^</add><add place="above">Friday or</add> Saturday instead 
<lb/><del type="strikethrough">of this</del><reg>.</reg> We shall 
<lb/>be sure to come 
<lb/>on either the one 
<lb/>day or the other<reg>.</reg>
<lb/>Please do not trouble 
<lb/>yourself to write 
<lb/>again, but accept 
<lb/>my hearty thanks 
<lb/>for the invitation<reg>.</reg> D. Livingstone</p><addSpan spanTo="#p.191-1" place="marginleft"><!--addSpan/@place='left margin of fol. 191-1'--></addSpan>
<lb/><p>The Portuguese Government has 
<lb/>ordered my men to be supported by <placeName>Mosambique 
<lb/>Province</placeName></p><anchor xml:id="p.191-1"/>
			
</div>
		</body>
	</text></TEI>