<?xml version="1.0" encoding="UTF-8"?>
<!--Converted from a TEI P4 XML file to the LEAP TEI P5 Schema by James Cummings on 2015-03-02-->
<?xml-model href="http://livingstoneonline.github.io/LEAP-ODD/leap.rng" type="application/xml" schematypens="http://relaxng.org/ns/structure/1.0"?>
<?xml-model href="http://livingstoneonline.github.io/LEAP-ODD/leap.rng" type="application/xml" schematypens="http://purl.oclc.org/dsdl/schematron"?>
<?xml-stylesheet type="text/xsl" href="http://livingstoneonline.github.io/LEAP-XSLT/transcription.xsl"?>
<TEI xmlns="http://www.tei-c.org/ns/1.0" xml:id="liv_002045"><!-- LP46 -->
	<teiHeader xmlns:tei="http://www.tei-c.org/ns/1.0">
		<fileDesc>
			<titleStmt>
				<title>Letter to Unknown Recipient</title>
				<author xml:id="DL">David Livingstone</author>
			</titleStmt>
			<publicationStmt>
				<authority>Livingstone Online</authority>
				<pubPlace>London</pubPlace>
				<date>2005-05-10</date>
				<publisher>Wellcome Centre for the History of Medicine, UCL</publisher>
				<idno type="LEAP-ID">liv_002045</idno>
			</publicationStmt>
			<sourceDesc>
				<bibl xml:id="ccnumber">1467</bibl>
				<bibl xml:id="recipient">Unknown Recipient</bibl>
				<bibl xml:id="date">15 August 1864</bibl>
				<bibl xml:id="where">Hamilton</bibl>
				<bibl xml:id="shelfmark">Wellcome Library Ms. 7329/46</bibl><!--1864-08-15--><!--Original:1864-08-15-->
				<bibl xml:id="extent">1 page</bibl>
			</sourceDesc>
		</fileDesc>
		<revisionDesc>
			<change>
				<date>2005-05-10</date>
				<name xml:id="SM">Sharon Messenger</name>Initial Transcription
			</change>
			<change>
				<date>2006-02-14</date>
				<name xml:id="JB">Janet Browne</name>first proof
			</change>
			<change>
				<date>2006-02-23</date>
				<name xml:id="CL">Chris Lawrence</name>second proof
			</change>
			<change>
				<date>2006-03-01</date>
				<name xml:id="CO">Caroline Overy</name>final proof
			</change>
		</revisionDesc>
	</teiHeader>

	<text xmlns:tei="http://www.tei-c.org/ns/1.0">
		<body>
			<div>

	<pb n="0001" facs="liv_002045_0001"/><!--pb/@n='1'-->
<!--Hand 01 68 top left--><!--hand 02 91831 top right-->
<lb/><p rend="right">Hamilton 15 Aug.</p>
<lb/><p rend="right">1864</p>
<lb/><p>Dear Sir</p>
<lb/><p>I am not to 
<lb/>be engaged in 
<lb/>lecturing and 
<lb/>cannot therefore 
<lb/>accept the 
<w>invita-<lb break="no"/>tion</w><!--2 hyphens--> with which 
<lb/>you have kindly 
<lb/>favoured Yours &amp;c</p>
<lb/><p>David Livingstone</p>
			
</div>
		</body>
	</text></TEI>