<?xml version="1.0" encoding="UTF-8"?>
<!--Converted from a TEI P4 XML file to the LEAP TEI P5 Schema by James Cummings on 2015-03-02-->
<?xml-model href="http://livingstoneonline.github.io/LEAP-ODD/leap.rng" type="application/xml" schematypens="http://relaxng.org/ns/structure/1.0"?>
<?xml-model href="http://livingstoneonline.github.io/LEAP-ODD/leap.rng" type="application/xml" schematypens="http://purl.oclc.org/dsdl/schematron"?>
<?xml-stylesheet type="text/xsl" href="http://livingstoneonline.github.io/LEAP-XSLT/transcription.xsl"?>
<TEI xmlns="http://www.tei-c.org/ns/1.0" xml:id="liv_000901">
	<teiHeader xmlns:tei="http://www.tei-c.org/ns/1.0">
		<fileDesc>
			<titleStmt>
				<title>Letter to Roderick Impey Murchison</title>
				<author xml:id="DL">David Livingstone</author>
			</titleStmt>
			<publicationStmt>
				<authority>Livingstone Online</authority>
				<pubPlace>London</pubPlace>
				<date>2008-07-14</date>
				<publisher>Wellcome Centre for the History of Medicine, UCL</publisher>
				<idno type="LEAP-ID">liv_000901</idno>
			</publicationStmt>
			<sourceDesc>
				<bibl xml:id="shelfmark">Royal Geographical Society, Archives, DL 2/8/4</bibl>
				<bibl xml:id="ccnumber">0414</bibl>
				<bibl xml:id="recipient">Roderick Impey Murchison</bibl>
				<bibl xml:id="date">23 May, 26 August 56</bibl>
				<bibl xml:id="where">Quilimane-Mauritius</bibl>
			</sourceDesc>
		</fileDesc>
		<profileDesc>
			<langUsage>
				<language ident="en">English</language>
			</langUsage>
			<handNotes>
				<handNote xml:id="hand01">Scribe: unknown</handNote>
			</handNotes>
		</profileDesc>
		<revisionDesc>
			<change>
				<date>2008-07-14</date>
				<name xml:id="SM">Sharon Messenger</name>Initial Transcription by Sharon Messenger
			</change>
			<change>
				<date>2009-03-22</date>
				<name xml:id="CL">Christopher Lawrence</name>Proof by Chris Lawrence
			</change>
		</revisionDesc>
	</teiHeader>

	<text xmlns:tei="http://www.tei-c.org/ns/1.0">
		<body xml:lang="en">
			<div>

	<pb n="0001" facs="liv_000901_0001"/><!--pb/@n='1r'-->
<lb/><p rend="right"><placeName>Quillimane</placeName>, <placeName>East Africa</placeName>.</p>
<lb/><p>23<hi rend="underline"><hi rend="sup">d</hi></hi> May 1856 </p>
<lb/><p rend="left"><persName>Sir Roderick I. Murchison</persName></p>
<lb/><p>A packet of letters 
<lb/>sent to the care of <persName>M<hi rend="sup"><hi rend="underline">r</hi></hi> Maclear</persName> contained 
<lb/>some information addressed to you respecting 
<lb/>this noble <placeName>Zambesi</placeName> in the regions beyond. 
<lb/>As I remained six weeks with the excellent 
<lb/>commandante, <persName>Major T. A. J. A. Secard</persName>, 
<lb/>who generously advised me thus to avoid 
<lb/>the Delta at <placeName>Quilimane</placeName>, <choice><sic>untill</sic><corr>until</corr></choice> the 
<w>com-<lb break="no"/>mencement</w> of the healthy season in 
<lb/>April, I had an opportunity of gleaning 
<lb/>some knowledge of the <choice><sic>ajacent</sic><corr>adjacent</corr></choice> country, 
<lb/>while recovering from the effects of my 
<lb/>march on foot. <choice><reg>A</reg><orig>a</orig></choice>nd I mean in this 
<lb/>to give the most trustworthy of my 
<lb/>gleanings concerning the Eastern or 
<lb/>lower portion of the same river. Strangers 
<lb/>are so liable to be unintentionally misled 

	<pb n="0002" facs="liv_000901_0002"/><!--pb/@n='1v'-->
<lb/>by the careless answers of uninterested 
<lb/>inhabitants, I would fain have subjected 
<lb/>every important point to the test of personal 
<lb/>examination, but except in the cases 
<lb/>of gold, coal, iron, and a hot fountain 
<lb/>which did not involve any additional 
<lb/>fatigue, I had to rely on the information 
<lb/>of others alone. The difference of climate 
<lb/>must account for the disproportionate 
<lb/>exhaustion experienced by myself and 
<lb/>companions by marches of a dozen 
<lb/>miles, compared with that produced 
<lb/>in our naval officers by those 
<w>pro-<lb break="no"/>digious</w> strides we read of having 
<lb/>been performed in the <placeName><choice><sic>Artic</sic><corr>Arctic</corr></choice> circle</placeName>. Indeed 
<lb/>I was pretty well "knocked up" by not 
<lb/>much more than a month on foot. 
<lb/><choice><reg>T</reg><orig>t</orig></choice>he climate on the river felt hot and 
<lb/>steamy, water never cool, clothes 
<lb/>always damp from profuse perspiration. 
<lb/><choice><reg>A</reg><orig>a</orig></choice>nd as the country is generally covered 
<lb/>with long grass, bushes and trees, the 

	<pb n="0003" facs="liv_000901_0003"/><!--pb/@n='2r'-->
<lb/>abundance of well rounded shingle everywhere 
<lb/>renders it necessary to keep the eyes continually 
<lb/>on the ground. Pedestrianism under 
<lb/>such circumstances might be all very 
<lb/>well for those whose obesity 
<lb/>calls for the process of Pressneitz; but for 
<lb/>one who had become as lean as a 
<lb/>lathe, the only discernible good was 
<lb/>that it enabled an honest sort of man to 
<lb/>gain a vivid idea of the meaning of 
<lb/>the phrase "a month on the Treadmill." </p>
<lb/><p>Looking down the <placeName>Zambesi</placeName> from 
<lb/>those remarkable falls which I think 
<lb/>ought to be named after our Queen 
<lb/>"the smoke sounding falls of Victoria" 
<lb/>we see the river fringed on both sides 
<lb/>by ranges of hills, of from eight hundred 
<lb/>to a thousand feet in height, on the 
<lb/>right or southern bank, they cease at 
<lb/><placeName>Lupata</placeName> but on the left they run along 
<lb/>to <placeName>Senna</placeName>, terminating in the fine 

	<pb n="0004" facs="liv_000901_0004"/><!--pb/@n='2v'-->
<lb/>high mountain <placeName>Morumbala</placeName>, with a 
<lb/>hot sulphureous fountain on its 
<lb/>northern summit. A very large number 
<lb/>of conical shaped hills ornament 
<lb/>the ranges and as all are covered to 
<lb/>their tops with fine leafy trees with 
<lb/>patches of lighter green grass between, 
<lb/>the scenery is always pleasing. It 
<lb/>was particularly so in my voyage 
<lb/>down from <placeName>Tette</placeName>, for being the beginning 
<lb/>of winter the foliage had changed 
<lb/>into the most varied hues before 
<lb/>falling off. Some were inky black, 
<lb/>others copper coloured, and others 
<lb/>of so bright an orange I have turned 
<lb/>aside to them, in the belief that they 
<lb/>were masses of flowers. Then here 
<lb/>the stimulus of cold, acts like that 
<lb/>of heat on birds in our climate. 
<lb/>"the time of the singing of birds had come." </p>

	<pb n="0005" facs="liv_000901_0005"/><!--pb/@n='3r'-->
<fw type="pageno"><hi rend="underline">2<hi rend="sup">d</hi> Sheet</hi></fw>
<lb/><p>It is far from true that the birds of at 
<lb/>least this portion of the <placeName>Tropics</placeName> are 
<w>un-<lb break="no"/>musical;</w> they have wanted poets only 
<lb/>to bring them into notice as ours have 
<lb/>had since the times of <persName>Aristophanes</persName>
<lb/>downwards. <choice><reg>T</reg><orig>t</orig></choice>he river itself is a 
<lb/>magnificent one until spoiled by 
<lb/>spreading out in this sickly delta. 
<lb/>Measured at the fort of <persName>Tette</persName>, it was 
<lb/>found to be five hundred fathoms 
<lb/>or a thousand yards broad, and 
<lb/>that is a narrow part. Below 
<lb/><placeName>Lupata</placeName>, it spreads out among large, 
<lb/>reedy islands from one to two or 
<lb/>more miles broad. It has been in 
<lb/>flood ever since we struck it in 
<lb/>December last, and it looks as if it 
<lb/>would remain high for more than 
<lb/>a month to come. These five months 
<lb/>of high water shew that the statement 
<lb/>that it is navigable for considerable 

	<pb n="0006" facs="liv_000901_0006"/><!--pb/@n='3v'-->
<lb/>sized launches for half the year to 
<lb/>be substantially correct. Three and 
<lb/>occasionally four freshets occur 
<lb/>annually at <placeName>Tete</placeName>. The flood of 
<lb/>Northern waters, which inundates 
<lb/>the <placeName>Barotse</placeName> and <placeName>Sesheké</placeName> valleys, 
<lb/>comes into the <placeName>Makololo</placeName> country 
<lb/>in February. The flood of the <placeName>Chobé</placeName>
<lb/>is always a month later, on account 
<lb/>of the impediment which extreme 
<lb/>tortuosity of the river's bed, presents to 
<lb/>its flow. It is often heard of as spreading 
<lb/>over the lands thirty or forty miles 
<lb/>above <placeName>Linyanti</placeName> a fortnight before 
<lb/>it floods that place. In the case of 
<lb/>the river of <placeName>Libébé</placeName> - <placeName>Teoughe </placeName>, <placeName>Zóortzó</placeName>
<lb/>and <placeName>Tamunakle</placeName>, the flood descends 
<lb/>sometimes in April, at other times 
<lb/>much later; but it is not capable of making an inundation except 
<lb/>in the country near <placeName>Libébé</placeName>; as it 

	<pb n="0007" facs="liv_000901_0007"/><!--pb/@n='4r'-->
<lb/>is discharged into the Lake, till that is full - 
<lb/>the surplus finding its way down the <placeName>Zouga</placeName>
<lb/>to <placeName>Kumadou</placeName> and a little way beyond. 
<lb/><choice><reg>T</reg><orig>t</orig></choice>he water in these floods is in all cases 
<lb/>perfectly clear. This peculiarity enabled 
<lb/>me to distinguish the water of the 
<lb/>valley inundations in a large rise 
<lb/>of the river which took place at <placeName>Tette</placeName>
<lb/>in the beginning of March. To 
<lb/>the inhabitants it seemed the third 
<lb/>freshet of that year but the water 
<lb/>being comparatively limpid, enabled 
<lb/>me to connect it with the overflowing 
<lb/>at <placeName>Sesheke</placeName> in February. <choice><reg>T</reg><orig>t</orig></choice>he two 
<lb/>previous floods produced by rains 
<lb/>falling East of the Eastern ridge, 
<lb/>imparted a deep reddish brown tinge 
<lb/>of the <placeName>Zambesi</placeName>, this was but a 
<lb/>partial discoloration effected by 
<lb/>the numerous feeders of the <placeName>Zambesi</placeName>
<lb/>continuing to pour in some muddy 

	<pb n="0008" facs="liv_000901_0008"/><!--pb/@n='4v'-->
<lb/>water <choice><sic>untill</sic><corr>until</corr></choice> the winter set in in April, 
<lb/>and as they are very numerous above <placeName>Tette</placeName> we <choice><sic>percieve</sic><corr>perceive</corr></choice> the reason  why the 
<lb/>remarkable floods of the clear water 
<lb/>of the great Interior valley have not 
<lb/>been noticed farther down. </p>
<lb/><p>I am aware of no obstruction to 
<lb/>navigation from the bottom of the 
<lb/>Eastern ridge of the Delta except one 
<lb/>named <placeName>Kebrabasa</placeName>, about 20 miles 
<lb/>above <placeName>Tette</placeName>. <choice><reg>T</reg><orig>t</orig></choice>here a number of jagged 
<lb/>rocks jut out of the stream across 
<lb/>the river forming in high water a 
<lb/>dangerous rapid, and at low water 
<lb/>the flow is so zigzag the canoes must 
<lb/>be taken ashore and hauled along 
<lb/>the bank. It is near the district called 
<lb/><placeName>Chicovai</placeName>; but being on foot when 
<lb/>we came near that point we were 
<lb/>obliged to leave the river to avoid 
<lb/>crossing the troublesome rivulets 

	<pb n="0009" facs="liv_000901_0009"/><!--pb/@n='5r'-->
<lb/><fw type="pageno"><hi rend="underline">3<hi rend="sup"><hi rend="underline">d</hi></hi> Sheet</hi></fw>which the <placeName>Zambesi</placeName> in its rise had filled, 
<lb/>and we did not know till we arrived at 
<lb/><placeName>Tette</placeName>, that we had thereby missed the 
<lb/>opportunity of examining the only 
<lb/>impediment we are likely to meet with 
<lb/>in our returning upward course. </p>
<lb/><p>Above <placeName>Lupata</placeName> which is about 
<lb/>forty miles below <placeName>Tete</placeName> the river is 
<lb/>kept rather narrow by the hills and 
<lb/>rocks on its banks. It may be 
<lb/>said to be from one thousand to twelve 
<lb/>hundred yards broad. <choice><reg>T</reg><orig>t</orig></choice>he current 
<lb/>is 3 3/4 miles per hour: the gorge 
<lb/>of <placeName>Lupata</placeName> is about 200 or 300 yards 
<lb/>wide, twelve miles in length and 
<lb/>rather winding, but so deep close to 
<lb/>its rocky, perpendicular banks a 
<lb/>large steam ship could pass through 
<lb/>at full speed. Below <placeName>Lupata</placeName>
<lb/>the river becomes very broad and 
<lb/>full of large reedy islands which 

	<pb n="0010" facs="liv_000901_0010"/><!--pb/@n='5v'-->
<lb/>prevent one from seeing the banks. I 
<lb/>conjectured the breadth from occasional 
<lb/>glimpses of dark low lying woodland 
<lb/>on the South and the ranges of <placeName>Manganja</placeName>
<lb/>hills on the North. A sailing vessel 
<lb/>would have more room to tack in 
<lb/>here, than in the <placeName>Clyde</placeName> below <placeName>Greenock</placeName>. 
<lb/>I however saw it only when the river
<lb/>was full. In the dry season it presents 
<lb/>a very different appearance, but it is 
<lb/>never without a very large volume 
<lb/>of water flowing in a somewhat 
<lb/>winding channel. But though both 
<lb/>channel and islands change their 
<lb/>positions from time to time according 
<lb/>to the swing and force of the full 
<lb/>flood, free passage is always afforded 
<lb/>for launches and large canoes and 
<lb/>the river is never fordable. Minute 
<lb/>investigation leads me to believe 
<lb/>that a steamer of light draught 
<lb/>could ply on the <placeName>Zambesi</placeName> during 

	<pb n="0011" facs="liv_000901_0011"/><!--pb/@n='6r'-->
<lb/>the greatest part of the year. <choice><reg>B</reg><orig>b</orig></choice>ut the 
<lb/>opinion of a seaman might be very different. </p>
<lb/><p>Our surveyors however and visitors to 
<lb/><placeName>Quilimane</placeName> have had but little opportunity 
<lb/>of knowing the capabilities of the river 
<lb/>for that which is called the river of 
<lb/><placeName>Quilimane</placeName> no more deserves the name 
<lb/>of <placeName>Zambesi</placeName>, than does the <placeName>Serpentine</placeName>
<lb/>that of the <placeName>Thames</placeName>. It's proper name 
<lb/>is "<placeName>Mutu</placeName>" and the point of departure 
<lb/>from the main stream "<placeName>Mazaro</placeName>" 
<lb/>"mouth of <placeName>Mutu</placeName>". <placeName>Mazaro</placeName> may thus 
<lb/>be considered the beginning of the 
<lb/><placeName>Quilimane</placeName><add place="above">delta</add>, as the <placeName>Mutu</placeName>, though small, 
<lb/>is the first branch which leaves the <placeName>Zambesi</placeName> for the sea. Its claims may 
<lb/>be understood when I mention that 
<lb/>even now, when the water is at its 
<lb/>greatest height the upper part of the 
<lb/><placeName>Mutu</placeName> is only three or four yards broad. 
<lb/>It is also very winding and so full 
<lb/>of reeds and water plants, together 
<lb/>with over hanging branches of trees 

	<pb n="0012" facs="liv_000901_0012"/><!--pb/@n='6v'-->
<lb/><add place="marginleft">that</add> a small canoe even can with difficulty 
<lb/>pass along. And during a great part 
<lb/>of the year it is dry, rendering it necessary 
<lb/>to employ land carriage for twelve or 
<lb/>fifteen miles in the case of all commerce 
<lb/>to and from <placeName>Quilimane</placeName> and the interior. 
<lb/>Beyond the part which annually 
<lb/>stands dry, the <placeName>Mutu</placeName><choice><sic>recieves</sic><corr>receives</corr></choice> two rivers 
<lb/>from the North called <placeName>Pingazi</placeName> and 
<lb/><placeName>Luala</placeName> (<placeName>Pingazi</placeName>, <placeName>Luala</placeName>) which 
<lb/>make it navigable. Another farther 
<lb/>down named <placeName>Likwareé</placeName> and the 
<lb/>tides contribute to form the River of 
<lb/><placeName>Quilimane</placeName>. The Bar at its entrance 
<lb/>is very dangerous, as it admits small 
<lb/>vessels as schooners only twice 
<lb/>a month and it is a common 
<lb/>remark that but few of these can go 
<lb/>both in and out unscathed. <choice><reg>T</reg><orig>t</orig></choice>his 
<lb/>untoward bar embittered all the joy 
<lb/>I might otherwise have felt on 

	<pb n="0013" facs="liv_000901_0013"/><!--pb/@n='7r'-->
<lb/><fw type="pageno"><hi rend="underline">4<hi rend="underline"><hi rend="sup">th</hi></hi> Sheet</hi></fw>gaining the Eastern coast for on 
<w>approach-<lb break="no"/>ing</w><placeName>Quilimane</placeName> the sad news was 
<lb/>communicated that eight of my 
<lb/>countrymen in coming from H. 
<lb/>M. Brigantine Dart to offer me 
<lb/>a passage homewards had unfortunately 
<lb/>lost their lives. It caused me the 
<lb/>most poignant sorrow and made 
<lb/>me feel as if it would have been 
<lb/>easier for me to have died for 
<lb/>them than to bear the thought of 
<lb/>so many being cut off from all the joys 
<lb/>of life in generously endeavouring 
<lb/>to render me a service. </p>
<lb/><p>The Portuguese in extenuation 
<lb/>of the apparent stupidity of building 
<lb/>the "Capital of the rivers of <placeName>Senna</placeName>" - 
<lb/><placeName>(Quilimane)</placeName> where it posesses such 
<lb/>slender connection with the <placeName>Zambesi</placeName>
<lb/><choice><sic>alledge</sic><corr>allege</corr></choice> that the <placeName>Mutu</placeName> in former 

	<pb n="0014" facs="liv_000901_0014"/><!--pb/@n='7v'-->
<lb/>times was large but is now filled 
<lb/>up with a fluvial deposit. <choice><reg>T</reg><orig>t</orig></choice>he bar too 
<lb/>was safer then than it is now. To a 
<lb/>stranger it looks remarkable that the 
<lb/>mainstream of the <placeName>Zambesi</placeName> sometimes 
<lb/>called <placeName>Cuama</placeName> and <placeName>Luaba</placeName> which 
<lb/>is at least three quarters of a mile 
<lb/>broad at the mouth of the <placeName>Mutu</placeName>
<lb/>should be left to roll on to the ocean 
<lb/>unused. It divides it is true below 
<lb/>that into six or seven branches 
<lb/>but two of these named near the 
<lb/>sea <placeName>Melambe</placeName> and <placeName>Catrina</placeName> present 
<lb/>comparatively safe harbours at 
<lb/>their mouths, and free passage for 
<lb/>large launches during the entire 
<lb/>year into the interior. <choice><reg>T</reg><orig>t</orig></choice>hese harbours 
<lb/>are not more insalubrious than 
<lb/><placeName>Quilimane</placeName> and <placeName>Senna</placeName>. Indeed with 
<lb/>respect to the former one could scarcely 
<lb/>by search get a better man-killing 
<lb/>spot than it. The village is placed 

	<pb n="0015" facs="liv_000901_0015"/><!--pb/@n='8r'-->
<lb/>on a large mudbank so moist water 
<lb/>is found by digging two feet down and 
<lb/>it is surrounded by Mango bushes and 
<lb/>marsh. <choice><reg>T</reg><orig>t</orig></choice>he walls of the houses too 
<lb/>sink gradually so as to jam the doors. 
<lb/>That the subject of securing a better 
<lb/>harbour for the commerce of the 
<lb/>magnificent country, drained by the 
<lb/><placeName>Zambesi</placeName> merits the attention of the 
<lb/>Portuguese Government as interested 
<lb/>in its prosperity, a glance at the articles 
<lb/>which might be exploited to a great 
<lb/>amount will sufficiently shew. </p>
<lb/><p>If we again fancy ourselves looking 
<lb/>down the <placeName>Zambesi</placeName>, from its confluence 
<lb/>with the river <placeName>Loangua</placeName>, we find that 
<lb/>a soft grey sandstone rock <addSpan spanTo="#p16-01" place="marginleft"><!--addSpan/@place='left hand margin'--></addSpan> with many silicified trees &amp; palms for the surface <anchor xml:id="p16-01"/> forms, 
<lb/>to use an ungeological expression, the flooring of the country all the way 
<lb/>to <placeName>Lupata</placeName>. This space <add place="above">a trapezoid in form</add> 3° of Long<hi rend="sup">e</hi>. 
<lb/>and 2° or more of Latitude &amp; is if I am 
<lb/>not mistaken a field of coal; for 

	<pb n="0016" facs="liv_000901_0016"/><!--pb/@n='8v'-->
<lb/>the rock is in many places cut through 
<lb/>and dislocated by dykes of greenstone 
<lb/>and basalt. There are also broad bands 
<lb/>of gneiss &amp; Porphyry, with hills of baked 
<lb/>clay and <del type="strikethrough">other</del> igneous rocks containing 
<lb/>much silica and mica. The disturbances 
<lb/>effected by the eruptive rocks in the 
<lb/>grey sandstone have brought many 
<lb/>seams of coal to the surface. There 
<lb/>are no fewer than nine of these in 
<lb/>the country adjacent to <placeName>Tette</placeName> and I 
<lb/>came upon two before reaching that 
<lb/>point. One seam in the rivulet 
<lb/><placeName>Muatize</placeName> is fifty-eight inches in 
<lb/>diameter. Another is exposed in the 
<lb/><placeName>Morongoze</placeName> which as well as the 
<lb/><placeName>Muatize</placeName> falls into the <placeName>Revubue</placeName> and 
<lb/>that forms the <placeName>Zambesi</placeName> from the 
<lb/>North about two miles below <placeName>Tette</placeName>. 
<lb/><choice><reg>T</reg><orig>t</orig></choice>he <placeName>Revubue</placeName> is navigable for canoes 
<lb/>during the whole year and but for 
<lb/>a small cataract in it near the points 

	<pb n="0017" facs="liv_000901_0017"/><!--pb/@n='9r'-->
<lb/><fw type="pageno"><hi rend="underline">5<hi rend="underline"><hi rend="sup">th</hi></hi> Sheet</hi></fw>of junction with the rivulets canoes 
<lb/>might be loaded at the seams themselves. 
<lb/>Some of the rocks have been ejected 
<lb/>since the deposition of the coal for it is 
<lb/>seen converted <add place="above">in some spots</add> converted into coke, and about 
<lb/>ten miles above <placeName>Teté</placeName> there is a hot 
<lb/>fountain emitting abundance of acrid 
<lb/>steam, the water at the point of 
<lb/>emergence is 158° Fah<hi rend="sup">t</hi> and when the 
<lb/>thermometer is held in it half a minute 
<lb/>it shews steadily 160°. When frogs 
<lb/>or fish leap into it from the 
<lb/>rivulet in which it is situated they 
<lb/>become cooked and the surrounding stones were <add place="above">much</add> too hot for the bare feet 
<lb/>of my companions. </p>
<lb/><p><choice><reg>T</reg><orig>t</orig></choice>he remarks about the absence of 
<lb/>any tradition of earthquakes in my 
<lb/>last letter must be understood in 
<lb/>reference to the country between the 
<lb/>ridges alone, for I find that shocks 

	<pb n="0018" facs="liv_000901_0018"/><!--pb/@n='9v'-->
<lb/>have frequently been felt in the country 
<lb/>of the <term type="tribe">Maravi</term> and also at <placeName>Mosam<hi rend="sup">que</hi></placeName>
<lb/>but all have been of short durations 
<lb/>and appeared to pass from East 
<lb/>West. </p>
<lb/><p>In addition to coal we have iron of 
<lb/>excellent quality in many parts of the 
<lb/>country. It seems to have been well 
<lb/>roasted in the operations of nature 
<lb/>for it occurs in tears <del type="strikethrough">and</del><add place="above">or</add> rounded 
<lb/>masses admitting of easy excavation 
<lb/>with pointed sticks, and it shews 
<lb/>veins of the pure metal in its substance. 
<lb/>When smelted it closely resembles the 
<lb/>best Swedish iron in colour and 
<lb/>toughness. I have seen assegais of 
<lb/>it, strike the crania of hippopotami 
<lb/>and curl up <del type="strikethrough" hand="#hand01"><figure><graphic url="LETT447-1.gif"/><figDesc/></figure></del> instead of 
<lb/>breaking; the owner afterwards 
<lb/>preparing it for farther use by 
<w>straighten-<lb break="no"/>ing</w> it cold with two stones. 

	<pb n="0019" facs="liv_000901_0019"/><!--pb/@n='10r'-->
<lb/><del type="strikethrough">there</del><hi rend="underline">Gold</hi>.- If we consider <placeName>Tette</placeName> as occupying 
<lb/>a somewhat central position in the coal 
<lb/>field and extend the leg of the compasses 
<lb/>about 2°1/2, the semi circle which may 
<lb/>then be described from N.E. round by 
<lb/>West to S.E. touches or includes 
<lb/>all the district as yet known to yield 
<lb/>the precious metal. We have five well 
<lb/>known gold washings from N.E. to N.W. <unclear cert="low">Menisetbutna</unclear> not now known, but 
<lb/>it must have been in the West or South 
<lb/>West - probably on the flank of the 
<lb/>Eastern ridge. <choice><reg>T</reg><orig>t</orig></choice>hen the country of the 
<lb/><placeName>Bazizula</placeName> or <placeName>Mashona</placeName> on the South 
<lb/>and <placeName>Manica</placeName> on the South East. <choice><reg>T</reg><orig>t</orig></choice>he 
<lb/>rivers <placeName>Mazoe</placeName>, <placeName>Luia</placeName> and <placeName>Luenya</placeName> in 
<lb/>the South and several rivulets in the 
<lb/>North bring gold into the coal field 
<lb/>with their sands but from much 
<lb/>trituration it is generally in such minute 
<lb/>scales as would render amalgamation 
<lb/>with mercury necessary to give it 

	<pb n="0020" facs="liv_000901_0020"/><!--pb/@n='10v'-->
<lb/>weight in the sand and render the washing 
<lb/>profitable. <choice><reg>T</reg><orig>t</orig></choice>he metal in some parts in 
<lb/>North is found in <add place="above">red</add> clay slate which is 
<lb/>soft enough to allow the women to pound 
<lb/>it in wooden mortars previous to washing. 
<lb/>At <placeName>Mashinga</placeName> it occurs in white quartz 
<lb/>some of the specimens of gold which 
<lb/>I have seen from <placeName>Manica</placeName> and the country 
<lb/>of <placeName>Bazizula</placeName><placeName>(Mosusurus!)</placeName> was as 
<lb/>large as grains of wheat and those from 
<lb/>rivers nearer <placeName>Tette</placeName> were extremely minute 
<lb/>dust only. I was thus led to conclude 
<lb/>that the latter was affected by transport 
<lb/>and the former shewed the true gold field 
<lb/>as indicated by the semicircle. Was 
<lb/>the Eastern ridge the source of the gold 
<lb/>seeing it now found not far from 
<lb/>it Eastern Flank?. <del type="strikethrough">However this 
<lb/>may have been</del> We have at present 
<lb/>a coal field surrounded by a gold one 
<lb/>with abundance of wood, water and 
<lb/>provisions - a combination of advantage 

	<pb n="0021" facs="liv_000901_0021"/><!--pb/@n='11r'-->
<lb/><fw type="pageno"><hi rend="underline">6<hi rend="underline"><hi rend="sup">th</hi></hi> Sheet</hi></fw>met with neither in <placeName>Australia</placeName> nor <placeName>California</placeName>. 
<lb/>In former times the Portuguese traders 
<lb/>went to the washings accompanied 
<lb/>by great numbers of slaves and 
<w>con-<lb break="no"/>tinued</w> there <choice><sic>untill</sic><corr>until</corr></choice> their goods were 
<lb/>expended in purchasing food for 
<lb/>the washers. <choice><reg>T</reg><orig>t</orig></choice>he chief in whose lands 
<lb/>they laboured, expected a small present, 
<lb/>one Pounds worth of cloth perhaps for 
<lb/>the privilege. But the goods spent in 
<lb/>purchasing food from the tribe was 
<lb/>also considered so advantageous for 
<lb/>the general good all were eager for these 
<lb/>visits. It is so now in some quarters 
<lb/>but the witchery of slavetrading led to the 
<lb/>withdrawal of industry from both 
<lb/>gold washing and every other source 
<lb/>of wealth; and from 130 or 140 pounds 
<lb/>weight annually the produce has 
<lb/>dwindled down to 8 or 10 lbs only. 
<lb/>This comes from independent natives 
<lb/>who wash for their own convenience 

	<pb n="0022" facs="liv_000901_0022"/><!--pb/@n='11v'-->
<lb/>and for their own profit. A curious 
<lb/>superstition tends to diminish the 
<lb/>quantity which might be realized. No 
<lb/>native will dig deeper than his chin 
<lb/>from a dread of the earth falling in 
<lb/>and killing him. And on finding a 
<lb/>piece of gold it is buried again from 
<lb/>an idea that without this "seed" the 
<lb/>washing would afterwards prove 
<lb/>unproductive. I could not for sometime 
<lb/>credit this in people who know right 
<lb/>well the value of the metal, but it is 
<lb/>universally asserted by the Portuguese 
<lb/>who are intimately acquainted with 
<lb/>their language and modes of thought. 
<lb/>It may have been the sly invention 
<lb/>of some rogue among them who wished 
<lb/>to baulk the chiefs of their perquisites 
<lb/>for in more remote times these pieces 
<lb/>were all claimed by them. </p>
<lb/><p><choice><reg>T</reg><orig>t</orig></choice>he soil formed by the disintegration 
<lb/>of igneous rocks is amazingly fertile 

	<pb n="0023" facs="liv_000901_0023"/><!--pb/@n='12r'-->
<lb/>and the people are all fond of agriculture. 
<lb/>I have seen <del type="strikethrough">wheat</del><add place="above">maize</add> of nearly the same size of 
<lb/>grain as that sold by the Americans for 
<lb/>seed in <placeName>Cape Town</placeName>. Wheat for which 
<lb/>one entertains such a friendly feeling 
<lb/>grows admirably near <placeName>Tete</placeName> in parts 
<lb/>which have been flooded by the <placeName>Zambesi</placeName>
<lb/>and it doubles the size of the grain at <placeName>Zumbo</placeName>. When the water retires the sowing 
<lb/>commences. A hole is made with a 
<lb/>small hoe, a few grains dropped in 
<lb/>and the earth pushed back with the foot, 
<lb/>this simple process represents all our 
<lb/>draining, lining, subsoil plowing, &amp;c &amp;c 
<lb/>for with one weeding a fine crop is 
<lb/>ready for the sickle in four months 
<lb/>afterwards. Wheat, sugar, rice, oil and 
<lb/>indigo were once exported in considerable 
<lb/>quantities from <placeName>Tette</placeName>. Cotton is still 
<lb/>cultivated but only for native manufacture 
<lb/>Indigo of a very large <del type="strikethrough">growth</del> grows wild all 
<lb/>over the country. <choice><reg>T</reg><orig>t</orig></choice>here are forests 
<lb/>of the Cinchona tree near <placeName>Senna</placeName>

	<pb n="0024" facs="liv_000901_0024"/><!--pb/@n='12v'-->
<lb/>Does this not shew the Divine care over 
<lb/>us, where fever prevails the remedy abounds. We have also <choice><sic>salsaparilla</sic><corr>sarsaparilla</corr></choice>
<lb/>calumba root and senna leaves 
<lb/>in abundance; the last I believe the same as is exported from <placeName>Egypt</placeName>. </p>
<lb/><p>It may not be out of place here to 
<lb/>call attention to native medicines as worthy 
<lb/>the investigation of travellers. I have 
<lb/>always had to regret the want of time 
<lb/>to examine which were efficaceous and 
<lb/>which not and whether there are any 
<lb/>superior to our own. It is worthy of 
<lb/>note that the bark which yields the 
<lb/>Quinine, has been known as a potent 
<lb/>febrifuge by the natives from time 
<lb/>immemorial. Our knowledge of its 
<lb/>virtues is comparatively recent. Some 
<lb/>may think we have more medicines 
<lb/>in the Pharmacopoea than we know 
<lb/>well how to use but the fact of well 
<lb/>educated persons resorting to Homoeopathy, 

	<pb n="0025" facs="liv_000901_0025"/><!--pb/@n='13r'-->
<lb/><fw type="pageno"><hi rend="underline">7<hi rend="underline"><hi rend="sup">th</hi></hi> Sheet</hi></fw>Holloways's ointment, Morrison's pills and 
<lb/>other nostrums may indicate an actual 
<lb/>want to be supplied by something more 
<lb/>potent than either raillery or argument. 
<lb/>Few such I imagine would in cool 
<lb/>blood prefer Parr's life pills to Quinine 
<lb/>in intermittent fever; and if we had 
<lb/>a remedy for cholera only half as 
<lb/><choice><sic>efficaceous</sic><corr>efficacious</corr></choice> as Quinine in <placeName>Quilimane</placeName>
<lb/>fever it would be esteemed a universal 
<lb/>blessing. Many native remedies are 
<lb/>valueless, perhaps the majority are so; 
<lb/>but they can cure wounds inflicted 
<lb/>by poisoned arrows. In <placeName>Inhambane</placeName>
<lb/>and <placeName>Delagoa Bay</placeName> a kind of croup 
<lb/>prevails. It is probably the Laringismus 
<lb/>stridulus which cut off <persName>General Washington</persName>
<lb/>as it attacked and proved very fatal to 
<lb/>adults singularly enough it was unknown 
<lb/>till the first visit of Potgeiter's Boers 
<lb/>to <placeName>Delagoa Bay</placeName>. They brought it from 
<lb/>parts to the South West were it prevails 

	<pb n="0026" facs="liv_000901_0026"/><!--pb/@n='13v'-->
<lb/>and left it there though none of them were 
<lb/>suffering from it at the time. It is still 
<lb/>unknown here. This case is analogous 
<lb/>to ships leaving diseases at the South Sea 
<lb/>Islands. After many had perished 
<lb/>a native doctor pointed out a root which 
<lb/>when used in time effects a speedy cure. 
<lb/>The Portuguese now know the remedy 
<lb/>and value it highly. I am not disposed 
<lb/>to believe everything marvellous but 
<lb/>from excoriations having been made 
<lb/>by means of the root on the tongue of the patient and abstraction of blood 
<lb/>so near the seat of the disease having
<lb/>never been practised in England in 
<lb/>this very intractable disease I think 
<lb/>the black doctor deserves credit. The fact 
<lb/>too that certain plants are known by widely 
<lb/>separated tribes all over the country as 
<lb/>medicinal is an addition reason for 
<lb/>recommending those who have nothing 
<lb/>but travel and discovery on hand to 
<lb/>pick up whatever fragments of aboriginal 

	<pb n="0027" facs="liv_000901_0027"/><!--pb/@n='14r'-->
<lb/>medical knowledge may come in their way. </p>
<lb/><p>In addition to the articles of commerce 
<lb/>mentioned above I saw specimens of 
<lb/>gum copal, orchilla weed, caoutchouc 
<lb/>and other gums. <choice><reg>T</reg><orig>t</orig></choice>here are two plants 
<lb/>the fibres of which yield very strong thread 
<lb/>and ropes. Bees abound beyond <placeName>Tette</placeName>
<lb/>but the people eat the honey and throw 
<lb/>the wax away. <choice><reg>T</reg><orig>t</orig></choice>here are several varieties
<lb/>of trees which attain large dimensions 
<lb/>yielding timber of superior quality for 
<lb/>durability in ship building. I saw pure 
<lb/>negroes at <placeName>Senna</placeName> cutting down such 
<lb/>in the forest and building boats on 
<lb/>the European model without the 
<w>super-<lb break="no"/>intendence</w> of a master. Other articles 
<lb/>of trade are mentioned by writers but 
<lb/>I refer to those only which come under 
<lb/>my personal observation. I feel fully 
<lb/>persuaded that were a stimulus given to the commerce of the <placeName>Zambesi</placeName> by 

	<pb n="0028" facs="liv_000901_0028"/><!--pb/@n='14v'-->
<lb/>a small mercantile company proceeding 
<lb/>cautiously to <choice><sic>develope</sic><corr>develop</corr></choice> the resources 
<lb/>of this rich and fertile country it would 
<lb/>certainly lead to a most lucrative trade. 
<lb/>The drawbacks to anything of this sort 
<lb/>must however be explicitly stated 
<lb/>and though anxious to promote the 
<lb/>welfare of the teeming population of the 
<lb/>Interior by means of commercial 
<lb/>prosperity and intercourse of the coasts 
<lb/>I should greatly regret any undue 
<w>expecta-<lb break="no"/>tions</w> from unconsciously giving a 
<lb/>too high colouring to my descriptions. 
<lb/>I shall therefore try to explain the causes 
<lb/>of the miserable state of stagnation and 
<lb/>decay in which I found the Portuguese 
<lb/>possessions. I have alreday stated 
<lb/>that the slave trade acted by withdrawing 
<lb/>labour from every other source of 
<lb/>wealth in this country and transferring 
<lb/>it to the plantations of <placeName>Cuba</placeName> and 
<lb/><placeName>Brazil</placeName>. The masters soon followed 
<lb/>the slaves, hence this part of <placeName>Africa</placeName>

	<pb n="0029" facs="liv_000901_0029"/><!--pb/@n='15r'-->
<lb/><fw type="pageno"><hi rend="underline">8<hi rend="underline"><hi rend="sup">th</hi></hi> Sheet</hi></fw> contains scarcely any Europeans possessing 
<lb/>capital and intelligence or commercial 
<lb/>enterprise. Of those who engaged in the 
<lb/>slave-trade in both Eastern and Western 
<lb/><placeName>Africa</placeName> it is really astonishing to observe how few have been permanently 
<lb/>enriched by it. <choice><reg>T</reg><orig>t</orig></choice>here seems a sort of 
<lb/>fatality attending these unlawful gains, 
<lb/>for you again and again hear the 
<lb/>remark, - "He <hi rend="underline">was</hi> rich in the time of the 
<lb/>slave trade." Beyond all question it 
<lb/>has impoverished both the colonists and 
<lb/>the country. And when our cruizers by 
<lb/>their indomitable energy rendered the 
<lb/>traffic much more perilous than 
<lb/>any other form of gambling for money, 
<lb/>they conferred a double benefit. <choice><reg>T</reg><orig>t</orig></choice>he slave 
<lb/>was prevented from being torn from 
<lb/>his home and country and the master 
<lb/>was compelled to turn to more stable 
<lb/>sources of income and wealth. But 
<lb/>when this took place it was found that 

	<pb n="0030" facs="liv_000901_0030"/><!--pb/@n='15v'-->
<lb/>the strong arms which washed for 
<lb/>gold and cultivated coffee, cotton, wheat 
<lb/>indigo, sugar, earthnuts for oil were 
<lb/><choice><sic>accross</sic><corr>across</corr></choice> the <placeName>Atlantic</placeName> and a civil war 
<lb/>breaking out completed the disorder. 
<lb/>On the South bank of the <placeName>Zambesi</placeName><persName>Nyande</persName>
<lb/>a man of Portuguese and Asiatic extraction 
<lb/>rebelled and collected a band of every 
<lb/>shade of bad character in the country. 
<lb/>Building a stockade at the confluence of 
<lb/><placeName>Luenya</placeName> and <placeName>Zambesi</placeName> below <placeName>Tette</placeName>
<lb/>he could rob every vessel that came up the 
<lb/>river for the <placeName>Luenya</placeName> rushes with great 
<lb/>force into the <placeName>Zambesi</placeName> and in order to 
<lb/>avoid being carried to the opposite rocky 
<lb/>bank by the current it is necessary to 
<lb/>ascend the <placeName>Luenya</placeName> first and cross it at 
<lb/>a point which will ensure the boat being 
<lb/>carried not more than half way <choice><sic>accross</sic><corr>across</corr></choice>
<lb/>the river into which it rushes. In doing 
<lb/>so the vessel comes right to the stockade 
<lb/>of <placeName>Nyande</placeName>. <choice><reg>T</reg><orig>t</orig></choice>his rebel burned nearly 
<lb/>all the houses of <placeName>Tette</placeName>. On the Northern 

	<pb n="0031" facs="liv_000901_0031"/><!--pb/@n='16r'-->
<lb/>bank another of Portuguese extraction 
<lb/>rebelled and burned all the rich villas to 
<lb/>which the merchants were wont to retire for 
<lb/>ease and pleasure. <choice><reg>T</reg><orig>t</orig></choice>hese rebels though not 
<lb/>in alliance <add place="above">with each other</add> kept the loyal inhabitants of 
<lb/><placeName>Tette</placeName> shut up in their fort <del type="strikethrough">at <placeName>Tette</placeName></del> for 
<lb/>two whole years: and so strict was the 
<lb/>blockade they were unable to get goods from 
<lb/>the coast for trade scarcely enough for 
<lb/>the purchase of food even. They had 
<lb/>also to endure the usual lot of adversity. Friends not only became cool but often 
<lb/>turned enemies. A neighbouring chief 
<lb/>of no great power whose predecessor 
<lb/>rejoiced in the name of the "<persName>Emperor 
<lb/>Monompotapa" </persName> was one of the latter. 
<lb/>Real Caffres or Zulus here named 
<lb/>Landeems overran many districts 
<lb/>of the country. <choice><reg>T</reg><orig>t</orig></choice>hey attacked <placeName>Senna</placeName>, 
<lb/>and more than once since have compelled 
<lb/>the inhabitants to pay tribute. <choice><reg>T</reg><orig>t</orig></choice>he rebels 
<lb/>have not been punished. In coming 

	<pb n="0032" facs="liv_000901_0032"/><!--pb/@n='16v'-->
<lb/>down the river I passed the stockade of 
<lb/><placeName>Nyande</placeName> and in consequence of a note 
<lb/>from <persName>Major Secard</persName> I was kindly <choice><sic>recieved</sic><corr>received</corr></choice>
<lb/>by his son in-law, who entertained me 
<lb/>to dinner and breakfast and added 
<lb/>some goats as provisions for the voyage. 
<lb/>It speaks well for this worthy 
<w>com-<lb break="no"/>mandante</w> that the natives hold him 
<lb/>in so much respect his simple presence 
<lb/>has put a stop to hostilities four times. 
<lb/>His generous hospitality to my self and 
<lb/>large party demands my lasting 
<lb/>gratitude. <choice><reg>T</reg><orig>t</orig></choice>hese notices of the war 
<lb/>are not intended to inculpate either 
<lb/>party, a passing stranger can scarcely 
<lb/>form a correct judgement, especially 
<lb/>if he espouses either side. <choice><reg>T</reg><orig>t</orig></choice>hey are 
<lb/>given in order that the stagnation 
<lb/>of trade may be understood. </p>
<lb/><p>When the influence of the white man 
<lb/>was at its lowest ebb among the natives 
<lb/>, we happened to come down the river. 
<lb/>The people possess more of the Caffre 

	<pb n="0033" facs="liv_000901_0033"/><!--pb/@n='17r'-->
<lb/><fw type="pageno"><hi rend="underline">9<hi rend="underline"><hi rend="sup">th</hi></hi> Sheet</hi></fw>than <term type="tribe">Bechuana</term> character. An Italian 
<lb/>has ascended the river with about fifty 
<lb/>followers armed with guns some months 
<lb/>before our visit, and committed great 
<lb/>havoc on some defenceless villages. On 
<lb/>returning a number of tribes united and 
<lb/>destroyed both him and his force. We were 
<lb/>in some danger from a foolish chief 
<lb/>spreading the report in our front that we 
<lb/>had committed similar deeds of those to the 
<lb/>Italian; and many bands of armed men 
<lb/>were observed collecting to award us 
<lb/>a like treatment. A young man who 
<lb/>had come with his regiment for the 
<lb/>same purpose thought he would speak 
<lb/>to us first. Our explanations were 
<w>con-<lb break="no"/>sidered</w> satisfactory. Indeed when we 
<lb/>could get a palaver they were never 
<lb/>unreasonable <choice><sic>untill</sic><corr>until</corr></choice> we come close 
<lb/>to <placeName>Tette</placeName>. But it was unpleasant to 
<lb/>be everywhere suspected, the men belonging 
<lb/>to some chiefs on the <placeName>Zambesi</placeName> never 
<lb/>came near us unless fully armed. 

	<pb n="0034" facs="liv_000901_0034"/><!--pb/@n='17v'-->
<lb/>others would not sit down, nor enter 
<lb/>into any conversation, but after gazing 
<lb/>at us for some time with a sort of horror 
<lb/>went off to tell the chief and great men 
<lb/>what they had seen. I guess we appeared 
<lb/>an uncouth band, for the bits of skins, 
<lb/><hi rend="underline">alias</hi> fig leaves, had in many cases 
<lb/>
<lb/>disappeared, and my poor fellows 
<lb/>could not move about without 
<lb/>shocking the feelings of the well clothed 
<lb/>Zambesians. <choice><reg>T</reg><orig>t</orig></choice>he Babisa traders (Muizas) 
<lb/>bring large quantities of cotton cloth from 
<lb/>the coast to the tribes beyond <placeName>Zumbo</placeName>. 
<lb/>Both Moors and Babbisa had lately been 
<lb/>plundered too. <choice><reg>T</reg><orig>t</orig></choice>hey could not have taken 
<lb/>much from us for the reason contained 
<lb/>in the native proverb "you cannot 
<lb/>catch a humble cow by the horns." <addSpan spanTo="#p34-01" place="marginleft"><!--addSpan/@place='left hand margin'--></addSpan><!-- CODIC: * provides link between addSpan and text--> Synonymous with the Scotch proverb. "you can't take the 
<lb/>breeches off a Highlander" <anchor xml:id="p34-01"/> We 
<lb/>often expected bad treatment, but 
<lb/>various circumstances conspired to 
<lb/>turn them from their purposes. It is 
<lb/>impossible to enumerate all the incidents 
<lb/>which through the influence of our 

	<pb n="0035" facs="liv_000901_0035"/><!--pb/@n='18r'-->
<lb/>Divine protector on the hearts of the heathen, 
<lb/>led to our parting in friendship with those 
<lb/>whom we met with very different sentiments, 
<lb/>but I must not omit the fact that if 
<lb/>our cruizers had accomplished nothing 
<lb/>else they have managed to confer a 
<lb/>a good name on our country. I was quite 
<lb/>astonished to find how far the prestige 
<lb/>had spread into the continent. And in 
<lb/>my case they had <choice><sic>occular</sic><corr>ocular</corr></choice> demonstration 
<lb/>of more than a hundred evidently very 
<lb/>poor men going with one of "that white 
<lb/>tribe" without either whip or chain. 
<lb/>My headman speaks the language 
<lb/>perfectly and being an intelligent person 
<lb/>contributed much by sensible explanations 
<lb/>to lull suspicion. We had besides no 
<lb/>shields with us. <choice><reg>T</reg><orig>t</orig></choice>his was often spoken 
<lb/>of and taken as evidence of friendly 
<lb/>intentions. And for those who perversely 
<lb/>insisted that we were spies we had 
<lb/>forty or fifty gallant young elephant 
<lb/>hunters and the extraordinary bravery 

	<pb n="0036" facs="liv_000901_0036"/><!--pb/@n='18v'-->
<lb/>they sometimes exhibited seemed to say 
<lb/>it would scarcely be wholesome to meddle 
<lb/>with such fellows. <choice><reg>T</reg><orig>t</orig></choice>he personal 
<lb/>character of some chiefs led at once to 
<lb/>terms of friendship. With others we 
<lb/>spent much time in labouring in 
<lb/>vain to convince them we were not 
<lb/>rogues and vagabonds. They were in 
<lb/>the minority as the utterly bad are 
<lb/>everywhere else. With fair treatment 
<lb/>the inhabitants on the <placeName>Zambesi</placeName> would 
<lb/>I believe act justly. <choice><reg>T</reg><orig>t</orig></choice>hey are not 
<w>power-<lb break="no"/>ful</w> as compared with our Caffres 
<lb/>of the <placeName>Cape</placeName>. <choice><reg>T</reg><orig>t</orig></choice>he so called Emperors, 
<lb/>as <persName>Monomotapa</persName>, <persName>Cambeze</persName> &amp;c are 
<lb/>not so powerful as <persName>Sandillah</persName> and 
<lb/><persName>Moshesh</persName>. Indeed I believe there can be 
<lb/>no great Empire without literature<reg>.</reg>
<lb/>Conquerors have over run large tracts 
<lb/>of country but no empire results. 
<lb/>Witness <persName>Sebitane</persName> the father of <persName>Sekeletu</persName>

	<pb n="0037" facs="liv_000901_0037"/><!--pb/@n='19r'-->
<lb/><fw type="pageno"><hi rend="underline">10<hi rend="underline"><hi rend="sup">th</hi></hi> Sheet</hi></fw>Some of the <term type="tribe">Batonga</term> and many of the 
<lb/><term type="tribe">Maravi</term> women have an ugly custom 
<lb/>they pierce the upper lip below the nose 
<lb/>and insert a shell or reed so as to 
<lb/>widen and draw out the orifice <choice><sic>untill</sic><corr>until</corr></choice>
<lb/>it is quite an inch beyond the 
<w>perpendicu-<lb break="no"/>lar</w> of the nose. Fashion never induced 
<lb/>a freak more mad. It looks as if 
<lb/>they thought that female beauty of 
<lb/>lip had been attained by the <hi rend="underline"><w>ornitho-<lb break="no"/>rhyneus</w> paradoxus</hi> alone. Lower 
<lb/>down the river they insert a button 
<lb/>only, and they possess much influence. 
<lb/>My men thought they used their 
<lb/>power very creditably when they said 
<lb/>"dance and we shall grind corn for you." </p>
<lb/><p>I shall notice but one point 
<lb/>more. <placeName>Lupata</placeName> is mentioned as 
<lb/>forty miles below <placeName>Tette</placeName>. <choice><reg>T</reg><orig>t</orig></choice>he range has 
<lb/>a gorge in it through which the <placeName>Zambesi</placeName> flows. <choice><reg>T</reg><orig>t</orig></choice>here is a perpendicular wall 
<lb/>and an island on the left of the western 

	<pb n="0038" facs="liv_000901_0038"/><!--pb/@n='19v'-->
<lb/>entrance. <choice><reg>T</reg><orig>t</orig></choice>his island was called the "island of <placeName>Mozambique</placeName> by <persName>D<hi rend="underline"><hi rend="sup">r</hi></hi> Lacerda</persName> from 
<lb/>a belief that it stands on the same 
<lb/>latitude with that settlement viz 15° 1′ S. 
<lb/>I found it to be 16° 34′ South. I have 
<lb/>no wish to prove that worthy gentleman 
<lb/>wrong but all my observations are 
<lb/>eroneous if he is right. I found <placeName>Tette</placeName>
<lb/>to be in 16° 8 ′ 48″ and an island below 
<lb/><placeName>Lupata</placeName>17° 0 ′ 30″<reg>.</reg> It is always an 
<lb/>ungracious task to find fault with 
<lb/>others but I am obliged to perform 
<lb/>the duty in the case of this same 
<lb/><placeName>Lupata</placeName>. <choice><reg>T</reg><orig>t</orig></choice>he word is nearly synonymous 
<lb/>with <placeName>Litako</placeName> anglicised into <placeName>Lattakoo</placeName>, 
<lb/>(now<placeName>Kuruman</placeName>) viz. walls or rather dry 
<lb/>stone dykes, pata or 'mpata is applied 
<lb/>to any defile in hills, particularly if it 
<lb/>has perpendicular or wall like sides. 
<lb/><choice><reg>T</reg><orig>t</orig></choice>here is one called Mpata through which 
<lb/>the <placeName>Zambesi</placeName> comes near <placeName>Zumbo</placeName>. <choice><reg>T</reg><orig>t</orig></choice>he 

	<pb n="0039" facs="liv_000901_0039"/><!--pb/@n='20r'-->
<lb/>person who first wrote <placeName>Lupata</placeName><hi rend="underline">or "spine of 
<lb/>the world"</hi>, Tala Mungongo <hi rend="underline">"or castle of 
<lb/>rocks"</hi> did not mean I hope that the 
<lb/>underlined sentences were translations 
<lb/>but only more poetic names, for the one 
<lb/>means "walls" and the other "Behold the range", 
<lb/>this range <add place="above"><placeName>(Lupata)</placeName></add> was said to be so high snow lay 
<lb/>on it most of the year and of marble of 
<lb/>great value. We slept a night on the 
<lb/>Island of <placeName>Mozambique</placeName> at the Western 
<lb/>entrance, where we have a fine view of 
<lb/>the highest part of the whole range viz. the 
<lb/>right wall. It is perpendicular and 
<lb/>scarcely so high as <placeName>Arthur's Seat</placeName> when 
<lb/>viewed from <placeName>Princes St.</placeName><placeName>Edinburgh</placeName>! 
<lb/>I question if it is more than 700 feet high 
<lb/>from the river at its base though it may 
<lb/>be 800 or 900 ft above the level of the 
<lb/>sea. <choice><reg>T</reg><orig>t</orig></choice>he island is composed of a light 
<lb/>coloured clay slate which may have 
<lb/>been rent off from the opposite wall 
<lb/>for the strata are all huddled and twisted 

	<pb n="0040" facs="liv_000901_0040"/><!--pb/@n='20v'-->
<lb/>together as if it had been roughly handled 
<lb/>when soft. At the Eastern entrance 
<lb/>there are three conical hills of porphyry 
<lb/>with fine square and rounded <choice><sic>chrystals</sic><corr>crystals</corr></choice><reg>.</reg>
<lb/>The northern part of <placeName>Lupata</placeName> range 
<lb/>extends into the <placeName>Maganja</placeName> country and then 
<lb/>bends round to <placeName>Senna</placeName>. <choice><reg>T</reg><orig>t</orig></choice>he Southern 
<lb/>part of the same range is rather crooked 
<lb/>too for it runs South and South East 
<lb/>ending in <placeName>Nyamonga</placeName> and <placeName>Gorongozo</placeName>
<lb/>mountains which may be seen from 
<lb/>the top of a hill <add place="above">(Baramuana)</add> behind <placeName>Senna</placeName>. When 
<lb/><placeName>Lupata</placeName> is seen from the East it 
<lb/>looks decidedly lower than the <placeName>Campsie 
<lb/>range</placeName> as viewed from the <placeName>vale of Clyde</placeName>. 
<lb/>And this is the "African Cordillera", 
<lb/>"the spine of the world"! And it is 
<lb/>my hard fate however unwilling 
<lb/>to spoil the poetry of the thing for the 
<lb/>geographers, and increase the 
<lb/>anxieties of the geologists by divulging 
<lb/>the secret that their world has 

	<pb n="0041" facs="liv_000901_0041"/><!--pb/@n='21r'-->
<lb/><fw type="pageno"><hi rend="underline">11<hi rend="underline"><hi rend="sup">th</hi></hi> Sheet</hi></fw>got the lady's complaint called "a 
<lb/>weak spine", It's my destiny &amp;c &amp;c <addSpan spanTo="#p41-01" place="marginleft"><!--addSpan/@place='left hand margin'--></addSpan><!-- CODIC: addSpan and text linked by '*'--> If read in public leave out the nonsense please 
<lb/>we must not now parody the speeches of our ally 
<lb/>"I must accomplish my mission ". &amp;c <anchor xml:id="p41-01"/></p>
<lb/><p><choice><reg>T</reg><orig>t</orig></choice>he southern end of the range bears 
<lb/>S.W. from the hill <placeName>Baramuana</placeName> which 
<lb/>is about half a mile west of <placeName>Senna</placeName>. 
<lb/><choice><reg>T</reg><orig>t</orig></choice>he intervening country is flat but 
<lb/>well wooded with Cinchona &amp; other trees. 
<lb/><choice><reg>T</reg><orig>t</orig></choice>he nearest point of the range is named 
<lb/><placeName>Nyamonga</placeName> - <placeName>Goronzogo</placeName> being a little 
<lb/>beyond it. <choice><reg>T</reg><orig>t</orig></choice>he latter is famed 
<lb/>for its 
<lb/>salubrity and <choice><sic>chrystal</sic><corr>crystal</corr></choice> waters. <choice><reg>T</reg><orig>t</orig></choice>he Jesuits 
<lb/>once had a station there, and I have observed 
<lb/>they always shewed great judgement 
<lb/>and taste in the selection of sites. <choice><reg>T</reg><orig>t</orig></choice>hey 
<lb/>were rich having been keen traders 
<lb/>as well as laborious teachers and 
<lb/>could allow their <choice><sic>bretheren</sic><corr>brethren</corr></choice> to follow 
<lb/>their laudable tastes. On the top of 
<lb/><placeName>Gorongozo</placeName> there are several large 
<lb/>slabs, or the rocks have been <choice><sic>chiseled</sic><corr>chiselled</corr></choice>
<lb/>so as to appear as such and inscriptions 
<lb/>graven upon them. They are asserted 

	<pb n="0042" facs="liv_000901_0042"/><!--pb/@n='21v'-->
<lb/>to be in Roman characters. <choice><reg>T</reg><orig>t</orig></choice>he Portuguese 
<lb/>who have seen them, not knowing the 
<lb/>words I presume they are in Latin 
<lb/>and the work of the Jesuit Fathers the idea 
<lb/>of their being in unknown characters, 
<lb/>perhaps of a primitive language, or 
<lb/>graven by the servants of Solomon the 
<lb/>son of David in their visits to <placeName>Ophir</placeName>
<lb/>made my heart thump against the chest 
<lb/>but after patient enquiry the assertion 
<lb/>that all knew the letters though not 
<lb/>the meaning made me conclude the 
<lb/>inscriptions to be of no great antiquity. 
<lb/><placeName>Ophir</placeName> may be sought for near 
<lb/><placeName>Sofala</placeName> but not on the <placeName>Zambesi</placeName>, for if the delta was of old as unhealthy 
<lb/>as it is now Solomon's servants 
<lb/>would get a larger share of fever than 
<lb/>gold except, at a few points it <add place="above">(the river)</add> does 
<lb/>not touch the gold field, and there are 
<lb/>no inscriptions or buildings shewing 
<lb/>antiquity on its banks. 

	<pb n="0043" facs="liv_000901_0043"/><!--pb/@n='22r'-->
<lb/>With <placeName>Sofala</placeName> it is different for between 
<lb/>that fort and <placeName>Manica</placeName> we have the finest 
<lb/>gold field in <placeName>Africa</placeName>; and at the foundation 
<lb/>of the fort itself articles of <hi rend="underline">wrought</hi> gold 
<lb/>have frequently been found. Such also 
<lb/>have been picked up in a stream on the 
<lb/>main land and remnants of walls 
<lb/>of hewn stone have been exposed in 
<lb/>gardens. But the Landeens are <del type="strikethrough">the</del>
<lb/>there the Lords of the soil and Ophir 
<lb/>must remain an open question. </p>
<lb/><p><persName>David Livingston</persName></p>
<lb/><p><placeName>Mauritius</placeName> 26<hi rend="underline"><hi rend="sup">th</hi></hi>August. Brought to this 
<lb/>island by H. M. Brig "Frolic" Commander 
<lb/>Peyton on the 12 <hi rend="sup"><hi rend="underline">th</hi></hi> a service for which 
<lb/>I feel unfeignedly thankful to the Government 
<lb/>of her Majesty. <choice><reg>T</reg><orig>t</orig></choice>he Frolic was just in 
<lb/>time to save the lives of the crew of a 
<lb/>Hamburgh vessel lost near <placeName>Quillimane</placeName>. 
<lb/>Another month of the climate would have 

	<pb n="0044" facs="liv_000901_0044"/><!--pb/@n='22v'-->
<lb/>been fatal to the whole. I reached <placeName>Quillimane</placeName>
<lb/>labouring under a severe tertian but found 
<lb/>that <persName>Captain Nolloth</persName> late of the Frolic had 
<lb/>left me some wine and his surgeon 
<lb/><persName>D<hi rend="underline"><hi rend="sup">r</hi></hi> Walsh</persName> some quinine which with the 
<lb/>sympathy and encouragement expressed 
<lb/>in letters from my former instructors in 
<lb/><placeName>Glasgow</placeName> University from - <persName>Commodore Trotter</persName>
<lb/>and from yourself soon restored me to 
<lb/>my wonted vigour. I was most 
<lb/>hospitably entertained in <placeName>Quillimane</placeName> by 
<lb/><persName>Colonel Galdino José Nunes</persName> and here by 
<lb/>our countryman the <persName>Hon<hi rend="sup"><hi rend="underline">ble</hi></hi> Major General Hay</persName>. 
<lb/>A short residence in his house enables me 
<lb/>to announce the departure of an affection of 
<lb/>the spleen which clung to me in spite of the 
<lb/>comforts and friendship of the officers the 
<lb/>Frolic; and I believe there is still some 
<lb/>African service in me. My late companions 
<lb/>one hundred and ten in number await 
<lb/>my return at <placeName>Tette</placeName><placeName>(Tett.)</placeName> I proceed by 
<lb/>the overland route to <placeName>England</placeName> in 

	<pb n="0045" facs="liv_000901_0045"/><!--pb/@n='23r'-->
<lb/>September next and hope to return 
<lb/>so as to pass the <placeName>Quillimane</placeName><add place="above">delta</add> between 
<lb/>April and August 1857. <choice><reg>T</reg><orig>t</orig></choice>he headman 
<lb/>of the party accompanied me on board 
<lb/>the Frolic to <placeName>Mauritius</placeName> and, besides 
<lb/>feeling grateful to him for his invaluable 
<lb/>services I wished to comply with the 
<lb/>desire of <persName>Sekeletu</persName> and take him to 
<lb/><placeName>England</placeName>, believing that a report 
<lb/>of wisdom and power of Englishmen 
<lb/>from his lips would have a beneficial 
<lb/>effect on the minds of his countrymen 
<lb/>in relation to Christianity. <choice><reg>B</reg><orig>b</orig></choice>ut the 
<lb/>excitement of seeing so many new 
<lb/>things seemed to prove too much for 
<lb/>his brain and during the night after 
<lb/>seeing the steamer towing us into this 
<lb/>harbour, he became quite insane 
<lb/>and drowned himself. He could swim 

	<pb n="0046" facs="liv_000901_0046"/><!--pb/@n='23v'-->
<lb/>well, but hauled himself down by the 
<lb/>chain cable. I felt unwilling to use 
<lb/>constraint because being a gentleman in 
<lb/>his own country I feared lest a taint 
<lb/>of insanity should remain after our return 
<lb/>and that he might prejudice the minds of 
<lb/>his countrymen by representing confinement 
<lb/>as an act of cruelty, my regret for not 
<lb/>using constraint is now unavailing. 
<lb/>We lost another headman above <placeName>Tette</placeName> by a 
<lb/>similar <del type="strikethrough">process</del><add place="above">cause</add>. A tribe refused our passage, 
<lb/>and made a war dance close to our bivouacment. 
<lb/>As they never dance fully armed &amp; dressed except 
<lb/>when about to attack and I had no intention 
<lb/>to be scared backwards by them this poor 
<lb/>man became mad from excitement which 
<lb/>was probably aggravated by remembrance of 
<lb/>former scenes in which he had figured and 
<lb/>ran off by night. We spent three days seeking him 
<lb/>but the country being full of lions 
<lb/>we never found a trace of him<reg>.</reg></p>
<lb/><p rend="center"><persName>David Livington</persName></p>
			
</div>
		</body>
	</text></TEI>