<?xml version="1.0" encoding="UTF-8"?>
<!--Converted from a TEI P4 XML file to the LEAP TEI P5 Schema by James Cummings on 2015-03-02-->
<?xml-model href="http://livingstoneonline.github.io/LEAP-ODD/leap.rng" type="application/xml" schematypens="http://relaxng.org/ns/structure/1.0"?>
<?xml-model href="http://livingstoneonline.github.io/LEAP-ODD/leap.rng" type="application/xml" schematypens="http://purl.oclc.org/dsdl/schematron"?>
<?xml-stylesheet type="text/xsl" href="http://livingstoneonline.github.io/LEAP-XSLT/transcription.xsl"?>
<TEI xmlns="http://www.tei-c.org/ns/1.0" xml:id="liv_000746"><!-- LP7 -->
	<teiHeader xmlns:tei="http://www.tei-c.org/ns/1.0">
		<fileDesc>
			<titleStmt>
				<title>Letter to Benjamin T. Pyne</title>
				<author xml:id="DL">David Livingstone</author>
			</titleStmt>
			<publicationStmt>
				<authority>Livingstone Online</authority>
				<pubPlace>London</pubPlace>
				<date>2005-04-28</date>
				<publisher>Wellcome Centre for the History of Medicine, UCL</publisher>
				<idno type="LEAP-ID">liv_000746</idno>
			</publicationStmt>
			<sourceDesc>
				<bibl xml:id="ccnumber">0269</bibl>
				<bibl xml:id="recipient">Benjamin T. Pyne</bibl>
				<bibl xml:id="date">2 April 1852</bibl>
				<bibl xml:id="where">Cape Town</bibl>
				<bibl xml:id="shelfmark">Wellcome Library Ms. 7329/7</bibl><!--1852-04-02--><!--Original:1852-04-02-->
				<bibl xml:id="extent">4 pages</bibl>
			</sourceDesc>
		</fileDesc>
		<revisionDesc>
			<change>
				<date>2005-04-28</date>
				<name xml:id="SM">Sharon Messenger</name>Initial Transcription
			</change>
			<change>
				<date>2006-02-12</date>
				<name xml:id="CL">Chris Lawrence</name>first proof
			</change>
			<change>
				<date>2006-02-19</date>
				<name xml:id="JB">Janet Browne</name>second proof
			</change>
			<change>
				<date>2006-03-02</date>
				<name xml:id="CO">Caroline Overy</name>final proof
			</change>
		</revisionDesc>
	</teiHeader>

	<text xmlns:tei="http://www.tei-c.org/ns/1.0">
		<body>
			<div>

	<pb n="0001" facs="liv_000746_0001"/><!--pb/@n='1'-->
<!--Hand 01 7 top left--><!--Hand 01 1852 top left-->
<lb/><p rend="right">Cape Town 2<hi rend="sup">d</hi> April</p>
<lb/><p rend="right">1852</p><!--Hand 03 52325 right margin-->
<lb/><p>My Dear Friends</p>
<lb/><p>We are at present 
<lb/>engaged in preparation for the 
<lb/>voyage of my wife and family to 
<lb/>England. The particular ship is 
<lb/>not yet decided upon - but three 
<lb/>are daily expected from India 
<lb/>and as soon as either of these 
<lb/>comes into the Bay, we shall 
<lb/>make the necessary arrangements 
<lb/>We have been here a fortnight 
<lb/>and busy all the time with the 
<lb/>outfit. The expense has been 
<lb/>borne by our friend <persName>Oswel</persName>
<lb/>and he has fitted them all out 
<lb/>in a way rather too splendid 
<lb/>for a poor missionary's family 

	<pb n="0002" facs="liv_000746_0002"/><!--pb/@n='2'-->
<lb/>but all has been given with so 
<lb/>much good will it was impossible 
<lb/>to refuse. He goes by the present 
<lb/>steamer the "Harbinger" which will 
<lb/>sail tomorrow at twelve A.M. 
<lb/>He will if well <choice><sic>receive</sic><corr>recieve</corr></choice> them on 
<lb/>their arrival in England and 
<lb/>we shall write by next steamer 
<lb/>stating the name of the vessel 
<lb/>by which they sail. I have told 
<lb/>you our plans already, but 
<lb/>we find it difficult to arrange 
<lb/>as to where they will stay in 
<lb/>England because we dont 
<lb/>know how much the Directors' 
<lb/>will allow for their maintenance 
<lb/>I think England must be 
<lb/>chosen for their first year, &amp; 
<lb/><placeName>Essex</placeName> is the county with which 
<lb/>I am best acquainted, but 
<lb/>I am puzzled to know how 

	<pb n="0003" facs="liv_000746_0003"/><!--pb/@n='3'-->
<lb/>much per annum is requisite 
<lb/>for plain living and schooling 
<lb/>Would it be troubling you too much 
<lb/>to send a statement of how much 
<lb/>would be necessary for three months 
<lb/>say, or until <persName>M<hi rend="sup"><hi rend="underline">rs</hi></hi> L.</persName> became 
<lb/>acquainted with the modes 
<lb/>of living, schooling &amp;c. I am 
<lb/>not aware whether <persName>M<hi rend="sup"><hi rend="underline">rs</hi></hi> Pyne</persName>
<lb/>still <choice><sic>recieves</sic><corr>receives</corr></choice> children as 
<lb/>boarders. Perhaps if you left 
<lb/>a note on the subject at 
<lb/>the mission House <persName>M<hi rend="sup"><hi rend="underline">rs</hi></hi> L.</persName> would 
<lb/>be enabled to act on the inform-
               <!--twto hyphens-->ation. The children have endured 
<lb/>so much heat of late, they will 
<lb/>require the constant attentions 
<lb/>of their mother. If your circum-
               <!--twto hyphens-->stances had been the same as 
<lb/>they formerly were, I should have 
<lb/>felt no hesitation in telling 
<lb/>my wife to go to your house 

	<pb n="0004" facs="liv_000746_0004"/><!--pb/@n='4'-->
<lb/>till she had <choice><sic>recieved</sic><corr>received</corr></choice> the knowledge 
<lb/>necessary for further arrangements. 
<lb/>Information &amp; advice are 
<lb/>now all I can  expect and 
<lb/>for these <persName>M<hi rend="sup"><hi rend="underline">rs</hi></hi> L.</persName> will be 
<lb/>extremely obliged.</p>
<lb/><p>We feel very unwilling that <persName>Agnes</persName>
<lb/>should be left at Walthamstow 
<lb/>school. We should like her to be 
<lb/>with <persName>M<hi rend="sup"><hi rend="underline">rs</hi></hi> Pyne</persName> if she still keeps 
<lb/>a school. They will require all 
<lb/>of them to choose new fathers 
<lb/>&amp; mothers in England. I fear 
<lb/>they will forget us. At all events 
<lb/>we can do no more for them 
<lb/>than pray for them. The Directors 
<lb/>must pay for their education 
<lb/>The want of knowledge of how 
<lb/>much they will be willing 
<lb/>to give makes me close this 
<lb/>in uncertainty.</p>
<lb/><p rend="right">Affectionately yours</p>
<lb/><p rend="right">David Livingstone</p>
			
</div>
		</body>
	</text></TEI>