<?xml version="1.0" encoding="UTF-8"?>
<!--Converted from a TEI P4 XML file to the LEAP TEI P5 Schema by James Cummings on 2015-03-02-->
<?xml-model href="http://livingstoneonline.github.io/LEAP-ODD/leap.rng" type="application/xml" schematypens="http://relaxng.org/ns/structure/1.0"?>
<?xml-model href="http://livingstoneonline.github.io/LEAP-ODD/leap.rng" type="application/xml" schematypens="http://purl.oclc.org/dsdl/schematron"?>
<?xml-stylesheet type="text/xsl" href="http://livingstoneonline.github.io/LEAP-XSLT/transcription.xsl"?>
<TEI xmlns="http://www.tei-c.org/ns/1.0" xml:id="liv_001136"><!-- LP25 -->
	<teiHeader xmlns:tei="http://www.tei-c.org/ns/1.0">
		<fileDesc>
			<titleStmt>
				<title>Letter to Miss Moysey</title>
				<author xml:id="DL">David Livingstone</author>
			</titleStmt>
			<publicationStmt>
				<authority>Livingstone Online</authority>
				<pubPlace>London</pubPlace>
				<date>2005-04-28</date>
				<publisher>Wellcome Centre for the History of Medicine, UCL</publisher>
				<idno type="LEAP-ID">liv_001136</idno>
			</publicationStmt>
			<sourceDesc>
				<bibl xml:id="ccnumber">0624</bibl>
				<bibl xml:id="recipient">Miss Moysey</bibl>
				<bibl xml:id="date">21 November 1857</bibl>
				<bibl xml:id="where">Highbury New Park</bibl>
				<bibl xml:id="shelfmark">Wellcome Library Ms. 7329/25</bibl><!--1857-11-21--><!--Original:1857-11-21-->
				<bibl xml:id="extent">4 pages</bibl>
			</sourceDesc>
		</fileDesc>
		<revisionDesc>
			<change>
				<date>2005-04-28</date>
				<name xml:id="CO">Caroline Overy</name>Initial Transcription
			</change>
			<change>
				<date>2006-02-13</date>
				<name xml:id="CL">Chris Lawrence</name>first proof
			</change>
			<change>
				<date>2006-02-12</date>
				<name xml:id="JB">Janet Browne</name>second proof
			</change>
			<change>
				<date>2005-02-19</date>
				<name xml:id="SM">Sharon Messenger</name>final proof
			</change>
		</revisionDesc>
	</teiHeader>

	<text xmlns:tei="http://www.tei-c.org/ns/1.0">
		<body>
			<div>

	<pb n="0001" facs="liv_001136_0001"/><!--pb/@n='1'--> 
<!--hand 01 20 top left-->
<lb/><p rend="right"><placeName>Hadleigh House</placeName></p><!--hand 02 67478 top right-->
<lb/><p rend="right">Highbury New Park</p>
<lb/><p rend="right">21<hi rend="sup">st</hi><choice><abbr>Nov<hi rend="sup">r</hi></abbr><expan>November</expan></choice></p>
<lb/><p rend="right">1857</p>
<lb/><p>Dear <persName>Madam</persName></p>
<lb/><p>As I am 
<lb/>anxious to 
<lb/>send our good 
<lb/>friend <persName>M<hi rend="sup">r</hi> Gabriel</persName>
<lb/>a copy of <term type="reference">my 

	<pb n="0002" facs="liv_001136_0002"/><!--pb/@n='2'--> 
<lb/>book</term> I should 
<lb/>like to know 
<lb/>if you are 
<lb/>sending out 
<lb/>to him. I have 
<lb/>a box of his 
<lb/>which might 
<lb/>suit &amp; as it 
<lb/>is none the 
<lb/>worse for 

	<pb n="0003" facs="liv_001136_0003"/><!--pb/@n='3'--> 
<lb/>having performed 
<lb/>a pilgrimage 
<lb/>across Africa 
<lb/>he may be 
<lb/>inclined to 
<lb/>look on it as 
<lb/>a curiosity if 
<lb/>we send it 
<lb/>Supposing you 
<lb/>think the same 
<lb/>how can we send 
<lb/>it to you</p>

	<pb n="0004" facs="liv_001136_0004"/><!--pb/@n='4'-->
<lb/><p>I am &amp;c</p>
<lb/><p>David Livingstone</p>
<lb/><p><persName>Miss Moysey</persName></p>
			
</div>
		</body>
	</text></TEI>