<?xml version="1.0" encoding="UTF-8"?>
<!--Converted from a TEI P4 XML file to the LEAP TEI P5 Schema by James Cummings on 2015-03-02-->
<?xml-model href="http://livingstoneonline.github.io/LEAP-ODD/leap.rng" type="application/xml" schematypens="http://relaxng.org/ns/structure/1.0"?>
<?xml-model href="http://livingstoneonline.github.io/LEAP-ODD/leap.rng" type="application/xml" schematypens="http://purl.oclc.org/dsdl/schematron"?>
<?xml-stylesheet type="text/xsl" href="http://livingstoneonline.github.io/LEAP-XSLT/transcription.xsl"?>
<TEI xmlns="http://www.tei-c.org/ns/1.0" xml:id="liv_001009">
	<teiHeader xmlns:tei="http://www.tei-c.org/ns/1.0">
		<fileDesc>
			<titleStmt>
				<title>Letter to John Murray</title>
				<author xml:id="DL">David Livingstone</author>
			</titleStmt>
			<publicationStmt>
				<authority>Livingstone Online</authority>
				<pubPlace>London</pubPlace>
				<date>2008-11-04</date>
				<publisher>Wellcome Centre for the History of Medicine, UCL</publisher>
				<idno type="LEAP-ID">liv_001009</idno>
			</publicationStmt>
			<sourceDesc>
				<bibl xml:id="shelfmark">John Murray Archive, National Library of Scotland, MS. 42420, ff. 20r-21r</bibl>
				<bibl xml:id="ccnumber">0510</bibl>
				<bibl xml:id="recipient">John Murray</bibl>
				<bibl xml:id="date">28 April 1857</bibl>
				<bibl xml:id="where">57 Sloane Street</bibl>
			</sourceDesc>
		</fileDesc>
		<profileDesc>
			<langUsage>
				<language ident="en">English</language>
			</langUsage>
			<handNotes>
				<handNote xml:id="hand01">Scribe: Unknown</handNote>
			</handNotes>
		</profileDesc>
		<revisionDesc>
			<change>
				<date>2008-11-04</date>
				<name xml:id="initials">SM</name>Initial Transcription by Sharon Messenger
			</change>
			<change>
				<date>2008-11-15</date>
				<name xml:id="CL">Chris Lawrence</name>Proof by Chris Lawrence
			</change>
		</revisionDesc>
	</teiHeader>

	<text xmlns:tei="http://www.tei-c.org/ns/1.0">
		<body xml:lang="en">
			<div>

	<pb n="0001" facs="liv_001009_0001"/><!--pb/@n='20r'-->
<lb/><p rend="right"><placeName>57 Sloane St</placeName></p>
<lb/><p rend="right">28<hi rend="underline"><hi rend="sup">th</hi></hi> April 
<lb/>1857</p>
<lb/><p>My Dear <persName>M<hi rend="underline"><hi rend="sup">r</hi></hi> Murray</persName></p>
<lb/><p>You will oblige 
<lb/>me if you let my 
<lb/>African &amp; English 
<lb/>friend <persName>Major 
<lb/>Vardon</persName> have a 
<lb/>peep at the Falls<reg>.</reg>
<lb/>He is a good 
<lb/>judge of lions 
<lb/>and if you have 

	<pb n="0002" facs="liv_001009_0002"/><!--pb/@n='20v'--> 
<lb/>the lion &amp; myself by 
<lb/>you I should like 
<lb/>if you could 
<lb/>shew him that 
<lb/>too. I have got 
<lb/>no slips lately</p>
<lb/><p>I am &amp;c</p>
<lb/><p><persName>D. Livingstone</persName></p>
<lb/><p>I would like him 
<lb/>to see any of 
<lb/>the animals you 
<lb/>have by you 

	<pb n="0003" facs="liv_001009_0003"/><!--pb/@n='21r'--> 
<lb/>as he is a good 
<lb/>judge of what 
<lb/>they ought to be<reg>.</reg></p>
			
</div>
		</body>
	</text></TEI>