<?xml version="1.0" encoding="UTF-8"?>
<!--Converted from a TEI P4 XML file to the LEAP TEI P5 Schema by James Cummings on 2015-03-02-->
<?xml-model href="http://livingstoneonline.github.io/LEAP-ODD/leap.rng" type="application/xml" schematypens="http://relaxng.org/ns/structure/1.0"?>
<?xml-model href="http://livingstoneonline.github.io/LEAP-ODD/leap.rng" type="application/xml" schematypens="http://purl.oclc.org/dsdl/schematron"?>
<?xml-stylesheet type="text/xsl" href="http://livingstoneonline.github.io/LEAP-XSLT/transcription.xsl"?>
<TEI xmlns="http://www.tei-c.org/ns/1.0" xml:id="liv_002020"><!-- LP45 -->
	<teiHeader xmlns:tei="http://www.tei-c.org/ns/1.0">
		<fileDesc>
			<titleStmt>
				<title>Letter to H. Bartle E. Frere</title>
				<author xml:id="DL">David Livingstone</author>
			</titleStmt>
			<publicationStmt>
				<authority>Livingstone Online</authority>
				<pubPlace>London</pubPlace>
				<date>2005-04-27</date>
				<publisher>Wellcome Centre for the History of Medicine, UCL</publisher>
				<idno type="LEAP-ID">liv_002020</idno>
			</publicationStmt>
			<sourceDesc>
				<bibl xml:id="ccnumber">1444</bibl>
				<bibl xml:id="recipient">H. Bartle E. Frere</bibl>
				<bibl xml:id="date">14 June 1864</bibl>
				<bibl xml:id="where">"Lady Nyassa", Bombay</bibl>
				<bibl xml:id="shelfmark">Wellcome Library Ms. 7329/45</bibl><!--1864-06-14--><!--Original:1864-06-14-->
				<bibl xml:id="extent">3 pages</bibl>
			</sourceDesc>
		</fileDesc>
		<revisionDesc>
			<change>
				<date>2005-04-27</date>
				<name xml:id="SM">Sharon Messenger</name>Initial Transcription
			</change>
			<change>
				<date>2006-02-14</date>
				<name xml:id="JB">Janet Browne</name>first proof
			</change>
			<change>
				<date>2006-02-23</date>
				<name xml:id="CL">Chris lawrence</name>second proof
			</change>
			<change>
				<date>2006-03-01</date>
				<name xml:id="CO">Caroline Overy</name>final proof
			</change>
		</revisionDesc>
	</teiHeader>

	<text xmlns:tei="http://www.tei-c.org/ns/1.0">
		<body>
			<div>

	<pb n="0001" facs="liv_002020_0001"/><!--pb/@n='1'-->
<!--Hand 01 39 top left--><!--Hand 02 64759 top right-->
<lb/><p>His Excellency</p>
<lb/><p rend="center">Sir Bartle Frere</p>
<lb/><p rend="center">The Governor</p>
<lb/><p rend="center">Bombay</p>
<lb/><p>D<hi rend="sup"><hi rend="underline">r</hi></hi> Livingstone</p>

	<pb n="0002" facs="liv_002020_0002"/><!--pb/@n='2'-->
<!--Hand 01 39 top left--><!--Hand 02 64759 top right-->
<lb/><p rend="right"><term type="boat">Lady of Nyassa</term></p>
<lb/><p rend="right"><placeName>Bombay Harbour</placeName></p>
<lb/><p rend="right">14 June 1864</p>
<lb/><p><persName>Sir</persName></p>
<lb/><p>I send herewith a 
<lb/>letter from His Highness the 
<lb/><persName>Sultan of Zanzibar</persName>
<lb/>which he entrusted to 
<lb/>my care, and I regret 
<lb/>that owing to our 
<lb/>being becalmed 24 <unclear cert="low">1/2</unclear>
<lb/>days and having but 
<lb/>one stoker to manage 
<lb/>the engines and he 

	<pb n="0003" facs="liv_002020_0003"/><!--pb/@n='3'-->
<lb/>laid up a good while 
<lb/>by illness, it has been 
<lb/>delayed by a passage 
<lb/>of forty four days. A 
<lb/>small mail 
<w>accom-<lb break="no"/>panies</w> it.</p>
<lb/><p rend="right">I have &amp;c. &amp;c</p>
<lb/><p>David Livingstone</p>
<lb/><p>To</p>
<lb/><p><persName>Sir Bartle Frere</persName></p>
<lb/><p>&amp;c &amp;c.</p>
			
</div>
		</body>
	</text></TEI>