<?xml version="1.0" encoding="UTF-8"?>
<!--Converted from a TEI P4 XML file to the LEAP TEI P5 Schema by James Cummings on 2015-03-02-->
<?xml-model href="http://livingstoneonline.github.io/LEAP-ODD/leap.rng" type="application/xml" schematypens="http://relaxng.org/ns/structure/1.0"?>
<?xml-model href="http://livingstoneonline.github.io/LEAP-ODD/leap.rng" type="application/xml" schematypens="http://purl.oclc.org/dsdl/schematron"?>
<?xml-stylesheet type="text/xsl" href="http://livingstoneonline.github.io/LEAP-XSLT/transcription.xsl"?>
<TEI xmlns="http://www.tei-c.org/ns/1.0" xml:id="liv_000990">
	<teiHeader xmlns:tei="http://www.tei-c.org/ns/1.0">
		<fileDesc>
			<titleStmt>
				<title>Letter to John Murray</title>
				<author xml:id="DL">David Livingstone</author>
			</titleStmt>
			<publicationStmt>
				<authority>Livingstone Online</authority>
				<pubPlace>London</pubPlace>
				<date>2008-04-02</date>
				<publisher>Wellcome Centre for the History of Medicine, UCL</publisher>
				<idno type="LEAP-ID">liv_000990</idno>
			</publicationStmt>
			<sourceDesc>
				<bibl xml:id="shelfmark">John Murray Archive, National Library of Scotland, MS. 42420, ff. 12r-15v</bibl>
				<bibl xml:id="ccnumber">0495</bibl>
				<bibl xml:id="recipient">John Murray</bibl>
				<bibl xml:id="date">6 April [1857]</bibl>
				<bibl xml:id="where">57 Sloane Street</bibl>
				<bibl xml:id="folio">ff. 12r-15v</bibl>
			</sourceDesc>
		</fileDesc>
		<profileDesc>
			<langUsage>
				<language ident="en">English</language>
			</langUsage>
			<handNotes>
				<handNote xml:id="hand01">Scribe: Unknown</handNote>
			</handNotes>
		</profileDesc>
		<revisionDesc>
			<change>
				<date>2008-04-02</date>
				<name xml:id="SM">Sharon Messenger</name>Initial Transcription by Sharon Messenger
			</change>
		</revisionDesc>
	</teiHeader>

	<text xmlns:tei="http://www.tei-c.org/ns/1.0">
		<body xml:lang="en">
			<div>

	<pb n="0001" facs="liv_000990_0001"/><!--pb/@n='12r'-->
<lb/><p rend="right"><placeName>57 Sloane St.</placeName></p>
<lb/><p rend="right">
<lb/>6<hi rend="sup">th</hi> April </p>
<lb/><p>My Dear <persName>M<hi rend="sup">r</hi> Murray</persName></p>
<lb/><p>It will be 
<lb/>better for <persName>M<hi rend="sup">r</hi>
<lb/>Clowes</persName> to send 
<lb/>the sheets first 
<lb/>to me as I find 
<lb/>that <persName>M<hi rend="sup"><hi rend="underline">r</hi></hi> Binney</persName>
<lb/>is often puzzled 
<lb/>much by what 

	<pb n="0002" facs="liv_000990_0002"/><!--pb/@n='12v'--> 
<lb/>my correction makes 
<lb/>quite clear. It will 
<lb/>save him much 
<lb/>trouble. He won<reg>'</reg>t 
<lb/>believe that this 
<lb/>type is not to 
<lb/>be used the expense 
<lb/>will be so 
<lb/>great. He likes 
<lb/>the type much<reg>.</reg>
<lb/>Is it really to 
<lb/>be <del type="cancelled"><gap extent="1" unit="words" agent="illgblDel"/></del> recom
<lb/>posed again? 

	<pb n="0003" facs="liv_000990_0003"/><!--pb/@n='13r'--> 
<lb/><persName>M<hi rend="sup">r</hi> B</persName> is very well 
<lb/>pleased to assist 
<lb/>me in any way. 
<lb/>I have now sent 
<lb/>over to him two 
<lb/>corrected pieces<reg>.</reg>
<lb/>Tell <persName>M<hi rend="sup">r</hi> Clowes</persName>
<lb/>that every where 
<lb/>Bakwains is 
<lb/>to be spelled thus 
<lb/>Bakwains 
<lb/>Bamangwato 
<lb/>Bangwaketze 

	<pb n="0004" facs="liv_000990_0004"/><!--pb/@n='13v'--> 
<lb/>Caffres. I have 
<lb/>changed my mind 
<lb/>on the words &amp; 
<lb/>now make them 
<lb/>uniform. Send 
<lb/>for n<hi rend="underline"><hi rend="sup">o</hi></hi> IX when 
<lb/>you need it. And 
<lb/>let me have some 
<lb/>of the red ink man's 
<lb/>work that I 
<lb/>may correct in 
<lb/>manuscript. I 
<lb/>have others for 
<lb/>him. </p>

	<pb n="0005" facs="liv_000990_0005"/><!--pb/@n='14r'-->
<lb/><p>I want a small 
<lb/>Portuguese and 
<lb/>English dictionary 
<lb/>there is one pocket 
<lb/>one with clear 
<lb/>type which is 
<lb/>very good. I have 
<lb/>forgot the name 
<lb/>but it is less 
<lb/>in size than this 
<lb/>note paper considerably 
<lb/>and thick<reg>.</reg></p>

	<pb n="0006" facs="liv_000990_0006"/><!--pb/@n='14v'-->
<lb/><p>I have curtailed 
<lb/>the Caffre war 
<lb/>subject and 
<lb/>sweetened it<reg>.</reg>
<lb/>Have you a 
<lb/>business correspond
<lb/>ent in <placeName>Boston<reg>?</reg></placeName>
<lb/>I want to send 
<lb/>a little money 
<lb/>there by &amp; bye 
<lb/>you have I suppose 
<lb/>closed with the 

	<pb n="0007" facs="liv_000990_0007"/><!--pb/@n='15r'--> 
<lb/>American offer you 
<lb/>mentioned<reg>.</reg></p>
<lb/><p>I am &amp;c. </p>
<lb/><p><persName>D Livingstone</persName></p>
<lb/><p>A good likeness 
<lb/>of a bushwoman 
<lb/>with a bundle 
<lb/>of ostrich egg 
<lb/>shells exists in 
<lb/>a collection at the <persName>Duchess of 
<lb/>Sutherland's</persName> and 


	<pb n="0008" facs="liv_000990_0008"/><!--pb/@n='15v'--> 
<lb/>may have it 
<lb/>if you should 
<lb/>like it. Of course 
<lb/>you would 
<lb/>require to go with 
<lb/>me and see it 
<lb/>first<reg>.</reg></p>
			
</div>
		</body>
	</text></TEI>