<?xml version="1.0" encoding="UTF-8"?>
<!--Converted from a TEI P4 XML file to the LEAP TEI P5 Schema by James Cummings on 2015-03-02-->
<?xml-model href="http://livingstoneonline.github.io/LEAP-ODD/leap.rng" type="application/xml" schematypens="http://relaxng.org/ns/structure/1.0"?>
<?xml-model href="http://livingstoneonline.github.io/LEAP-ODD/leap.rng" type="application/xml" schematypens="http://purl.oclc.org/dsdl/schematron"?>
<?xml-stylesheet type="text/xsl" href="http://livingstoneonline.github.io/LEAP-XSLT/transcription.xsl"?>
<TEI xmlns="http://www.tei-c.org/ns/1.0" xml:id="liv_001220"><!-- LP31 -->
	<teiHeader xmlns:tei="http://www.tei-c.org/ns/1.0">
		<fileDesc>
			<titleStmt>
				<title>Letter to John Thomas Quekett</title>
				<author xml:id="DL">David Livingstone</author>
			</titleStmt>
			<publicationStmt>
				<authority>Livingstone Online</authority>
				<pubPlace>London</pubPlace>
				<date>2005-05-04</date>
				<publisher>Wellcome Centre for the History of Medicine, UCL</publisher>
				<idno type="LEAP-ID">liv_001220</idno>
			</publicationStmt>
			<sourceDesc>
				<bibl xml:id="ccnumber">0701</bibl>
				<bibl xml:id="recipient">John Thomas Quekett</bibl>
				<bibl xml:id="date">11 February 1858</bibl>
				<bibl xml:id="where">[18 Hart St., London]</bibl>
				<bibl xml:id="shelfmark">Wellcome Library Ms. 7329/31</bibl><!--1858-02-11--><!--Original:1858-02-11-->
				<bibl xml:id="extent">4 pages</bibl>
			</sourceDesc>
		</fileDesc>
		<revisionDesc>
			<change>
				<date>2005-05-04</date>
				<name xml:id="CO">Caroline Overy</name>Initial Transcription
			</change>
			<change>
				<date>2006-02-16</date>
				<name xml:id="CL">Chris Lawrence</name>first proof
			</change>
			<change>
				<date>2006-02-19</date>
				<name xml:id="JB">Janet Browne</name>second proof
			</change>
			<change>
				<date>2006-03-02</date>
				<name xml:id="SM">Sharon Messenger</name>final proof
			</change>
		</revisionDesc>
	</teiHeader>

	<text xmlns:tei="http://www.tei-c.org/ns/1.0">
		<body>
			<div>

	<pb n="0001" facs="liv_001220_0001"/><!--pb/@n='1'-->
<lb/><p rend="right"><placeName>18 Hart <choice><abbr>St.</abbr><expan>Street</expan></choice></placeName></p>
<lb/><p rend="right">11<hi rend="sup"><hi rend="underline">th</hi></hi><choice><abbr>Feb<hi rend="sup">y</hi></abbr><expan>February</expan></choice></p>
<lb/><p rend="right">1858</p>
<lb/><p>My Dear <persName>Sir</persName></p>
<lb/><p>I beg to 
<lb/>return my best 
<lb/>thanks for 
<lb/>your kindness 
<lb/>in giving me 
<lb/>through <persName>Mr Buckland</persName>
<lb/><!-- Hand 01 26 bottom left-->

	<pb n="0002" facs="liv_001220_0002"/><!--pb/@n='2'--> 
<lb/>a list of the 
<lb/>articles most 
<lb/>in demand for 
<lb/><placeName>the museum</placeName>
<lb/>I regret much 
<lb/>my inability 
<lb/>to come to 
<lb/>the college 
<lb/>according to 
<lb/>your very 

	<pb n="0003" facs="liv_001220_0003"/><!--pb/@n='3'--> 
<lb/>kind invitation 
<lb/>but my time 
<lb/>is so limited 
<lb/>and so much 
<lb/>occupied that 
<lb/>I am compelled 
<lb/>to forego the 
<lb/>pleasure &amp; 
<lb/>profit I expected 
<lb/>and no doubt 

	<pb n="0004" facs="liv_001220_0004"/><!--pb/@n='4'--> 
<lb/>would have 
<lb/>derived from 
<lb/>the favour of 
<lb/>your conversation</p>
<lb/><p rend="center">I am &amp;c</p>
<lb/><p>David Livingstone</p>
<lb/><p><persName><choice><abbr>Prof.</abbr><expan>Professor</expan></choice> Quekett</persName></p><!-- Hand 02 349518 bottom left-->
			
</div>
		</body>
	</text></TEI>