<?xml version="1.0" encoding="UTF-8"?>
<!--Converted from a TEI P4 XML file to the LEAP TEI P5 Schema by James Cummings on 2015-03-02-->
<?xml-model href="http://livingstoneonline.github.io/LEAP-ODD/leap.rng" type="application/xml" schematypens="http://relaxng.org/ns/structure/1.0"?>
<?xml-model href="http://livingstoneonline.github.io/LEAP-ODD/leap.rng" type="application/xml" schematypens="http://purl.oclc.org/dsdl/schematron"?>
<?xml-stylesheet type="text/xsl" href="http://livingstoneonline.github.io/LEAP-XSLT/transcription.xsl"?>
<TEI xmlns="http://www.tei-c.org/ns/1.0" xml:id="liv_001105">
	<teiHeader xmlns:tei="http://www.tei-c.org/ns/1.0">
		<fileDesc>
			<titleStmt>
				<title>Letter to T.B. Johnston</title>
				<author xml:id="DL">David Livingstone</author>
			</titleStmt>
			<publicationStmt>
				<authority>Livingstone Online</authority>
				<pubPlace>London</pubPlace>
				<date>2005-04-28</date>
				<publisher>Wellcome Centre for the History of Medicine, UCL</publisher>
				<idno type="LEAP-ID">liv_001105</idno>
			</publicationStmt>
			<sourceDesc>
				<bibl xml:id="ccnumber">0596</bibl>
				<bibl xml:id="recipient">T.B. Johnston</bibl>
				<bibl xml:id="date">3 October 1857</bibl>
				<bibl xml:id="where">Carlisle</bibl>
				<bibl xml:id="shelfmark">Wellcome Library Ms. 7329/22</bibl>
			</sourceDesc>
		</fileDesc>
		<revisionDesc>
			<change>
				<date>2005-04-28</date>
				<name xml:id="CO">Caroline Overy</name>Initial Transcription
			</change>
			<change>
				<date>2006-02-12</date>
				<name xml:id="CL">Chris Lawrence</name>first proof
			</change>
			<change>
				<date>2006-02-19</date>
				<name xml:id="JB">Janet Browne</name>second proof
			</change>
			<change>
				<date>2006-03-02</date>
				<name xml:id="SM">Sharon Messenger</name>final proof
			</change>
		</revisionDesc>
	</teiHeader>

	<text xmlns:tei="http://www.tei-c.org/ns/1.0">
		<body>
			<div>

	<pb n="0001" facs="liv_001105_0001"/><!--pb/@n='1'--> 
<!--Hand 01 17 top left--><!--Hand 02 56360 top right-->
<lb/><p rend="right"><placeName>Carlisle</placeName> 3<hi rend="sup">d</hi><choice><abbr>Oct<hi rend="sup">r</hi></abbr><expan>October</expan></choice></p>
<lb/><p rend="right">1857</p>
<lb/><p>My Dear Sir</p>
<lb/><p>Your favour 
<lb/>of the 26<hi rend="sup">th</hi><choice><abbr>ult</abbr><expan>ultimo</expan></choice> has 
<lb/>just come to 
<lb/>hand but no 
<lb/>portraits. They 
<lb/>may have gone 
<lb/>to Glasgow 

	<pb n="0002" facs="liv_001105_0002"/><!--pb/@n='2'--> 
<lb/>but ought to have 
<lb/>been here before 
<lb/>this. If they 
<lb/>come within 
<lb/>the next 3 or 4 
<lb/>days I shall 
<lb/>write &amp; let you 
<lb/>know.</p>
<lb/><p>If you are 
<lb/>near <persName>Oliver &amp; Boyd</persName>

	<pb n="0003" facs="liv_001105_0003"/><!--pb/@n='3'--> 
<lb/>would you kindly 
<lb/>say to them that 
<lb/>my address for 
<lb/>the next 5 days 
<lb/>will be <placeName>Kendal 
<lb/>Westmoreland</placeName> where 
<lb/>they may send 
<lb/>a packet of letters 
<lb/>Mr. Murray writes 
<lb/>about if that 
<lb/>was not the same 
<lb/>which was put 

	<pb n="0004" facs="liv_001105_0004"/><!--pb/@n='4'--> 
<lb/>into my hands in 
<lb/>Edinburgh</p>
<lb/><p rend="center">I am &amp;c</p>
<lb/><p>David Livingstone</p>
<lb/><p><persName>T B. Johnston Esq</persName></p>
			
</div>
		</body>
	</text></TEI>