<?xml version="1.0" encoding="UTF-8"?>
<!--Converted from a TEI P4 XML file to the LEAP TEI P5 Schema by James Cummings on 2015-03-02-->
<?xml-model href="http://livingstoneonline.github.io/LEAP-ODD/leap.rng" type="application/xml" schematypens="http://relaxng.org/ns/structure/1.0"?>
<?xml-model href="http://livingstoneonline.github.io/LEAP-ODD/leap.rng" type="application/xml" schematypens="http://purl.oclc.org/dsdl/schematron"?>
<?xml-stylesheet type="text/xsl" href="http://livingstoneonline.github.io/LEAP-XSLT/transcription.xsl"?>
<TEI xmlns="http://www.tei-c.org/ns/1.0" xml:id="liv_001044">
	<teiHeader xmlns:tei="http://www.tei-c.org/ns/1.0">
		<fileDesc>
			<titleStmt>
				<title>Letter to John Murray</title>
				<author xml:id="DL">David Livingstone</author>
			</titleStmt>
			<publicationStmt>
				<authority>Livingstone Online</authority>
				<pubPlace>London</pubPlace>
				<date>2008-11-25</date>
				<publisher>Wellcome Centre for the History of Medicine, UCL</publisher>
				<idno type="LEAP-ID">liv_001044</idno>
			</publicationStmt>
			<sourceDesc>
				<bibl xml:id="shelfmark">John Murray Archive, National Library of Scotland, MS. 42420, ff. 51r-56r</bibl>
				<bibl xml:id="ccnumber">0540</bibl>
				<bibl xml:id="recipient">John Murray</bibl>
				<bibl xml:id="date">17 June [57]</bibl>
				<bibl xml:id="where">Hadley Green</bibl>
				<bibl xml:id="folio">ff. 51r-56r</bibl>
			</sourceDesc>
		</fileDesc>
		<profileDesc>
			<langUsage>
				<language ident="en">English</language>
			</langUsage>
			<handNotes>
				<handNote xml:id="hand01">Scribe: Unknown</handNote>
			</handNotes>
		</profileDesc>
		<revisionDesc>
			<change>
				<date>2008-11-25</date>
				<name xml:id="SM">Sharon Messenger</name>Initial Transcription by Sharon Messenger
			</change>
			<change>
				<date>2008-12-06</date>
				<name xml:id="CL">Chris Lawrence</name>Proof by Chris Lawrence
			</change>
		</revisionDesc>
	</teiHeader>

	<text xmlns:tei="http://www.tei-c.org/ns/1.0">
		<body xml:lang="en">
			<div>

	<pb n="0001" facs="liv_001044_0001"/><!--pb/@n='51r'-->
<lb/><p rend="right"><placeName>Hadley Green</placeName></p>
<lb/><p rend="right">17<hi rend="sup"><hi rend="underline">th</hi></hi> June </p>
<lb/><p>My Dear <persName>M<hi rend="sup"><hi rend="underline">r</hi></hi> Murray</persName></p>
<lb/><p>I return the drawings 
<lb/>with the titles corrected<reg>.</reg>
<lb/>If not too late the 
<lb/>burdens of the carriers 
<lb/>at <placeName>Loanda</placeName> could 
<lb/>be improved if put 
<lb/>thus <figure><graphic url="LETT590-1.gif"/><figDesc/></figure><reg>.</reg> If not 
<lb/>troublesome the 
<lb/>man of the woodcut 

	<pb n="0002" facs="liv_001044_0002"/><!--pb/@n=' 51v'--> 
<lb/>of the rocks of 
<lb/><placeName>Pungo Andongo</placeName>
<lb/>might drag those far 
<lb/>back a little more 
<lb/>into line &amp; not 
<lb/>copy the figure 
<lb/>intended for me 
<lb/>from <persName><choice><sic>Anderson<reg>'</reg>s</sic><corr>Andersson's</corr></choice></persName>
<lb/>work with a gun 
<lb/>under my arm<reg>.</reg>
<lb/>He makes me look 
<lb/>black like a Hottentot 
<lb/>if he bent the horns 

	<pb n="0003" facs="liv_001044_0003"/><!--pb/@n='52r'--> 
<lb/>of the ox down &amp; took away 
<lb/>the gun it would not 
<lb/>look so like 
<lb/>imitation of <persName><choice><sic>Anderson</sic><corr>Andersson</corr></choice></persName><reg>.</reg>
<lb/>I am not anxious 
<lb/>about it however 
<lb/>and if it will be 
<lb/>any bother I am 
<lb/>content<reg>.</reg></p>
<lb/><p>I submit to your 
<lb/>judgment other three 
<lb/>drawings which are 
<lb/>like the head dresses 

	<pb n="0004" facs="liv_001044_0004"/><!--pb/@n='52v'--> 
<lb/>of the Balonda and 
<lb/>Bashukulompo. 
<lb/>If they will do for woodcuts in the 
<lb/>page - I send the 
<lb/>whole by <persName>M<hi rend="sup">r</hi> Wilbraham Taylor</persName>
<lb/><placeName>1 Robert St.</placeName>
<lb/><placeName>Adelphi, Strand</placeName>
<lb/>where I shall feel 
<lb/>obliged if your 
<lb/>man calls tomorrow<reg>.</reg>
<lb/>I have two pieces 

	<pb n="0005" facs="liv_001044_0005"/><!--pb/@n='53r'--> 
<lb/>of Manuscript since 
<lb/>I saw you last but 
<lb/>one is not quite 
<lb/>recopied by my 
<lb/>next door neighbours<reg>.</reg>
<lb/>They will be at 
<lb/><placeName>Robert St.</placeName> on 
<lb/>Friday. <choice><reg>T</reg><orig>t</orig></choice>hey 
<lb/>contain more than 
<lb/>when written by 
<lb/>myself, and are 
<lb/>probably more correct 
<lb/>as I go over them 

	<pb n="0006" facs="liv_001044_0006"/><!--pb/@n='53v'--> 
<lb/>after my amanuensis<reg>.</reg>
<lb/>Do you know 
<lb/><persName>Prof. Andrew 
<lb/>Buchanan's</persName> works? 
<lb/>He was my professor 
<lb/>in <placeName>Glasgow</placeName> and 
<lb/>I believe he would 
<lb/>lend a hand when 
<lb/>it comes to the 
<lb/>revision as he 
<lb/>is a great friend 
<lb/>of mine<reg>.</reg>

	<pb n="0007" facs="liv_001044_0007"/><!--pb/@n='54r'--> 
<lb/>I am informed 
<lb/>by <persName>D<hi rend="sup"><hi rend="underline">r</hi></hi> Daubeny</persName>
<lb/>that they propose 
<lb/>the degree of D.C.L. 
<lb/>for me at <placeName>Oxford</placeName><reg>.</reg>
<lb/>This will look 
<lb/>well on the 
<lb/>title page<reg>.</reg></p>
<lb/><p rend="center">Yours Ever </p>
<lb/><p><persName>David Livingstone</persName></p>

	<pb n="0008" facs="liv_001044_0008"/><!--pb/@n='55v'-->
<lb/><p rend="center"><hi rend="underline">the text</hi></p>
<lb/><p>In shooting by night 
<lb/>animals are more 
<lb/>frequently wounded 
<lb/>than killed. <choice><reg>T</reg><orig>t</orig></choice>he flowing 
<lb/>life stream increases 
<lb/>the thirst so that they 
<lb/>come slowly up to 
<lb/>drink in spite of the 
<lb/>danger the<del type="strikethrough">ir</del> feeling 
<lb/>is "I must drink 
<lb/>though I die"<reg>.</reg></p>
<lb/><p rend="left"> Slip 102 </p>

	<pb n="0009" facs="liv_001044_0009"/><!--pb/@n='56r'-->
<lb/><p rend="center"><hi rend="underline">the emasculation</hi></p>
<lb/><p>In shooting by night 
<lb/>animals are more 
<lb/>frequently wounded 
<lb/>than killed: <hi rend="underline">the loss 
<lb/>of</hi> the flowing life 
<lb/>stream increases the 
<lb/>thirst so that <hi rend="underline"> in 
<lb/>desperation</hi> they come 
<lb/>slowly up to drink 
<lb/>in spite of the danger 
<lb/><hi rend="underline">appearing as it were, 
<lb/>to feel that</hi> they must 
<lb/>drink, <hi rend="underline">even though</hi>
<lb/>they <hi rend="underline">were to</hi> die <hi rend="underline">for it</hi><reg>.</reg>
<lb/>P.102 </p>

	<pb n="0010" facs="liv_001044_0010"/><!--pb/@n='55r'--> 
<figure><graphic style="float:left" url="LETT590-2.gif"/><figDesc/></figure>
<lb/><p>Just glance please at his 
<lb/>arithmetic<reg>.</reg><choice><reg>T</reg><orig>t</orig></choice>he concentric 
<lb/>rings of a tree are of course 
<lb/>counted from the centre or 
<lb/>semidiameter. He does not know 
<lb/>that but counts <hi rend="underline">the diameter</hi>. </p>
<lb/><p>Then a man at forty sees 5 ceremonies 
<lb/>10 would of course make him double 
<lb/>or 80 &amp; one more or even about 90 
<lb/>Your man says he would then be 26!!! </p>

	<pb n="0011" facs="liv_001044_0011"/><!--pb/@n='54v'-->
<lb/><p>The Egyptian cast of countenance 
<lb/>is correct. I was struck 
<lb/>by the close resemblance the 
<lb/>faces on the mummy cases 
<lb/>bear to <persName>Sekeletu's</persName> mother! 
<lb/>&amp; others. <persName>Adams</persName> sends me 
<lb/>three copies of his letter, they 
<lb/>threatened the editor of the Record with the law for what 
<lb/>he said about it. </p>
			
</div>
		</body>
	</text></TEI>