<?xml version="1.0" encoding="UTF-8"?>
<!--Converted from a TEI P4 XML file to the LEAP TEI P5 Schema by James Cummings on 2015-03-02-->
<?xml-model href="http://livingstoneonline.github.io/LEAP-ODD/leap.rng" type="application/xml" schematypens="http://relaxng.org/ns/structure/1.0"?>
<?xml-model href="http://livingstoneonline.github.io/LEAP-ODD/leap.rng" type="application/xml" schematypens="http://purl.oclc.org/dsdl/schematron"?>
<?xml-stylesheet type="text/xsl" href="http://livingstoneonline.github.io/LEAP-XSLT/transcription.xsl"?>
<TEI xmlns="http://www.tei-c.org/ns/1.0" xml:id="liv_001277">
	<teiHeader xmlns:tei="http://www.tei-c.org/ns/1.0">
		<fileDesc>
			<titleStmt>
				<title>Letter to Thomas Raffles</title>
				<author xml:id="DL">David Livingstone</author>
			</titleStmt>
			<publicationStmt>
				<authority>Livingstone Online</authority>
				<pubPlace>London</pubPlace>
				<date>2008-06-02</date>
				<publisher>Wellcome Centre for the History of Medicine, UCL</publisher>
				<idno type="LEAP-ID">liv_001277</idno>
			</publicationStmt>
			<sourceDesc>
				<bibl xml:id="shelfmark">John Rylands University Library, The University of Manchester, Eng. MS.380 (1237)</bibl>
				<bibl xml:id="ccnumber">0753.5</bibl>
				<bibl xml:id="recipient">Thomas Raffles</bibl>
				<bibl xml:id="date">6 March 1858</bibl>
				<bibl xml:id="where">Birkenhead</bibl>
			</sourceDesc>
		</fileDesc>
		<profileDesc>
			<langUsage>
				<language ident="en">English</language>
			</langUsage>
			<handNotes>
				<handNote xml:id="hand01">Scribe: Unknown</handNote>
			</handNotes>
		</profileDesc>
		<revisionDesc>
			<change>
				<date>2007-06-02</date>
				<name xml:id="SM">Sharon Messenger</name>Intial Transcription by Sharon Messenger
			</change>
			<change>
				<date>2008-08-12</date>
				<name xml:id="CL">Chris Lawrence</name>Proofed by Chris Lawrence
			</change>
		</revisionDesc>
	</teiHeader>

	<text xmlns:tei="http://www.tei-c.org/ns/1.0">
		<body xml:lang="en">
			<div>

	<pb n="0001" facs="liv_001277_0001"/><!--pb/@n='1'-->
<lb/><p rend="right"><placeName>Birkenhead</placeName></p>
<lb/><p rend="right">6 March 1858 </p>
<lb/><p>My Dear <persName>D<hi rend="sup"><hi rend="underline">r</hi></hi> Raffles</persName></p>
<lb/><p>I have not 
<lb/>been very well 
<lb/>for some days 
<lb/>from a complaint 
<lb/>the result of 

	<pb n="0002" facs="liv_001277_0002"/><!--pb/@n='2'--> 
<lb/>African fever 
<lb/>and the river being 
<lb/>so very rough 
<lb/>this afternoon 
<lb/>I have very 
<lb/>unwillingly 
<lb/>yielded to the 
<lb/>suggestion of 
<lb/>my wife not 

	<pb n="0003" facs="liv_001277_0003"/><!--pb/@n='3'--> 
<lb/>to expose myself 
<lb/>tonight. I have 
<lb/>been hard at 
<lb/>work all day &amp; 
<lb/>made quite too late for dinner 
<lb/>and but for 
<lb/>what I mention 
<lb/>would have 
<lb/>felt it a <choice><sic>privelege</sic><corr>privilege</corr></choice>
<lb/>to spend the 
<lb/>evening with 
<lb/>you &amp; the <persName>Crossfields</persName>

	<pb n="0004" facs="liv_001277_0004"/><!--pb/@n='4'--> 
<lb/>I hope you will 
<lb/>kindly excuse 
<lb/>me. I shall 
<lb/>come over tomorrow 
<lb/>and bid you 
<lb/>farewell - after 
<lb/>worship<reg>.</reg></p>
<lb/><p>Hoping you will 
<lb/>not be annoyed by 
<lb/>this unexpected failure 
<lb/>of an engagement<reg>.</reg></p>
<lb/><p>I am &amp;c </p>
<lb/><p>David Livingstone </p>
			
</div>
		</body>
	</text></TEI>