<?xml version="1.0" encoding="UTF-8"?>
<!--Converted from a TEI P4 XML file to the LEAP TEI P5 Schema by James Cummings on 2015-03-02-->
<?xml-model href="http://livingstoneonline.github.io/LEAP-ODD/leap.rng" type="application/xml" schematypens="http://relaxng.org/ns/structure/1.0"?>
<?xml-model href="http://livingstoneonline.github.io/LEAP-ODD/leap.rng" type="application/xml" schematypens="http://purl.oclc.org/dsdl/schematron"?>
<?xml-stylesheet type="text/xsl" href="http://livingstoneonline.github.io/LEAP-XSLT/transcription.xsl"?>
<TEI xmlns="http://www.tei-c.org/ns/1.0" xml:id="liv_001544">
	<teiHeader xmlns:tei="http://www.tei-c.org/ns/1.0">
		<fileDesc>
			<titleStmt>
				<title>Letter to Thomas S. Livingstone</title>
				<author xml:id="DL">David Livingstone</author>
			</titleStmt>
			<publicationStmt>
				<authority>Livingstone Online</authority>
				<pubPlace>London</pubPlace>
				<date>2007-06-25</date>
				<publisher>Wellcome Centre for the History of Medicine, UCL</publisher>
				<idno type="LEAP-ID">liv_001544</idno>
			</publicationStmt>
			<sourceDesc>
				<bibl xml:id="shelfmark">National Library of Scotland, MS.10701, ff. 106-107</bibl>
				<bibl xml:id="ccnumber">1001</bibl>
				<bibl xml:id="recipient">Thomas S. Livingstone</bibl>
				<bibl xml:id="date">28 February 1860</bibl>
				<bibl xml:id="where">Kongone Harbour</bibl>
			</sourceDesc>
		</fileDesc>
		<profileDesc>
			<langUsage>
				<language ident="en">English</language>
			</langUsage>
			<handNotes>
				<handNote xml:id="hand01">Scribe: Unknown</handNote>
			</handNotes>
		</profileDesc>
		<revisionDesc>
			<change>
				<date>2007-06-25</date>
				<name xml:id="SM">Sharon Messenger</name>Initial Transcription by Sharon Messenger
			</change>
			<change>
				<date>2008-01-02</date>
				<name xml:id="CL">Chris Lawrence</name>First proof
			</change>
			<change>
				<date>2008-02-01</date>
				<name xml:id="JB">Janet Browne</name>Isecond proof
			</change>
		</revisionDesc>
	</teiHeader>

	<text xmlns:tei="http://www.tei-c.org/ns/1.0">
		<body xml:lang="en">
			<div>

	<pb n="0001" facs="liv_001544_0001"/><!--pb/@n='106r'-->
<lb/><p rend="right"><placeName>Kongone Harbour</placeName></p>
<lb/><p rend="right">28 February </p>
<lb/><p rend="right">1860. </p>
<lb/><p>My Dear <persName>Tom</persName>
<lb/>I answer to a 
<lb/>request from <persName>Robert</persName><reg>.</reg> I have 
<lb/>sent some small specimens 
<lb/>of natural history some of 
<lb/>which are for you, and 
<lb/>which as manifesting the 
<lb/>wisdom and power of 
<lb/>God you will do well to 
<lb/>study. They go home by 
<lb/><persName>M<hi rend="underline"><hi rend="sup">r</hi></hi> Rae</persName> who will tell 

	<pb n="0002" facs="liv_001544_0002"/><!--pb/@n='106v'--> 
<lb/>you all he can about us - 
<lb/>so you may ask him 
<lb/>any question you please. 
<lb/>I enclose the horns of an 
<lb/>African oryx shot by <persName>D<hi rend="sup"><hi rend="underline">r</hi></hi> Kirk </persName>
<lb/>and some other things to 
<lb/>shew that you are not 
<lb/>forgotten. </p>
<lb/><p>We are going up to the 
<lb/><placeName>Makololo country</placeName> soon and 
<lb/>regret having been delayed 
<lb/>so long in the lower part 
<lb/>of the river. <choice><reg>B</reg><orig>b</orig></choice>ut the delay 
<lb/>has led to our discovering 

	<pb n="0003" facs="liv_001544_0003"/><!--pb/@n='107r'--> 
<lb/>a magnificient country by 
<lb/>going up the <placeName>Shire</placeName> until we 
<lb/>reached the Lake from 
<lb/>which it flows. We think 
<lb/>that our Heavenly Father 
<lb/>has work for us there in 
<lb/>suppressing the trade in 
<lb/>slaves. We were much <choice><sic>decieved</sic><corr>deceived</corr></choice>
<lb/>in our ship by a person 
<lb/>who making great pretensions 
<lb/>to piety tried to turn the 
<lb/>whole Expedition to his 
<lb/>own wordly advantage<reg>.</reg>
<lb/>Whatever you do in life be 

	<pb n="0004" facs="liv_001544_0004"/><!--pb/@n='107v'--> 
<lb/>honest and sincere in serving 
<lb/>both God &amp; man. The untruths 
<lb/>this man had to tell to cover 
<lb/>his deceit &amp; selfishness were 
<w>fright-<lb break="no"/>ful.</w> The Lord bless &amp; keep 
<lb/>you from all evil and grant 
<lb/>that no sin may have 
<lb/>dominion over you. </p>
<lb/><p>A mail bag which was lost 
<lb/>here by the boat being capsized 
<lb/>was found and carried to <placeName>Kilimane</placeName>
<lb/>and thence to <placeName>Tette</placeName>. Hope a letter 
<lb/>from you is in it but ten to one 
<lb/>if it is readable now after being 
<lb/>like Jonah in the sea but not in the 
<lb/>whale's belly<reg>.</reg>
<lb/><gap extent="2" unit="words" agent="damage"/><supplied reason="damage"><persName>David Livingstone</persName></supplied><!-- mike can we have a new category 'signature excised'? Janet's suggestion--><!-- I'm not averse to it BUT it would require going back through the entire corpus and marking all instances of damage caused by cutting out the signature. This will often result in two changes per file - ie. the side of the page that had the signature and the side of the page that does not. Is it worth the time and effort to do this? --></p>
			
</div>
		</body>
	</text></TEI>