<?xml version="1.0" encoding="UTF-8"?>
<!--Converted from a TEI P4 XML file to the LEAP TEI P5 Schema by James Cummings on 2015-03-02-->
<?xml-model href="http://livingstoneonline.github.io/LEAP-ODD/leap.rng" type="application/xml" schematypens="http://relaxng.org/ns/structure/1.0"?>
<?xml-model href="http://livingstoneonline.github.io/LEAP-ODD/leap.rng" type="application/xml" schematypens="http://purl.oclc.org/dsdl/schematron"?>
<?xml-stylesheet type="text/xsl" href="http://livingstoneonline.github.io/LEAP-XSLT/transcription.xsl"?>
<TEI xmlns="http://www.tei-c.org/ns/1.0" xml:id="liv_001284">
	<teiHeader xmlns:tei="http://www.tei-c.org/ns/1.0">
		<fileDesc>
			<titleStmt>
				<title>Letter to John Washington</title>
				<author xml:id="DL">David Livingstone</author>
			</titleStmt>
			<publicationStmt>
				<authority>Livingstone Online</authority>
				<pubPlace>London</pubPlace>
				<date/>
				<publisher>Wellcome Centre for the History of Medicine, UCL</publisher>
				<idno type="LEAP-ID">liv_001284</idno>
			</publicationStmt>
			<sourceDesc>
				<bibl xml:id="shelfmark">The National Museum of the Royal Navy, Portsmouth, UK, MSS 120</bibl>
				<bibl xml:id="ccnumber">0759</bibl>
				<bibl xml:id="recipient">John Washington</bibl>
				<bibl xml:id="date">9 March 1858</bibl>
				<bibl xml:id="where">Birkenhead</bibl>
			</sourceDesc>
		</fileDesc>
		<profileDesc>
			<langUsage>
				<language ident="en">English</language>
			</langUsage>
			<handNotes>
				<handNote xml:id="hand01">Scribe: Unknown</handNote>
			</handNotes>
		</profileDesc>
		<revisionDesc>
			<change>
				<date>2009-08-10</date>
				<name xml:id="CO">Caroline Overy</name>Initial Transcription by Caroline Overy
			</change>
			<change>
				<date>2009-08-17</date>
				<name xml:id="CL">Chris Lawrence</name>Proofed by Chris
			</change>
		</revisionDesc>
	</teiHeader>

	<text xmlns:tei="http://www.tei-c.org/ns/1.0">
		<body xml:lang="en">
			<div>

	<pb n="0001" facs="liv_001284_0001"/><!--pb/@n='1r'-->
<lb/><p rend="right"><placeName>Birkenhead</placeName> 9<hi rend="sup"><hi rend="underline">th</hi></hi> March</p>
<lb/><p rend="right">1858</p>
<lb/><p>Dear <persName>Captain Washington</persName></p>
<lb/><p>I enclose for 
<lb/>your consideration the 
<lb/>account which <persName>D<hi rend="sup">r</hi>
<lb/>Kirk</persName> has handed to 
<lb/>me and would only 
<lb/>remark that he 
<lb/>asked my permission 

	<pb n="0002" facs="liv_001284_0002"/><!--pb/@n='1v'--> 
<lb/>to buy the strychnine<reg>.</reg>
<lb/>I told him to buy 
<lb/>it on my account 
<lb/>(for poisoning animals 
<lb/>without injury to their 
<lb/>skins) and offered 
<lb/>to pay it myself. He 
<lb/>prefers to put it in 
<lb/>this account. I do 
<lb/>not put my name 
<lb/>to it as I do not 

	<pb n="0003" facs="liv_001284_0003"/><!--pb/@n='2r'--> 
<lb/>know whether you would 
<lb/>approve of it seeing the 
<lb/>pay has been running 
<lb/>on since the first 
<lb/>of February and the 
<lb/>duty has not been 
<lb/>very arduous. However 
<lb/>if it is right I shall 
<lb/>be glad to know &amp; 
<lb/>act accordingly. <choice><reg>T</reg><orig>t</orig></choice>he 
<lb/>seeds were a few pounds 
<lb/>in weight only<reg>.</reg></p><addSpan spanTo="#p2r-01" place="marginleft"><!--addSpan/@place='left margin of fo. 2r'--></addSpan>
<lb/><p>I am still ready to pay for the 
<lb/>Strychnine.</p><anchor xml:id="p2r-01"/>

	<pb n="0004" facs="liv_001284_0004"/><!--pb/@n='2v'-->
<lb/><p>6 1/2 <hi rend="underline">o</hi>clock</p>
<lb/><p>The weather here is excessively 
<lb/>bad. The Pilot says it 
<lb/>would be madness to 
<lb/>go out. We meet again 
<lb/>at 10 A.M. tomorrow<reg>.</reg>
<lb/>All are ready at a 
<lb/>moment<reg>'</reg>s notice and 
<lb/>nothing but the weather 
<lb/>prevents our going<reg>.</reg></p>
<lb/><p rend="center">I am &amp;c</p>
<lb/><p>David Livingstone</p>
<lb/><p>I sent my last accounts for presents 
<lb/>yesterday. They are under £300 - &amp; with 
<lb/>the £107 for machinery allowed by the F.O. under £400<reg>.</reg></p>
			
</div>
		</body>
	</text></TEI>