<?xml version="1.0" encoding="UTF-8"?>
<!--Converted from a TEI P4 XML file to the LEAP TEI P5 Schema by James Cummings on 2015-03-02-->
<?xml-model href="http://livingstoneonline.github.io/LEAP-ODD/leap.rng" type="application/xml" schematypens="http://relaxng.org/ns/structure/1.0"?>
<?xml-model href="http://livingstoneonline.github.io/LEAP-ODD/leap.rng" type="application/xml" schematypens="http://purl.oclc.org/dsdl/schematron"?>
<?xml-stylesheet type="text/xsl" href="http://livingstoneonline.github.io/LEAP-XSLT/transcription.xsl"?>
<TEI xmlns="http://www.tei-c.org/ns/1.0" xml:id="liv_001150">
	<teiHeader xmlns:tei="http://www.tei-c.org/ns/1.0">
		<fileDesc>
			<titleStmt>
				<title>Letter to John Washington</title>
				<author xml:id="DL">David Livingstone</author>
			</titleStmt>
			<publicationStmt>
				<authority>Livingstone Online</authority>
				<pubPlace>London</pubPlace>
				<date>2009-08-10</date>
				<publisher>Wellcome Centre for the History of Medicine, UCL</publisher>
				<idno type="LEAP-ID">liv_001150</idno>
			</publicationStmt>
			<sourceDesc>
				<bibl xml:id="shelfmark">The National Museum of the Royal Navy, Portsmouth, UK, MSS 120</bibl>
				<bibl xml:id="ccnumber">0636</bibl>
				<bibl xml:id="recipient">John Washington</bibl>
				<bibl xml:id="date">9 December 1857</bibl>
				<bibl xml:id="where">Admiralty</bibl>
			</sourceDesc>
		</fileDesc>
		<profileDesc>
			<langUsage>
				<language ident="en">English</language>
			</langUsage>
			<handNotes>
				<handNote xml:id="hand01">Scribe: Unknown</handNote>
			</handNotes>
		</profileDesc>
		<revisionDesc>
			<change>
				<date>2009-08-10</date>
				<name xml:id="SM">Sharon Messenger</name>Initial Transcription by Sharon Messenger
			</change>
			<change>
				<date>2009-08-21</date>
				<name xml:id="CL">Chris Lawrence</name>Proofed by Chris
			</change>
		</revisionDesc>
	</teiHeader>

	<text xmlns:tei="http://www.tei-c.org/ns/1.0">
		<body xml:lang="en">
			<div>

	<pb n="0001" facs="liv_001150_0001"/><!--pb/@n='1'-->
<lb/><p rend="left">With <hi rend="underline">the 
<lb/>questions</hi></p>
<lb/><p rend="right"><placeName>Admiralty</placeName></p>
<lb/><p rend="right">9<hi rend="sup">th</hi> Dec<hi rend="sup">r</hi></p>
<lb/><p rend="right">1857 </p>
<lb/><p>Dear <persName>Captain Washington</persName></p>
<lb/><p>While waiting at 
<lb/>the Admiralty I shall 
<lb/>try &amp; answer your 
<lb/>questions<reg>.</reg></p>
<lb/><p>1<hi rend="sup">st</hi> the unhealthy 
<lb/>region extends 
<lb/>about 200 <add place="above">miles</add> from 
<lb/>the coast 

	<pb n="0002" facs="liv_001150_0002"/><!--pb/@n='2'--> 
<lb/>or <choice><sic>untill</sic><corr>until</corr></choice> you get 
<lb/>through the gorge 
<lb/>of <placeName>Lupata</placeName><reg>.</reg></p>
<lb/><p>2<hi rend="sup">d</hi> 3 3/4 miles per hour 
<lb/>in some parts a 
<lb/>little more say 4. </p>
<lb/><p>3<hi rend="sup">d</hi> No. the steam launch 
<lb/>spoken of 
<lb/>would be used above 
<lb/>the rapid. </p>
<lb/><p>4<hi rend="sup"><hi rend="underline">th</hi></hi> I suppose that 
<lb/>they are formed 

	<pb n="0003" facs="liv_001150_0003"/><!--pb/@n='3'--> 
<lb/>by certain dykes of 
<lb/>basalt which I saw 
<lb/>lying in the direction 
<lb/>in which the rapid 
<lb/>occurs - there is no 
<lb/>great fall of the 
<lb/>country there I am 
<lb/>certain so it is not 
<lb/>"a water fall"<reg>.</reg></p>
<lb/><p>5. <persName>M<hi rend="sup">r</hi> Hoskins</persName> now 
<lb/>commands a 
<lb/>gun boat in <placeName>China</placeName>
<lb/>I do not know any 
<lb/>of the "Grecian" men<reg>.</reg></p>

	<pb n="0004" facs="liv_001150_0004"/><!--pb/@n='4'-->
<lb/><p><persName>M<hi rend="sup">r</hi> Swaine</persName> was 
<lb/>serving at the same 
<lb/>time with <persName>Hoskins</persName>
<lb/>and he was 2<hi rend="sup">d</hi> master 
<lb/>of the Pluto steamer 
<lb/>when I was at <placeName>Loanda</placeName>. There are 
<lb/>probably others who 
<lb/>were there on 
<lb/>board the Castor 
<lb/>with <persName>Captain Parker</persName> who was killed at 
<lb/>the <placeName>Danube</placeName><reg>.</reg>

	<pb n="0005" facs="liv_001150_0005"/><!--pb/@n='5'--> 
<lb/>6<hi rend="sup"><hi rend="underline">th</hi></hi> the good 
<w>con-<lb break="no"/>templated</w> by a larger 
<lb/>vessel would be 
<lb/>getting quickly through 
<lb/>the unhealthy part 
<lb/>before being any 
<lb/>time on shore 
<lb/>putting the launch 
<lb/>together. It is 
<lb/>beyond the Portuguese 
<lb/>territory where my 
<lb/>work is chiefly 
<lb/>to be done<reg>.</reg></p>

	<pb n="0006" facs="liv_001150_0006"/><!--pb/@n='6'-->
<lb/><p>7 I understood that 
<lb/><persName>M<hi rend="sup">r</hi> Laird<reg>'</reg>s</persName> vessel 
<lb/>would draw 
<lb/>5 feet only in 
<lb/>the river but 
<lb/>could be loaded 
<lb/>up to 8 ft for 
<lb/>the sea voyage. 
<lb/>8 ft seems too 
<lb/>much for the 
<lb/>first voyage up 

	<pb n="0007" facs="liv_001150_0007"/><!--pb/@n='7'--> 
<lb/>as it is desirable to 
<lb/>have the <hi rend="underline">first</hi> attempt 
<lb/>successful. Any 
<lb/>blundering, getting 
<lb/>on to banks &amp;c 
<lb/>would be excused 
<lb/>in subsequent 
<lb/>voyages. If it 
<lb/>does not draw 
<lb/>less than 8 ft that 
<lb/>seems too deep 
<lb/>for the purpose till 
<lb/>the river is known </p>

	<pb n="0008" facs="liv_001150_0008"/><!--pb/@n='8'-->
<lb/><p>but if we should 
<lb/>get out in May 
<lb/>I think that such 
<lb/>a vessel would go up easily to 
<lb/><placeName>Tett</placeName> or <placeName>Nyungwe</placeName>
<lb/><del type="strikethrough">but</del> for prudence 
<lb/>sake the less she 
<lb/>draws the better<reg>.</reg></p>
<lb/><p>Thanks for the 
<lb/>note from the Foreign 
<lb/>Office<reg>.</reg> I am Dear Sir 
<lb/>truly yours D. Livingstone </p>
			
</div>
		</body>
	</text></TEI>