<?xml version="1.0" encoding="UTF-8"?>
<!--Converted from a TEI P4 XML file to the LEAP TEI P5 Schema by James Cummings on 2015-03-02-->
<?xml-model href="http://livingstoneonline.github.io/LEAP-ODD/leap.rng" type="application/xml" schematypens="http://relaxng.org/ns/structure/1.0"?>
<?xml-model href="http://livingstoneonline.github.io/LEAP-ODD/leap.rng" type="application/xml" schematypens="http://purl.oclc.org/dsdl/schematron"?>
<?xml-stylesheet type="text/xsl" href="http://livingstoneonline.github.io/LEAP-XSLT/transcription.xsl"?>
<TEI xmlns="http://www.tei-c.org/ns/1.0" xml:id="liv_001031">
	<teiHeader xmlns:tei="http://www.tei-c.org/ns/1.0">
		<fileDesc>
			<titleStmt>
				<title>Letter to John Murray</title>
				<author xml:id="DL">David Livingstone</author>
			</titleStmt>
			<publicationStmt>
				<authority>Livingstone Online</authority>
				<pubPlace>London</pubPlace>
				<date>2008-04-02</date>
				<publisher>Wellcome Centre for the History of Medicine, UCL</publisher>
				<idno type="LEAP-ID">liv_001031</idno>
			</publicationStmt>
			<sourceDesc>
				<bibl xml:id="shelfmark">John Murray Archive, National Library of Scotland, MS. 42420, ff. 33r-36v</bibl>
				<bibl xml:id="ccnumber">0529</bibl>
				<bibl xml:id="recipient">John Murray</bibl>
				<bibl xml:id="date">26 May 1857</bibl>
				<bibl xml:id="where">Hadley Hurst, Barnet</bibl>
			</sourceDesc>
		</fileDesc>
		<profileDesc>
			<langUsage>
				<language ident="en">English</language>
			</langUsage>
			<handNotes>
				<handNote xml:id="hand01">Scribe: Unknown</handNote>
			</handNotes>
		</profileDesc>
		<revisionDesc>
			<change>
				<date>2008-04-02</date>
				<name xml:id="SM">Sharon Messenger</name>Initial Transcription by Sharon Messenger
			</change>
			<change>
				<date>2008-11-18</date>
				<name xml:id="CL">Chris Lawrence</name>Proof by Chris Lawrence
			</change>
		</revisionDesc>
	</teiHeader>

	<text xmlns:tei="http://www.tei-c.org/ns/1.0">
		<body xml:lang="en">
			<div>

	<pb n="0001" facs="liv_001031_0001"/><!--pb/@n='33r'-->
<lb/><p rend="right"><placeName>Hadley Hurst</placeName></p>
<lb/><p rend="right"><placeName>Barnet</placeName>.</p>
<lb/><p rend="right">
<lb/>26<hi rend="sup"><hi rend="underline">th</hi></hi> May 1857</p>
<lb/><p>My Dear <persName>M<hi rend="sup"><hi rend="underline">r</hi></hi> Murray,</persName></p>
<lb/><p>We did not 
<lb/>get away the other 
<lb/>night till near 
<lb/>midnight, so did 
<lb/>not disturb you 
<lb/>but I took the 
<lb/>liberty of sending 

	<pb n="0002" facs="liv_001031_0002"/><!--pb/@n='33v'--> 
<lb/>a man who 
<lb/>conveyed our 
<lb/>luggage to the 
<lb/>Railway to disturb 
<lb/>you next day. 
<lb/>He could not take 
<lb/>payment till 
<lb/>we were gone 
<lb/>so I drew on 
<lb/>your kindness &amp; 
<lb/>I will settle this 

	<pb n="0003" facs="liv_001031_0003"/><!--pb/@n='34r'--> 
<lb/>little item when I come 
<lb/>leaving the larger 
<lb/>for the future. </p>
<lb/><p>Will <persName>Kane's</persName>
<lb/>style be any help to 
<lb/>me? It is spoken 
<lb/>so highly of I would 
<lb/>like to see it if 
<lb/>you think it 
<lb/>worth while. I 
<lb/>should like to 
<lb/>have Roget's 
<lb/>thesaurus of 
<lb/>synonyms - 

	<pb n="0004" facs="liv_001031_0004"/><!--pb/@n='34v'--> 
<lb/>and Maunder<reg>'</reg>s treasury 
<lb/>of words. Kane 
<lb/>I would only care to 
<lb/>have the loan of 
<lb/>from a library. 
<lb/><choice><reg>T</reg><orig>t</orig></choice>his place is perfectly 
<lb/>quiet. It feels like 
<lb/>when an engine 
<lb/>on board a steamer 
<lb/>has suddenly stopped 
<lb/>I shall get on 
<lb/>well now. </p>
<lb/><p>Your reviser 
<lb/>had better not 

	<pb n="0005" facs="liv_001031_0005"/><!--pb/@n='35r'--> 
<lb/><choice><sic>not</sic><corr>notext</corr></choice> have much 
<lb/>printed before 
<lb/>I see the corrections 
<lb/>for I find that 
<lb/>frequently another 
<lb/>idea has been 
<lb/>suggested to 
<lb/>your mind 
<lb/>and that of my 
<lb/>brother than 
<lb/>I intended and 

	<pb n="0006" facs="liv_001031_0006"/><!--pb/@n='35v'--> 
<lb/>I can by adding 
<lb/>avoid put 
<lb/>these right. I begin 
<lb/>to feel somewhat 
<lb/>anxious lest 
<lb/>anything should 
<lb/>be not exactly 
<lb/>true or rather 
<lb/>just my way 
<lb/>of saying them 

	<pb n="0007" facs="liv_001031_0007"/><!--pb/@n='36r'--> 
<lb/>should convey 
<lb/>aught but the 
<lb/>real veritable 
<lb/>idea I have of 
<lb/>them in my 
<lb/>own mind. When 
<lb/>the impression 
<lb/>is <del type="strikethrough">made</del><add place="above">printed off</add> then 
<lb/>there will be 
<lb/>no altering any 
<lb/>errata<reg>.</reg></p>

	<pb n="0008" facs="liv_001031_0008"/><!--pb/@n='36v'-->
<lb/><p>I go on with the 
<lb/>new matter now 
<lb/>and will soon 
<lb/>give you a good 
<lb/>account of 
<lb/>my progress<reg>.</reg></p>
<lb/><p rend="center">I am &amp;c</p>
<lb/><p rend="center"><persName>D. Livingstone</persName></p>
<lb/><p><persName>Sir Roderick</persName> raises 
<lb/>the expectations 
<lb/>of the public about 
<lb/>the book by his 
<lb/>remarks. </p>
			
</div>
		</body>
	</text></TEI>