<?xml version="1.0" encoding="UTF-8"?>
<!--Converted from a TEI P4 XML file to the LEAP TEI P5 Schema by James Cummings on 2015-03-02-->
<?xml-model href="http://livingstoneonline.github.io/LEAP-ODD/leap.rng" type="application/xml" schematypens="http://relaxng.org/ns/structure/1.0"?>
<?xml-model href="http://livingstoneonline.github.io/LEAP-ODD/leap.rng" type="application/xml" schematypens="http://purl.oclc.org/dsdl/schematron"?>
<?xml-stylesheet type="text/xsl" href="http://livingstoneonline.github.io/LEAP-XSLT/transcription.xsl"?>
<TEI xmlns="http://www.tei-c.org/ns/1.0" xml:id="liv_001460"><!-- LP38 -->
	<teiHeader xmlns:tei="http://www.tei-c.org/ns/1.0">
		<fileDesc>
			<titleStmt>
				<title>Letter to Pye Brothers</title>
				<author xml:id="DL">David Livingstone</author>
			</titleStmt>
			<publicationStmt>
				<authority>Livingstone Online</authority>
				<pubPlace>London</pubPlace>
				<date>2005-05-10</date>
				<publisher>Wellcome Centre for the History of Medicine, UCL</publisher>
				<idno type="LEAP-ID">liv_001460</idno>
			</publicationStmt>
			<sourceDesc>
				<bibl xml:id="ccnumber">0923</bibl>
				<bibl xml:id="recipient">Pye Brothers</bibl>
				<bibl xml:id="date">31 July 1859</bibl>
				<bibl xml:id="where">Kongone Harbour</bibl>
				<bibl xml:id="shelfmark">Wellcome Library Ms. 7329/38</bibl><!--1859-07-31--><!--Original:1859-07-31-->
				<bibl xml:id="extent">4 pages</bibl>
			</sourceDesc>
		</fileDesc>
		<revisionDesc>
			<change>
				<date>2005-05-10</date>
				<name xml:id="SM">Sharon Messenger</name>Initial Transcription
			</change>
			<change>
				<date>2006-02-13</date>
				<name xml:id="JB">Janet Browne</name>first proof
			</change>
			<change>
				<date>2006-02-23</date>
				<name xml:id="CL">Chris lawrence</name>second proof
			</change>
			<change>
				<date>2006-03-02</date>
				<name xml:id="CO">Caroline Overy</name>final proof
			</change>
		</revisionDesc>
	</teiHeader>

	<text xmlns:tei="http://www.tei-c.org/ns/1.0">
		<body>
			<div>

	<pb n="0001" facs="liv_001460_0001"/><!--pb/@n='1'--> 
<!--Hand 01 31 top left--><!--Hand 02 67480 top right--><!--Hand 03 <p>D<hi rend="superscript">r</hi>. David Livingstone</p> top right-->
<lb/><p rend="right"><placeName>Kongone Harbour</placeName></p>
<lb/><p rend="right">31<hi rend="sup"><hi rend="underline">st</hi></hi> July 1859</p>
<lb/><p><persName>Mess<hi rend="sup"><hi rend="underline">rs</hi></hi> Pye, Brothers</persName></p>
<lb/><p>Sir</p>
<lb/><p>As you kindly 
<lb/>undertook the examination 
<lb/>of the <term type="plant">Buaze</term> which I 
<lb/>brought home in 1856 
<lb/>and reported favourably 
<lb/>there on though the specimen 
<lb/>was too small for 
<lb/>any manufacture, 

	<pb n="0002" facs="liv_001460_0002"/><!--pb/@n='2'--> 
<lb/>I have taken the liberty 
<lb/>to transmit through the 
<lb/>Foreign Office a box 
<lb/>and two barrels of the 
<lb/>same fibre in the hope 
<lb/>that it may be 
<w>con-<lb break="no"/>venient</w> for you to 
<lb/>convert a portion of it 
<lb/>into cloth, or other 
<lb/>materials proper for 
<lb/>a thorough trial of its 
<lb/>properties. The seed 
<lb/>contains a valuable 
<lb/>oil for painting and 
<lb/>the plant itself grows 

	<pb n="0003" facs="liv_001460_0003"/><!--pb/@n='3'--> 
<lb/>on soil unfit for other 
<lb/>cultivation and no pains 
<lb/>are required in rearing 
<lb/>the crop as it yields by 
<lb/>being pollarded. Seeds 
<lb/>have been sent to Natal 
<lb/>and India and should 
<lb/>you be able to produce 
<lb/>a fabric of finer and 
<lb/>stronger quality than flax, 
<lb/>there is but little doubt 
<lb/>but H. M. Secretary 
<lb/>of State for Foreign 
<lb/>Affairs would encourage 
<lb/>its production in our 
<lb/>own colonies</p>

	<pb n="0004" facs="liv_001460_0004"/><!--pb/@n='4'-->
<lb/><p>Your report on its strength 
<lb/>bleaching properties &amp;c 
<lb/>if addressed to the Foreign 
<lb/>Office would <choice><sic>recieve</sic><corr>receive</corr></choice>
<lb/>the attention it merited</p>
<lb/><p rend="right">Your Obedient Servant</p>
<lb/><p rend="right">David Livingstone</p>
			
</div>
		</body>
	</text></TEI>