<?xml version="1.0" encoding="UTF-8"?>
<!--Converted from a TEI P4 XML file to the LEAP TEI P5 Schema by James Cummings on 2015-03-02-->
<?xml-model href="http://livingstoneonline.github.io/LEAP-ODD/leap.rng" type="application/xml" schematypens="http://relaxng.org/ns/structure/1.0"?>
<?xml-model href="http://livingstoneonline.github.io/LEAP-ODD/leap.rng" type="application/xml" schematypens="http://purl.oclc.org/dsdl/schematron"?>
<?xml-stylesheet type="text/xsl" href="http://livingstoneonline.github.io/LEAP-XSLT/transcription.xsl"?>
<TEI xmlns="http://www.tei-c.org/ns/1.0" xml:id="liv_000937"><!-- LP125 -->
	<teiHeader xmlns:tei="http://www.tei-c.org/ns/1.0">
		<fileDesc>
			<titleStmt>
				<title>Letter to James Loudon</title>
				<author xml:id="DL">David Livingstone</author>
			</titleStmt>
			<publicationStmt>
				<authority>Livingstone Online</authority>
				<pubPlace>London</pubPlace>
				<date>2006-10-09</date>
				<publisher>Wellcome Centre for the History of Medicine, UCL</publisher>
				<idno type="LEAP-ID">liv_000937</idno>
			</publicationStmt>
			<sourceDesc>
				<bibl xml:id="ccnumber">0448</bibl>
				<bibl xml:id="recipient">James Loudon</bibl>
				<bibl xml:id="date">[30 December 1856]</bibl>
				<bibl xml:id="where">[Hamilton]</bibl>
				<bibl xml:id="shelfmark">David Livingstone Centre (Uncatalogued Papers)</bibl><!--1856-12-30--><!--Original:[1856-12-30]--><!-- Arbitrary or explicit date-->
				<bibl xml:id="extent">3 pages</bibl>
			</sourceDesc>
		</fileDesc>
		<revisionDesc>
			<change>
				<date>2006-06-23</date>
				<name xml:id="CO">Caroline Overy</name>Initial Transcription
			</change>
			<change>
				<date>2006-09-12</date>
				<name xml:id="CL">Chris Lawrence</name>first proof
			</change>
			<change>
				<date>2006-09-19</date>
				<name xml:id="JB">Janet Browne</name>second proof
			</change>
			<change>
				<date>2006-10-03</date>
				<name xml:id="SM">Sharon Messenger</name>final proof
			</change>
		</revisionDesc>
	</teiHeader>

	<text xmlns:tei="http://www.tei-c.org/ns/1.0">
		<body>
			<div>

	<pb n="0001" facs="liv_000937_0001"/><!--pb/@n='1r'-->
<lb/><p rend="right">Tuesday Morning</p>
<lb/><p rend="center">Doctor Loudon</p>
<lb/><p>Dear Sir</p>
<lb/><p>Will you 
<lb/>favour me with a 
<lb/>call as soon as 
<lb/>may be convenient 
<lb/>to you. I have 
<lb/>a bad cold and 
<lb/>as it is expected 
<lb/>that I employ 
<lb/>my voice soon 

	<pb n="0002" facs="liv_000937_0002"/><!--pb/@n='1v'-->
<lb/>I wish if possible 
<lb/>to get rid of the 
<lb/>hoarseness. If 
<lb/>you think a 
<lb/>mustard plaister 
<lb/>advisable please 
<lb/>bring it with 
<lb/>you. I should 
<lb/>like an aperient 
<lb/>and the resin of 
<lb/>Jalap with calomel 
<lb/>suits me better 
<lb/>in the form of 
<lb/>pill. than some 

	<pb n="0003" facs="liv_000937_0003"/><!--pb/@n='2r'-->
<lb/><!-- hand 01 top right 766-->others in liquid form 
<lb/>but I shall take 
<lb/>anything you may 
<lb/>consider better</p>
<lb/><p>Pray excuse my 
<lb/>apparent dictation 
<lb/>&amp; oblige yours 
<lb/>Most Truly</p>
<lb/><p>David Livingston</p>
<lb/><p><unclear cert="medium">Burnbank Road</unclear></p>
			
</div>
		</body>
	</text></TEI>