<?xml version="1.0" encoding="UTF-8"?>
<!--Converted from a TEI P4 XML file to the LEAP TEI P5 Schema by James Cummings on 2015-03-02-->
<?xml-model href="http://livingstoneonline.github.io/LEAP-ODD/leap.rng" type="application/xml" schematypens="http://relaxng.org/ns/structure/1.0"?>
<?xml-model href="http://livingstoneonline.github.io/LEAP-ODD/leap.rng" type="application/xml" schematypens="http://purl.oclc.org/dsdl/schematron"?>
<?xml-stylesheet type="text/xsl" href="http://livingstoneonline.github.io/LEAP-XSLT/transcription.xsl"?>
<TEI xmlns="http://www.tei-c.org/ns/1.0" xml:id="liv_001558">
	<teiHeader xmlns:tei="http://www.tei-c.org/ns/1.0">
		<fileDesc>
			<titleStmt>
				<title>Letter to Edgar L. Layard</title>
				<author xml:id="DL">David Livingstone</author>
			</titleStmt>
			<publicationStmt>
				<authority>Livingstone Online</authority>
				<pubPlace>London</pubPlace>
				<date>2007-07-12</date>
				<publisher>Wellcome Centre for the History of Medicine, UCL</publisher>
				<idno type="LEAP-ID">liv_001558</idno>
			</publicationStmt>
			<sourceDesc>
				<bibl xml:id="shelfmark">National Library of Scotland, MS.10768, ff. 43-44</bibl>
				<bibl xml:id="ccnumber">1014</bibl>
				<bibl xml:id="recipient">Edgar L. Layard</bibl>
				<bibl xml:id="date">7 April 1860</bibl>
				<bibl xml:id="where">Senna</bibl>
			</sourceDesc>
		</fileDesc>
		<profileDesc>
			<langUsage>
				<language ident="en">English</language>
			</langUsage>
			<handNotes>
				<handNote xml:id="hand01" medium="pencil_ink">Scribe: Unknown</handNote>
			</handNotes>
		</profileDesc>
		<revisionDesc>
			<change>
				<date>2007-07-12</date>
				<name xml:id="SM">Sharon Messenger</name>Intial Transcription by Sharon Messenger
			</change>
			<change>
				<date>2007-08-07</date>
				<name xml:id="CL">Chris Lawrence</name>Proofed by Chris
			</change>
		</revisionDesc>
	</teiHeader>

	<text xmlns:tei="http://www.tei-c.org/ns/1.0">
		<body xml:lang="en">
			<div>

	<pb n="0001" facs="liv_001558_0001"/><!--pb/@n='43r'-->
<lb/><p rend="right"><placeName>Senna</placeName> 7<hi rend="sup"><hi rend="underline">th</hi></hi> April </p>
<lb/><p rend="right">1860 </p>
<lb/><p><hi rend="underline">Private</hi></p>
<lb/><p>My Dear <persName>M<hi rend="sup"><hi rend="underline">r</hi></hi> Layard</persName>
<lb/>In reply to your 
<lb/>enquiry about snails I have to 
<lb/>confess that there is a singular 
<lb/>and blessed scarcity of them here. 
<lb/>I can recollect having seen only 
<lb/>nine species - of these one is 
<lb/>a black velveteen coated individual 
<lb/>without shell, and another very 
<lb/>like that yellow civilized snail 
<lb/>which we used to see when 
<lb/>"daisies &amp; buttercups gladdened 
<lb/>our sight"<reg>.</reg> He is houseless too. 
<lb/>Whether this scarcity arises from 
<lb/>the tremendous grass burnings </p>

	<pb n="0002" facs="liv_001558_0002"/><!--pb/@n='44r'-->
<lb/><p>that annually sweep over the land, 
<lb/>or from <add place="above">the</add> want <add place="above">of</add> enterprise (in the 
<lb/>animals) which has consigned this 
<lb/>fine country to paltry peddling 
<lb/>in ivory &amp; sneaking dealing in 
<lb/>in human flesh, I cannot pretend 
<lb/>to say, but if you are fond of 
<lb/>throwing snails into your dissenting 
<lb/>neighbour's garden, you need not 
<lb/>come here. It would be all up with 
<lb/>you. <choice><reg>B</reg><orig>b</orig></choice>ut I shall try &amp; send you 
<lb/>a few some day.</p>
<lb/><p><persName>D<hi rend="sup"><hi rend="underline">r</hi></hi> Kirk</persName> got away a good 
<lb/>botanical collection and <persName>M<hi rend="sup"><hi rend="underline">r</hi></hi> C Livingstone</persName>
<lb/>a good many birds. <choice><reg>B</reg><orig>b</orig></choice>ut it has 
<lb/>been uphill work - want of room 
<lb/>and perpetual damp in our wretched 
<lb/>asthmatic steamer seriously 
<w>im-<lb break="no"/>peded</w> every effort. But if we live, 
<lb/>we shall do something more, i.e. we 
<lb/>shall try &amp; try again<reg>.</reg></p>

	<pb n="0003" facs="liv_001558_0003"/><!--pb/@n='3'-->
<lb/><p>Thanks for the <unclear cert="low">Pinches</unclear> - the good 
<lb/>old fellow swam ashore seven 
<lb/>miles west of where he 
<lb/>was sent afloat! <choice><reg>L</reg><orig>l</orig></choice>etters lost. 
<lb/>I am &amp;c 
<lb/><persName>D. Livingstone</persName></p>
<lb/><p>We leave our craft at <placeName>Tette</placeName>
<lb/>if she floats so long she is 
<lb/>completely done. A better 
<lb/>vessel is necessary before 
<lb/>any collection can be made<reg>.</reg>
<lb/>Thanks for the zoological information </p>
			
</div>
		</body>
	</text></TEI>