<?xml version="1.0" encoding="UTF-8"?>
<!--Converted from a TEI P4 XML file to the LEAP TEI P5 Schema by James Cummings on 2015-03-02-->
<?xml-model href="http://livingstoneonline.github.io/LEAP-ODD/leap.rng" type="application/xml" schematypens="http://relaxng.org/ns/structure/1.0"?>
<?xml-model href="http://livingstoneonline.github.io/LEAP-ODD/leap.rng" type="application/xml" schematypens="http://purl.oclc.org/dsdl/schematron"?>
<?xml-stylesheet type="text/xsl" href="http://livingstoneonline.github.io/LEAP-XSLT/transcription.xsl"?>
<TEI xmlns="http://www.tei-c.org/ns/1.0" xml:id="liv_000694"><!-- LP6 -->
	<teiHeader xmlns:tei="http://www.tei-c.org/ns/1.0">
		<fileDesc>
			<titleStmt>
				<title>Letter to Henry H. Methuen</title>
				<author xml:id="DL">David Livingstone</author>
			</titleStmt>
			<publicationStmt>
				<authority>Livingstone Online</authority>
				<pubPlace>London</pubPlace>
				<date>2005-04-27</date>
				<publisher>Wellcome Centre for the History of Medicine, UCL</publisher>
				<idno type="LEAP-ID">liv_000694</idno>
			</publicationStmt>
			<sourceDesc>
				<bibl xml:id="ccnumber">0224</bibl>
				<bibl xml:id="recipient">Henry H. Methuen</bibl>
				<bibl xml:id="date">[1 November 49-28 February 1850]</bibl>
				<bibl xml:id="where">[Kolobeng]</bibl>
				<bibl xml:id="shelfmark">Wellcome Library Ms. 7329/6</bibl><!--1849-11-01--><!--Original:[circa Nov 1849 - Feb 1850]--><!--MH 1st Nov 1849-28th Feb 1850?? from C and C-->
				<bibl xml:id="extent">2 pages</bibl>
			</sourceDesc>
		</fileDesc>
		<revisionDesc>
			<change>
				<date>2005-04-26</date>
				<name xml:id="CO">Caroline Overy</name>Initial Transcription
			</change>
			<change>
				<date>2006-02-11</date>
				<name xml:id="CL">Chris Lawrence</name>first proof
			</change>
			<change>
				<date>2006-02-19</date>
				<name xml:id="JB">Janet Browne</name>second proof
			</change>
			<change>
				<date>2006-03-02</date>
				<name xml:id="SM">Sharon Messenger</name>final proof
			</change>
		</revisionDesc>
	</teiHeader>

	<text xmlns:tei="http://www.tei-c.org/ns/1.0">
		<body>
			<div>

	<pb n="0001" facs="liv_000694_0001"/><!--pb/@n='1'-->
<lb/><p><!--final page only of a letter-->of them intended building better houses - the only encouragement 
<lb/>necessary being assistance in nails for fastening the roofs 
<lb/>But the drought has prevented progress. By the way 
<lb/>if you happen to see a sovereign or so on your desk and 
<lb/>dont <del type="strikethrough" resp="#CO">know</del> remember how it got there or what you ought 
<lb/>to do with it - please invest it in nails and send them 
<lb/>this way. We have two tribes here, the <term type="tribe">Bakwains</term>
<lb/>and <term type="tribe">Bakaa</term>. The latter were driven away from 
<lb/>their own country by <persName>Sekhomi</persName> the chief of the <term>Bamang-
                  <!--MH hyphen on lower line-->wato.</term> We have some mines of iron and the 
<lb/><term type="tribe">Bakaa</term> make use of them, but having only recently 
<lb/>come I have not yet been able to introduce any 
<lb/>improvement in smelting - both sugar cane 
<lb/>&amp; sweet potato would do here if we only had rain 
<lb/><persName>M<hi rend="sup">r</hi> Freeman</persName> one of the secretaries of our society 
<lb/>promised to send the latter if he could from the Mauritius 
<lb/>whither he proceeds after inspecting the various 
<lb/>missions of this country. But should you ever 
<lb/>come you must try &amp; bring everything in the seed 
<lb/>line that falls in your way. We built a 
<lb/>millhouse but the water dried up before we got 
<lb/>farther</p>
<lb/><p>An opportunity having unexpectedly <unclear cert="low">&amp;</unclear> occured of send
<lb/>ing to <placeName>Kuruman</placeName> I embrace it without adding more than 
<lb/>requesting you to remember me kindly to <persName>your father</persName></p>
<lb/><p>And believe me yours most truly</p>
<lb/><p rend="center">D Livingston</p><!-- Hand 01 1850 bottom right-->

	<pb n="0002" facs="liv_000694_0002"/><!--pb/@n='2'-->
<note type="editorial" anchored="true">page folds into envelope and has address, sideways on page</note><!-- postmark 01 unclear-->
<lb/><p><del type="strikethrough">Care of <persName>Rev<hi rend="sup">d</hi> D<hi rend="sup"><hi rend="underline">r</hi></hi> Philip</persName></del></p>
<lb/><p><del type="strikethrough">Cape Town</del></p>
<lb/><p><!--different hand--><hi rend="underline"><unclear cert="medium">Replied</unclear></hi><!--end of different hand--></p>
<lb/><p><!--crossed out-->Rev<hi rend="sup">d</hi><persName>H. H. Methuen</persName></p>
<lb/><p>All Cannings Rectory</p>
<lb/><p>Devizes</p>
<lb/><p>England<!--end of crossing out--><!-- Postmark 02 Devizes JY 1 1850--><!-- Postmark 03 General Post Office--></p>
			
</div>
		</body>
	</text></TEI>