<?xml version="1.0" encoding="UTF-8"?>
<!--Converted from a TEI P4 XML file to the LEAP TEI P5 Schema by James Cummings on 2015-03-02-->
<?xml-model href="http://livingstoneonline.github.io/LEAP-ODD/leap.rng" type="application/xml" schematypens="http://relaxng.org/ns/structure/1.0"?>
<?xml-model href="http://livingstoneonline.github.io/LEAP-ODD/leap.rng" type="application/xml" schematypens="http://purl.oclc.org/dsdl/schematron"?>
<?xml-stylesheet type="text/xsl" href="http://livingstoneonline.github.io/LEAP-XSLT/transcription.xsl"?>
<TEI xmlns="http://www.tei-c.org/ns/1.0" xml:id="liv_001002">
	<teiHeader xmlns:tei="http://www.tei-c.org/ns/1.0">
		<fileDesc>
			<titleStmt>
				<title>Letter to H. Norton Shaw</title>
				<author xml:id="DL">David Livingstone</author>
			</titleStmt>
			<publicationStmt>
				<authority>Livingstone Online</authority>
				<pubPlace>London</pubPlace>
				<date>15-01-2009</date>
				<publisher>Wellcome Centre for the History of Medicine, UCL</publisher>
				<idno type="LEAP-ID">liv_001002</idno>
			</publicationStmt>
			<sourceDesc>
				<bibl xml:id="shelfmark">Royal Geographical Society, Archives, DL 2/15/5</bibl>
				<bibl xml:id="ccnumber">0505</bibl>
				<bibl xml:id="recipient">H. Norton Shaw</bibl>
				<bibl xml:id="date">21 April 1857</bibl>
				<bibl xml:id="where">57 Sloane Street</bibl>
			</sourceDesc>
		</fileDesc>
		<profileDesc>
			<langUsage>
				<language ident="en">English</language>
			</langUsage>
			<handNotes>
				<handNote xml:id="hand01">Scribe: Unknown</handNote>
			</handNotes>
		</profileDesc>
		<revisionDesc>
			<change>
				<date>12-01-2009</date>
				<name xml:id="initials">SM</name>Initial Transcription by Sharon Messenger
			</change>
			<change>
				<date>2009-01-27</date>
				<name xml:id="CL">Christopher Lawrence</name>Proof by Chris Lawrence
			</change>
		</revisionDesc>
	</teiHeader>

	<text xmlns:tei="http://www.tei-c.org/ns/1.0">
		<body xml:lang="en">
			<div>

	<pb n="0001" facs="liv_001002_0001"/><!--pb/@n='1r'-->
<lb/><p rend="right"><placeName>57 Sloane St</placeName></p>
<lb/><p rend="right">27 <hi rend="sup"><hi rend="underline">th</hi></hi> April </p>
<lb/><p rend="right">1857</p>
<lb/><p>My Dear <persName>D<hi rend="sup">r</hi> Shaw</persName></p>
<lb/><p>I am very 
<lb/>happy to hear of 
<lb/>your restoration 
<lb/>to health so far 
<lb/>as to admit of 
<lb/>your return. I 
<lb/>shall come down 
<lb/>and see you for 

	<pb n="0002" facs="liv_001002_0002"/><!--pb/@n='1v'--> 
<lb/><choice><sic>for</sic><corr>no text</corr></choice> a minute 
<lb/>or two as soon 
<lb/>as I can get away<reg>.</reg>
<lb/><persName>M<hi rend="sup"><hi rend="underline">rs</hi></hi> L.</persName> had a miscarriage 
<lb/>of two months 
<lb/>yesterday and I am 
<lb/>tied somewhat at 
<lb/>present. <choice><reg>T</reg><orig>t</orig></choice>his prevented 
<lb/>my coming to the 
<lb/>meeting last night<reg>.</reg>
<lb/>Now take it easy 
<lb/>if you can. You 
<lb/>largely developed heads 
<lb/>&amp; light made bodies 

	<pb n="0003" facs="liv_001002_0003"/><!--pb/@n='2r'--> 
<lb/>always overwork 
<lb/>yourselves. <choice><reg>T</reg><orig>t</orig></choice>hat illness 
<lb/>was a hint to you<reg>.</reg>
<lb/>Don<reg>'</reg>t work too much<reg>.</reg>
<lb/>If you had a body 
<lb/>like <persName>M<hi rend="sup"><hi rend="underline">r</hi></hi> White<reg>'</reg>s</persName>
<lb/>then you might 
<lb/>work night and 
<lb/>day. Excuse my 
<lb/>advising <hi rend="underline">you</hi>. </p>
<lb/><p>I am not invited. 
<lb/>"the communication 
<lb/>from <persName>D<hi rend="sup"><hi rend="underline">r</hi></hi> Livingston</persName>" 
<lb/>is a letter I wrote 
<lb/>the <persName>Lord Mayor</persName> stating 
<lb/>I wished the fund 
<lb/>to be paid into Coutts &amp;c 

	<pb n="0004" facs="liv_001002_0004"/><!--pb/@n='2v'--> 
<lb/>to my account. <choice><reg>T</reg><orig>t</orig></choice>his 
<lb/>is the only thing I have 
<lb/>to say, but as I have 
<lb/>said it already I need 
<lb/>not go. I am otherwise 
<lb/>engaged besides. </p>
<lb/><p>I saw <persName><add place="above">Captain</add> Denman</persName> today 
<lb/>and we agreed that 
<lb/>it would be well not 
<lb/>to appear to quarrel 
<lb/>with the society<reg>'</reg>s people 
<lb/>they offer me entire 
<lb/>freedom to follow my 
<lb/>own plans as my 
<lb/>severance would hurt 
<lb/>them much. Give 
<lb/><persName>White</persName> a hint please &amp; 
<lb/>oblige yours <persName>D. Livingstone</persName></p>
			
</div>
		</body>
	</text></TEI>