<?xml version="1.0" encoding="UTF-8"?>
<!--Converted from a TEI P4 XML file to the LEAP TEI P5 Schema by James Cummings on 2015-03-02-->
<?xml-model href="http://livingstoneonline.github.io/LEAP-ODD/leap.rng" type="application/xml" schematypens="http://relaxng.org/ns/structure/1.0"?>
<?xml-model href="http://livingstoneonline.github.io/LEAP-ODD/leap.rng" type="application/xml" schematypens="http://purl.oclc.org/dsdl/schematron"?>
<?xml-stylesheet type="text/xsl" href="http://livingstoneonline.github.io/LEAP-XSLT/transcription.xsl"?>
<TEI xmlns="http://www.tei-c.org/ns/1.0" xml:id="liv_000951">
	<teiHeader xmlns:tei="http://www.tei-c.org/ns/1.0">
		<fileDesc>
			<titleStmt>
				<title>Letter to Ragged School, Stockport</title>
				<author xml:id="DL">David Livingstone</author>
			</titleStmt>
			<publicationStmt>
				<authority>Livingstone Online</authority>
				<pubPlace>London</pubPlace>
				<date>2009-05-19</date>
				<publisher>Wellcome Centre for the History of Medicine, UCL</publisher>
				<idno type="LEAP-ID">liv_000951</idno>
			</publicationStmt>
			<sourceDesc>
				<bibl xml:id="shelfmark">School of Oriental and African Studies Library, University of London, CWM/LMS, Livingstone Wooden Box-105</bibl>
				<bibl xml:id="ccnumber">0459</bibl>
				<bibl xml:id="recipient">Ragged School, Stockport</bibl>
				<bibl xml:id="date">23 January 1857</bibl>
				<bibl xml:id="where">Mission House</bibl>
			</sourceDesc>
		</fileDesc>
		<profileDesc>
			<langUsage>
				<language ident="en">English</language>
			</langUsage>
			<handNotes>
				<handNote xml:id="hand01">Scribe: Unknown</handNote>
			</handNotes>
		</profileDesc>
		<revisionDesc>
			<change>
				<date>2009-05-19</date>
				<name xml:id="initials">SM</name>Letter foliated by Sharon Messenger
			</change>
			<change>
				<date>2009-06-10</date>
				<name xml:id="CL">Chris Lawrence</name>Proofed by Chris
			</change>
		</revisionDesc>
	</teiHeader>

	<text xmlns:tei="http://www.tei-c.org/ns/1.0">
		<body xml:lang="en">
			<div>

	<pb n="0001" facs="liv_000951_0001"/><!--pb/@n='1'-->
<lb/><p rend="right"><placeName>Mission House</placeName></p>
<lb/><p rend="right"><placeName>Blomfield S<hi rend="sup">t</hi></placeName><placeName>London</placeName></p>
<lb/><p>23<hi rend="sup"><hi rend="underline">d</hi></hi> January 1857 </p>
<lb/><p>My Dear Sir </p>
<lb/><p>I beg you will assure 
<lb/>the boys who so generously expressed 
<lb/>their approbation 
<lb/>of my labours 
<lb/>in <placeName>Africa</placeName> that nothing has 
<lb/>delighted me more since my 
<lb/>return to <placeName>England</placeName> than their 
<lb/>honest spontaneous deed. 
<lb/>I give them all my warmest 
<lb/>thanks from a heart 
<w>over-<lb break="no"/>flowing</w> with emotion and 
<lb/>wishing that God may 

	<pb n="0002" facs="liv_000951_0002"/><!--pb/@n='2'-->
<lb/>abundantly bless them with 
<lb/>his favour and love. </p>
<lb/><p>I have very little time to write to 
<lb/>any one as I am engaged in 
<lb/>the preparation of a narrative 
<lb/>of my late explorations and 
<lb/>must keep my word with 
<lb/>one hundred and ten poor 
<lb/>naked Africans who 
<lb/>accompanied me from the 
<lb/>centre of the country to the 
<lb/>East coast and now await 
<lb/>the <choice><sic>fulfillment</sic><corr>fulfilment</corr></choice> of my promise 
<lb/>at <placeName>Tete</placeName>. I ought to be back 
<lb/>to them in April but fear 

	<pb n="0003" facs="liv_000951_0003"/><!--pb/@n='3'-->
<lb/>after all I can do I must be 
<lb/>about 2 months later than my 
<lb/>appointed time in April. Were 
<lb/>it not for this I should try 
<lb/>and visit the boys and speak 
<lb/>with them but as this can 
<lb/>scarcely be I would just 
<lb/>commend them all to the care 
<lb/>of our Blessed Lord Jesus &amp; 
<lb/>ask them to try him as their 
<lb/>friend and guide through life 
<lb/>they may make him their 
<w>con-<lb break="no"/>fidant</w> for he listens to every 
<lb/>prayer wafted up to him from the 
<lb/>lowliest bosom. In Him we live 
<lb/>and move and have our being 
<lb/>and he is as tender and compassionate 

	<pb n="0004" facs="liv_000951_0004"/><!--pb/@n='4'-->
<lb/>to everyone of them and knows all 
<lb/>their cases and <del type="strikethrough">needs</del><add place="above">cares</add> as if they 
<lb/>were the only persons in the world<reg>.</reg>
<lb/>And then if they are like him they will 
<lb/>all shew love to everyone about them 
<lb/>and to everything beautiful and good 
<lb/>and true. "He pray the best who 
<lb/>loveth best all things both great &amp; 
<lb/>small for the dear Lord to whom 
<lb/>we pray he made and loveth 
<lb/>all" </p>
<lb/><p><choice><reg>T</reg><orig>t</orig></choice>hanking you and them 
<lb/>again for your most friendly 
<lb/>feelings and hoping that they 
<lb/>may not again deprive themselves 
<lb/>of any comfort. I am Dear Sir </p>
<lb/><p rend="center">yours Most truly </p>
<lb/><p rend="center"><persName>David Livingstone</persName></p>
			
</div>
		</body>
	</text></TEI>