<?xml version="1.0" encoding="UTF-8"?>
<!--Converted from a TEI P4 XML file to the LEAP TEI P5 Schema by James Cummings on 2015-03-02-->
<?xml-model href="http://livingstoneonline.github.io/LEAP-ODD/leap.rng" type="application/xml" schematypens="http://relaxng.org/ns/structure/1.0"?>
<?xml-model href="http://livingstoneonline.github.io/LEAP-ODD/leap.rng" type="application/xml" schematypens="http://purl.oclc.org/dsdl/schematron"?>
<?xml-stylesheet type="text/xsl" href="http://livingstoneonline.github.io/LEAP-XSLT/transcription.xsl"?>
<TEI xmlns="http://www.tei-c.org/ns/1.0" xml:id="liv_001039">
	<teiHeader xmlns:tei="http://www.tei-c.org/ns/1.0">
		<fileDesc>
			<titleStmt>
				<title>Letter to H. Norton Shaw</title>
				<author xml:id="DL">David Livingstone</author>
			</titleStmt>
			<publicationStmt>
				<authority>Livingstone Online</authority>
				<pubPlace>London</pubPlace>
				<date>2009-01-14</date>
				<publisher>Wellcome Centre for the History of Medicine, UCL</publisher>
				<idno type="LEAP-ID">liv_001039</idno>
			</publicationStmt>
			<sourceDesc>
				<bibl xml:id="shelfmark">Royal Geographical Society, Archives, DL 2/15/6</bibl>
				<bibl xml:id="ccnumber">0536</bibl>
				<bibl xml:id="recipient">H. Norton Shaw</bibl>
				<bibl xml:id="date">5 June 1857</bibl>
				<bibl xml:id="where">Hadley Green</bibl>
			</sourceDesc>
		</fileDesc>
		<profileDesc>
			<langUsage>
				<language ident="en">English</language>
			</langUsage>
			<handNotes>
				<handNote xml:id="hand01">Scribe: Unknown</handNote>
			</handNotes>
		</profileDesc>
		<revisionDesc>
			<change>
				<date>2009-01-14</date>
				<name xml:id="CO">Caroline Overy</name>Initial Transcription by Caroline Overy
			</change>
			<change>
				<date>2009-01-22</date>
				<name xml:id="CL">Christopher Lawrence</name>Proof by Chris Lawrence
			</change>
		</revisionDesc>
	</teiHeader>

	<text xmlns:tei="http://www.tei-c.org/ns/1.0">
		<body xml:lang="en">
			<div>

	<pb n="0001" facs="liv_001039_0001"/><!--pb/@n='1r'-->
<lb/><p rend="right"><placeName>Hadley Green</placeName></p>
<lb/><p rend="right">5<hi rend="sup">th</hi> June</p>
<lb/><p rend="right">1857</p>
<lb/><p><hi rend="underline">Private</hi></p>
<lb/><p>My Dear <persName>D<hi rend="sup"><hi rend="underline">r</hi></hi> Shaw</persName></p>
<lb/><p>I don<reg>'</reg>t understand 
<lb/>the "adjustment" 
<lb/>unless it is comparison 
<lb/>of my positions 
<lb/>with those given 
<lb/>by <persName>Maclear</persName>. In 
<lb/><placeName>Angola</placeName> the positions 
<lb/>of <placeName>Ambaca</placeName>
<lb/><placeName>Candumba</placeName> &amp; <placeName>Lombe</placeName>

	<pb n="0002" facs="liv_001039_0002"/><!--pb/@n='1v'--> 
<lb/>were known to 
<lb/>be East of <placeName>Golungo (15° 2′ E) 
<lb/>Alto</placeName> both from 
<lb/>my calculations &amp; 
<lb/>a sketch I sent to 
<lb/>the Society. <persName>M<hi rend="sup"><hi rend="underline">r</hi></hi> Maclear<reg>'</reg>s</persName>
<lb/>calculation made 
<lb/>these three positions 
<lb/>West of 15° 2′ probably 
<lb/>from an error 
<lb/>in my transcribing 
<lb/>the Lunar distances 
<lb/>for him. Now 
<lb/>I suppose you 

	<pb n="0003" facs="liv_001039_0003"/><!--pb/@n='2r'--> 
<lb/>gave <persName>M<hi rend="sup"><hi rend="underline">r</hi></hi> A.</persName> both my sketch and 
<lb/><persName>M<hi rend="sup"><hi rend="underline">r</hi></hi> Maclear's</persName>
<lb/>positions - I cannot 
<lb/>see why detecting 
<lb/>the discrepancy 
<lb/>between mine 
<lb/>&amp; <persName>Maclear<reg>'</reg>s</persName> should 
<lb/>cost you so much 
<lb/>but I don<reg>'</reg>t understand 
<lb/>these matters. Is 
<lb/>there any adjustment 
<lb/>of my sketch? If so 
<lb/>on whose authority? 

	<pb n="0004" facs="liv_001039_0004"/><!--pb/@n='2v'--> 
<lb/>I reject those of 
<lb/><persName>M<hi rend="sup"><hi rend="underline">r</hi></hi> Maclear</persName> that 
<lb/>do not accord with 
<lb/>my reckoning &amp; 
<lb/>view of the country 
<lb/>as probably having 
<lb/>some errors of 
<lb/>transcribing in them<reg>.</reg>
<lb/>"If the "adjustment" 
<lb/>is followed on 
<lb/>the same principle 
<lb/>all the materials 
<lb/>being supplied by 
<lb/>ourselves<reg>,</reg> Must 
<lb/>we pay for it? 

	<pb n="0005" facs="liv_001039_0005"/><!--pb/@n='3r'--> 
<lb/>I objected to two 
<lb/>notes as they stood 
<lb/>in the journal 
<lb/>because he made 
<lb/>the corrections 
<lb/>in the following way.</p>
<lb/><p>He put down 
<lb/>positions according 
<lb/>to <persName>Maclear</persName> till 
<lb/>he came to <placeName>Ambacca</placeName>
<lb/>then corrected 
<lb/>that to 15° 23′ as 
<lb/>in my sketch 

	<pb n="0006" facs="liv_001039_0006"/><!--pb/@n='3v'--> 
<lb/>without once 
<lb/>mentioning my 
<lb/>sketch or calculations 
<lb/>and he dealt with 
<lb/><placeName>Candumba</placeName> and 
<lb/><placeName>Lombe</placeName> in the same 
<lb/>way. He sent 
<lb/>me the proof 
<lb/>with the notes. I 
<lb/>added to the note 
<lb/>the line. "These positions 
<lb/>are ascertained to 
<lb/>be erroneous from 
<lb/>D<hi rend="sup"><hi rend="underline">r</hi></hi> L's own 

	<pb n="0007" facs="liv_001039_0007"/><!--pb/@n='4r'--> 
<lb/>calculations &amp; sketch 
<lb/>and not from 
<lb/>any other source 
<lb/>as none other 
<lb/>were ever made 
<lb/>in the country"</p>
<lb/><p rend="center">D.L.</p>
<lb/><p>This he did not 
<lb/>relish and altered 
<lb/>the notes somewhat 
<lb/>leaving my addition 
<lb/>out. I would not 
<lb/>like to hurt his 
<lb/>feelings in the least 
<lb/>but the question 
<lb/>seems to be this<reg>:</reg>

	<pb n="0008" facs="liv_001039_0008"/><!--pb/@n='4v'--> 
<lb/>We give all the materials 
<lb/>for making the map 
<lb/>the true positions 
<lb/>with the means 
<lb/>of detecting <choice><sic>discrepances</sic><corr>discrepancies</corr></choice>
<lb/>in them<reg>.</reg> Are we 
<lb/>to pay extras for 
<lb/>being so liberal? 
<lb/>Has he made any 
<lb/><add place="above">material</add> alteration between 
<lb/>my sketch and 
<lb/><del type="overwritten">my</del><add place="over-text">the</add><!--Mike this looks rather odd on the dev site - should we just have 'the'--><!-- No, since this is what is really on the manuscript - and this is the key thing at this time.--> little maps? 
<lb/>I did not detect 
<lb/>any in a cursory 
<lb/>glance. </p>

	<pb n="0009" facs="liv_001039_0009"/><!--pb/@n='5r'-->
<lb/><p>I am not sure 
<lb/>yet whether I can 
<lb/>be present on 
<lb/>Monday. We 
<lb/>are not at 
<lb/>work with the 
<lb/>proofs now 
<lb/>but hard at 
<lb/>work on new 
<lb/>matter, but 
<lb/>will take the 
<lb/>liberty of <unclear cert="low">bring</unclear>
<lb/>some slips when 

	<pb n="0010" facs="liv_001039_0010"/><!--pb/@n='5v'--> 
<lb/>I come. Is the 
<lb/>paper one 
<lb/>of interest for 
<lb/>Monday? When 
<lb/>in London at 
<lb/>a late meeting 
<lb/>I am obliged to 
<lb/>sleep there and 
<lb/>that is not 
<lb/>always agreeable<reg>.</reg></p>
<lb/><p>With kind salutations 
<lb/>from <persName>M<hi rend="sup"><hi rend="underline">rs</hi></hi> L.</persName> who 
<lb/>is pretty well 

	<pb n="0011" facs="liv_001039_0011"/><!--pb/@n='6r'--> 
<lb/>here I am &amp;c.</p>
<lb/><p rend="center">D. Livingstone</p>
<lb/><p>My little girl 
<lb/>has a small 
<lb/>ulcer or depression 
<lb/>on both corniae 
<lb/>rather alarming 
<lb/>as she must 
<lb/>use her eyes 
<lb/>in life. I am 
<lb/>going to use 
<lb/>a little nitrate 
<lb/>of silver 1 1/2 grs 
<lb/>to ounce of 

	<pb n="0012" facs="liv_001039_0012"/><!--pb/@n='6v'--> 
<lb/>distilled water 
<lb/>this was our 
<lb/>most effectual 
<lb/>collyrium in 
<lb/>Africa. I give 
<lb/>her iron too<reg>.</reg>
<lb/>Do you know 
<lb/>anything better?</p>
<lb/><p rend="center">D L.</p>
			
</div>
		</body>
	</text></TEI>