<?xml version="1.0" encoding="UTF-8"?>
<!--Converted from a TEI P4 XML file to the LEAP TEI P5 Schema by James Cummings on 2015-03-02-->
<?xml-model href="http://livingstoneonline.github.io/LEAP-ODD/leap.rng" type="application/xml" schematypens="http://relaxng.org/ns/structure/1.0"?>
<?xml-model href="http://livingstoneonline.github.io/LEAP-ODD/leap.rng" type="application/xml" schematypens="http://purl.oclc.org/dsdl/schematron"?>
<?xml-stylesheet type="text/xsl" href="http://livingstoneonline.github.io/LEAP-XSLT/transcription.xsl"?>
<TEI xmlns="http://www.tei-c.org/ns/1.0" xml:id="liv_001042"><!-- LP14 -->
	<teiHeader xmlns:tei="http://www.tei-c.org/ns/1.0">
		<fileDesc>
			<titleStmt>
				<title>Letter to Charles Daubeny</title>
				<author xml:id="DL">David Livingstone</author>
			</titleStmt>
			<publicationStmt>
				<authority>Livingstone Online</authority>
				<pubPlace>London</pubPlace>
				<date>2005-04-20</date>
				<publisher>Wellcome Centre for the History of Medicine, UCL</publisher>
				<idno type="LEAP-ID">liv_001042</idno>
			</publicationStmt>
			<sourceDesc>
				<bibl xml:id="ccnumber">0538</bibl>
				<bibl xml:id="recipient">Charles Daubeny</bibl>
				<bibl xml:id="date">17 June 1857</bibl>
				<bibl xml:id="where">Hadley Green, Barnet</bibl>
				<bibl xml:id="shelfmark">Wellcome Library Ms. 7329/14</bibl><!--1857-06-17--><!--Original:1857-06-17-->
				<bibl xml:id="extent">5 pages</bibl>
			</sourceDesc>
		</fileDesc>
		<revisionDesc>
			<change>
				<date>2004-11-16</date>
				<name xml:id="CO">Caroline Overy</name>Initial Transcription
			</change>
			<change>
				<date>2006-02-15</date>
				<name xml:id="CL">Chris Lawrence</name>first proof
			</change>
			<change>
				<date>2006-02-19</date>
				<name xml:id="JB">Janet Browne</name>second proof
			</change>
			<change>
				<date>2005-03-02</date>
				<name xml:id="SM">Sharon Messenger</name>final proof
			</change>
		</revisionDesc>
	</teiHeader>

	<text xmlns:tei="http://www.tei-c.org/ns/1.0">
		<body>
			<div>

	<pb n="0001" facs="liv_001042_0001"/><!--pb/@n='1'--> 
<!--Hand 01 63003 top right--><!--typescript cutting in left hand corner need to see original to transcribe-->
<lb/><p rend="right"><placeName>Hadley Green</placeName></p>
<lb/><p rend="right">Barnet.</p>
<lb/><p rend="right">17<hi rend="sup">th</hi> June 1857</p>
<lb/><p>My Dear <persName>D<hi rend="sup"><hi rend="underline">r</hi></hi> Daubeny</persName></p>
<lb/><p>It will give 
<lb/>me much pleasure 
<lb/>to accept of the 
<lb/>Honorary degree 
<lb/>from the ancient 
<lb/>University of 
<lb/>Oxford of which 

	<pb n="0002" facs="liv_001042_0002"/><!--pb/@n='2'--> 
<lb/>you have kindly 
<lb/>given me notice 
<lb/>I hope no great 
<lb/>speechifying is 
<lb/>expected on the 
<lb/>occasion. My 
<lb/>latinity would 
<lb/>now take the 
<lb/>form of Sichuana 
<lb/>if I tried that 
<lb/>language</p>

	<pb n="0003" facs="liv_001042_0003"/><!--pb/@n='3'-->
<lb/><p>Will you be kind 
<lb/>enough to inform 
<lb/>me what is 
<lb/>expected of me?</p>
<lb/><p>I shall be happy 
<lb/>to dine with the 
<lb/><persName>Provost of 
<lb/>University College</persName>
<lb/>according to his 
<lb/>invitation on 
<lb/>the 23<hi rend="sup">d</hi></p>

	<pb n="0004" facs="liv_001042_0004"/><!--pb/@n='4'-->
<lb/><p>I am Dear Sir</p>
<lb/><p rend="center">Most truly yours</p>
<lb/><p rend="center">David Livingstone</p>
<lb/><p><persName>Prof. Daubeny</persName></p>

	<pb n="0005" facs="liv_001042_0005"/><!--pb/@n='5'--> 
<!-- Hand 02 all of page 5-->
<lb/><p><hi rend="underline"><!--in top left hand corner--></hi></p>
<lb/><p>17/6/1857</p>
<lb/><p>A.L.S.</p>
<lb/><p><hi rend="underline">David Livingstone <!-- double underline--></hi></p>
<lb/><p>Explorer<!--layout???--></p>
<lb/><p rend="center">1857.</p>
<lb/><p>Accepting the <choice><abbr>Hon</abbr><expan>Honorary</expan></choice> Degree of Oxford 
<lb/>University <!-- long line--></p>
<lb/><p><unclear cert="medium">Fine</unclear> letter.</p>
<lb/><p>"hopes no great speechifying on this 
<lb/>occasion</p>
<lb/><p><hi rend="underline">Portrait</hi></p>
<lb/><p><del type="strikethrough" resp="#CO"><!-- wavy strikethrough???--> Enclosed slip for Album by Robert Moffat 
<lb/>Livingstone's father-in-law <!--how to do hyphens in text??--></del></p>
			
</div>
		</body>
	</text></TEI>