<?xml version="1.0" encoding="UTF-8"?>
<!--Converted from a TEI P4 XML file to the LEAP TEI P5 Schema by James Cummings on 2015-03-02-->
<?xml-model href="http://livingstoneonline.github.io/LEAP-ODD/leap.rng" type="application/xml" schematypens="http://relaxng.org/ns/structure/1.0"?>
<?xml-model href="http://livingstoneonline.github.io/LEAP-ODD/leap.rng" type="application/xml" schematypens="http://purl.oclc.org/dsdl/schematron"?>
<?xml-stylesheet type="text/xsl" href="http://livingstoneonline.github.io/LEAP-XSLT/transcription.xsl"?>
<TEI xmlns="http://www.tei-c.org/ns/1.0" xml:id="liv_001051">
	<teiHeader xmlns:tei="http://www.tei-c.org/ns/1.0">
		<fileDesc>
			<titleStmt>
				<title>Letter to H. Norton Shaw</title>
				<author xml:id="DL">David Livingstone</author>
			</titleStmt>
			<publicationStmt>
				<authority>Livingstone Online</authority>
				<pubPlace>London</pubPlace>
				<date/>
				<publisher>Wellcome Centre for the History of Medicine, UCL</publisher>
				<idno type="LEAP-ID">liv_001051</idno>
			</publicationStmt>
			<sourceDesc>
				<bibl xml:id="shelfmark">Royal Geographical Society, Archives, DL 2/15/8</bibl>
				<bibl xml:id="ccnumber">0547</bibl>
				<bibl xml:id="recipient">H. Norton Shaw</bibl>
				<bibl xml:id="date">1 July 1857</bibl>
				<bibl xml:id="where">Hadley Green</bibl>
			</sourceDesc>
		</fileDesc>
		<profileDesc>
			<langUsage>
				<language ident="en">English</language>
			</langUsage>
			<handNotes>
				<handNote xml:id="hand01">Scribe: Unknown</handNote>
			</handNotes>
		</profileDesc>
		<revisionDesc>
			<change>
				<date>13-01-09</date>
				<name xml:id="initials">SM</name>Initial Transcription by Sharon Messenger
			</change>
			<change>
				<date>2009-01-23</date>
				<name xml:id="CL">Christopher Lawrence</name>Proof by Chris Lawrence
			</change>
		</revisionDesc>
	</teiHeader>

	<text xmlns:tei="http://www.tei-c.org/ns/1.0">
		<body xml:lang="en">
			<div>

	<pb n="0001" facs="liv_001051_0001"/><!--pb/@n='1r'-->
<lb/><p rend="right"><placeName>Hadley Green</placeName></p>
<lb/><p rend="right"> 1<hi rend="sup">st</hi> July 1858 </p>
<lb/><p>My Dear <persName>Shaw</persName></p>
<lb/><p>I return the 
<lb/>letter on the Falls 
<lb/>with thanks. I had 
<lb/>got all the ideas 
<lb/>down from 
<lb/>memory but 
<lb/>am glad to see 
<lb/>it again. I 
<lb/>never was favoured 

	<pb n="0002" facs="liv_001051_0002"/><!--pb/@n='1v'--> 
<lb/>with an introduction 
<lb/>to <persName><unclear cert="low">Norris</unclear></persName><reg>.</reg></p>
<lb/><p>I was invited by 
<lb/><persName>D<hi rend="sup">r</hi> Lloyd</persName> to <placeName>Dublin</placeName>
<lb/>and if I go am to 
<lb/>stay with <persName>Sir - 
<lb/>Magregor</persName> I think 
<lb/>but it is doubtful 
<lb/>if I be in the 
<lb/>country then<reg>.</reg></p>
<lb/><p>Can you oblige me 
<lb/>by sending my 
<lb/><choice><sic>Daguerrotype</sic><corr>daguerreotype</corr></choice> to 
<lb/><persName>Brand</persName>- he will 

	<pb n="0003" facs="liv_001051_0003"/><!--pb/@n='2r'--> 
<lb/>forward it to <persName>Miss 
<lb/>Moysey</persName> who is 
<lb/>Gabriel's cousin<reg>.</reg></p>
<lb/><p><persName>Moffat</persName> who made 
<lb/>the map is the son 
<lb/>of the <persName>M<hi rend="sup">r</hi> Moffat</persName> whose 
<lb/>journal is published 
<lb/>in yours. He has 
<lb/>a turn for geography 
<lb/>and will be much 
<lb/>pleased with your 
<lb/>notice of him. 
<lb/>He sent the map to 
<lb/>you (the original one)
<lb/>that you might 

	<pb n="0004" facs="liv_001051_0004"/><!--pb/@n='2v'--> 
<lb/>see the aid he had 
<lb/>rendered to <persName>Hall</persName> &amp; 
<lb/><persName>Arrowsmith</persName> without 
<lb/>ever being acknowledged<reg>.</reg>
<lb/>He will be delighted by 
<lb/>your mention of
<lb/>him. Before this 
<lb/>map came I knew 
<lb/>that it had been 
<lb/>used by Hall &amp;
<lb/>enquired about 
<lb/>it of <persName>Arrowsmith</persName>
<lb/>with a view to 
<lb/>incorporate it 
<lb/>in that of the book<reg>.</reg>

	<pb n="0005" facs="liv_001051_0005"/><!--pb/@n='3r'--> 
<lb/><persName>Arrowsmith</persName> knew 
<lb/>of it and I have the 
<lb/>impression he has 
<lb/>a copy of it. He 
<lb/>said some difficulty 
<lb/>had occurred with 
<lb/><persName>Hall</persName> &amp; himself about 
<lb/>it. I understood 
<lb/>that the map was 
<lb/>to be incorporated 
<lb/>&amp; acknowledged 
<lb/>as <persName>Moffat<reg>'</reg>
s</persName> - and 
<lb/>when the original
<lb/>came took it to you 

	<pb n="0006" facs="liv_001051_0006"/><!--pb/@n='3v'--> 
<lb/>the very next morning 
<lb/>after its arrival 
<lb/>as directed. I suppose 
<lb/><persName>Arrowsmith</persName> imagines 
<lb/>this is different 
<lb/>from what he 
<lb/>copied. Why won<reg>'</reg>t 
<lb/>he apply to the council 
<lb/>like a man? </p>
<lb/><p>I am ashamed at 
<lb/>not having written 
<lb/><persName>Denman</persName> and telling 
<lb/>of my change of residence<reg>.</reg>

	<pb n="0007" facs="liv_001051_0007"/><!--pb/@n='4r'--> 
<lb/>I ought to have said 
<lb/>that <persName>Arrowsmith</persName>
<lb/>makes a general 
<lb/>map of all Africa 
<lb/>&amp; a special one 
<lb/>for the book<reg>.</reg>
<lb/>I suppose he intends 
<lb/>to incorporate 
<lb/>Moffat<reg>'</reg>s in the 
<lb/>general one<reg>.</reg>
<lb/>I shall write <persName>S<hi rend="sup">r</hi> Roderick</persName>

	<pb n="0008" facs="liv_001051_0008"/><!--pb/@n='4v'--> 
<lb/></p>
<lb/><p>Believe me Ever 
<lb/>Yours &amp;c </p>
<lb/><p><persName>D. Livingstone</persName></p>
<lb/><p>How should I refer 
<lb/>to <persName>Ad<hi rend="sup"><hi rend="underline">l</hi></hi> Smith</persName><choice><reg>?</reg><orig>-</orig></choice>
<lb/>What is his proper 
<lb/>name &amp; titles<choice><reg>?</reg><orig> -</orig></choice>
<lb/>He interested himself 
<lb/>about the watch 
<lb/>What else? </p>
			
</div>
		</body>
	</text></TEI>