<?xml version="1.0" encoding="UTF-8"?>
<!--Converted from a TEI P4 XML file to the LEAP TEI P5 Schema by James Cummings on 2015-03-02-->
<?xml-model href="http://livingstoneonline.github.io/LEAP-ODD/leap.rng" type="application/xml" schematypens="http://relaxng.org/ns/structure/1.0"?>
<?xml-model href="http://livingstoneonline.github.io/LEAP-ODD/leap.rng" type="application/xml" schematypens="http://purl.oclc.org/dsdl/schematron"?>
<?xml-stylesheet type="text/xsl" href="http://livingstoneonline.github.io/LEAP-XSLT/transcription.xsl"?>
<TEI xmlns="http://www.tei-c.org/ns/1.0" xml:id="liv_000983">
	<teiHeader xmlns:tei="http://www.tei-c.org/ns/1.0">
		<fileDesc>
			<titleStmt>
				<title>Letter to John Murray</title>
				<author xml:id="DL">David Livingstone</author>
			</titleStmt>
			<publicationStmt>
				<authority>Livingstone Online</authority>
				<pubPlace>London</pubPlace>
				<date>2008-11-02</date>
				<publisher>Wellcome Centre for the History of Medicine, UCL</publisher>
				<idno type="LEAP-ID">liv_000983</idno>
			</publicationStmt>
			<sourceDesc>
				<bibl xml:id="shelfmark">John Murray Archive, National Library of Scotland, MS. 42420, ff. 8r-9r</bibl>
				<bibl xml:id="ccnumber">0488</bibl>
				<bibl xml:id="recipient">John Murray</bibl>
				<bibl xml:id="date">27 March [57]</bibl>
				<bibl xml:id="where">57 Sloane Street</bibl>
			</sourceDesc>
		</fileDesc>
		<profileDesc>
			<langUsage>
				<language ident="en">English</language>
			</langUsage>
			<handNotes>
				<handNote xml:id="hand01">Scribe: Unknown</handNote>
			</handNotes>
		</profileDesc>
		<revisionDesc>
			<change>
				<date>2008-11-02</date>
				<name xml:id="initials">SM</name>Initial Transcription by Sharon Messenger
			</change>
			<change>
				<date>2008-11-18</date>
				<name xml:id="CL">Chris Lawrence</name>Proof by Chris Lawrence
			</change>
		</revisionDesc>
	</teiHeader>

	<text xmlns:tei="http://www.tei-c.org/ns/1.0">
		<body xml:lang="en">
			<div>

	<pb n="0001" facs="liv_000983_0001"/><!--pb/@n='8r'-->
<lb/><p rend="right"><placeName>57 Sloane St</placeName></p>
<lb/><p rend="right">27<hi rend="underline"><hi rend="sup">th</hi></hi> March</p>
<lb/><p>My Dear <persName>M<hi rend="underline"><hi rend="sup">r</hi></hi> Murray</persName></p>
<lb/><p>I have made 
<lb/>a fair attempt to 
<lb/>get on in the way 
<lb/>of dictating from 
<lb/>my journal. <persName>M<hi rend="sup"><hi rend="underline">r</hi></hi>
<lb/>Loysdon</persName> writes very 
<lb/>nicely and I am 
<lb/>satisfied with his 

	<pb n="0002" facs="liv_000983_0002"/><!--pb/@n='8v'--> 
<lb/>abilities but I 
<lb/>find that I cannot 
<lb/>succeed the fault 
<lb/>being entirely in 
<lb/>myself. I feel 
<lb/>quite unable to 
<lb/>dictate continuously 
<lb/>or give a connected 
<lb/>narrative without 
<lb/>seeing the preceding 
<lb/>parts of the sentence<reg>.</reg>
<lb/>I am sorry I 

	<pb n="0003" facs="liv_000983_0003"/><!--pb/@n='9r'--> 
<lb/>have given you 
<lb/>so much trouble 
<lb/><del type="strikethrough">and beg you to pay 
<lb/><persName>M<hi rend="underline"><hi rend="sup">r</hi></hi> L</persName> for today.</del></p>
<lb/><p>I shall go on 
<lb/>as usual slow 
<lb/>though that way 
<lb/>is unless you 
<lb/>think otherwise<reg>.</reg></p>
<lb/><p>Believe me &amp;c </p>
<lb/><p><persName>David Livingstone</persName></p>
<lb/><p>I have paid him the 
<lb/>sum of 7/6<reg>.</reg></p>
			
</div>
		</body>
	</text></TEI>