<?xml version="1.0" encoding="UTF-8"?>
<!--Converted from a TEI P4 XML file to the LEAP TEI P5 Schema by James Cummings on 2015-03-02-->
<?xml-model href="http://livingstoneonline.github.io/LEAP-ODD/leap.rng" type="application/xml" schematypens="http://relaxng.org/ns/structure/1.0"?>
<?xml-model href="http://livingstoneonline.github.io/LEAP-ODD/leap.rng" type="application/xml" schematypens="http://purl.oclc.org/dsdl/schematron"?>
<?xml-stylesheet type="text/xsl" href="http://livingstoneonline.github.io/LEAP-XSLT/transcription.xsl"?>
<TEI xmlns="http://www.tei-c.org/ns/1.0" xml:id="liv_000841">
	<teiHeader xmlns:tei="http://www.tei-c.org/ns/1.0">
		<fileDesc>
			<titleStmt>
				<title>Letter to Arthur Need</title>
				<author xml:id="DL">David Livingstone</author>
			</titleStmt>
			<publicationStmt>
				<authority>Livingstone Online</authority>
				<pubPlace>London</pubPlace>
				<date>2007-07-10</date>
				<publisher>Wellcome Centre for the History of Medicine, UCL</publisher>
				<idno type="LEAP-ID">liv_000841</idno>
			</publicationStmt>
			<sourceDesc>
				<bibl xml:id="shelfmark">National Library of Scotland, MS.20312, ff. 24-25</bibl>
				<bibl xml:id="ccnumber">0360.5</bibl>
				<bibl xml:id="recipient">Arthur Need</bibl>
				<bibl xml:id="date">20 January 1855</bibl>
				<bibl xml:id="where">Cassange</bibl>
			</sourceDesc>
		</fileDesc>
		<profileDesc>
			<langUsage>
				<language ident="en">English</language>
			</langUsage>
			<handNotes>
				<handNote xml:id="hand01">Scribe: Unknown</handNote>
			</handNotes>
		</profileDesc>
		<revisionDesc>
			<change>
				<date>2007-07-10</date>
				<name xml:id="CO">Caroline Overy</name>Intial Transcription by caroline Overy
			</change>
			<change>
				<date>2007-08-07</date>
				<name xml:id="CL">Christopher Lawrence</name>Proof by Chris Lawrence
			</change>
		</revisionDesc>
	</teiHeader>

	<text xmlns:tei="http://www.tei-c.org/ns/1.0">
		<body xml:lang="en">
			<div>

	<pb n="0001" facs="liv_000841_0001"/><!--pb/@n='24r'-->
<lb/><p rend="right"><placeName>Cassange</placeName> 20<hi rend="sup"><hi rend="underline">th</hi></hi> January</p>
<lb/><p rend="right"><hi rend="underline">1855</hi></p>
<lb/><p>My Dear <persName>Captain Need</persName></p>
<lb/><p>Your very welcome 
<lb/>present reached me on the morning 
<lb/>in which I departed from <placeName>Golungo Alto</placeName>
<lb/>and I assure you made me feel 
<lb/>extremely grateful for your kindness. 
<lb/>I don<reg>'</reg>t expect to shoot anyone 
<lb/>with it, but believing in <persName>M<hi rend="sup"><hi rend="underline">r</hi></hi> Roebuck's</persName>
<lb/>definition of moral force as "physical 
<lb/>force in perspective" I think its 
<lb/>influence will be decidely beneficial<reg>.</reg>
<lb/>During my journey down to the 
<lb/>Portuguese possesions we found 
<lb/>the natives extremely impudent 

	<pb n="0002" facs="liv_000841_0002"/><!--pb/@n='24v'-->
<lb/>often surrounding us and demanding a 
<lb/>man, ox or gun for leave to pass through 
<lb/>their country and sometimes they pointed 
<lb/>their guns at me or aimed a blow 
<lb/>at my head with a sort of broad 
<lb/>sword which they have. It was difficult 
<lb/>to appease them for we had nothing 
<lb/>left to give them. In such cases your 
<lb/>weapon would have been of much 
<lb/>service for they have a salutary dread 
<lb/>of percussion arms. <choice><reg>T</reg><orig>t</orig></choice>hey have too 
<lb/>an insuperable objection to cannon<reg>.</reg>
<lb/>Indeed the Portuguese keep them in 
<lb/>subjection wonderfully well by 
<lb/>using this fear as one of their arms<reg>.</reg>
<lb/><placeName>Pungo Andongo</placeName> contains a battery 
<lb/>of four guns three of which are 
<lb/>perched on cross sticks. <choice><reg>A</reg><orig>a</orig></choice>nd they 
<lb/>do as effectually for keeping the 

	<pb n="0003" facs="liv_000841_0003"/><!--pb/@n='25'-->
<lb/>natives in awe as if mounted on the best 
<lb/>artillery carriages<reg>.</reg></p>
<lb/><p>I wait here a few days or <choice><sic>untill</sic><corr>until</corr></choice>
<lb/>the mail which leaves <placeName>Loanda</placeName> on the 16<hi rend="sup"><hi rend="underline">th</hi></hi>
<lb/>currt. arrives. I am exceedingly anxious 
<lb/>to hear the news of the war in the East. 
<lb/><choice><reg>T</reg><orig>t</orig></choice>he African sun does not burn out 
<lb/>our amor patrial. About 30 miles 
<lb/>East of this we cross the river <placeName>Quango</placeName>
<lb/>or <placeName><choice><sic>Congo</sic><corr>Cuango</corr></choice></placeName><choice><reg>,</reg><orig>.</orig></choice> the smaller branch of the 
<lb/>river <choice><sic>ajacent</sic><corr>adjacent</corr></choice> to which you lay 
<lb/>so long on the look out. We cross the 
<lb/><placeName>Casai</placeName> or <placeName>Kasye</placeName> in Lat 17° 22′ and 
<lb/>that is said to be the principal 
<lb/>branch of the <placeName>Zaire</placeName>. It however 
<lb/>goes away to the East after we 
<lb/>see it. And if you should ever 
<lb/>come up to explore it you will <!-- 'find it' is written at the right hand end of line before page break to keep it on page; not added as an afterthought-->find it 

	<pb n="0004" facs="liv_000841_0004"/><!--pb/@n='25v'-->
<lb/>watering an immense extent of territory<reg>.</reg>
<lb/>It is said to go round to <persName>Matiamvo</persName>
<lb/>who lives about 6° of Long. East of 
<lb/>this and who is reported to be 
<lb/>the greatest sovereign of this 
<lb/>part of Africa. Civilization must 
<lb/>make more rapid progress than 
<lb/>it has done or we shall be all 
<lb/>mouldering in our graves long 
<lb/>before it reaches him.</p>
<lb/><p>Again thanking you for kind 
<lb/>and disinterest present and with the 
<lb/>earnest prayer that God may bless 
<lb/>and preserve you.</p>
<lb/><p rend="center">I am Dear Sir</p>
<lb/><p rend="center">yours very sincerely</p>
<lb/><p rend="center">David Livingston</p>
			
</div>
		</body>
	</text></TEI>