<?xml version="1.0" encoding="UTF-8"?>
<!--Converted from a TEI P4 XML file to the LEAP TEI P5 Schema by James Cummings on 2015-03-02-->
<?xml-model href="http://livingstoneonline.github.io/LEAP-ODD/leap.rng" type="application/xml" schematypens="http://relaxng.org/ns/structure/1.0"?>
<?xml-model href="http://livingstoneonline.github.io/LEAP-ODD/leap.rng" type="application/xml" schematypens="http://purl.oclc.org/dsdl/schematron"?>
<?xml-stylesheet type="text/xsl" href="http://livingstoneonline.github.io/LEAP-XSLT/transcription.xsl"?>
<TEI xmlns="http://www.tei-c.org/ns/1.0" xml:id="liv_000872">
	<teiHeader xmlns:tei="http://www.tei-c.org/ns/1.0">
		<fileDesc>
			<titleStmt>
				<title>Letter to Roderick Impey Murchison</title>
				<author xml:id="DL">David Livingstone</author>
			</titleStmt>
			<publicationStmt>
				<authority>Livingstone Online</authority>
				<pubPlace>London</pubPlace>
				<date>2007-04-27</date>
				<publisher>Wellcome Centre for the History of Medicine, UCL</publisher>
				<idno type="LEAP-ID">liv_000872</idno>
			</publicationStmt>
			<sourceDesc>
				<bibl xml:id="shelfmark">Royal Geographical Society, Archives, DL 2/8/1</bibl>
				<bibl xml:id="ccnumber">0390</bibl>
				<bibl xml:id="recipient">Roderick Impey Murchison</bibl>
				<bibl xml:id="date">16 October 1855, 3 March 1856</bibl>
				<bibl xml:id="where">Linyanti, River Chobe</bibl>
			</sourceDesc>
		</fileDesc>
		<profileDesc>
			<handNotes>
				<handNote xml:id="hand01" medium="grey pencil_ink">Scribe: Unknown01</handNote>
				<handNote xml:id="hand02" medium="black ink_ink">Scribe: Unknown02</handNote>
			</handNotes>
		</profileDesc>
		<revisionDesc>
			<change>
				<date>DATE</date>
				<name xml:id="CO">Caroline Overy</name>transcribed letter
			</change>
			<change>
				<date>2007-04-26</date>
				<name xml:id="CL">Chris Lawrence</name>first proof
			</change>
		</revisionDesc>
	</teiHeader>

	<text xmlns:tei="http://www.tei-c.org/ns/1.0">
		<body>
			<div>

	<pb n="0001" facs="liv_000872_0001"/><!--pb/@n='1r'-->
<lb/><p rend="right"><placeName>Linyanti</placeName>, on the <placeName>River 
<lb/>Chobe</placeName>, 16<hi rend="sup"><hi rend="underline">th</hi></hi> October, 
<lb/>1855.<!-- CODIC: each of the 3 lines above is over to the right--><!-- CODIC:lines linking text added in hand 02--></p>
<lb/><p><del type="strikethrough" hand="#hand02"><hi rend="double-underline">To<persName> Sir Roderick Impey Muchison</persName></hi></del></p>
<lb/><p rend="center">Sir,<!-- CODIC:linking line added in hand 02 --></p>
<lb/><p>By a note dated 
<lb/><placeName>Cabongo</placeName> in August last, I endeavoured 
<lb/>to convey an idea of the country between 
<lb/><placeName>Cassangé</placeName> and that point, and if the rough tracing enclosed reached its 
<lb/>destination, you will have remarked 
<lb/>that there was little absolutely new to 
<lb/>communicate. The path followed 
<lb/>is that usually trodden by native 
<lb/>Portuguese, <del type="overwritten" hand="#hand01">who are</del><add place="below">^</add><add place="above" hand="#hand01"><add place="below">^</add><add place="over-text" hand="#hand02">who are</add></add> employed by the Angolese 
<lb/>merchants to trade with <persName>Matiamvo</persName> - 
<lb/><del type="strikethrough" hand="#hand02">(</del><add place="below">^</add><add place="above" hand="#hand02">"the</add> Muata-yamvo<add place="inline" hand="#hand02">"</add><unclear cert="medium">of</unclear> some<del type="strikethrough" hand="#hand02">)</del> - the paramount 
<lb/>chief of the negro tribes called Londa 
<lb/>(Lunda) or Balonda. There is another 
<lb/>and straighter course situated a little 

	<pb n="0002" facs="liv_000872_0002"/><!--pb/@n='1v'-->
<lb/>farther North, and I suppose it is there the 
<lb/>scarcity of water mentioned by others is experienced. 
<lb/>We never found it necessary to carry a supply, and almost always spent the night at villages 
<lb/>situated on streams or rivulets. A Portuguese 
<lb/>merchant and planter, <persName>Senhor Graça</persName> of 
<lb/><placeName>Monte Allegre</placeName>, whose acquaintance I had 
<lb/>the pleasure or making, was once a visitor 
<lb/>of <persName>Matiamvo</persName>, and his notes having been 
<lb/>published in the Government Gazette or 
<lb/>"Boletin" of <placeName>Loanda</placeName>, might, I <choice><sic>concieve</sic><corr>conceive</corr></choice>, still 
<lb/>be found in Lisbon.<del type="overwritten" hand="#hand02"><add place="above" hand="#hand01"><note n="*" anchored="true"> RGS 
<lb/>vol xxvi 
<lb/>pages 124 128</note></add></del><add place="over-text" hand="#hand02"><note n="*" anchored="true"> See R.G.S. Journal 
<lb/>Vol. xxvi, pages 
<lb/>123, 128.<hi rend="double-underline">Ed.</hi></note></add> A severe and 
<lb/>long continued attack of <term type="ailment">fever</term>, soon after 
<lb/>crossing the <placeName>Quango</placeName>, made me so very feeble 
<lb/>and deaf, <add place="below">^</add><add place="above" hand="#hand02">that</add> I was glad to avail myself 
<lb/>of the company and friendly aid of 
<lb/>three native Portuguese, whose employer, 
<lb/><persName>Senhor Neves</persName> of <placeName>Cassangé</placeName>, very politely 
<lb/>enjoined them by letter to forward my 
<lb/>plans by every means in their power. <choice><reg>T</reg><orig>t</orig></choice>he 
<lb/>virtue of the Cheboqué (Cheebokwé) was 
<lb/>thereby not exposed to temptation to take 
<lb/>advantage of my weakness, - a temptation 
<lb/>which often proves rather too powerful for 
<lb/>the goodness of more enlightened specimens 
<lb/>of humanity. The most then I could effect 

	<pb n="0003" facs="liv_000872_0003"/><!--pb/@n='2r'-->
<lb/>in the circumstances, was to put down the 
<lb/>rivers with greater precision than any of my 
<lb/>predecessors, who have uniformly been unfurnished 
<lb/>with instruments<add place="inline" hand="#hand02">.</add><del type="strikethrough" hand="#hand01">could accomplish</del><reg>.</reg></p>
<lb/><p><!-- CODIC:pencil bracket - hand01 round all of next paragraph to half way down page 4-->The rate of travelling of such traders may 
<lb/>be interesting to those who examine their 
<lb/>accounts of journies to <add place="below">^</add><add place="above">otherwise</add> unknown regions. 
<lb/>I found the average between a great number 
<lb/>of regular sleeping stations to be seven 
<lb/>geographical miles. <choice><reg>T</reg><orig>t</orig></choice>he average time required was three and a half hours, and 
<lb/>the speed two geographical mile an hour. The stoppages from all causes<add place="inline" hand="#hand01">,</add> amounted 
<lb/>to 20 days monthly<add place="inline" hand="#hand02">;</add><del type="strikethrough" hand="#hand02">-</del> so that a month's 
<lb/>journey means actually one of ten days, 
<lb/>or seventy miles. The carriers are very 
<lb/>unwilling to help each other<add place="inline" hand="#hand02">;</add> hence the 
<lb/>sickness of one man often stops the 
<lb/>march of the whole party. When we 
<lb/>parted with them, our own rate was 
<lb/>ten and a half geographical miles per day. 
<lb/><choice><reg>T</reg><orig>t</orig></choice>his required an average of five hours 
<lb/>march at the rate of two geog<add place="below">^</add><add place="above" hand="#hand02">raphical</add> miles an 
<lb/>hour<choice><reg>,</reg><orig>.</orig></choice> and we travelled twenty days each 
<lb/>month. The negro step was quicker than 
<lb/>ours<add place="inline" hand="#hand01">,</add> but we generally overtook them <add place="below">^</add><add place="above" hand="#hand02">while</add> resting 

	<pb n="0004" facs="liv_000872_0004"/><!--pb/@n='2v'-->
<lb/>and arrived in equal times. If we kept going 
<lb/>for six successive days, both men and oxen 
<lb/>shewed symptoms of knocking up, <del type="strikethrough" hand="#hand02">and this</del><add place="inline" hand="#hand02">al</add> though 
<lb/>they were a most willing company and all 
<lb/><add place="inline" hand="#hand02">were</add> anxious to get home. It was therefore necessary 
<lb/>to give another day weekly for rest, besides 
<lb/>Sunday. The starchy nature of the food had<add place="inline" hand="#hand02">,</add> I 
<lb/>believe<add place="inline" hand="#hand02">,</add> considerable influence on the rate of 
<lb/>progress. In winding through forest<add place="inline" hand="#hand02">,</add> I could not 
<lb/>make any approach to a reckoning of distance 
<lb/>an observation was always necessary. <choice><reg>T</reg><orig>t</orig></choice>he 
<lb/>zigzag could not be much under twenty miles 
<lb/>in these cases.</p>
<lb/><p>I had indulged the hope of proceeding 
<lb/>to the headquarters of <persName>Matiamvo</persName><add place="inline" hand="#hand01">,</add> who 
<lb/><del type="strikethrough">would</del> seems to be located nineteen days 
<lb/>E.N.E. of <placeName>Cabongo</placeName>, or on Lat. 9° 20′ South 
<lb/>Long. 22° 32′ East; <del type="strikethrough" hand="#hand02">(This is differently put 
<lb/>in the sketch sent from <placeName>Angola</placeName>, but the latest 
<lb/>is supposed to be the most correct,)</del><choice><orig><add place="inline" hand="#hand02">b</add><del type="strikethrough" hand="#hand02">B</del></orig><reg>B</reg></choice>ut the 
<lb/>long delay had now made such an inroad 
<lb/>into our stock of goods, <add place="bottom" hand="#hand02" corresp="#del2v-1">that</add> we saw clearly <del xml:id="del2v-1" type="cancelled" hand="#hand02">that</del> by the 
<lb/>time of our arrival there, we should be unable 
<lb/>either to give a suitable present to the prince, 
<lb/>or pay our way afterwards to the South. <choice><reg>T</reg><orig>t</orig></choice>his 
<lb/>alone would not have proved a barrier, for a branch of the <placeName>Leeambye</placeName><add place="above" hand="#hand01">ai</add><!-- CODIC: presume shows alternative spelling--> or <placeName>Zambesi</placeName> is 

	<pb n="0005" facs="liv_000872_0005"/><!--pb/@n='3r'-->
<lb/><fw type="pageno"><hi rend="underline">2<hi rend="sup"><hi rend="underline">d</hi></hi> Sheet</hi></fw> is reported to flow southwards from a 
<lb/>part a few days East of his town 
<lb/>(23° or 24° E.L.?) and it would have 
<lb/>been of great importance to <add place="below">^</add><add place="above">have</add> discovered 
<lb/>water conveyance all the way down 
<lb/>to the country of Makololo. But 
<lb/>it is universally <add place="bottom" hand="#hand02" corresp="#del3r-1">asserted</add><add place="inline" hand="#hand02">&amp; </add> believed <del xml:id="del3r-1" type="cancelled" hand="#hand02"><add place="below">^</add><add place="above"><del type="strikethrough" hand="#hand02">and</del> asserted</add></del><!-- TRANSC: DL's addition was later modified either by DL or hand02 -' indicator' deleted--><!-- TRANSC: Text moved to earlier in line --> that <persName>Matiamvo</persName>
<lb/>will on no account <add place="below">^</add><add place="above">permit</add> any white man<add place="inline" hand="#hand01">,</add>
<lb/>or even native trader, to pass him in 
<lb/>that direction. It is his own principal 
<lb/>resort for ivory. <choice><reg>T</reg><orig>t</orig></choice>he tribes living there 
<lb/>kill many elephants and bring the ivory 
<lb/>to him as tribute. (<choice><reg>T</reg><orig>t</orig></choice>hey are called Kanyika and Kanyoka or Banyika &amp; Banyoka)<reg>.</reg>
<lb/>Having but slender acquaintance 
<lb/>with the Londa dialect<add place="inline" hand="#hand01">,</add> we felt that 
<lb/>neither pay not persuasion could 
<lb/>be effectively employed to secure permission 
<lb/>to follow our object; so we decided, on 
<lb/>leaving <placeName>Cabongo</placeName> to proceed South East 
<lb/>to our friend <persName>Katema</persName> and thence down 
<lb/>the <placeName>Leeba</placeName>.</p>

	<pb n="0006" facs="liv_000872_0006"/><!--pb/@n='3v'-->
<lb/><p><!-- CODIC: editorial lines indicating new para--><choice><reg>T</reg><orig>t</orig></choice>he people among whom we now travelled 
<lb/>being Balonda only, we got on very comfortably 
<lb/>except in one instance in which a chief named <persName>Kawawa</persName> who had heard of our 
<lb/>treatment by the Chiboque on going North, 
<lb/>presumed on his possessing the fords of 
<lb/>the <placeName>Casai</placeName>, so far as to demand tribute 
<lb/>from the "white man". Nothing could 
<lb/>exceed the civilities which passed between 
<lb/>us on the Sunday of our stay in his 
<lb/>town. But when we offered to cross the 
<lb/>river, he mustered all his forces to 
<lb/><choice><sic>compell</sic><corr>compel</corr></choice> payment of a "gun<reg>,</reg> an ox, 
<lb/>a man, a barrel of powder - <hi rend="underline">a black 
<lb/>coat</hi>! and a book which would tell 
<lb/>him if <persName>Matiamvo</persName> had any intention 
<lb/>of sending to cut off his head"<reg>.</reg> Unless 
<lb/>we had submitted to everything, as the 
<lb/><term type="tribe">Mambari</term> do, and given a bad 
<lb/>precedent for all white men afterwards, 
<lb/>we were obliged to part with "daggers 
<lb/>drawn". <choice><reg>T</reg><orig>t</orig></choice>he canoes were all concealed 

	<pb n="0007" facs="liv_000872_0007"/><!--pb/@n='4r'-->
<lb/>among the reeds, but my men were <del type="strikethrough" hand="#hand02">more</del><add place="above" hand="#hand02">better</add>
<lb/><del type="strikethrough" hand="#hand02">of</del> sailors than <del type="strikethrough" hand="#hand02">they</del><add place="above" hand="#hand02">his<sic>, </sic></add>, and having taken 
<lb/>the loan of one by night, <del type="strikethrough" hand="#hand02">and</del> in order to 
<lb/>shew how scrupulously honest we were, 
<lb/>we left it and a few beads on their own 
<lb/>side of the river, and thanked them next 
<lb/>morning for their kindness, amidst shouts 
<lb/>of laughter.</p>
<lb/><p><add place="inline" hand="#hand01"><unclear cert="low">Read</unclear></add></p>
<lb/><p><!-- CODIC:editorial cross -->The route we <del type="strikethrough" hand="#hand01">now</del> followed to <placeName>Katema</placeName>
<lb/>being considerably to the East of that by 
<lb/>which we went to <placeName>Loanda</placeName>, a curious 
<lb/>phenomenon which then escaped our 
<lb/>notice<add place="inline" hand="#hand01">,</add> was now discovered, viz. - that of 
<lb/>the <placeName>river Lotembwa</placeName><del type="strikethrough" hand="#hand02">(Lotembwa)</del> flowing 
<lb/>in two <del type="strikethrough" hand="#hand02">and</del> nearly opposite directions. 
<lb/>By the tracing sent from <placeName>Angola</placeName><add place="inline" hand="#hand01">,</add> you 
<lb/>will see it as if rising in the small <placeName>Lake 
<lb/>Dilolo</placeName>. Such <del type="strikethrough">is</del><add place="above">seemed</add> the fact<add place="inline" hand="#hand01">,</add> as far as the 
<lb/>southern portion of the river is concerned. 
<lb/>Our former route having led us to the 
<lb/><placeName>Casai</placeName>, at some distance West of the Northern 
<lb/>portion, we were not aware of its existence<reg>.</reg>
<lb/>In returning however, we were surprised 

	<pb n="0008" facs="liv_000872_0008"/><!--pb/@n='4v'-->
<lb/><del type="strikethrough" hand="#hand02">to be</del><add place="above" hand="#hand02">at being</add> obliged to cross the <placeName>Lotembwa</placeName> before we 
<lb/>reached <placeName><add place="below">^</add><add place="above" hand="#hand02">Lake</add> Dilolo</placeName>. It was more than a mile 
<lb/>broad, three or four feet deep and full of 
<lb/>Arum Egyptiacum, Lotus, papyrus, 
<lb/>mat-rushes and other aqu<del type="strikethrough" hand="#hand02">eous</del><add place="above" hand="#hand02">atic</add> plants. 
<lb/>Not being then informed of the singular 
<lb/>fact that it actually flows N.N.W. into 
<lb/>the <placeName>Casai</placeName>, I did not observe the current 
<lb/>simply concluding it was a prolongation 
<lb/>of the <placeName>Lotembwa</placeName> beyond the Lake, and that 
<lb/>it rose in a <add place="below">^</add><add place="above">long</add> flat marsh as most of 
<lb/>the rivers in this quarter do. But we 
<lb/>were positively informed <add place="below">^</add><add place="above">afterwards</add> that the flow 
<lb/>was to <hi rend="underline">the <placeName>Casai</placeName></hi> and not into <placeName>Dilolo</placeName>. 
<lb/><del type="strikethrough" hand="#hand01">I have no reason to doubt the <add place="below">^</add><add place="above">correctness of this</add> information 
<lb/>I could not ascertain whether <placeName><add place="below">^</add><add place="above" hand="#hand02">Lake</add> Dilolo</placeName> gives much water to the Northern <placeName>Lotembwa</placeName>, 
<lb/>but had their been a current of one 
<lb/>fourth the strength of that which flows 
<lb/>into the Southern <placeName>Lotembwa</placeName>, I must have 
<lb/>observed it: <del type="strikethrough" hand="#hand02">that is converged into it by</del><add place="above" hand="#hand02">The Northern <placeName>Lotembwa</placeName> proceeds from</add>
<lb/>an arm of the Lake, <del type="strikethrough" hand="#hand02"> one</del> half <add place="below">^</add><add place="above">a</add> mile broad 
<lb/>and at the part where <del type="strikethrough" hand="#hand02">the</del> most of <add place="below">^</add><add place="above">the</add> water 
<lb/>flows, it is chin deep.</del> We then crossed 
<lb/>the rivers<reg>.</reg></p>

	<pb n="0009" facs="liv_000872_0009"/><!--pb/@n='5r'-->
<fw type="pageno"><hi rend="underline">7<hi rend="sup"><hi rend="underline">th</hi></hi> Sheet</hi></fw>
<lb/><p><del type="strikethrough" hand="#hand01">The <term type="tribe">Makololo</term> wished to put a stop to their visits 
<lb/>by force, but a hint to purchase all the 
<lb/>ivory with hoes was so promptly responded 
<lb/>to <add place="below">^</add><add place="above" hand="#hand02">that</add> I anticipate small trade for the <term type="tribe">Mambari</term>
<lb/>in future. If any one among the tribes subject 
<lb/>to the <term type="tribe">Makalolo</term>, sells a child now, it is done <del type="strikethrough" hand="#hand02">in</del>
<lb/>secret<add place="inline" hand="#hand02">ly</add>. The trade may thus be said to be 
<lb/>pretty well repressed. A great deal more 
<lb/>than this however is needed. Commerce 
<lb/>is a most important aid to civilization<add place="inline" hand="#hand02">;</add>
<lb/>for it soon breaks up the sullen isolation 
<lb/>of heathenism, and makes men feel their 
<lb/>mutual dependence. Hopes of this 
<lb/>make<del type="strikethrough" hand="#hand02">s</del> one feel gratified at the success, 
<lb/>which has attended <del type="strikethrough" hand="#hand02">the</del><add place="above" hand="#hand02">my</add> little beginning. 
<lb/>But it is our blessed Christianity alone 
<lb/>which can touch the centre of the wants 
<lb/>of Africa. <choice><reg>T</reg><orig>t</orig></choice>he Arabs, it is well known, 
<lb/>are great in commerce, but not much 
<lb/>elevated <add place="below">^</add><add place="above" hand="#hand02">thereby</add> above the African in principle<add place="inline" hand="#hand02">.</add><del type="strikethrough" hand="#hand02">thereby.</del>
<lb/>My Arab friend <persName>Ben Habib</persName> now gone to 
<lb/><placeName>Loanda</placeName><del type="overwritten" hand="#hand01">,</del><add place="over-text" hand="#hand02">,</add> was received most hospitably 
<lb/>by an old female chief called <persName>Sebola mokwaia</persName>, 
<lb/>and she actually gave him ivory enough to 
<lb/>set him up as a trader. Yet he went with</del>

	<pb n="0010" facs="liv_000872_0010"/><!--pb/@n='5v'-->
<lb/><choice><sic>with</sic><corr>notext</corr></choice> the <term type="tribe">Makololo</term> against her to revenge some 
<lb/>old feud with which he had no connection.</p>
<lb/><p rend="right">David Livingstone</p>

	<pb n="0011" facs="liv_000872_0011"/><!--pb/@n='6r'-->
<lb/><p><del type="strikethrough" hand="#hand01"><del type="strikethrough" hand="#hand02">Please excuse this wretched Yankee paper 
<lb/>from <placeName>Loanda</placeName>. Rags are scarce it 
<lb/>seems now a days. but the Papyrus 
<lb/>plant abounds through all intertropical 
<lb/>Africa. Surely our paper manufacturers might 
<lb/>equal the compeers of old <persName>Jannes</persName>
<lb/>and <persName>Janbres</persName>.<!-- CODIC:line dividing page--></del></del></p>
<lb/><p><del type="strikethrough" hand="#hand01"><del type="strikethrough" hand="#hand02"><placeName>Tette</placeName> or <placeName>Nyunghe</placeName> on <placeName>Zambesi</placeName>
<lb/>3<hi rend="sup"><hi rend="underline">d</hi></hi> March 1856</del></del></p>
<lb/><p><del type="strikethrough" hand="#hand01"><del type="strikethrough" hand="#hand02">Reached this yesterday morning 
<lb/><del type="strikethrough" hand="#hand01">pretty</del> well tired from marching 
<lb/>through a rough<reg>,</reg> stoney jungle 
<lb/>for some time past. I cannot 
<lb/>copy the whole of the foregoing 
<lb/>as a post goes off to <placeName>Quillimane</placeName>
<lb/>tomorrow morning, but perhaps 
<lb/>early intelligence will be appreciated</del></del><!-- bracket in left margin with word omit in hand02 linking the 3 paras--><!-- Seems redundant to me to code this since hand02 has already been listed as deleting these things.-->

	<pb n="0012" facs="liv_000872_0012"/><!--pb/@n='6v'-->
<lb/>more than later and better written 
<lb/>would be. N<hi rend="sup"><hi rend="underline">o</hi></hi> III refers chiefly to the 
<lb/>people of the Interior. Both it and <unclear cert="medium">tracing</unclear>
<lb/>will be sent in time. <choice><reg>T</reg><orig>t</orig></choice>he Portuguese 
<lb/>are remarkably kind. And I am 
<lb/>in good health and spirits.</p>
<lb/><p rend="right">David Livingston</p><!--<p>No. I.</p>-->
			
</div>
		</body>
	</text></TEI>