<?xml version="1.0" encoding="UTF-8"?>
<!--Converted from a TEI P4 XML file to the LEAP TEI P5 Schema by James Cummings on 2015-03-02-->
<?xml-model href="http://livingstoneonline.github.io/LEAP-ODD/leap.rng" type="application/xml" schematypens="http://relaxng.org/ns/structure/1.0"?>
<?xml-model href="http://livingstoneonline.github.io/LEAP-ODD/leap.rng" type="application/xml" schematypens="http://purl.oclc.org/dsdl/schematron"?>
<?xml-stylesheet type="text/xsl" href="http://livingstoneonline.github.io/LEAP-XSLT/transcription.xsl"?>
<TEI xmlns="http://www.tei-c.org/ns/1.0" xml:id="liv_001959">
	<teiHeader xmlns:tei="http://www.tei-c.org/ns/1.0">
		<fileDesc>
			<titleStmt>
				<title>Letter to William Hooker</title>
				<author xml:id="DL">David Livingstone</author>
			</titleStmt>
			<publicationStmt>
				<authority>Livingstone Online</authority>
				<pubPlace>London</pubPlace>
				<date>2008-04-22</date>
				<publisher>Wellcome Centre for the History of Medicine, UCL</publisher>
				<idno type="LEAP-ID">liv_001959</idno>
			</publicationStmt>
			<sourceDesc>
				<bibl xml:id="shelfmark">Library, Art &amp; Archives, Royal Botanic Gardens, Kew, African Letters, 1859-1865, LX, f. 180</bibl>
				<bibl xml:id="ccnumber">1389</bibl>
				<bibl xml:id="recipient">William Hooker</bibl>
				<bibl xml:id="date">10 August 1863</bibl>
				<bibl xml:id="where">Cataracts of Shire</bibl>
			</sourceDesc>
		</fileDesc>
		<profileDesc>
			<langUsage>
				<language ident="en">English</language>
			</langUsage>
			<handNotes>
				<handNote xml:id="hand01">Scribe: Unknown</handNote>
			</handNotes>
		</profileDesc>
		<revisionDesc>
			<change>
				<date>2008-04-22</date>
				<name xml:id="CO">Caroline Overy</name>Intial Transcription by Caroline Overy
			</change>
			<change>
				<date>2008-05-03</date>
				<name xml:id="CL">Chris Lawrence</name>Proof by Chris Lawrence
			</change>
			<change>
				<date>2008-06-28</date>
				<name xml:id="JB">Janet Browne</name>Proofed by Janet
			</change>
		</revisionDesc>
	</teiHeader>

	<text xmlns:tei="http://www.tei-c.org/ns/1.0">
		<body xml:lang="en">
			<div>

	<pb n="0001" facs="liv_001959_0001"/><!--pb/@n='180-1'-->
<lb/><p rend="right"><placeName>Cataracts of Shire</placeName> 10 Aug</p>
<lb/><p rend="right">1863</p>
<lb/><p>Dear<persName> Sir William</persName></p>
<lb/><p>In our letter of 
<lb/>Instructions for withdrawal 
<lb/>of the Expedition a sort of 
<lb/>complaint is made that 
<lb/>whatever may be the 
<lb/>natural resources of the 
<lb/>newly discovered regions 
<lb/>H. M. Government have 
<lb/>as yet <choice><sic>recieved</sic><corr>received</corr></choice> but 
<lb/>scanty information 
<lb/>thereon - to which I have 
<lb/>replied that <persName>D<hi rend="sup"><hi rend="underline">r</hi></hi> Kirk</persName>
<lb/>had sent or taken home 
<lb/>to the Government 
<lb/>Museum at <placeName>Kew</placeName> as 
<lb/>ample materials for 
<lb/>elucidating the Economical 

	<pb n="0002" facs="liv_001959_0002"/><!--pb/@n='180a-2'-->
<lb/>and botanical resources 
<lb/>as ever have been sent 
<lb/>from a barbarous 
<lb/>country &amp; from a vessel 
<lb/>where incessant care 
<lb/>was required to keep every 
<lb/>thing from spoiling. 
<lb/><choice><reg>A</reg><orig>a</orig></choice>nd as no instance 
<lb/>is on record of information 
<lb/>of value being communicated 
<lb/>without consulting existing 
<lb/>Herbaria and Authorities, 
<lb/>I though the complaint 
<lb/>slightly premature or 
<lb/>words to that effect - I 
<lb/>thought this justice to 
<lb/><persName>D<hi rend="sup"><hi rend="underline">r</hi></hi> Kirk</persName> demanded and 
<lb/>I hope if you are 
<lb/>consulted or should a 
<lb/>favourable opportunity 
<lb/>arise you will say a 
<lb/>a good word in his behalf<reg>.</reg>

	<pb n="0003" facs="liv_001959_0003"/><!--pb/@n='180a-3'-->
<lb/>The means too of publishing 
<lb/>his extensive materials 
<lb/>ought to be forthcoming 
<lb/>for as a commercial 
<lb/>speculation I suspect 
<lb/>a work of the kind would 
<lb/>not be a paying one. 
<lb/>The Doctor has been I can 
<lb/>assure you a most 
<lb/>assiduous &amp; painstaking 
<lb/>collector - nothing ever 
<lb/>deterred him from his 
<lb/>duty and he always 
<lb/>did it like a man. 
<lb/>If you can confer 
<lb/>any favour you 
<lb/>will never find a  
<lb/>more deserving 
<lb/>recipient. This I can 
<lb/>say after five years 
<lb/>constant intercourse<reg>.</reg></p>

	<pb n="0004" facs="liv_001959_0004"/><!--pb/@n='180-4'-->
<lb/><p>When I last heard from 
<lb/>him he was at <placeName>Quillimane</placeName>
<lb/>in poor health. I sent 
<lb/><persName>D<hi rend="sup"><hi rend="underline">r</hi></hi> Meller</persName> down too - and 
<lb/>I hope the report of his 
<lb/>appointment to <placeName>Madagascar</placeName>
<lb/>is correct. We remain 
<lb/>waiting for next flood 
<lb/>to take <term type="boat">Pioneer</term> down to the 
<lb/>sea. When as I shall 
<lb/>have to go to India I 
<lb/>must beg you to <choice><sic>recieve</sic><corr>receive</corr></choice>
<lb/>my luggage at <placeName>Kew</placeName>. 
<lb/>It is not much and I 
<lb/>have no home now<reg>.</reg></p>
<lb/><p>Will you remember me 
<lb/>kindly to <persName>D<hi rend="sup"><hi rend="underline">r</hi></hi> &amp; M<hi rend="sup"><hi rend="underline">rs</hi></hi> Hooker</persName>
<lb/>and believe me </p>
<lb/><p rend="center">Truly yours</p>
<lb/><p>David Livingstone</p>
			
</div>
		</body>
	</text></TEI>