<?xml version="1.0" encoding="UTF-8"?>
<!--Converted from a TEI P4 XML file to the LEAP TEI P5 Schema by James Cummings on 2015-03-02-->
<?xml-model href="http://livingstoneonline.github.io/LEAP-ODD/leap.rng" type="application/xml" schematypens="http://relaxng.org/ns/structure/1.0"?>
<?xml-model href="http://livingstoneonline.github.io/LEAP-ODD/leap.rng" type="application/xml" schematypens="http://purl.oclc.org/dsdl/schematron"?>
<?xml-stylesheet type="text/xsl" href="http://livingstoneonline.github.io/LEAP-XSLT/transcription.xsl"?>
<TEI xmlns="http://www.tei-c.org/ns/1.0" xml:id="liv_001309">
	<teiHeader xmlns:tei="http://www.tei-c.org/ns/1.0">
		<fileDesc>
			<titleStmt>
				<title>Letter to John Washington</title>
				<author xml:id="DL">David Livingstone</author>
			</titleStmt>
			<publicationStmt>
				<authority>Livingstone Online</authority>
				<pubPlace>London</pubPlace>
				<date>2009-08-12</date>
				<publisher>Wellcome Centre for the History of Medicine, UCL</publisher>
				<idno type="LEAP-ID">liv_001309</idno>
			</publicationStmt>
			<sourceDesc>
				<bibl xml:id="shelfmark">The National Museum of the Royal Navy, Portsmouth, UK, MSS 120</bibl>
				<bibl xml:id="ccnumber">0783</bibl>
				<bibl xml:id="recipient">John Washington</bibl>
				<bibl xml:id="date">19, 28 April 58</bibl>
				<bibl xml:id="where">"Pearl" at Sea - [Cape Town]</bibl>
			</sourceDesc>
		</fileDesc>
		<profileDesc>
			<langUsage>
				<language ident="en">English</language>
			</langUsage>
			<handNotes>
				<handNote xml:id="hand01">Scribe: Unknown</handNote>
			</handNotes>
		</profileDesc>
		<revisionDesc>
			<change>
				<date>2009-08-12</date>
				<name xml:id="CO">Caroline Overy</name>Initial Transcription by Caroline Overy
			</change>
			<change>
				<date>2009-08-17</date>
				<name xml:id="CL">Chris Lawrence</name>Proofed by Chris
			</change>
		</revisionDesc>
	</teiHeader>

	<text xmlns:tei="http://www.tei-c.org/ns/1.0">
		<body xml:lang="en">
			<div>

	<pb n="0001" facs="liv_001309_0001"/><!--pb/@n='1r'-->
<lb/><p rend="right">Steamer <term type="boat">Pearl</term>, at sea</p>
<lb/><p rend="right">19<hi rend="sup"><hi rend="underline">th</hi></hi> April 1858</p>
<lb/><p><hi rend="underline">Private</hi></p>
<lb/><p>My Dear <persName>Captain Washington</persName></p>
<lb/><p>I am happy to inform 
<lb/>you that we are now so far 
<lb/>on our way as to have the 
<lb/>prospect of reaching the 
<lb/><placeName>Cape</placeName> by tomorrow (20<hi rend="sup"><hi rend="underline">th</hi></hi>) evening<reg>.</reg>
<lb/>We left <placeName>Sierra Leone</placeName> on 
<lb/>the 10<hi rend="sup"><hi rend="underline">th</hi></hi> and sighted the coast 
<lb/>near <placeName>Cape Negro</placeName>, and 
<lb/>considering that we have 
<lb/>had head winds nearly all 
<lb/>the way and a current 
<lb/>against us as well we 
<lb/>have done fairly.</p>
<lb/><p>My companions are all 
<lb/>in good health and spirits 
<lb/>but <persName>M<hi rend="sup"><hi rend="underline">rs</hi></hi> L.</persName> has been sick 

	<pb n="0002" facs="liv_001309_0002"/><!--pb/@n='1v'--> 
<lb/>continuously ever since we 
<lb/>left <placeName>Sierra Leone</placeName> and as it 
<lb/>seems to be the sea sickness 
<lb/>plus 'the nine months 
<w>com-<lb break="no"/>plaint</w><reg>'</reg> to which ladies are 
<lb/>subject I have decided to 
<lb/>leave her at the <placeName>Cape</placeName> and 
<lb/>let her proceed with her brother 
<lb/><persName>M<hi rend="sup"><hi rend="underline">r</hi></hi> Moffat</persName> to <placeName>Kuruman</placeName>, there 
<lb/>to await her confinement 
<lb/>and then come up overland 
<lb/>to the <placeName>Makololo country</placeName>. <choice><reg>T</reg><orig>t</orig></choice>his 
<lb/>arrangement is a great 
<w>dis-<lb break="no"/>appointment</w> to me and will 
<lb/>be still more so to the <term type="tribe">Makololo</term>
<lb/>who looked forward to her coming 
<lb/>with more interest than <add place="above">to</add> mine. 
<lb/>She would have been a comfort 
<lb/>to any who might be sick. 
<lb/><choice><reg>T</reg><orig>t</orig></choice>he expense is considerable, £200 
<lb/>at least, and to make matters 
<lb/>worse I actually gave away 
<lb/>my waggon now standing at 
<lb/><placeName>Cape Town</placeName> a few days before 
<lb/>I left England, and a new 
<lb/>one costs £75 in this dear labour country<reg>.</reg>

	<pb n="0003" facs="liv_001309_0003"/><!--pb/@n='2r'--> 
<lb/>I have written out instructions 
<lb/>for all my companions and 
<lb/>regular observations will be 
<lb/>begun as soon as we leave the 
<lb/><placeName>Cape</placeName> in order to get their hands 
<lb/>in. I have thought that the 
<lb/>following deviation from the 
<lb/>plan drawn out will meet 
<lb/>your approbation. After the 
<lb/>Bar is sounded we take the 
<lb/><term type="boat">Pearl</term> into smooth water, put 
<lb/>the Launch together as that can 
<lb/>be done in a few hours and 
<lb/>then make her pilot the <term type="boat">Pearl</term>
<lb/>up the river. Then from 
<lb/>whatever point it may be 
<lb/>determined on to send the <term type="boat">Pearl</term>
<lb/>back, send the <term type="boat">Ma Robert</term> to 
<lb/>pilot her back to the sea. 
<lb/>She will sound both ways 
<lb/>and the risk of grounding the 
<lb/>larger vessel will be reduced 
<lb/>to the minimum.</p>
<lb/><p>It may be well to examine 
<lb/>both the <placeName>Luabo</placeName> branches - i.e. 
<lb/>The Eastern &amp; Western or Hoskins 

	<pb n="0004" facs="liv_001309_0004"/><!--pb/@n='2v'--> 
<lb/>as it may be called as he thinks 
<lb/>the latter the best, and then 
<lb/>make our choice but this will 
<lb/>be left to <persName>Bedingfeld's</persName> judgment, 
<lb/>and the state of the river when 
<lb/>we get there. <persName>Captain Duncan</persName>
<lb/>is a very careful navigator. 
<lb/>By the way <persName>M<hi rend="sup"><hi rend="underline">r</hi></hi> Duncan</persName> the 
<lb/>Colonial Office agent neglected 
<lb/>to give him any money to purchase 
<lb/>fresh provisions for his crew, 
<lb/>and he needed planks <add place="above">fresh water</add> &amp; besides 
<lb/><persName>Oldfield</persName> from whom he got what 
<lb/>he needed seemed unwilling 
<lb/>to take his bill on the Colonial 
<lb/>Office so to settle the difficulty 
<lb/>I wrote "approved" on the bills 
<lb/>and as we were just sailing 
<lb/>I could <add place="above">not</add> write you to tell you that these expenses are not those of 
<lb/>the Expedition but of the Colonial 
<lb/>vessel. The senior Naval 
<lb/>officer was absent and the 
<lb/>commissariat could not give 
<lb/>us men to coal so <persName>Captain D.</persName>
<lb/>was obliged to incur expenses 
<lb/>which were not provided for 
<lb/>by the Colonial agent. It will 
<lb/>be so here again I suppose.</p><addSpan spanTo="#p1r-01" place="marginleft"><!--addSpan/@place='left margin of fol. 1r'--></addSpan>
<lb/><p><persName>Captain Duncan</persName> has draw<reg>n</reg>
<lb/>£130 on the Ceylon Government</p><anchor xml:id="p1r-01"/><addSpan spanTo="#p1v-01" place="marginleft"><!--addSpan/@place='left margin of fols. 1v-2r'--></addSpan>
<lb/><p>28<hi rend="sup"><hi rend="underline">th</hi></hi> April We found <persName>M<hi rend="sup"><hi rend="underline">r</hi></hi> and M<hi rend="sup"><hi rend="underline">rs</hi></hi> Moffat</persName> here from <placeName>Kuruman</placeName> - my men 
<lb/>still at <placeName>Tete</placeName> - <persName>Skead</persName> is going with us - so is the <term type="boat">Hermes</term> - <persName>Duncan</persName>
<lb/>is supplied with money by <persName>Sir George Grey</persName> to be repaid by the 

	<pb n="0005" facs="liv_001309_0005"/><!--pb/@n='2r'--> 
<lb/>Ceylon Government - <persName>Maclear</persName> is well &amp; hearty - <persName>Captain 
<lb/>Saunders</persName> of the <term type="boat">Buffalo</term> sailed with you and would do anything for us 
<lb/>for your sake - we sail on 30<hi rend="sup"><hi rend="underline">th</hi></hi><persName>Captain Lister</persName> is thoroughly obliging 
<lb/>the Admiral not having returned yet. I am &amp;c David Livingstone<reg>.</reg></p><anchor xml:id="p1v-01"/>
			
</div>
		</body>
	</text></TEI>