<?xml version="1.0" encoding="UTF-8"?>
<?xml-model href="http://livingstoneonline.github.io/LEAP-ODD/leap.rng" type="application/xml" schematypens="http://relaxng.org/ns/structure/1.0"?>
<?xml-model href="http://livingstoneonline.github.io/LEAP-ODD/leap.rng" type="application/xml" schematypens="http://purl.oclc.org/dsdl/schematron"?>
<?xml-stylesheet type="text/xsl" href="http://livingstoneonline.github.io/LEAP-XSLT/transcription.xsl"?>
<TEI xmlns="http://www.tei-c.org/ns/1.0" xml:id="liv_001376"><!-- Change @xml:id -->
    <teiHeader>
        <fileDesc>
            <titleStmt>
				<!-- Change title below -->
                <title>Letter to Agnes Livingstone 1, 6 October 1858</title>
                <author>David Livingstone</author>
                <principal>Adrian S. Wisnicki</principal>
                <principal>Christopher Lawrence</principal>
				<!-- Add or remove <respStmt> as appropriate below -->
				<!-- Change xml:id below -->
                <respStmt xml:id="EM">
					<!-- Change name below -->
                    <name>E. Alexander Munson</name>
					<!-- Change, remove, or add more <resp> as appropriate below -->
                    <resp>Transcription</resp>
                    <resp>Encoding</resp>
                </respStmt>
                <respStmt xml:id="AW">
                    <name>Adrian S. Wisnicki</name>
                    <resp>Coding review</resp>
                </respStmt>
            </titleStmt>	
            <publicationStmt>
                <authority>Livingstone Online</authority>
                <publisher>University of Maryland Libraries</publisher>
                <pubPlace>College Park, MD, USA</pubPlace>
				<!-- Change date below if necessary -->
                <date>2015</date>
				<!-- Change base file name below -->
                <idno type="LEAP-ID">liv_001376</idno>
				<!-- Change the license below if necessart -->
			    <availability>
        			<licence target="https://creativecommons.org/licenses/by-nc/3.0/">
            			All materials are licensed for use under the 
            			<ref target="https://creativecommons.org/licenses/by-nc/3.0/">
                		Creative Commons Attribution-Noncommercial 3.0 Unported License
            			</ref>. (c) Dr. Neil Imray Livingstone Wilson, 2011
        			</licence>
    			</availability>
            </publicationStmt>
            <sourceDesc>
                <msDesc>
                    <msIdentifier>
						<!-- Change country below as needed -->
                        <country>United Kingdom</country>
						<!-- Change settlement below as needed -->
                        <settlement>Edinburgh</settlement>
						<!-- Change repository below as needed -->
                        <repository>National Library of Scotland</repository>
						<!-- Change shelfmark below as needed -->
                        <idno type="shelfmark">MS. 10701, ff. 102-103</idno>
                        <altIdentifier>
							<!-- Change CC number below as needed -->
                            <idno type="ccnumber">Letters, 0844</idno>
                        </altIdentifier>
                    </msIdentifier>
                    <physDesc>
                        <handDesc>
							<!-- Add additional <handNote> elements below as needed. -->
                            <handNote xml:id="U1"><label>Unknown Hand</label> This hand is unknown
                                but thought not David Livingstone's.</handNote>
							<handNote xml:id="U2"><label>Unknown Hand</label> This hand is unknown
                                but thought not David Livingstone's.</handNote>
                        </handDesc>
                    </physDesc>
                </msDesc>
                <bibl type="sourceMetadata">
					<!-- Change title below -->
                    <title>Letter to Agnes Livingstone 1, 6 October 1858</title>
                    <author xml:id="DL">David Livingstone</author>
					<!-- Change @when and date below -->					
                    <date type="composition" when="1858-10-06">6 October 1858</date>
					<!-- Change place below -->
                    <placeName type="compositionPlace">Kongone Harbour</placeName>
					<!-- Change addressee below -->
                    <persName type="addressee">Agnes Livingstone 1</persName>
                </bibl>
            </sourceDesc>
        </fileDesc>
        <profileDesc>
            <langUsage>
				<!-- See LEAP encoding manual sect. 20 for language abbreviations. 
				English should be first, then add all other languages, as appropriate, 
				in alphabetical order. -->
                <language ident="en">English</language>
            </langUsage>
        </profileDesc>
        <revisionDesc>
			<!-- Change @when, @who, and work description below. -->
			<!-- Note that @who initials are taken from <respStmt> above -->
			<!-- Add new <change> elements below as needed. -->
			<!-- Note that the most recent <change> should always be placed first, at the top -->
			<change when="2015-09-03" who="#AW">Proofing and Coding Review</change>
            <change when="2015-09-01" who="#EM">Initial transcription and XML encoding</change>
        </revisionDesc>
    </teiHeader>

    <text>
        <body>
            <div>

	<!-- Change both @facs and @n below -->
	<!-- Start each page with a <pb> formatted as below -->               
	<pb facs="liv_001376_0001" n="0001"/>

<!-- If this is a letter or similar with an opener (with content such as dateline and/or salute) add it. For example: -->
<opener>
<lb/><add place="above marginleft">53</add><dateline rend="right"><date when="1858-10-06">6 October 1858</date></dateline><add place="above marginright" rend="gray">102</add>
<lb/>    
<lb/><salute>My Dear Mother</salute><!-- Change line info as appropriate --></opener>
<lb/><p>I have only time
<lb/>to say a word by way
<lb/>of salutation in passing
<lb/>I did not know of
<lb/>this opportunity till
<lb/>the man of war that
<lb/>takes this came - The
<lb/>spot it waited at
<lb/>is open to the seabreeze

	<pb facs="liv_001376_0002" n="0002"/>
<lb/>so we have been with
<lb/>it a few days repairing
<lb/>the Ma Robert - Had we
<lb/>been in <term type="plant">Mangrove</term> 
<lb/>swamps I would not
<lb/>have wasted a day 
<lb/><persName>Charles</persName> is at <placeName><settlement type="town">Tette</settlement></placeName> &amp;
<lb/>had a slight attack 
<lb/>of illness but I left him
<lb/>well - I hope you
<lb/>are well &amp; comfortable</p>
	
	<pb facs="liv_001376_0003" n="0003"/>
<lb/><space dim="vertical" extent="9" unit="lines"/>
<lb/><p rend="no-indent">For <persName>M<hi rend="sup underline">rs</hi> Livingstone</persName></p>
<lb/><p rend="no-indent">Tell <persName>Tom</persName> that <persName>Oswell</persName>
<lb/>is off to <placeName><settlement type="village">Kuruman</settlement></placeName>
<lb/>with <choice><orig>grand pa</orig><reg>grandpa</reg></choice> &amp; ma
<lb/>&amp; very well</p>
           
	<pb facs="liv_001376_0004" n="0004"/>
<lb/><space dim="vertical" extent="9" unit="lines"/>
<closer><hi rend="upside-down"><address>
<addrLine/><persName>M<hi rend="sup underline">rs</hi> Livingstone</persName>
</address></hi></closer> 

            </div>	
        </body>
    </text>

</TEI>
