<?xml version="1.0" encoding="UTF-8"?>
<!--Converted from a TEI P4 XML file to the LEAP TEI P5 Schema by James Cummings on 2015-03-02-->
<?xml-model href="http://livingstoneonline.github.io/LEAP-ODD/leap.rng" type="application/xml" schematypens="http://relaxng.org/ns/structure/1.0"?>
<?xml-model href="http://livingstoneonline.github.io/LEAP-ODD/leap.rng" type="application/xml" schematypens="http://purl.oclc.org/dsdl/schematron"?>
<?xml-stylesheet type="text/xsl" href="http://livingstoneonline.github.io/LEAP-XSLT/transcription.xsl"?>
<TEI xmlns="http://www.tei-c.org/ns/1.0" xml:id="liv_001439"><!-- LP126 -->
	<teiHeader xmlns:tei="http://www.tei-c.org/ns/1.0">
		<fileDesc>
			<titleStmt>
				<title>Letter to Andrew Smith</title>
				<author xml:id="DL">David Livingstone</author>
			</titleStmt>
			<publicationStmt>
				<authority>Livingstone Online</authority>
				<pubPlace>London</pubPlace>
				<date>2006-10-09</date>
				<publisher>Wellcome Centre for the History of Medicine, UCL</publisher>
				<idno type="LEAP-ID">liv_001439</idno>
			</publicationStmt>
			<sourceDesc>
				<bibl xml:id="ccnumber">0902</bibl>
				<bibl xml:id="recipient">Andrew Smith</bibl>
				<bibl xml:id="date">31 May 1859</bibl>
				<bibl xml:id="where">River Zambesi</bibl>
				<bibl xml:id="shelfmark">David Livingstone Centre (Uncatalogued Papers)</bibl><!--1859-05-31--><!--Original:1859-05-31-->
				<bibl xml:id="extent">4 pages</bibl>
			</sourceDesc>
		</fileDesc>
		<revisionDesc>
			<change>
				<date>2006-09-15</date>
				<name>Sharon Messenger</name>initial transcription
			</change>
		</revisionDesc>
	</teiHeader>

	<text xmlns:tei="http://www.tei-c.org/ns/1.0">
		<body>
			<div>

	<pb n="0001" facs="liv_001439_0001"/><!--pb/@n='1r'-->
<lb/><p rend="right"><placeName>River Zambesi</placeName> 31<hi rend="sup"><hi rend="underline">st</hi></hi> May</p>
<lb/><p rend="right">1859</p>
<lb/><p rend="left">My Dear <persName>D<hi rend="sup"><hi rend="underline">r</hi></hi> Smith</persName></p>
<lb/><p>A point which we 
<lb/>once had under discussion in your house 
<lb/>came so forcibly back to my mind a 
<lb/>short time ago that I felt bound to write 
<lb/>to you by the earliest opportunity and let 
<lb/>you know that I fear I misled you 
<lb/>in saying that the <term type="tribe">Balonda</term> have square 
<lb/>huts. of their own innate notion. We 
<lb/>have just been into a country almost 
<lb/>identical with <placeName>Louda.</placeName> It is high - has the 
<lb/>very same vegetation and abounds in 
<lb/>flowing streams rising in bogs. and there 
<lb/>I saw reason to doubt squares among 
<lb/>pure <term type="tribe">aborigines.</term> We went up the <placeName>Shire</placeName>
<lb/>about one hundred miles in this steamer 
<lb/>in a first trip. In a second we passed 
<lb/>our former point - a <unclear cert="low">rapid</unclear> or cataract - 
<lb/>on foot. and proceeding northwards 
<lb/>in a mountainous region for some forty 
<lb/>miles discovered a magnificient Lake 
<lb/>called <placeName>Shirwa.</placeName> It is about 20 or 30 
<lb/>miles broad and fifty or sixty long - 
<lb/>and seperated according to native 
<lb/>report from a much larger lake called 
<lb/><placeName>Nyinyesi</placeName> = the stars, by a strip of land only 

	<pb n="0002" facs="liv_001439_0002"/><!--pb/@n='1v'--> 
<lb/><choice><sic>only</sic><corr>notext</corr></choice> five or six miles broad. <placeName>Shirwa</placeName> itself 
<lb/>is distant from a branch of the <placeName>Shire</placeName> called 
<lb/><placeName>Rus</placeName> only 30 miles so we have a prospect 
<lb/>of opening up all <placeName>Eastern Africa</placeName> with land 
<lb/>carriage of not more than fifty miles. We 
<lb/>could hear nothing of <persName>Burton's</persName> party but <placeName>Nyinyesi</placeName>
<lb/>is the <placeName>Nyanja</placeName> or <placeName>Nyassa</placeName> which is believed 
<lb/>to reach well up to the Equator. Well so much 
<lb/>by way of preface. When up there and travelling 
<lb/>on foot we always slept outside the huts except 
<lb/>twice. and remembering your idea of round huts 
<lb/>I found you were perfectly right. Only when 
<lb/>we came to any village where native traders 
<lb/>had been did we see an attempt at the square 
<lb/>walls yet round roof. Where no traders had 
<lb/>been all were round both walls and roof 
<lb/>this must have been the case in <placeName>Louda</placeName> though 
<lb/>then I did not have the cause. The <term type="tribe">Bechuanas</term>
<lb/>make nothing square except pitfalls - <figure><graphic style="display:inline vertical-align:middle" url="lp107-1.gif"/><figDesc/></figure> I 
<lb/>imagine in imitation of the four feet of the 
<lb/>animal. the <term type="tribe">Barouse</term> make their huts of 
<lb/>a half moon shape <figure><graphic style="display:inline vertical-align:middle" url="lp107-1.gif"/><figDesc/></figure> but when travelling 
<lb/>make sheds which I think may glide into 
<lb/>squares - Stakes are planted in a slanting direction 
<lb/>and bushes stuck in opposite them so as to form 
<lb/><figure><graphic style="float:left" url="lp107-1.gif"/><figDesc/></figure> oblong sheds. In the <term type="tribe">Manganja</term> country where 
<lb/>we were this sort of shed was built on 
<lb/>a platform and an end or two ends put 
<lb/>in making a rude approximation to a square 
<lb/>some of the <term type="tribe">Manganja</term> had lean-tos to their huts 
<lb/>these were square or approaching to it. Otherwise 
<lb/>I think you are quite right in setting down 

	<pb n="0003" facs="liv_001439_0003"/><!--pb/@n='2r'--> 
<lb/>all untutored tribes as building round huts. The 
<lb/><term type="tribe">Manganya</term> make a frame for the outer walls. 
<lb/><figure><graphic style="float:left" url="lp107-1.gif"/><figDesc/></figure> then make the roof in <unclear cert="low">it</unclear> as one puts a 
<lb/>filtering paper into a funnel. It is made ready there 
<lb/>and then turned over on to the walls. Excuse the 
<lb/>scrawls and believe that I felt sorry when by 
<lb/>longer observation I found that I had misled you 
<lb/>the <term type="tribe">Balanda</term> whom I saw with square walls. 
<lb/>probably imitated native slave traders huts. They 
<lb/>had however straight walls with sharp well 
<lb/>made angular corners for their sheets. </p>
<lb/><p>We have had <term type="ailment">fever</term> but of so mild a 
<lb/>form that <persName>D<hi rend="sup"><hi rend="underline">r</hi></hi> Kirk</persName> and I failed to recognise 
<lb/>it for many months. It was quite unlike 
<lb/>what I suffered so much from when destitute 
<lb/>of every comfort; and resembled closely 
<lb/><term type="ailment">"common colds."</term> their frequent recurrence 
<lb/>in the same individual with the same symptoms 
<lb/>at last led us to believe it was <term type="ailment">fever.</term> One 
<lb/>had <term type="ailment">sore bones.</term> all over sore &amp;c. another got 
<lb/><term type="ailment">heady</term> having had <term type="ailment">brain fever</term> as they call it 
<lb/>once at the <placeName>Cape.</placeName> Another looked as if he had 
<lb/>a <term type="ailment">bilious attack</term> and another as if he had a 
<lb/>fit of <term type="ailment">indigestion.</term> We begin to suspect that 
<lb/><term type="ailment">colds</term> everywhere may be the effect of <term type="ailment">malaria</term>
<lb/>We cure it quickly by what I discovered when 
<lb/>alone, a pill of <term type="curative">Resin of jalap,</term><term type="curative">calomel,</term> and 
<lb/><term type="curative">quinine:</term> as soon as the bowels move, relief is 
<lb/>obtained. We then give <term type="curative">quinine</term> to complete the 
<lb/>cure. This <term type="curative">quinine</term> is no prophylactic that 
<lb/>we can see. I never found it prevent a single 
<lb/>attack in my own person nor in others. We 

	<pb n="0004" facs="liv_001439_0004"/><!--pb/@n='2v'--> 
<lb/>are well because well provided for, and we 
<lb/>take the <term type="curative">quinine</term> partly for the <unclear cert="low">dram,</unclear> and partly 
<lb/>to prevent you folks blaming us after we are 
<lb/>dead! As for the Portuguese - they ought to die of 
<lb/><term type="ailment">fever.</term> They all have <term type="ailment">syphillis</term> either congenital or 
<lb/>acquired from the priest to the pagan - a dirty crew 
<lb/>"<unclear cert="low">sames</unclear>" - a species of <term type="ailment">itch</term> is about universal &amp; 
<lb/>nobody is ashamed of it. <persName>D<hi rend="sup"><hi rend="underline">r</hi></hi> Kirk</persName> and I have 
<lb/>been more exposed to <term type="ailment">malaria</term> than the others 
<lb/>yet we have escaped. The <term type="tribe">Kroomnen</term> take it 
<lb/>and call it the same as they get at <placeName>Sierra Leone</placeName></p>
<lb/><p> The <placeName>Shirwa</placeName> region is high we rose 
<lb/>1500 feet above the ship in ten days short 
<lb/>marches. <placeName>Mount Bzomba or Zomba</placeName> is over 
<lb/>6000 feet high. yet people live on its top 
<lb/>which may be fifteen miles broad. <placeName>Shirwa</placeName>
<lb/>water is bitter like but possibly not the 
<lb/>same as a weak solution of <term type="curative">epsom salts</term>
<lb/>Has plenty of leeches, fish &amp; alligators. I shall be 
<lb/>able to give you some photographs of the 
<lb/>people for your work on ethnology if you 
<lb/>are not in a great hurry with it. My 
<lb/>brother takes them. The peculiarity of this 
<lb/>region is expansion of the <unclear cert="low">alae nasi</unclear> and the 
<lb/>head prolonged upwards &amp; backward. No other 
<lb/>peculiarity. Good legs like Europeans often 
<lb/>seen our artist, <persName>Bowes,</persName> fails miserably with 
<lb/>natives. He makes a mixture of west coast African 
<lb/>South Australian with a dash of Patagonian 
<lb/>in a colour indiscribable.</p>
<lb/><p> My very kindest 
<lb/>salutations to <persName>M<hi rend="sup"><hi rend="underline">rs</hi></hi> Smith.</persName><persName>David Livingstone</persName></p><!--note up left hand side of page of fo 1r--><addSpan spanTo="#addEnd-1r" place="marginleft"><!--addSpan/@place='left margin of fol. 1r'--></addSpan>
<lb/><p><persName>D<hi rend="sup"><hi rend="underline">r</hi></hi> Peters</persName> of <placeName>Berlin</placeName> has I believe worked up the zoology of this region. We caught 
<lb/>a young elephant but one of the <term type="tribe">Makalolo</term> in a fit of excitement wounded it so that it 
<lb/>died. <persName>M<hi rend="sup"><hi rend="underline">rs</hi></hi> L</persName> was at <placeName>Kuruman</placeName> I believe We expect a stronger vessel out to take us 
<lb/>up the rapids above <placeName>Tette</placeName></p><anchor xml:id="addEnd-1r"/><!--written along left hand side--><addSpan spanTo="#addEnd-1v" place="marginleft"><!--addSpan/@place='left margin of fol. 1v'--></addSpan>
<lb/><p>My address is care of Admiral, <persName>Sir Frederick Grey KCB</persName><placeName>Cape of G. Hope</placeName></p><anchor xml:id="addEnd-1v"/>
			
</div>
		</body>
	</text></TEI>