<?xml version="1.0" encoding="UTF-8"?>
<!--Converted from a TEI P4 XML file to the LEAP TEI P5 Schema by James Cummings on 2015-03-02-->
<?xml-model href="http://livingstoneonline.github.io/LEAP-ODD/leap.rng" type="application/xml" schematypens="http://relaxng.org/ns/structure/1.0"?>
<?xml-model href="http://livingstoneonline.github.io/LEAP-ODD/leap.rng" type="application/xml" schematypens="http://purl.oclc.org/dsdl/schematron"?>
<?xml-stylesheet type="text/xsl" href="http://livingstoneonline.github.io/LEAP-XSLT/transcription.xsl"?>
<TEI xmlns="http://www.tei-c.org/ns/1.0" xml:id="liv_001080"><!-- LP70 -->
	<teiHeader xmlns:tei="http://www.tei-c.org/ns/1.0">
		<fileDesc>
			<titleStmt>
				<title>Letter to Henry Toynbee</title>
				<author xml:id="DL">David Livingstone</author>
			</titleStmt>
			<publicationStmt>
				<authority>Livingstone Online</authority>
				<pubPlace>London</pubPlace>
				<date>2005-04-29</date>
				<publisher>Wellcome Centre for the History of Medicine, UCL</publisher>
				<idno type="LEAP-ID">liv_001080</idno>
			</publicationStmt>
			<sourceDesc>
				<bibl xml:id="ccnumber">0573</bibl>
				<bibl xml:id="recipient">Henry Toynbee</bibl>
				<bibl xml:id="date">[22-27 August 1857]</bibl>
				<bibl xml:id="where">[Hadley Green]</bibl>
				<bibl xml:id="shelfmark">Wellcome Library Ms. 7329/70</bibl><!--1857-08-01--><!--Original:circa Aug 1857-->
				<bibl xml:id="extent">4 pages</bibl>
			</sourceDesc>
		</fileDesc>
		<revisionDesc>
			<change>
				<date>2005-04-29</date>
				<name xml:id="SM">Sharon Messenger</name>Initial Transcription
			</change>
			<change>
				<date>2006-02-14</date>
				<name xml:id="JB">Janet Browne</name>first proof
			</change>
			<change>
				<date>2006-02-21</date>
				<name xml:id="CL">Chris Lawrence</name>second proof
			</change>
			<change>
				<date>2005-02-27</date>
				<name xml:id="CO">Caroline Overy</name>final proof
			</change>
		</revisionDesc>
	</teiHeader>

	<text xmlns:tei="http://www.tei-c.org/ns/1.0">
		<body>
			<div>

	<pb n="0001" facs="liv_001080_0001"/><!--pb/@n='1'--> 
<!--Hand 01 71 top left--><!--hand 02 91798 top right-->
<lb/><p>My Dear Captain</p>
<lb/><p>Murray is 
<lb/>willing to print 
<lb/>250 copies but 
<lb/>thinks that as 
<lb/>the majority of 
<lb/>readers care 
<lb/>little for these 
<lb/>details, it had 

	<pb n="0002" facs="liv_001080_0002"/><!--pb/@n='2'--> 
<lb/>better not be 
<lb/>put into the 
<lb/>book, but 
<lb/>given to whoever 
<lb/>may apply 
<lb/>for it. In 
<lb/>these circumstances 
<lb/>what is to be 
<lb/>done. Shall 
<lb/>we give them 
<lb/>over to the 
<lb/>Royal Geographical 

	<pb n="0003" facs="liv_001080_0003"/><!--pb/@n='3'--> 
<lb/>or Astronomical 
<lb/>Society. I should  
<lb/>like the Admiral's 
<lb/>opinion: 12 000 
<lb/>is a serious 
<lb/>expense though 
<lb/>it would only 
<lb/>be two sheets 
<lb/>At any rate 
<lb/>you are in 
<lb/>for the Editorship 
<lb/>&amp; I am thankful 
<lb/>that you are</p>

	<pb n="0004" facs="liv_001080_0004"/><!--pb/@n='4'--> 
<!--hand 02 91798 top right-->
<lb/><p>When will you 
<lb/>be back? I 
<lb/>go to Dublin on 
<lb/>Thursday morning</p>
<lb/><p>I here leave 
<lb/>all I have of  
<lb/><unclear cert="medium">Maclear</unclear> in 
<lb/>a duplicate which 
<lb/>I intend to deposit 
<lb/>after you have 
<lb/>done with it where 
<lb/>I found it. I leave 
<lb/>also a <add place="above">rough</add> proof of 
<lb/>Arrowsmith.</p><!--hand 04 Sotherby. 12.12.22. bottom right--><!--written up side of p.1-->
<lb/><p>My book is delayed till November 
<lb/>on account of these said <unclear cert="low"><app><rdg>hidious</rdg><rdg>Indian</rdg></app></unclear>affairs </p><!--end of writing up side-->
<lb/><p><!--written up of p 2-->Will you ask the Admiral's opinion 
<lb/>and tell me where they will be published 
<lb/>if not in the way Murray proposes<!--end of writing up up side of p. 2-->
<lb/><!-- written up side of p.3-->so that I may refer to them in 
<lb/>my preface I am &amp;c David Livingstone <!-- end of writing up side of p.3--></p>
			
</div>
		</body>
	</text></TEI>