<?xml version="1.0" encoding="UTF-8"?>
<!--Converted from a TEI P4 XML file to the LEAP TEI P5 Schema by James Cummings on 2015-03-02-->
<?xml-model href="http://livingstoneonline.github.io/LEAP-ODD/leap.rng" type="application/xml" schematypens="http://relaxng.org/ns/structure/1.0"?>
<?xml-model href="http://livingstoneonline.github.io/LEAP-ODD/leap.rng" type="application/xml" schematypens="http://purl.oclc.org/dsdl/schematron"?>
<?xml-stylesheet type="text/xsl" href="http://livingstoneonline.github.io/LEAP-XSLT/transcription.xsl"?>
<TEI xmlns="http://www.tei-c.org/ns/1.0" xml:id="liv_001149"><!-- LP27 -->
	<teiHeader xmlns:tei="http://www.tei-c.org/ns/1.0">
		<fileDesc>
			<titleStmt>
				<title>Letter to Unknown Recipient</title>
				<author xml:id="DL">David Livingstone</author>
			</titleStmt>
			<publicationStmt>
				<authority>Livingstone Online</authority>
				<pubPlace>London</pubPlace>
				<date>2005-04-28</date>
				<publisher>Wellcome Centre for the History of Medicine, UCL</publisher>
				<idno type="LEAP-ID">liv_001149</idno>
			</publicationStmt>
			<sourceDesc>
				<bibl xml:id="ccnumber">0635</bibl>
				<bibl xml:id="recipient">Unknown Recipient</bibl>
				<bibl xml:id="date">7 December 1857</bibl>
				<bibl xml:id="where">50 Albemarle Street</bibl>
				<bibl xml:id="shelfmark">Wellcome Library Ms. 7329/27</bibl><!--1857-12-07--><!--Original:1857-12-07-->
				<bibl xml:id="extent">4 pages</bibl>
			</sourceDesc>
		</fileDesc>
		<revisionDesc>
			<change>
				<date>2005-04-28</date>
				<name xml:id="CO">Caroline Overy</name>Initial Transcription
			</change>
			<change>
				<date>2006-02-12</date>
				<name xml:id="CL">Chris Lawrence</name>first proof
			</change>
			<change>
				<date>2006-02-19</date>
				<name xml:id="JB">Janet Browne</name>second proof
			</change>
			<change>
				<date>2006-03-01</date>
				<name xml:id="SM">Sharon Messenger</name>final proof
			</change>
		</revisionDesc>
	</teiHeader>

	<text xmlns:tei="http://www.tei-c.org/ns/1.0">
		<body>
			<div>

	<pb n="0001" facs="liv_001149_0001"/><!--pb/@n='1'--> 
<!--Hand 01 22 top left--><!--hand 02 63010 top right-->
<lb/><p rend="right"><placeName>50 Albemarle <choice><abbr>St.</abbr><expan>Street</expan></choice></placeName></p>
<lb/><p rend="right">7 <choice><abbr>Dec<hi rend="sup">r</hi></abbr><expan>December</expan></choice> 1857</p>
<lb/><p>Sir</p>
<lb/><p>The company which 
<lb/>was attempted to be 
<lb/>formed at Lisbon 
<lb/>on the plan of the 
<lb/>East India Company 
<lb/>did not <choice><sic>recieve</sic><corr>receive</corr></choice> the 
<lb/>sanction of the 
<lb/>Portuguese Government 

	<pb n="0002" facs="liv_001149_0002"/><!--pb/@n='2'--> 
<lb/>It was concocted by 
<lb/>a gentleman who 
<lb/>is reported to have 
<lb/>been a little "cracked" 
<lb/>but the main idea 
<lb/>commended itself 
<lb/>to many as feasible 
<lb/>The numbers that 
<lb/>supported him 
<lb/>in bringing it 
<lb/>before the govern
<lb/>ment shewed anxiety 
<lb/>to get the country 
<lb/>off their hands 

	<pb n="0003" facs="liv_001149_0003"/><!--pb/@n='3'--> 
<lb/>but a pretty evident 
<lb/>desire also to 
<lb/>secure the ultimate 
<lb/>benefits of English 
<lb/>capital &amp; commercial 
<lb/>enterprise to Portugal 
<lb/>alone. In returning 
<lb/>my great desire 
<lb/>is to get the Zambesi 
<lb/>proclaimed a free 
<lb/>pathway to the country 
<lb/>beyond their possession 
<lb/>They will derive 
<lb/>benefit thereby but 

	<pb n="0004" facs="liv_001149_0004"/><!--pb/@n='4'--> 
<lb/>it remains to be seen 
<lb/>whether the Portuguese 
<lb/>Government is 
<lb/>enlightened enough to 
<lb/>see their own 
<lb/>interest. If free passage 
<lb/>is granted frankly 
<lb/>then there is little doubt 
<lb/>but that the Interior 
<lb/>will be opened to 
<lb/>trade &amp; civilization</p>
<lb/><p>The work of <persName>S<hi rend="sup"><hi rend="underline">r</hi></hi>
<lb/>Botelho</persName> with which you 
<lb/>are no doubt acquainted 
<lb/>gives a very glowing account 
<lb/>of the resources of East Africa</p>
<lb/><p>I am &amp;c David Livingstone</p>
			
</div>
		</body>
	</text></TEI>