<?xml version="1.0" encoding="UTF-8"?>
<!--Converted from a TEI P4 XML file to the LEAP TEI P5 Schema by James Cummings on 2015-03-02-->
<?xml-model href="http://livingstoneonline.github.io/LEAP-ODD/leap.rng" type="application/xml" schematypens="http://relaxng.org/ns/structure/1.0"?>
<?xml-model href="http://livingstoneonline.github.io/LEAP-ODD/leap.rng" type="application/xml" schematypens="http://purl.oclc.org/dsdl/schematron"?>
<?xml-stylesheet type="text/xsl" href="http://livingstoneonline.github.io/LEAP-XSLT/transcription.xsl"?>
<TEI xmlns="http://www.tei-c.org/ns/1.0" xml:id="liv_000478"><!-- LP1 -->
	<teiHeader xmlns:tei="http://www.tei-c.org/ns/1.0">
		<fileDesc>
			<titleStmt>
				<title>Letter to Richard Owen</title>
				<author xml:id="DL">David Livingstone</author>
			</titleStmt>
			<publicationStmt>
				<authority>Livingstone Online</authority>
				<pubPlace>London</pubPlace>
				<date>2005-02-10</date>
				<publisher>Wellcome Centre for the History of Medicine, UCL</publisher>
				<idno type="LEAP-ID">liv_000478</idno>
			</publicationStmt>
			<sourceDesc>
				<bibl xml:id="ccnumber">0023</bibl>
				<bibl xml:id="recipient">Richard Owen</bibl>
				<bibl xml:id="date">29 March 1841</bibl>
				<bibl xml:id="where">Cape Town</bibl>
				<bibl xml:id="shelfmark">Wellcome Library Ms. 7329/1</bibl><!--1841-03-29--><!--Original:1841-03-29-->
				<bibl xml:id="extent">4 pages</bibl>
				<listPerson>
					<person xml:id="d1e60">
						<note type="rendNote">Richard Owen (1804-1892), Hunterian Professor and Conservator of the Hunterian Museum at the Royal College of Surgeons of England (RCS). The greatest British comparative anatomist of his day became an opponent of Darwin\'s theory of evolution by natural selection.</note>
					</person>
					<person xml:id="d1e71">
						<note type="rendNote">John Bell (1782-1876), Chief Secretary of the Cape of Good Hope Government from 1828-41.</note>
					</person>
					<person xml:id="d1e95">
						<note type="rendNote">John Bell (1782-1876), Chief Secretary of the Cape of Good Hope Government from 1828-41.</note>
					</person>
					<person xml:id="d1e98">
						<note type="rendNote">Note that Livingstone signs his name on this letter spelt Livingston. The Livingstone family spelt their own name without the final \'e\' until 1855 when David Livingstone\'s father Neil asked all of his children to revert to the original spelling with an \'e\'. See Meriel Buxton, &lt;em&gt;David Livingstone&lt;/em&gt; (Basingstoke: Palgrave, 2001), p. xiv</note>
					</person>
					<person xml:id="d1e119">
						<note type="rendNote">Richard Owen (1804-1892), Hunterian Professor and Conservator of the Hunterian Museum at the Royal College of Surgeons of England (RCS). The greatest British comparative anatomist of his day became an opponent of Darwin\'s theory of evolution by natural selection.</note>
					</person>
					<person xml:id="d1e129">
						<note type="rendNote">Sir Benjamin D\'Urban (1777-1849), Governor and commander-in-chief of the Cape 1834-38. Port Natal was renamed Durban in his honour.</note>
					</person>
					<person xml:id="d1e134">
						<note type="rendNote">Note that Livingstone signs his name on this letter spelt Livingston. The Livingstone family spelt their own name without the final \'e\' until 1855 when David Livingstone\'s father Neil asked all of his children to revert to the original spelling with an \'e\'. See Meriel Buxton, &lt;em&gt;David Livingstone&lt;/em&gt; (Basingstoke: Palgrave, 2001), p. xiv</note>
					</person>
					<person xml:id="d1e265">
						<note type="rendNote">Note that Livingstone signs his name on this letter spelt Livingston. The Livingstone family spelt their own name without the final \'e\' until 1855 when David Livingstone\'s father Neil asked all of his children to revert to the original spelling with an \'e\'. See Meriel Buxton, &lt;em&gt;David Livingstone&lt;/em&gt; (Basingstoke: Palgrave, 2001), p. xiv</note>
					</person>
					<person xml:id="d1e276">
						<note type="rendNote">Adam Robson (1794-1870), English missionary with the London Missionary Society (LMS). Arrived at Cape Town, 1843, and lived mainly in Port Elizabeth where he died.</note>
					</person>
					<person xml:id="d1e347">
						<note type="rendNote">Note that Livingstone signs his name on this letter spelt Livingston. The Livingstone family spelt their own name without the final \'e\' until 1855 when David Livingstone\'s father Neil asked all of his children to revert to the original spelling with an \'e\'. See Meriel Buxton, &lt;em&gt;David Livingstone&lt;/em&gt; (Basingstoke: Palgrave, 2001), p. xiv</note>
					</person>
					<person xml:id="d1e351">
						<note type="rendNote">Richard Owen (1804-1892), Hunterian Professor and Conservator of the Hunterian Museum at the Royal College of Surgeons of England (RCS). The greatest British comparative anatomist of his day became an opponent of Darwin\'s theory of evolution by natural selection.</note>
					</person>
					<person xml:id="d1e361">
						<note type="rendNote">Richard Owen (1804-1892), Hunterian Professor and Conservator of the Hunterian Museum at the Royal College of Surgeons of England (RCS). The greatest British comparative anatomist of his day became an opponent of Darwin\'s theory of evolution by natural selection.</note>
					</person>
				</listPerson>
				<listPlace>
					<place xml:id="d1e315">
						<note type="rendNote">Lattakoo, a missionary station seven hundred miles from Cape Town. It was the first marital home of Robert and Mary Moffat before they moved to Kuruman eight miles away. </note>
					</place>
				</listPlace>
			</sourceDesc>
		</fileDesc>
		<revisionDesc>
			<change>
				<date>2005-02-10</date>
				<name xml:id="CO">Caroline Overy</name>Initial Transcription
			</change>
			<change>
				<date>2006-03-01</date>
				<name xml:id="SM">Sharon Messenger</name>final proof
			</change>
		</revisionDesc>
	</teiHeader>

	<text xmlns:tei="http://www.tei-c.org/ns/1.0">
		<body>
			<div>

	<pb n="0001" facs="liv_000478_0001"/><!--pb/@n='1'-->
<!--hand 01 64754 top right-->
<lb/><p rend="right"><placeName>Cape Town</placeName> 29<hi rend="sup">th</hi> March 1841</p>
<lb/><p><persName ref="#d1e60">R. Owen Esq</persName><hi rend="sup">r</hi>.</p>
<lb/><p>Sir</p>
<lb/><p>I take the liberty to inform you 
<lb/>that yesterday I presented to <persName ref="#d1e71">Colonel Bell</persName> the <persName>Hon<hi rend="sup">le.</hi> Secretary</persName>
<lb/>of the <placeName>Colony</placeName>, your letter respecting the boxes sent out 
<lb/>by the <placeName>College</placeName> for facilitating the collection of anatomical 
<lb/>preparations. And today I received from him the following 
<lb/>note. "<persName ref="#d1e95">Colonel Bell</persName> begs to inform <persName ref="#d1e98">M<hi rend="sup">r</hi> Livingston</persName> in 
<lb/>reply to his note of yesterday that there are at least 
<lb/>two boxes at <placeName>Gov<hi rend="sup"><hi rend="underline">t</hi></hi> House</placeName> which answer the descrip-
               <!-- hyphen on line below -->tion given by <persName ref="#d1e119"><choice><sic>Proffessor</sic><corr>Professor</corr></choice> Owen</persName>, being addressed to 
<lb/><persName ref="#d1e129">Sir Benjamin D'Urban,</persName> and marked "Glass" 
<lb/>We recommend <persName ref="#d1e134">Mr Livingston</persName> to make application 
<lb/>on the subject to <persName>His Excellency's Private Secretary</persName>
<lb/>at <placeName>Gov<hi rend="sup">t</hi> House </placeName>- presenting at the same time, the 
<lb/><persName><choice><sic>Proffessor's</sic><corr>Professor's</corr></choice></persName> letter which is herewith enclosed for that 
<lb/>purpose" - &amp;c</p>
<lb/><p>I understand there are three of them &amp; as far as 
<lb/>replenishing them is concerned nothing has been 
<lb/>done. This is really too bad but what else can we 
<lb/>expect from those who seem to make money 
<lb/>their chief end of pursuit. Their leisure moments 

	<pb n="0002" facs="liv_000478_0002"/><!--pb/@n='2'-->
<lb/>are devoted to something very different from lending 
<lb/>a hand to the cause of science</p>
<lb/><p>I have do doubt but that I shall be put in 
<lb/>possession of the "cases" And as the mail for <placeName>England</placeName>
<lb/>is made up tonight I lose no time in letting you 
<lb/>know my success, and also the prospect of ultimate 
<lb/>success in obtaining what you wish - I am 
<w>infor-<lb break="no"/>med</w> by those who have travelled extensively through the 
<lb/><placeName>Colony</placeName> that it is by no means uncommon for 
<lb/>the "<term type="tribe">Bushmen</term>" to bring the eggs of ostriches for sale 
<lb/>to the waggons of travellers, and these frequently in a 
<lb/>state of incubation. And I likewise observe great 
<lb/>quantities of the shells for sale in <placeName>Cape Town</placeName>, these 
<lb/>being objects of curiosity for sailors &amp;c &amp;c - <placeName>The Cape</placeName>
<lb/>Ant-Eater is reported to be delicious as food &amp; no doubt 
<lb/>is searched after by the natives on this account 
<lb/>So I suppose by offering a larger price than usual 
<lb/>for the former and placing a sum on the whole 
<lb/>body or only the uteri of the latter, I may soon 
<lb/>succeed in obtaining all we require.</p>
<lb/><p>You may rely upon me that I shall lose no 
<lb/><del type="strikethrough" resp="#CO">unnecessary</del> time unnecessarily but will make every 
<lb/>effort to effect our purpose that may be consistent 
<lb/>with the chief object of my mission to this country 

	<pb n="0003" facs="liv_000478_0003"/><!--pb/@n='3'-->
<lb/>Scientific pursuits are not the end for which I have come 
<lb/>hither, but the evangelization &amp; civilization of the people 
<lb/>and to this I hope to devote most of my engergies.</p>
<lb/><p>While however I make the latter my chief object I mean 
<lb/>to attend a little to the former as a means of relaxation 
<lb/>and if now or at any future time you should wish 
<lb/>anything that can be obtained in my part of the 
<lb/>country. Please, Do not hesitate to make what use 
<lb/>you <del type="strikethrough"><gap extent="1" unit="chars" agent="illegible"/></del> choose of my services. A note, addressed 
<lb/><persName ref="#d1e265"><choice><abbr>Rev </abbr><expan>Reverend</expan></choice>D. Livingston,</persName><placeName>Bichuana Country</placeName>: care of <persName ref="#d1e276"><choice><abbr>Rev.</abbr><expan>Reverend</expan></choice> A. 
<lb/>Robson,</persName><placeName>Port Elizabeth, Algoa Bay, S.A.</placeName> and handed 
<lb/>into the Mission House, Blomfield <choice><abbr>St. </abbr><expan>Street</expan></choice>to any of the 
<lb/>Secretaries, will in due time reach me -</p>
<lb/><p>I have been longer in my passage hither than I at <gap extent="1" unit="words" agent="illegible"/>
<lb/>anticipated. The delay having been caused by the splitting 
<lb/>of one of our masts which obliged us to put into 
<lb/>Rio De Janeiro to refit. The same accident detains 
<lb/>me here and if we go on at this slow rate, I do 
<lb/>not see that we can reach <placeName ref="#d1e315">Lattakoo</placeName> in much 
<lb/>less than 4 months from this date. The length of time 
<lb/>which must elapse before I can transmit the boxes 
<lb/>down to the coast is rather discouraging but I earnestly 
<lb/>hope to get one of them replenished before I pass the 
<lb/>boundary of the Colony in which case I suppose it 
<lb/><del type="strikethrough" resp="#CO">would</del> will reach you before the termination of the present 
<lb/>year. If however it is later Do not suppose I have 

	<pb n="0004" facs="liv_000478_0004"/><!--pb/@n='4'-->
<lb/><choice><sic>I have</sic><corr>notext</corr></choice> forgotten my intentions But believe me</p>
<lb/><p rend="right">ever yours with much respect</p>
<lb/><p rend="right"><persName ref="#d1e347">David Livingston</persName></p>
<lb/><p><hi rend="underline"><persName ref="#d1e351">R. Owen Esq<hi rend="sup">r</hi></persName></hi></p><note type="editorial" anchored="true">page folds into envelope and has address, sideways on page</note><!-- postmark 01 perhaps Brighton-->
<lb/><p>single</p>
<lb/><p><persName ref="#d1e361">Richard Owen Esq<hi rend="sup">r</hi>.</persName></p>
<lb/><p><placeName>Royal College of Surgeons</placeName></p>
<lb/><p><hi rend="underline"><placeName>London</placeName></hi></p><!-- postmark 02 unclear--><!--postmark 03 1841 unclear--><!-- postmark 04 'India letter' -->
			
</div>
		</body>
	</text></TEI>