<?xml version="1.0" encoding="UTF-8"?>
<!--Converted from a TEI P4 XML file to the LEAP TEI P5 Schema by James Cummings on 2015-03-02-->
<?xml-model href="http://livingstoneonline.github.io/LEAP-ODD/leap.rng" type="application/xml" schematypens="http://relaxng.org/ns/structure/1.0"?>
<?xml-model href="http://livingstoneonline.github.io/LEAP-ODD/leap.rng" type="application/xml" schematypens="http://purl.oclc.org/dsdl/schematron"?>
<?xml-stylesheet type="text/xsl" href="http://livingstoneonline.github.io/LEAP-XSLT/transcription.xsl"?>
<TEI xmlns="http://www.tei-c.org/ns/1.0" xml:id="liv_001458">
	<teiHeader xmlns:tei="http://www.tei-c.org/ns/1.0">
		<fileDesc>
			<titleStmt>
				<title>Letter to Philip Saumarez</title>
				<author xml:id="DL">David Livingstone</author>
			</titleStmt>
			<publicationStmt>
				<authority>Livingstone Online</authority>
				<pubPlace>London</pubPlace>
				<date>2007-07-03</date>
				<publisher>Wellcome Centre for the History of Medicine, UCL</publisher>
				<idno type="LEAP-ID">liv_001458</idno>
			</publicationStmt>
			<sourceDesc>
				<bibl xml:id="shelfmark">National Library of Scotland, MS.20312, ff. 53-54</bibl>
				<bibl xml:id="ccnumber">0921</bibl>
				<bibl xml:id="recipient">Philip Saumarez</bibl>
				<bibl xml:id="date">30 July 1859</bibl>
				<bibl xml:id="where">Kongone Harbour</bibl>
			</sourceDesc>
		</fileDesc>
		<profileDesc>
			<langUsage>
				<language ident="en">English</language>
			</langUsage>
			<handNotes>
				<handNote xml:id="hand01">Scribe: Unknown</handNote>
			</handNotes>
		</profileDesc>
		<revisionDesc>
			<change>
				<date>2007-07-03</date>
				<name xml:id="CO">Caroline Overy</name>Intial Transcription by caroline Overy
			</change>
			<change>
				<date>2008-01-01</date>
				<name xml:id="CL">Chris Lawrence</name>First proof
			</change>
			<change>
				<date>2008-02-01</date>
				<name xml:id="JB">Janet Browne</name>Isecond proof
			</change>
		</revisionDesc>
	</teiHeader>

	<text xmlns:tei="http://www.tei-c.org/ns/1.0">
		<body xml:lang="en">
			<div>

	<pb n="0001" facs="liv_001458_0001"/><!--pb/@n='53r'-->
<lb/><p rend="right"><placeName>Kongone Harbour</placeName></p>
<lb/><p rend="right">30<hi rend="sup"><hi rend="underline">th</hi></hi> July 1859</p>
<lb/><p><persName>Commander P Saumarez</persName>. R N.</p>
<lb/><p>Dear Sir</p>
<lb/><p>I have much pleasure 
<lb/>in acknowledging your 
<lb/>favour of 28<hi rend="sup"><hi rend="underline">th</hi></hi> and regret 
<lb/>that you have so little to 
<lb/>spare now that we have 
<lb/>the pleasure of meeting 
<lb/>a Man of War. We have 
<lb/>a wretched little craft 
<lb/>put together in the flimsiest 
<lb/>contract style and as 
<lb/>we are very anxious 
<lb/>for her to last long 
<lb/>enough for us to examine 

	<pb n="0002" facs="liv_001458_0002"/><!--pb/@n='53v'--> 
<lb/>a route which we think 
<lb/>opens up a very large portion 
<lb/>of the Highlands of Eastern 
<lb/>Africa. On this point I 
<lb/>beg to submit the letter 
<lb/>which we had deposited 
<lb/>on the island off this harbour<reg>.</reg>
<lb/><choice><reg>T</reg><orig>t</orig></choice>he vessel was only 1/16<!--one sixteenth--> of 
<lb/>an inch thick in the beginning 
<lb/>and is now no thicker than 
<lb/>this paper. <choice><reg>I</reg><orig>i</orig></choice>f we can 
<lb/>have some sheet iron to 
<lb/>tinker the worst parts, 
<lb/>and some <add place="below">^</add><add place="above">one or two </add> thin planks 
<lb/>to mend our whalers 
<lb/>both of which are leaky 
<lb/>with copper nails, and 
<lb/>white<add place="above"><unclear cert="medium">ned</unclear></add> lead <add place="above">with paint oil</add>. <choice><reg>T</reg><orig>t</orig></choice>hese will enable 
<lb/>us to hold out till we have 

	<pb n="0003" facs="liv_001458_0003"/><!--pb/@n='54r'--> 
<lb/>gone up <placeName>Shire</placeName>  &amp; back again and 
<lb/>all the good will have been 
<lb/>got out of her (and a great 
<lb/>deal more) than was ever 
<lb/>put in her by the builders<reg>.</reg></p>
<lb/><p>You will favour us 
<lb/>much if you spare us 
<lb/>some salt provisions, 
<lb/>whatever it be, it will be 
<lb/>acceptable. Shoes, good 
<lb/>blankets, socks or stockings 
<lb/>blue check shirts, a piece 
<lb/>of blue cloth <add place="below">^</add><add place="above">&amp; serge</add> enough to 
<lb/>make a jacket or two, 
<lb/>a piece of sheet lead<reg>.</reg></p>
<lb/><p>We have ten Kroomen 
<lb/>shipped at <placeName>Sierra <add place="below">^</add><add place="above">Leone</add></placeName> for two 
<lb/>years. Our work will 
<lb/>in all probability be on 
<lb/>land for the next six 
<lb/>months. We have 46 
<lb/><term type="tribe">Makololo</term> who are useful 

	<pb n="0004" facs="liv_001458_0004"/><!--pb/@n='54v'--> 
<lb/>on land where 
<lb/>Kroomen are 
<lb/>useless. Will you be able 
<lb/>to ship them so that they 
<lb/>may be useful on board 
<lb/>men of war and the 
<lb/>contract not be broken<choice><reg>?</reg><orig>.</orig></choice>
<lb/>Our Quarter master 
<lb/><persName>J. Walker</persName>, an excellent 
<lb/>hand has been ill, and 
<lb/>wishes to go to hospital. 
<lb/>His absence and that 
<lb/>of the Kroomen would 
<lb/>be well supplied by two 
<lb/>good <add place="above">steady</add> volunteer seamen. 
<lb/>We give double full pay. 
<lb/>Excuse this troublesome 
<lb/>business. I shall make 
<lb/>a proper requisition when 
<lb/>I know what you can spare<reg>.</reg></p>
<lb/><p rend="center">I am Dear Sir</p>
<lb/><p rend="center">Most Truly Yours</p>
<lb/><p rend="center">David Livingstone</p><addSpan spanTo="#p53r-01" place="marginleft"><!--addSpan/@place='left margin of f.53r'--></addSpan>
<lb/><p>You will oblige me much if you could conveniently 
<lb/>come ashore &amp; look at us. You will be able to do more 
<lb/>than I could by coming on board.</p><anchor xml:id="p53r-01"/>
			
</div>
		</body>
	</text></TEI>