<?xml version="1.0" encoding="UTF-8"?>
<!--Converted from a TEI P4 XML file to the LEAP TEI P5 Schema by James Cummings on 2015-03-02-->
<?xml-model href="http://livingstoneonline.github.io/LEAP-ODD/leap.rng" type="application/xml" schematypens="http://relaxng.org/ns/structure/1.0"?>
<?xml-model href="http://livingstoneonline.github.io/LEAP-ODD/leap.rng" type="application/xml" schematypens="http://purl.oclc.org/dsdl/schematron"?>
<?xml-stylesheet type="text/xsl" href="http://livingstoneonline.github.io/LEAP-XSLT/transcription.xsl"?>
<TEI xmlns="http://www.tei-c.org/ns/1.0" xml:id="liv_001227">
	<teiHeader xmlns:tei="http://www.tei-c.org/ns/1.0">
		<fileDesc>
			<titleStmt>
				<title>Letter to John Murray</title>
				<author xml:id="DL">David Livingstone</author>
			</titleStmt>
			<publicationStmt>
				<authority>Livingstone Online</authority>
				<pubPlace>London</pubPlace>
				<date>2008-11-14</date>
				<publisher>Wellcome Centre for the History of Medicine, UCL</publisher>
				<idno type="LEAP-ID">liv_001227</idno>
			</publicationStmt>
			<sourceDesc>
				<bibl xml:id="shelfmark">John Murray Archive, National Library of Scotland, MS. 42420, ff. 93r-94v</bibl>
				<bibl xml:id="ccnumber">0708</bibl>
				<bibl xml:id="recipient">John Murray</bibl>
				<bibl xml:id="date">12 February 1858</bibl>
				<bibl xml:id="where">18 Hart Street</bibl>
			</sourceDesc>
		</fileDesc>
		<profileDesc>
			<langUsage>
				<language ident="en">English</language>
			</langUsage>
			<handNotes>
				<handNote xml:id="hand01">Scribe: Unknown</handNote>
			</handNotes>
		</profileDesc>
		<revisionDesc>
			<change>
				<date>2008-11-19</date>
				<name xml:id="initials">SM</name>Initial Transcription by Sharon Messenger
			</change>
			<change>
				<date>2008-11-26</date>
				<name xml:id="CL">Chris Lawrence</name>Proofed by Chris Lawrence
			</change>
		</revisionDesc>
	</teiHeader>

	<text xmlns:tei="http://www.tei-c.org/ns/1.0">
		<body xml:lang="en">
			<div>

	<pb n="0001" facs="liv_001227_0001"/><!--pb/@n='93r'-->
<lb/><p>18 <placeName>Hart St.</placeName></p>
<lb/><p rend="right">12 Feby</p>
<lb/><p rend="right">1858</p>
<lb/><p>My Dear <persName>M<hi rend="sup">r</hi> Murray</persName></p>
<lb/><p>I have lighted 
<lb/>on the analysis 
<lb/>at last and 
<lb/>if you could 
<lb/>get a clever 
<lb/>fellow to see 
<lb/>that no typographical 
<lb/>errors were 

	<pb n="0002" facs="liv_001227_0002"/><!--pb/@n='93v'--> 
<lb/>committed in the 
<lb/>English I 
<lb/>might before 
<lb/>we sail have 
<lb/>time to do the 
<lb/>native words<reg>.</reg>
<lb/>A few copies 
<lb/>are all I want<reg>.</reg>
<lb/>By attending to 
<lb/><choice><sic>to</sic><corr>no text</corr></choice> this you will much 
<lb/>oblige<reg>.</reg> Yours Ever 

	<pb n="0003" facs="liv_001227_0003"/><!--pb/@n='94r'--> 
<lb/><persName>David Livingstone</persName></p>
<lb/><p><choice><reg>T</reg><orig>t</orig></choice>he observation 
<lb/>book has not 
<lb/>turned up and 
<lb/>may possibly 
<lb/>be still in some 
<lb/>nook and if 
<lb/>so you will 
<lb/>be kind enough 
<lb/>to forward it to 
<lb/><persName>Thomas Maclear</persName>

	<pb n="0004" facs="liv_001227_0004"/><!--pb/@n='94v'--> 
<lb/><placeName>Royal Observatory</placeName>
<lb/><placeName>Cape of Good Hope</placeName><reg>.</reg></p>
			
</div>
		</body>
	</text></TEI>