<?xml version="1.0" encoding="UTF-8"?>
<!--Converted from a TEI P4 XML file to the LEAP TEI P5 Schema by James Cummings on 2015-03-02-->
<?xml-model href="http://livingstoneonline.github.io/LEAP-ODD/leap.rng" type="application/xml" schematypens="http://relaxng.org/ns/structure/1.0"?>
<?xml-model href="http://livingstoneonline.github.io/LEAP-ODD/leap.rng" type="application/xml" schematypens="http://purl.oclc.org/dsdl/schematron"?>
<?xml-stylesheet type="text/xsl" href="http://livingstoneonline.github.io/LEAP-XSLT/transcription.xsl"?>
<TEI xmlns="http://www.tei-c.org/ns/1.0" xml:id="liv_001597">
	<teiHeader xmlns:tei="http://www.tei-c.org/ns/1.0">
		<fileDesc>
			<titleStmt>
				<title>Letter to Joseph Moore</title>
				<author xml:id="DL">David Livingstone</author>
			</titleStmt>
			<publicationStmt>
				<authority>Livingstone Online</authority>
				<pubPlace>London</pubPlace>
				<date>2007-01-11</date>
				<publisher>Wellcome Centre for the History of Medicine, UCL</publisher>
				<idno type="LEAP-ID">liv_001597</idno>
			</publicationStmt>
			<sourceDesc>
				<bibl xml:id="shelfmark">National Library of Scotland, MS.10768, ff. 45-46</bibl>
				<bibl xml:id="ccnumber">1052</bibl>
				<bibl xml:id="recipient">Joseph Moore</bibl>
				<bibl xml:id="date">28 November 1860</bibl>
				<bibl xml:id="where">Tette</bibl>
			</sourceDesc>
		</fileDesc>
		<profileDesc>
			<langUsage>
				<language ident="en">English</language>
			</langUsage>
		</profileDesc>
		<revisionDesc>
			<change>
				<date>2007-01-11</date>
				<name xml:id="CO">Caroline Overy</name>initial transcription
			</change>
			<change>
				<date>2007-02-15</date>
				<name xml:id="CL">Chris Lawrence</name>Proofed by Chris
			</change>
		</revisionDesc>
	</teiHeader>

	<text xmlns:tei="http://www.tei-c.org/ns/1.0">
		<body xml:lang="en">
			<div>

	<pb n="0001" facs="liv_001597_0001"/><!--pb/@n='45r'-->
<lb/><p rend="right"><placeName>Tette</placeName> 28 Nov<hi rend="sup"><hi rend="underline">r</hi></hi> 1860</p>
<lb/><p>My Dear <persName>Moore</persName></p>
<lb/><p>And why didn't you 
<lb/>begin when you were so often on the 
<lb/>point of writing but didn't? This 
<lb/>that you have accomplished is so 
<lb/>far good but very short. Hope you 
<lb/>are not yet too old to learn. You 
<lb/>have heard of our hindrances and 
<lb/>annoyances and possibly that 
<lb/>we have done some work notwith
<lb/>standing. It was galling to find that 
<lb/>our "sickly sheep" was what may 
<lb/>termed an Evangelical of the 
<lb/>ultra or mad school that believes 

	<pb n="0002" facs="liv_001597_0002"/><!--pb/@n='45v'--> 
<lb/>in the literal interpretations of everything 
<lb/>in the Bible and that table turning is 
<lb/>effected by Satan turning <choice><sic>shewman</sic><corr>showman</corr></choice>
<lb/>at the bidding of any ass who has nothing 
<lb/>else to do - but thanks to Providence 
<lb/>we have made some progress and it 
<lb/>is likely our operations will yet have 
<lb/>a decided effect on slave trading in 
<lb/>Eastern Africa. I am greatly delighted 
<lb/>with the prospect of a church of 
<lb/>England mission to Central Africa 
<lb/>that is a good omen for those 
<lb/>who are sitting in darkness and I 
<lb/>trust that in process of time great 
<lb/>benefits will be conferred on our 
<lb/>own overcrowded population at 
<lb/>home. <choice><reg>T</reg><orig>t</orig></choice>here is room enough and 
<lb/>to spare in the fair world our Father 
<lb/>has prepared for all his progeny 
<lb/>I pray to be made a harbinger of 

	<pb n="0003" facs="liv_001597_0003"/><!--pb/@n='46r'--> 
<lb/>good to many both white and black</p>
<lb/><p>I like to hear that some abuse me 
<lb/>now and say that I am no Christian<reg>.</reg>
<lb/>Many good things were said of me 
<lb/>which I did not deserve and I feared 
<lb/>to read them. I shall read every word 
<lb/>I can on the other side and that 
<lb/>will prove a sedative to what I was 
<lb/>forced to hear of an opposite tendency. 
<lb/>I pray that He who has lifted me 
<lb/>up and guided me thus far will 
<lb/>not desert me now but make 
<lb/>me useful in my day &amp; generation 
<lb/>"I will never leave thee nor forsake 
<lb/>thee" So let it be</p>
<lb/><p>I have felt no regret at leaving 
<lb/>the association to which you refer 
<lb/>but felt a pang in prospect of parting 
<lb/>with the sympathies of so many who 
<lb/>would be <unclear cert="low">led</unclear> to consider me as parted 
<lb/><gap extent="3-4" unit="words" agent="damage"/>itit. I rejoice at 

	<pb n="0004" facs="liv_001597_0004"/><!--pb/@n='46v'--> 
<lb/>being free from the Executive whose 
<lb/>nature you understand, and Please 
<lb/>God I shall be more useful than 
<lb/>could have been under them. I saw 
<lb/>poor <persName>Helmore<reg>'</reg>s</persName> grave lately. Had my book 
<lb/>been searched for <unclear cert="medium">excellencies</unclear> they might 
<lb/>have seen a certain cure for <term type="illness">African Fever</term>
<lb/>We were curing it at a lower &amp; worse 
<lb/>part of the river at the very time that they 
<lb/>were helplessly perishing and so quickly 
<lb/>more than a day was never lost after 
<lb/>the operation of that remedy though we were 
<lb/>marching on foot. Our tramp was 
<lb/>over 600 miles - We dropped downstream 
<lb/>again in canoes from <placeName><choice><sic>Sinamanes</sic><corr>Sinamane</corr></choice></placeName>
<lb/>to <placeName>Chicova</placeName>. <choice><reg>T</reg><orig>t</orig></choice>hence to this on Shanks Nag 
<lb/>We go down to the sea immediately 
<lb/>to meet our new steamer Our old 
<lb/>was a sham &amp; a snare. My love to 
<lb/>Mary and all the children - With all our 
<lb/>Friends at Congle<supplied reason="damage" resp="#CO">ton</supplied></p>
			
</div>
		</body>
	</text></TEI>