<?xml version="1.0" encoding="UTF-8"?>
<!--Converted from a TEI P4 XML file to the LEAP TEI P5 Schema by James Cummings on 2015-03-02-->
<?xml-model href="http://livingstoneonline.github.io/LEAP-ODD/leap.rng" type="application/xml" schematypens="http://relaxng.org/ns/structure/1.0"?>
<?xml-model href="http://livingstoneonline.github.io/LEAP-ODD/leap.rng" type="application/xml" schematypens="http://purl.oclc.org/dsdl/schematron"?>
<?xml-stylesheet type="text/xsl" href="http://livingstoneonline.github.io/LEAP-XSLT/transcription.xsl"?>
<TEI xmlns="http://www.tei-c.org/ns/1.0" xml:id="liv_000756">
	<teiHeader xmlns:tei="http://www.tei-c.org/ns/1.0">
		<fileDesc>
			<titleStmt>
				<title>Letter to Robert M. Livingston</title>
				<author xml:id="DL">David Livingstone</author>
			</titleStmt>
			<publicationStmt>
				<authority>Livingstone Online</authority>
				<pubPlace>London</pubPlace>
				<date/>
				<publisher>Wellcome Centre for the History of Medicine, UCL</publisher>
				<idno type="LEAP-ID">liv_000756</idno>
			</publicationStmt>
			<sourceDesc>
				<bibl xml:id="shelfmark">Mitchell Library, James Cowie Collection, MS.301</bibl>
				<bibl xml:id="ccnumber">0278</bibl>
				<bibl xml:id="recipient">Robert M. Livingston</bibl>
				<bibl xml:id="date">18 May 1852</bibl>
				<bibl xml:id="where">Cape Town</bibl>
			</sourceDesc>
		</fileDesc>
		<profileDesc>
			<langUsage>
				<language ident="en">English</language>
			</langUsage>
			<handNotes>
				<handNote xml:id="hand01">Scribe: Unknown</handNote>
			</handNotes>
		</profileDesc>
		<revisionDesc>
			<change>
				<date>2007-09-19</date>
				<name xml:id="SM">Sharon Messenger</name>First Transcription by Sharon Messenger
			</change>
		</revisionDesc>
	</teiHeader>

	<text xmlns:tei="http://www.tei-c.org/ns/1.0">
		<body xml:lang="en">
			<div>

	<pb n="0001" facs="liv_000756_0001"/><!--pb/@n='1'-->
<lb/><p rend="right"><placeName>Cape Town</placeName></p>
<lb/><p rend="right">18 <hi rend="underline"><hi rend="sup">th</hi></hi> May 1852 </p>
<lb/><p>My Dear <persName>Robert</persName></p>
<lb/><p>Here is a little letter 
<lb/>for yourself. I am writing it 
<lb/>in the house in which you 
<lb/>and I lived when we were 
<lb/>all at the <placeName>Cape</placeName>. Do you 
<w>rem-<lb break="no"/>ember</w> the last time I saw 
<lb/>you when you were looking 
<lb/>out of the window of 
<lb/>the ship and I was sailing 
<lb/>away from you in the 
<lb/>boat. You went away 
<lb/>with <persName>Mamma</persName> to <placeName>England</placeName>

	<pb n="0002" facs="liv_000756_0002"/><!--pb/@n='2'-->
<lb/>and I hope Jesus has taken 
<lb/>you safely all the way to 
<lb/><placeName>England</placeName>. I don<reg>'</reg>t know 
<lb/>yet but you must 
<lb/>write me a letter and 
<lb/>tell me. I am very sorry. 
<lb/>I shall not see you again 
<lb/>you know I loved you 
<lb/>very much. I like or 
<lb/>love you still. Do you 
<lb/>love me? Do you remember 
<lb/>me sometimes? <choice><reg>Y</reg><orig>y</orig></choice>ou may 
<lb/>remember me but you 
<lb/>need not call me your 
<lb/><persName>Papa</persName> any more. Jesus 

	<pb n="0003" facs="liv_000756_0003"/><!--pb/@n='3'-->
<lb/>is your Papa. <choice><reg>Y</reg><orig>y</orig></choice>ou must 
<lb/>take him for your papa<reg>.</reg>
<lb/>He is always near you and 
<lb/>he loves you. Jesus lent 
<lb/>you to me and now when 
<lb/>I part with you for at 
<lb/>least many long years. 
<lb/>I have given you back 
<lb/>to him again. Love him 
<lb/>for you belong to him 
<lb/>you don't belong to the 
<lb/>Devil or to the world<reg>.</reg>
<lb/>You must be on his side 
<lb/>never be ashamed of him 
<lb/>or of his people or of 

	<pb n="0004" facs="liv_000756_0004"/><!--pb/@n='4'-->
<lb/>kingdom. Love and speak 
<lb/>kindly to <persName>Mamma</persName> and 
<lb/><persName>Agnes</persName> and <persName>Thomas Steele</persName>
<lb/>and  <persName>Zouga</persName>. Never 
<lb/>vex or be naughty to 
<lb/>any of them - for Jesus 
<lb/>who died that your 
<lb/>sins might be forgiven 
<lb/>does not like naughtiness<reg>.</reg></p>
<lb/><p>I shall soon leave 
<lb/><placeName>Cape Town</placeName> and go away 
<lb/>back to <placeName>Sebitoane's 
<lb/>country</placeName>. Goodbye<reg>.</reg></p>
<lb/><p><persName>D. Livingston</persName></p>
			
</div>
		</body>
	</text></TEI>