<?xml version="1.0" encoding="UTF-8"?>
<!--Converted from a TEI P4 XML file to the LEAP TEI P5 Schema by James Cummings on 2015-03-02-->
<?xml-model href="http://livingstoneonline.github.io/LEAP-ODD/leap.rng" type="application/xml" schematypens="http://relaxng.org/ns/structure/1.0"?>
<?xml-model href="http://livingstoneonline.github.io/LEAP-ODD/leap.rng" type="application/xml" schematypens="http://purl.oclc.org/dsdl/schematron"?>
<?xml-stylesheet type="text/xsl" href="http://livingstoneonline.github.io/LEAP-XSLT/transcription.xsl"?>
<TEI xmlns="http://www.tei-c.org/ns/1.0" xml:id="liv_001062">
	<teiHeader xmlns:tei="http://www.tei-c.org/ns/1.0">
		<fileDesc>
			<titleStmt>
				<title>Letter to John Murray</title>
				<author xml:id="DL">David Livingstone</author>
			</titleStmt>
			<publicationStmt>
				<authority>Livingstone Online</authority>
				<pubPlace>London</pubPlace>
				<date>2008-11-25</date>
				<publisher>Wellcome Centre for the History of Medicine, UCL</publisher>
				<idno type="LEAP-ID">liv_001062</idno>
			</publicationStmt>
			<sourceDesc>
				<bibl xml:id="shelfmark">John Murray Archive, National Library of Scotland, MS. 42420, ff. 63r-64v</bibl>
				<bibl xml:id="ccnumber">0557</bibl>
				<bibl xml:id="recipient">John Murray</bibl>
				<bibl xml:id="date">11 July 1857</bibl>
				<bibl xml:id="where">Hadley Green</bibl>
			</sourceDesc>
		</fileDesc>
		<profileDesc>
			<langUsage>
				<language ident="en">English</language>
			</langUsage>
			<handNotes>
				<handNote xml:id="hand01">Scribe: Unknown</handNote>
			</handNotes>
		</profileDesc>
		<revisionDesc>
			<change>
				<date>2008-11-25</date>
				<name xml:id="SM">Sharon Messenger</name>Initial Transcription by Sharon Messenger
			</change>
			<change>
				<date>2008-11-27</date>
				<name xml:id="CL">Chris Lawrence</name>Proofed by Chris Lawrence
			</change>
		</revisionDesc>
	</teiHeader>

	<text xmlns:tei="http://www.tei-c.org/ns/1.0">
		<body xml:lang="en">
			<div>

	<pb n="0001" facs="liv_001062_0001"/><!--pb/@n='63r'-->
<lb/><p rend="right"><placeName>Hadley Green</placeName></p>
<lb/><p rend="right">11<hi rend="sup">th</hi> July 1857</p>
<lb/><p>My Dear <persName>M<hi rend="sup"><hi rend="underline">r</hi></hi> Murray</persName></p>
<lb/><p>I <choice><sic>recieved</sic><corr>received</corr></choice> the 
<lb/>proofs and woodcuts 
<lb/>safely this morning<reg>.</reg>
<lb/>I shall leave two 
<lb/>more pieces of 
<lb/>M.S.S. this afternoon 
<lb/>at your dwelling 
<lb/>house. I think 
<lb/>three more will 

	<pb n="0002" facs="liv_001062_0002"/><!--pb/@n='63v'--> 
<lb/>finish the whole - 
<lb/>I shall do these before 
<lb/>beginning with 
<lb/>the proofs and 
<lb/>I shall try and 
<lb/>make only those 
<lb/>alterations which 
<lb/>are required to 
<lb/>bring back the 
<lb/>sense. I hope if you 
<lb/>are losing some 
<lb/>subscribers you 
<lb/>are getting others<reg>.</reg>

	<pb n="0003" facs="liv_001062_0003"/><!--pb/@n='64r'--> 
<lb/>No effort will be 
<lb/>spared in getting on 
<lb/>as quickly as I can 
<lb/>I have given <persName>Arrowsmith</persName>
<lb/>everything - I get 
<lb/>duplicates from 
<lb/><persName>Maclear</persName> and he 
<lb/>said nothing about 
<lb/>an occultation 
<lb/>I expected. <persName>Arrowsmith</persName>
<lb/>might have the 
<lb/>proofs from 
<lb/>Kalai Eastward 
<lb/>in addition he is 

	<pb n="0004" facs="liv_001062_0004"/><!--pb/@n='64v'--> 
<lb/>famed for being late 
<lb/>and blaming every 
<lb/>body but himself 
<lb/>for it. </p>
<lb/><p>I was asked at <placeName>Oxford</placeName>
<lb/>if a better edition &amp; of 
<lb/>higher price would 
<lb/>not be published as 
<lb/>well as a lower. I said 
<lb/>the affair was entirely 
<lb/>in your hands. I mention 
<lb/>it only. Is this the 
<lb/>permanent paper? 
<lb/>Very good about the 
<lb/>engraving -  I enclose 
<lb/>a musical instrument 
<lb/>which may please you better<reg>.</reg></p>
<lb/><p rend="right"><persName>D Livingstone</persName></p><addSpan spanTo="#p64v-01" place="marginleft"><!--addSpan/@place='left hand margin of fol. 64v'--></addSpan>
<lb/><p> Would some with gilt edges &amp; a higher price 
<lb/>please such as it does the Bechuanas<reg>.</reg></p><anchor xml:id="p64v-01"/>
			
</div>
		</body>
	</text></TEI>