<?xml version="1.0" encoding="UTF-8"?>
<!--Converted from a TEI P4 XML file to the LEAP TEI P5 Schema by James Cummings on 2015-03-02-->
<?xml-model href="http://livingstoneonline.github.io/LEAP-ODD/leap.rng" type="application/xml" schematypens="http://relaxng.org/ns/structure/1.0"?>
<?xml-model href="http://livingstoneonline.github.io/LEAP-ODD/leap.rng" type="application/xml" schematypens="http://purl.oclc.org/dsdl/schematron"?>
<?xml-stylesheet type="text/xsl" href="http://livingstoneonline.github.io/LEAP-XSLT/transcription.xsl"?>
<TEI xmlns="http://www.tei-c.org/ns/1.0" xml:id="liv_001624"><!-- LP41 -->
	<teiHeader xmlns:tei="http://www.tei-c.org/ns/1.0">
		<fileDesc>
			<titleStmt>
				<title>Letter to James Hannan</title>
				<author xml:id="DL">David Livingstone</author>
			</titleStmt>
			<publicationStmt>
				<authority>Livingstone Project</authority>
				<pubPlace>London</pubPlace>
				<date>2004</date>
				<publisher>Wellcome Centre for the History of Medicine, UCL</publisher>
				<idno type="LEAP-ID">liv_001624</idno>
			</publicationStmt>
			<sourceDesc>
				<bibl xml:id="ccnumber">1077</bibl>
				<bibl xml:id="recipient">James Hannan</bibl>
				<bibl xml:id="date">15 February 1861</bibl>
				<bibl xml:id="where">"Pioneer" at Sea</bibl>
				<bibl xml:id="shelfmark">Wellcome Library Ms. 7329/41</bibl><!--1861-02-15--><!--Original:1861-02-15-->
				<bibl xml:id="extent">4 pages</bibl>
				<listPerson>
					<person xml:id="d1e81">
						<note type="rendNote">James Hannan (dates as yet unidentified), one of Livingstone\'s three trustees. He worked for Henry Monteith &amp; Co, owners of the Mill at Blantyre.</note>
					</person>
					<person xml:id="d1e97">
						<note type="rendNote">Reverend William King (1812-1895), Presbyterian minister, a native of Londonderry, Ireland, established the Elgin Association Settlement at Buxton, Western Ontario, for freed and refugee slaves. Livingstone wrote to King on the same day discouraging the idea of sending freed slaves from Canada to Africa partly on the grounds that they would be as susceptible as Europeans to fever. (C&amp;C 1078)</note>
					</person>
					<person xml:id="d1e222">
						<note type="rendNote">Charles Frederick Mackenzie (1825-1862), from Peeblesshire. In 1860 he headed the new Universities\' Mission to Central Africa (UMCA). He was consecrated Bishop of Central Africa in Cape Town, 1 January 1861. He met Livingstone at Kongone and the party ascended the Shire River and marched to the Shire highlands. He was embroiled in local warfare over slavery and died of fever, 31 January 1862.</note>
					</person>
					<person xml:id="d1e239">
						<note type="rendNote">Charles Frederick Mackenzie (1825-1862), from Peeblesshire. In 1860 he headed the new Universities\' Mission to Central Africa (UMCA). He was consecrated Bishop of Central Africa in Cape Town, 1 January 1861. He met Livingstone at Kongone and the party ascended the Shire River and marched to the Shire highlands. He was embroiled in local warfare over slavery and died of fever, 31 January 1862.</note>
					</person>
				</listPerson>
			</sourceDesc>
		</fileDesc>
		<revisionDesc>
			<change>
				<date>2004-11-16</date>
				<name xml:id="CO">Caroline Overy</name>initial transcription
			</change>
			<change>
				<date>2006-02-20</date>
				<name xml:id="JB">Janet Browne</name>first proof
			</change>
			<change>
				<date>2006-03-02</date>
				<name xml:id="SM">Sharon Messenger</name>final proof
			</change>
		</revisionDesc>
	</teiHeader>

	<text xmlns:tei="http://www.tei-c.org/ns/1.0">
		<body>
			<div>
	<pb n="0001" facs="liv_001624_0001"/><!--pb/@n='1'--> 
<!--Hand 01 35 top left--><!--Hand 02 91833 top right-->
			
<lb/><p rend="center">On board "<term type="boat">Pioneer<note type="editorial">The &lt;i&gt;Pioneer&lt;/i&gt;, Livingstone\'s steamship, arrived from England on 31 January 1861 while he was at Kongone, one of the mouths of the Zambesi River. The &lt;i&gt;Pioneer&lt;/i&gt; was under British Government orders to explore the Ruvoma River. She left Kongone on 4 February 1861 and anchored in the mouth of the Rovuma on 25 February 1861. This letter was penned during that voyage.</note></term>"</p>
<lb/><p rend="right">At Sea <date when="1861-02-15">15 <hi rend="sup"><hi rend="underline">th</hi></hi><choice><abbr>Feb<hi rend="sup">y</hi></abbr><expan>February</expan></choice> 1861.</date></p>
<lb/><p rend="right"><persName ref="#d1e81">James <surname>Hannan</surname></persName> Esq.</p>
<lb/><p>My Dear <persName>Sir</persName></p>
<lb/><p>I am desired 
<lb/>by <persName ref="#d1e97">M<hi rend="sup"><hi rend="underline">r</hi></hi> King</persName> to enclose 
<lb/>an answer to his 
<lb/>communication of 
<lb/><date when="1860-09-13">13<hi rend="sup"><hi rend="underline">th</hi></hi><choice><abbr>Sept<hi rend="sup"><hi rend="underline">r</hi></hi></abbr><expan>September</expan></choice> /60</date> to you. You 
<lb/>will see that I cannot 
<lb/>recommend our 
<lb/>coloured <choice><sic>bretheren </sic><corr>brethren</corr></choice> to try 
<lb/>their skill in <placeName>Africa</placeName>
<lb/>We found that our <term type="tribe">Kroomen<note type="editorial">Kroomen, a name given to a people from the West Coast of Africa, famed as boatmen and often employed aboard ships.</note></term>
<lb/>even from the <placeName>West Coast</placeName>

	<pb n="0002" facs="liv_001624_0002"/><!--pb/@n='2'--> 
<lb/>suffered from <term type="ailment">Fever<note type="editorial">Fever was the scourge of African explorers. The term did not usually refer to a specific disease but to a general disorder which might have any number of variants, for instance, malarial or intermittent, remittent, or continual. These variants were held to depend on such things as an individual\'s constitution, the weather, or the local terrain.</note></term>
<lb/>and it is well known 
<lb/>that residence in a 
<lb/>healthy climate renders 
<lb/>them quite as liable 
<lb/>perhaps more so, to 
<lb/>be <unclear cert="low" reason="hand">cut</unclear> off as Europeans 
<lb/>a slight attack prostrates 
<lb/>them. When lately at 
<lb/><placeName>Victoria falls</placeName> my 
<lb/><name type="person_cl">brother</name> had a severe 
<lb/>attack - took our <term type="remedy">remedy<note type="editorial">Livingstone reported that in 1850 he had adopted the plan of giving quinine with a purgative in cases of fever and was successful in the cases of two of his own children and an English party (\'On fever in the Zambesi. A note from Dr. Livingstone to Dr. M\'William\', &lt;i&gt;Transactions of the Epidemiological Society of London&lt;/i&gt; 1859-62, 1: 235). This was the "remedy" Livingstone used thereafter for fever. Hindsight suggests the remedy worked in those cases that were suffering from malaria. Quinine, which had recently been isolated from Peruvian Bark or cinchona, is effective against the malarial parasite transmitted by mosquitoes. </note></term>
<lb/>and marched next 
<lb/>day on foot. Africans 
<lb/>do not possess the 
<lb/>energy of Europeans 
<lb/>and need about as 
<lb/>many comforts</p>

	<pb n="0003" facs="liv_001624_0003"/><!--pb/@n='3'-->
<lb/><p>The event of most 
<lb/>interest and importance 
<lb/>in this out of the 
<lb/>world region is the 
<lb/>arrival of <persName ref="#d1e222">bishop 
<lb/><surname>Mackenzie</surname></persName> and his 
<lb/>staff of missionaries. 
<lb/>They look a fine set 
<lb/>of fellows all of them 
<lb/>and the <persName ref="#d1e239">bishop</persName> is without 
<lb/>doubt the A.1. of the 
<lb/>party. They appear 
<lb/>to have sound practical 
<lb/>views of the work 
<lb/>before them and 
<lb/>with all my 
<lb/>heart I wish them success</p>

	<pb n="0004" facs="liv_001624_0004"/><!--pb/@n='4'-->
<lb/><p>We have a <term type="boat"><hi rend="underline">real</hi> steamer</term>
<lb/>at last and with God's 
<lb/>blessing will now do 
<lb/>some service. Our 
<lb/>hindrances have turned 
<lb/>out for the best but 
<lb/>no thanks to the agents 
<lb/>who hindered us.</p>
<lb/><p>Please present my 
<lb/>very kind regards to 
<lb/><persName>M<hi rend="sup"><hi rend="underline">rs</hi></hi><surname>Hannan</surname></persName> &amp; family 
<lb/>and believe me</p>
<lb/><p rend="right">Faithfully Yours</p>
<lb/><p rend="right"><persName>David <surname>Livingstone</surname></persName></p>
<lb/><p>This is not my first letter 
<lb/>but I have <choice><sic>recieved</sic><corr>received</corr></choice> none 
<lb/>from you.</p>
			
			</div>
		</body>
	</text></TEI>