<?xml version="1.0" encoding="UTF-8"?>
<!--Converted from a TEI P4 XML file to the LEAP TEI P5 Schema by James Cummings on 2015-03-02-->
<?xml-model href="http://livingstoneonline.github.io/LEAP-ODD/leap.rng" type="application/xml" schematypens="http://relaxng.org/ns/structure/1.0"?>
<?xml-model href="http://livingstoneonline.github.io/LEAP-ODD/leap.rng" type="application/xml" schematypens="http://purl.oclc.org/dsdl/schematron"?>
<?xml-stylesheet type="text/xsl" href="http://livingstoneonline.github.io/LEAP-XSLT/transcription.xsl"?>
<TEI xmlns="http://www.tei-c.org/ns/1.0" xml:id="liv_001289">
	<teiHeader xmlns:tei="http://www.tei-c.org/ns/1.0">
		<fileDesc>
			<titleStmt>
				<title>Letter to John Washington</title>
				<author xml:id="DL">David Livingstone</author>
			</titleStmt>
			<publicationStmt>
				<authority>Livingstone Online</authority>
				<pubPlace>London</pubPlace>
				<date/>
				<publisher>Wellcome Centre for the History of Medicine, UCL</publisher>
				<idno type="LEAP-ID">liv_001289</idno>
			</publicationStmt>
			<sourceDesc>
				<bibl xml:id="shelfmark">The National Museum of the Royal Navy, Portsmouth, UK, MSS 120</bibl>
				<bibl xml:id="ccnumber">0764</bibl>
				<bibl xml:id="recipient">John Washington</bibl>
				<bibl xml:id="date">10 March 1858</bibl>
				<bibl xml:id="where">"Pearl" 1 1/2 PM</bibl>
			</sourceDesc>
		</fileDesc>
		<profileDesc>
			<langUsage>
				<language ident="en">English</language>
			</langUsage>
			<handNotes>
				<handNote xml:id="hand01">Scribe: Unknown</handNote>
			</handNotes>
		</profileDesc>
		<revisionDesc>
			<change>
				<date>2009-08-06</date>
				<name xml:id="CO">Caroline Overy</name>Initial Transcription by Caroline Overy
			</change>
			<change>
				<date>2009-08-18</date>
				<name xml:id="CL">Chris Lawrence</name>Proofed by Chris
			</change>
		</revisionDesc>
	</teiHeader>

	<text xmlns:tei="http://www.tei-c.org/ns/1.0">
		<body xml:lang="en">
			<div>

	<pb n="0001" facs="liv_001289_0001"/><!--pb/@n='1r'-->
<lb/><p rend="right"><term type="boat">Pearl</term> 1 1/2 P.M. 10<hi rend="sup">th</hi> March</p>
<lb/><p rend="right">1858</p>
<lb/><p>Dear <persName>Captain Washington</persName></p>
<lb/><p>We are off at last 
<lb/>and with fair prospects 
<lb/>ahead. I am most 
<lb/>thankful to get into 
<lb/>quiet again. We 
<lb/>are all well &amp; 
<lb/>well provided for 

	<pb n="0002" facs="liv_001289_0002"/><!--pb/@n='1v'--> 
<lb/>and I hope by God's 
<lb/>blessing we shall all 
<lb/>do our duty - once 
<lb/>more farewell and 
<lb/>many thanks for 
<lb/>all your polite 
<lb/>attentions<reg>.</reg></p>
<lb/><p rend="center">I am &amp;c</p>
<lb/><p rend="center">David Livingstone</p>
			
</div>
		</body>
	</text></TEI>