<?xml version="1.0" encoding="UTF-8"?>
<!--Converted from a TEI P4 XML file to the LEAP TEI P5 Schema by James Cummings on 2015-03-02-->
<?xml-model href="http://livingstoneonline.github.io/LEAP-ODD/leap.rng" type="application/xml" schematypens="http://relaxng.org/ns/structure/1.0"?>
<?xml-model href="http://livingstoneonline.github.io/LEAP-ODD/leap.rng" type="application/xml" schematypens="http://purl.oclc.org/dsdl/schematron"?>
<?xml-stylesheet type="text/xsl" href="http://livingstoneonline.github.io/LEAP-XSLT/transcription.xsl"?>
<TEI xmlns="http://www.tei-c.org/ns/1.0" xml:id="liv_001257"><!-- LP34 -->
	<teiHeader xmlns:tei="http://www.tei-c.org/ns/1.0">
		<fileDesc>
			<titleStmt>
				<title>Letter to Lady Belhaven</title>
				<author xml:id="DL">David Livingstone</author>
			</titleStmt>
			<publicationStmt>
				<authority>Livingstone Online</authority>
				<pubPlace>London</pubPlace>
				<date>2005-05-10</date>
				<publisher>Wellcome Centre for the History of Medicine, UCL</publisher>
				<idno type="LEAP-ID">liv_001257</idno>
			</publicationStmt>
			<sourceDesc>
				<bibl xml:id="ccnumber">0735</bibl>
				<bibl xml:id="recipient">Lady Belhaven</bibl>
				<bibl xml:id="date">24 February 1858</bibl>
				<bibl xml:id="where">Burnbank [Hamilton]</bibl>
				<bibl xml:id="shelfmark">Wellcome Library Ms. 7329/34</bibl><!--1858-02-24--><!--Original:1858-02-24-->
				<bibl xml:id="extent">4 pages</bibl>
			</sourceDesc>
		</fileDesc>
		<revisionDesc>
			<change>
				<date>2005-04-27</date>
				<name xml:id="CO">Caroline Overy</name>Initial Transcription
			</change>
			<change>
				<date>2006-02-13</date>
				<name xml:id="JB">Janet Browne</name>first proof
			</change>
			<change>
				<date>2006-02-23</date>
				<name xml:id="CL">Chris lawrence</name>second proof
			</change>
			<change>
				<date>2006-03-02</date>
				<name xml:id="SM">Sharon Messenger</name>final proof
			</change>
		</revisionDesc>
	</teiHeader>

	<text xmlns:tei="http://www.tei-c.org/ns/1.0">
		<body>
			<div>

	<pb n="0001" facs="liv_001257_0001"/><!--pb/@n='1'--> 
<!--Hand 01 illegible top left--><!--Hand 02 159 top left--><!--Hand 03 27 top left--><!--Hand 04 64764 top right-->
<lb/><p rend="center"><placeName>Burbank</placeName>,</p>
<lb/><p rend="right">24<hi rend="sup"><hi rend="underline">th</hi></hi><choice><abbr>Feby</abbr><expan>February</expan></choice> 1858</p>
<lb/><p>Dear <persName>Lady Belhaven</persName></p>
<lb/><p>I am sorry 
<lb/>that it has been 
<lb/>quite out of my 
<lb/>power to call 
<lb/>and thank you 
<lb/>and <persName>Lady Emma 
<lb/>Campbell</persName> for so 

	<pb n="0002" facs="liv_001257_0002"/><!--pb/@n='2'--> 
<lb/>kindly remembering 
<lb/>my African friends 
<lb/>I shall take 
<lb/>the <unclear cert="high">rugs</unclear> to <persName>Sekeletu</persName>
<lb/>and tell him 
<lb/>that they are 
<lb/>presented by two 
<lb/>female chieftains 
<lb/>of my country as 
<lb/>an acknowledgement 
<lb/>for the kindness 

	<pb n="0003" facs="liv_001257_0003"/><!--pb/@n='3'--> 
<lb/>he shewed to me 
<lb/>when a solitary 
<lb/>stranger in a strange 
<lb/>land. I had hoped 
<lb/>to have spent 
<lb/>a few days here 
<lb/>but I came from 
<lb/>London yesterday 
<lb/>and go down 
<lb/>to Glasgow tonight - 
<lb/>speak to the 
<lb/>college students 

	<pb n="0004" facs="liv_001257_0004"/><!--pb/@n='4'--> 
<lb/>tomorrow at 3. then 
<lb/>come here on friday 
<lb/>afternoon to say 
<lb/>good bye to my 
<lb/>mother. I beg leave 
<lb/>to say Farewell to 
<lb/>you on paper. and 
<lb/>wish you and 
<lb/><persName>Lord Belhaven</persName>
<lb/>every blessing</p>
<lb/><p>David Livingstone</p>
			
</div>
		</body>
	</text></TEI>