<?xml version="1.0" encoding="UTF-8"?>
<!--Converted from a TEI P4 XML file to the LEAP TEI P5 Schema by James Cummings on 2015-03-02-->
<?xml-model href="http://livingstoneonline.github.io/LEAP-ODD/leap.rng" type="application/xml" schematypens="http://relaxng.org/ns/structure/1.0"?>
<?xml-model href="http://livingstoneonline.github.io/LEAP-ODD/leap.rng" type="application/xml" schematypens="http://purl.oclc.org/dsdl/schematron"?>
<?xml-stylesheet type="text/xsl" href="http://livingstoneonline.github.io/LEAP-XSLT/transcription.xsl"?>
<TEI xmlns="http://www.tei-c.org/ns/1.0" xml:id="liv_000982">
	<teiHeader xmlns:tei="http://www.tei-c.org/ns/1.0">
		<fileDesc>
			<titleStmt>
				<title>Letter to H. Norton Shaw</title>
				<author xml:id="DL">David Livingstone</author>
			</titleStmt>
			<publicationStmt>
				<authority>Livingstone Online</authority>
				<pubPlace>London</pubPlace>
				<date>2007-05-22</date>
				<publisher>Wellcome Centre for the History of Medicine, UCL</publisher>
				<idno type="LEAP-ID">liv_000982</idno>
			</publicationStmt>
			<sourceDesc>
				<bibl xml:id="shelfmark">Royal Geographical Society, Archives, DL 2/15/15</bibl>
				<bibl xml:id="ccnumber">0487</bibl>
				<bibl xml:id="recipient">H. Norton Shaw</bibl>
				<bibl xml:id="date">26 March [57]</bibl>
				<bibl xml:id="where">[London]</bibl>
			</sourceDesc>
		</fileDesc>
		<profileDesc>
			<langUsage>
				<language ident="en">English</language>
			</langUsage>
			<handNotes>
				<handNote xml:id="hand01">Scribe: Unknown</handNote>
			</handNotes>
		</profileDesc>
		<revisionDesc>
			<change>
				<date>2007-05-10</date>
				<name xml:id="SM">Sharon Messenger</name>Intial Transcription by Sharon Messenger
			</change>
		</revisionDesc>
	</teiHeader>

	<text xmlns:tei="http://www.tei-c.org/ns/1.0">
		<body xml:lang="en">
			<div>

	<pb n="0001" facs="liv_000982_0001"/><!--pb/@n='1'-->
<lb/><p>26<hi rend="sup"><hi rend="underline">th</hi></hi> March </p>
<lb/><p>My <persName>Dear Doctor</persName></p>
<lb/><p>I shall try 
<lb/>and be with you at 
<lb/>11 A.M. tomorrow<reg>.</reg>
<lb/>You must get a 
<lb/>copper boat for 
<lb/>me. <choice><reg>S</reg><orig>s</orig></choice>imilar to 
<lb/><persName>Burton's.</persName><persName>Lord 
<lb/>Clarendon</persName> is agreeable<reg>.</reg>
<lb/><persName>Sir Roderick</persName> will 
<lb/>mention it to you<reg>.</reg></p>
<lb/><p><persName>D Livingstone</persName></p>
			
</div>
		</body>
	</text></TEI>