<?xml version="1.0" encoding="UTF-8"?>
<!--Converted from a TEI P4 XML file to the LEAP TEI P5 Schema by James Cummings on 2015-03-02-->
<?xml-model href="http://livingstoneonline.github.io/LEAP-ODD/leap.rng" type="application/xml" schematypens="http://relaxng.org/ns/structure/1.0"?>
<?xml-model href="http://livingstoneonline.github.io/LEAP-ODD/leap.rng" type="application/xml" schematypens="http://purl.oclc.org/dsdl/schematron"?>
<?xml-stylesheet type="text/xsl" href="http://livingstoneonline.github.io/LEAP-XSLT/transcription.xsl"?>
<TEI xmlns="http://www.tei-c.org/ns/1.0" xml:id="liv_001202">
	<teiHeader xmlns:tei="http://www.tei-c.org/ns/1.0">
		<fileDesc>
			<titleStmt>
				<title>Letter to Thomas Maclear</title>
				<author xml:id="DL">David Livingstone</author>
			</titleStmt>
			<publicationStmt>
				<authority>Livingstone Online</authority>
				<pubPlace>London</pubPlace>
				<date>2007-06-19</date>
				<publisher>Wellcome Centre for the History of Medicine, UCL</publisher>
				<idno type="LEAP-ID">liv_001202</idno>
			</publicationStmt>
			<sourceDesc>
				<bibl xml:id="shelfmark">National Library of Scotland, MS.10768, ff. 31-32</bibl>
				<bibl xml:id="ccnumber">0686</bibl>
				<bibl xml:id="recipient">Thomas Maclear</bibl>
				<bibl xml:id="date">3 February 1858</bibl>
				<bibl xml:id="where">50 Albemarle Street</bibl>
			</sourceDesc>
		</fileDesc>
		<profileDesc>
			<langUsage>
				<language ident="en">English</language>
			</langUsage>
			<handNotes>
				<handNote xml:id="hand01">Scribe: Unknown</handNote>
			</handNotes>
		</profileDesc>
		<revisionDesc>
			<change>
				<date>2007-06-19</date>
				<name xml:id="CO">Caroline Overy</name>Intial Transcription by Caroline Overy
			</change>
			<change>
				<date>2007-06-23</date>
				<name xml:id="CL">Chris Lawrence</name>Proofed by Chris
			</change>
			<change>
				<date>2007-08-13</date>
				<name xml:id="JB">Janet Browne</name>Proofed by Janet
			</change>
		</revisionDesc>
	</teiHeader>

	<text xmlns:tei="http://www.tei-c.org/ns/1.0">
		<body xml:lang="en">
			<div>

	<pb n="0001" facs="liv_001202_0001"/><!--pb/@n='31r'-->
<lb/><p rend="right">50 Albemarle St</p>
<lb/><p rend="right">3 February 1858</p>
<lb/><p>My Dear Friend</p>
<lb/><p>We are at last to sail 
<lb/>in the <term type="boat">"Pearl"</term> a vessel bought by 
<lb/>the Ceylon government and 
<lb/>chartered by the Foreign Office to 
<lb/>take us into the <placeName>Zambesi</placeName> and 
<lb/>as far up the river as 9 ft 
<lb/>draught will allow. We 
<lb/>expect to sail on the 15<hi rend="sup">th</hi>
<lb/>or a few days later. She is 
<lb/>a screw vessel about 300 
<lb/>tons burthen and carries a 
<lb/>small steam launch in 
<lb/>three pieces on her deck. <choice><reg>T</reg><orig>t</orig></choice>his 
<lb/>will draw about 18 inches 
<lb/>water and is to be our house 
<lb/>when we quit the <term type="boat">"Pearl"</term><reg>.</reg> She 
<lb/>is ten horse power only. <choice><reg>T</reg><orig>t</orig></choice>he 
<lb/>Government have done all 

	<pb n="0002" facs="liv_001202_0002"/><!--pb/@n='31v'--> 
<lb/>this handsomely and would have 
<lb/>done better had a suitable vessel 
<lb/>been in their possession. We 
<lb/>are rather hurried at last and 
<lb/>as we hope to see you soon 
<lb/>there is not much use in 
<lb/>making a long story on paper<reg>.</reg>
<lb/>I am extremely obliged by the 
<lb/>liberality of my friends at the 
<lb/>Cape and if it should be 
<lb/>thought desirable would give 
<lb/>them a general idea of my 
<lb/><choice><sic>journies</sic><corr>journeys</corr></choice> at a meeting at 
<lb/>which the money they so 
<lb/>generously contribute might 
<lb/>be handed over for the benefit 
<lb/>of my wife and family. If 
<lb/>I had any voice in it I 
<lb/>would like it invested in 
<lb/>some safe Colonial undertaking<reg>.</reg>
<lb/>I am fully convinced of the 
<lb/>thriving nature of the colony 

	<pb n="0003" facs="liv_001202_0003"/><!--pb/@n='32r'--> 
<lb/>and will be only too proud to have 
<lb/>a stake in it. It must however 
<lb/>be borne in mind that <term type="reference">my book</term>
<lb/>forestalls my speeches. It has taken 
<lb/>the wind out of them entirely. 
<lb/>It has you may have heard sold 
<lb/>marvellously well exceeding all my 
<lb/>most sanguine expectation. <choice><reg>T</reg><orig>t</orig></choice>he 
<lb/>book of <persName>Williams</persName> the missionary 
<lb/>took four years to mount up to 
<lb/>16,000. <choice><reg>M</reg><orig>m</orig></choice>ine in three months 
<lb/>30,000. I dont expect your 
<lb/>praise in the matter of the map 
<lb/>you will say I have given 
<lb/><persName>Arrowsmith</persName> too much licence 
<lb/>but I had no time to watch 
<lb/>him. <choice><reg>T</reg><orig>t</orig></choice>he writing of the book 
<lb/>had been all engrossing &amp; 
<lb/>it is only now I can peep 
<lb/>at it. I shall bring all my 
<lb/>observations to you and if 
<lb/>verified by fresh which I hope 
<lb/>to make they will be published 
<lb/>at a future time.</p>

	<pb n="0004" facs="liv_001202_0004"/><!--pb/@n='32v'-->
<lb/><p><persName>M<hi rend="sup"><hi rend="underline">rs</hi></hi> L.</persName> and one child goes with us<reg>.</reg>
<lb/>I have a practical mining geologist 
<lb/>and an economic botanist to tell 
<lb/>us more of the mineral &amp; vegetable 
<lb/>wealth of the new country than 
<lb/>I could do when alone. A naval 
<lb/>officer <persName>Commander Bedingfeld</persName>
<lb/>an artist and an assistant 
<lb/>who can do a little in magnetism 
<lb/>and Photography (my brother)<reg>.</reg> I am 
<lb/>ashamed to say I have not been 
<lb/>able to run down and see your 
<lb/>daughter as I understand she is 
<lb/>with <persName>Admiral Smythe</persName> - I am 
<lb/>consul with a roving commission 
<lb/>&amp; can go anywhere. It gives 
<lb/>me status. <choice><reg>T</reg><orig>t</orig></choice>he expedition is the 
<lb/>fruit of Parliament giving £5000 
<lb/>I shall of course find my way 
<lb/>out to you as soon as I can 
<lb/>get ashore. <persName>Dayman</persName> says you 
<lb/>have a telescope which I hope 
<lb/>to get an order for which 
<lb/>will be useful in occultations<reg>.</reg></p>
<lb/><p>Kindest regards to all</p>
<lb/><p>David Livingstone</p>
			
</div>
		</body>
	</text></TEI>