<?xml version="1.0" encoding="UTF-8"?>
<!--Converted from a TEI P4 XML file to the LEAP TEI P5 Schema by James Cummings on 2015-03-02-->
<?xml-model href="http://livingstoneonline.github.io/LEAP-ODD/leap.rng" type="application/xml" schematypens="http://relaxng.org/ns/structure/1.0"?>
<?xml-model href="http://livingstoneonline.github.io/LEAP-ODD/leap.rng" type="application/xml" schematypens="http://purl.oclc.org/dsdl/schematron"?>
<?xml-stylesheet type="text/xsl" href="http://livingstoneonline.github.io/LEAP-XSLT/transcription.xsl"?>
<TEI xmlns="http://www.tei-c.org/ns/1.0" xml:id="liv_001034">
	<teiHeader xmlns:tei="http://www.tei-c.org/ns/1.0">
		<fileDesc>
			<titleStmt>
				<title>Letter to John Murray</title>
				<author xml:id="DL">David Livingstone</author>
			</titleStmt>
			<publicationStmt>
				<authority>Livingstone Online</authority>
				<pubPlace>London</pubPlace>
				<date>2008-11-14</date>
				<publisher>Wellcome Centre for the History of Medicine, UCL</publisher>
				<idno type="LEAP-ID">liv_001034</idno>
			</publicationStmt>
			<sourceDesc>
				<bibl xml:id="shelfmark">John Murray Archive, National Library of Scotland, MS. 42420, ff. 37r-40v</bibl>
				<bibl xml:id="ccnumber">0531</bibl>
				<bibl xml:id="recipient">John Murray</bibl>
				<bibl xml:id="date">30 May [57]</bibl>
				<bibl xml:id="where">Hadley Green, Barnet</bibl>
			</sourceDesc>
		</fileDesc>
		<profileDesc>
			<langUsage>
				<language ident="en">English</language>
			</langUsage>
			<handNotes>
				<handNote xml:id="hand01">Scribe: Unknown</handNote>
			</handNotes>
		</profileDesc>
		<revisionDesc>
			<change>
				<date>2008-11-14</date>
				<name xml:id="initials">SM</name>Initial Transcription by Sharon Messenger
			</change>
			<change>
				<date>2008-11-14</date>
				<name xml:id="CL">Chris Lawrence</name>Proof by Chris Lawrence
			</change>
		</revisionDesc>
	</teiHeader>

	<text xmlns:tei="http://www.tei-c.org/ns/1.0">
		<body xml:lang="en">
			<div>

	<pb n="0001" facs="liv_001034_0001"/><!--pb/@n='37r'-->
<lb/><p rend="right">30<hi rend="underline"><hi rend="sup">th</hi></hi> May</p>
<lb/><p rend="right"><placeName>Hadley Green</placeName></p>
<lb/><p rend="right"><placeName>Barnet</placeName></p>
<lb/><p>My Dear <persName>M<hi rend="underline"><hi rend="sup">r</hi></hi> Murray</persName></p>
<lb/><p>I return the 
<lb/>drawings with 
<lb/>remarks. I entirely 
<lb/>forgot all about 
<lb/><persName>Lady EastLake's</persName>
<lb/>invitation. <choice><reg>T</reg><orig>t</orig></choice>he 
<lb/>flitting must have 
<lb/>driven it out of 
<lb/>my head for <choice><sic>untill</sic><corr>until</corr></choice>

	<pb n="0002" facs="liv_001034_0002"/><!--pb/@n='37v'--> 
<lb/>your note came this 
<lb/>morning I never 
<lb/>dreamed about it 
<lb/>I shall write and 
<lb/>apologize. I shall 
<lb/>let the printer have 
<lb/>three pieces on 
<lb/>Monday if he sends 
<lb/>to <persName>M<hi rend="sup"><hi rend="underline">r</hi></hi> Wilbraham 
<lb/>Taylor</persName><placeName>1 Robert St.</placeName>
<lb/><placeName>Adelphi</placeName><placeName>Strand</placeName>
<lb/>for it between 
<lb/>11 &amp; 12 o clock. He 
<lb/>is a neighbour &amp; 
<lb/>will bring any little 
<lb/>thing<reg>.</reg>

	<pb n="0003" facs="liv_001034_0003"/><!--pb/@n='38r'--> 
<lb/>Please send the 
<lb/>following corrections 
<lb/>to be incorporated 
<lb/>with the others<reg>.</reg></p>
<lb/><p> P. 108 line 9 from 
<lb/>the bottom after 
<lb/>was seen, add, But 
<lb/>it may be a sort of 
<lb/>Ant-Lion <hi rend="underline">(Myrmuoléo)</hi>
<lb/>as they often walk 
<lb/>backwards. </p>
<lb/><p>P. 113 Second line 
<lb/>from bottom 

	<pb n="0004" facs="liv_001034_0004"/><!--pb/@n='38v'--> 
<lb/>retain the words 
<lb/>splash, guggle 
<lb/>jupp, as <persName>Prof. 
<lb/>Owen</persName> thinks them 
<lb/>very expressive 
<lb/>of the thing intended 
<lb/>P. 111 Retain what 
<lb/>follows 10th line 
<lb/>from top as 
<lb/>corrected in the slips sent. </p>
<lb/><p>117 21 <hi rend="sup">st</hi> line from top 
<lb/>after "disaffection" put 
<lb/>and successful rebellion 
<lb/>Dele success 

	<pb n="0005" facs="liv_001034_0005"/><!--pb/@n='39r'--> 
<lb/>down for us. 
<lb/>The books will 
<lb/>I suppose come 
<lb/>safe. I think 
<lb/>I can promise 
<lb/>you three or 
<lb/>four pieces of 
<lb/>new matter weekly 
<lb/>we are quite quiet 
<lb/>here. Would 
<lb/>you send <persName>M<hi rend="sup"><hi rend="underline">r</hi></hi>
<lb/>Gabriel's
</persName> letters 
<lb/>as I am now in 

	<pb n="0006" facs="liv_001034_0006"/><!--pb/@n='39v'--> 
<lb/><placeName>Angola.</placeName><choice><reg>T</reg><orig>t</orig></choice>hey may 
<lb/>be suggestive 
<lb/>I shall come up 
<lb/>on Thursday next 
<lb/>to <choice><sic>fulfill</sic><corr>fulfil</corr></choice> an 
<lb/>engagement with 
<lb/>Baptist Noel 
<lb/>&amp; that is the last. 
<lb/>The <placeName>Manchester</placeName>
<lb/>friends tell me 
<lb/>of £500 without a 
<lb/>whit of that bother which 
<lb/><placeName>Alderman Wire</placeName> coined for 
<lb/>me in <placeName>London.</placeName> It is there<reg>.</reg>

	<pb n="0007" facs="liv_001034_0007"/><!--pb/@n='40r'--> 
<lb/>Could you lend 
<lb/>me Maunder's 
<lb/>treasury of Natural 
<lb/>History. I have it 
<lb/>in <placeName>Africa</placeName> and 
<lb/>don<reg>'</reg>t wish to buy 
<lb/>another<reg>.</reg></p>
<lb/><p>With kind regards 
<lb/>to <persName>M<hi rend="underline"><hi rend="sup">rs
</hi></hi>Murray</persName> &amp; 
<lb/>hoping she will 
<lb/>say a word in 
<lb/>excuse for me 
<lb/>the first time 
<lb/>thereby doubly valuable </p>

	<pb n="0008" facs="liv_001034_0008"/><!--pb/@n='40v'-->
<lb/><p>She meets <persName>Lady 
<lb/>Eastlake</persName><reg>.</reg></p>
<lb/><p rend="center">I am &amp;c</p>
<lb/><p rend="center"><persName>David Livingstone</persName></p>
			
</div>
		</body>
	</text></TEI>