<?xml version="1.0" encoding="UTF-8"?>
<!--Converted from a TEI P4 XML file to the LEAP TEI P5 Schema by James Cummings on 2015-03-02-->
<?xml-model href="http://livingstoneonline.github.io/LEAP-ODD/leap.rng" type="application/xml" schematypens="http://relaxng.org/ns/structure/1.0"?>
<?xml-model href="http://livingstoneonline.github.io/LEAP-ODD/leap.rng" type="application/xml" schematypens="http://purl.oclc.org/dsdl/schematron"?>
<?xml-stylesheet type="text/xsl" href="http://livingstoneonline.github.io/LEAP-XSLT/transcription.xsl"?>
<TEI xmlns="http://www.tei-c.org/ns/1.0" xml:id="liv_001911">
	<teiHeader xmlns:tei="http://www.tei-c.org/ns/1.0">
		<fileDesc>
			<titleStmt>
				<title>Letter to John Washington</title>
				<author xml:id="DL">David Livingstone</author>
			</titleStmt>
			<publicationStmt>
				<authority>Livingstone Online</authority>
				<pubPlace>London</pubPlace>
				<date>2009-08-18</date>
				<publisher>Wellcome Centre for the History of Medicine, UCL</publisher>
				<idno type="LEAP-ID">liv_001911</idno>
			</publicationStmt>
			<sourceDesc>
				<bibl xml:id="shelfmark">The National Museum of the Royal Navy, Portsmouth, UK, MSS 120</bibl>
				<bibl xml:id="ccnumber">1344</bibl>
				<bibl xml:id="recipient">John Washington</bibl>
				<bibl xml:id="date">29 April 1863</bibl>
				<bibl xml:id="where">Murchison's Cataracts</bibl>
			</sourceDesc>
		</fileDesc>
		<profileDesc>
			<langUsage>
				<language ident="en">English</language>
			</langUsage>
			<handNotes>
				<handNote xml:id="hand01">Scribe: Unknown</handNote>
			</handNotes>
		</profileDesc>
		<revisionDesc>
			<change>
				<date>2009-08-18</date>
				<name xml:id="SM">Sharon Messenger</name>Initial Transcription by Sharon Messenger
			</change>
			<change>
				<date>2009-10-24</date>
				<name xml:id="CL">Chris Lawrence</name>First Proof by Chris Lawrence
			</change>
		</revisionDesc>
	</teiHeader>

	<text xmlns:tei="http://www.tei-c.org/ns/1.0">
		<body xml:lang="en">
			<div>

	<pb n="0001" facs="liv_001911_0001"/><!--pb/@n='1'-->
<lb/><p rend="right">29<hi rend="underline"><hi rend="sup">th</hi></hi> April 1863 </p>
<lb/><p rend="right">At <placeName>Murchison's Cataracts</placeName></p>
<lb/><p>I hereby certify that <persName>D<hi rend="sup"><hi rend="underline">r</hi></hi> Kirk</persName>
<lb/><persName>M<hi rend="underline"><hi rend="sup">r</hi></hi> Charles Livingstone</persName> - 
<lb/><persName>D<hi rend="sup"><hi rend="underline">r</hi></hi> Meller</persName>, <persName>M<hi rend="underline"><hi rend="sup">r</hi></hi> Ed<hi rend="sup"><hi rend="underline">d</hi></hi> Young</persName>
<lb/>and <persName>M<hi rend="underline"><hi rend="sup">r</hi></hi> George Rae</persName><add place="above">&amp; <persName>John Reid</persName></add> are 
<lb/>alive and performing 
<lb/>their duties as members 
<lb/>of this Expedition<reg>.</reg></p>
<lb/><p rend="center"><persName>David Livingstone</persName></p>
			
</div>
		</body>
	</text></TEI>