<?xml version="1.0" encoding="UTF-8"?>
<!--Converted from a TEI P4 XML file to the LEAP TEI P5 Schema by James Cummings on 2015-03-02-->
<?xml-model href="http://livingstoneonline.github.io/LEAP-ODD/leap.rng" type="application/xml" schematypens="http://relaxng.org/ns/structure/1.0"?>
<?xml-model href="http://livingstoneonline.github.io/LEAP-ODD/leap.rng" type="application/xml" schematypens="http://purl.oclc.org/dsdl/schematron"?>
<?xml-stylesheet type="text/xsl" href="http://livingstoneonline.github.io/LEAP-XSLT/transcription.xsl"?>
<TEI xmlns="http://www.tei-c.org/ns/1.0" xml:id="liv_001023">
	<teiHeader xmlns:tei="http://www.tei-c.org/ns/1.0">
		<fileDesc>
			<titleStmt>
				<title>Letter to John Murray</title>
				<author xml:id="DL">David Livingstone</author>
			</titleStmt>
			<publicationStmt>
				<authority>Livingstone Online</authority>
				<pubPlace>London</pubPlace>
				<date>2008-11-04</date>
				<publisher>Wellcome Centre for the History of Medicine, UCL</publisher>
				<idno type="LEAP-ID">liv_001023</idno>
			</publicationStmt>
			<sourceDesc>
				<bibl xml:id="shelfmark">John Murray Archive, National Library of Scotland, MS. 42420, ff. 27r-28v</bibl>
				<bibl xml:id="ccnumber">0522</bibl>
				<bibl xml:id="recipient">John Murray</bibl>
				<bibl xml:id="date">[4, 11 or 18 May 57]</bibl>
				<bibl xml:id="where">57 Sloane Street</bibl>
			</sourceDesc>
		</fileDesc>
		<profileDesc>
			<langUsage>
				<language ident="en">English</language>
			</langUsage>
			<handNotes>
				<handNote xml:id="hand01">Scribe: Unknown</handNote>
			</handNotes>
		</profileDesc>
		<revisionDesc>
			<change>
				<date>2008-11-04</date>
				<name xml:id="SM">Sharon Messenger</name>Initial Transcription by Sharon Messenger
			</change>
			<change>
				<date>2008-11-26</date>
				<name xml:id="CL">Chris Lawrence</name>Proof by Chris Lawrence
			</change>
		</revisionDesc>
	</teiHeader>

	<text xmlns:tei="http://www.tei-c.org/ns/1.0">
		<body xml:lang="en">
			<div>

	<pb n="0001" facs="liv_001023_0001"/><!--pb/@n='27r'-->
<lb/><p rend="right"><placeName>57 Sloane St</placeName></p>
<lb/><p rend="right">Monday Morning </p>
<lb/><p>My Dear <persName>M<hi rend="sup">r</hi> Murray</persName></p>
<lb/><p>I send XXXIII - XXXV - 
<lb/>at present - 
<lb/>and some slips <add place="above">&amp; more</add> as 
<lb/>soon as my brother 
<lb/>has read them. </p>
<lb/><p>I am just at them 
<lb/>incorporating the 
<lb/>corrections. I 
<lb/>think I make 
<lb/>all plain which 

	<pb n="0002" facs="liv_001023_0002"/><!--pb/@n='27v'--> 
<lb/>as I am speaking 
<lb/>of things not 
<lb/>generally known 
<lb/>it will be found difficult for 
<lb/>another to do<reg>.</reg></p>
<lb/><p>I am sorry to 
<lb/>say I cannot 
<lb/>come on the 26<hi rend="sup"><hi rend="underline">th</hi></hi>
<lb/>as <persName>Sir Roderick</persName>
<lb/>engaged me for 

	<pb n="0003" facs="liv_001023_0003"/><!--pb/@n='28r'--> 
<lb/>that day a fortnight 
<lb/>ago. It is the 
<lb/>anniversary of 
<lb/>the R.G.S. 
<lb/>I send your 
<lb/>acceptance of 
<lb/><persName>Sir C. Eastlake's</persName>
<lb/>invitation<reg>.</reg></p>
<lb/><p><persName>M<hi rend="sup">r</hi> Binney</persName> is 
<lb/>still ill. I shall 
<lb/>get him to read over 
<lb/>though not 
<lb/>correct verbally 

	<pb n="0004" facs="liv_001023_0004"/><!--pb/@n='28v'--> 
<lb/>before publication<reg>.</reg>
<lb/><choice><reg>T</reg><orig>t</orig></choice>he Directors of 
<lb/>the Society profess 
<lb/>to be well pleased 
<lb/>with my speech. 
<lb/><choice><reg>T</reg><orig>t</orig></choice>he woodcut is 
<lb/>good I think. </p>
<lb/><p>I send the woodcuts 
<lb/>too. I think I am 
<lb/>not invited to the 
<lb/>Fund dinner as I 
<lb/>declined believing I 
<lb/>should be absent 
<lb/>in <placeName>Scotland</placeName><reg>.</reg></p>
<lb/><p><persName>D Livingstone</persName></p>
			
</div>
		</body>
	</text></TEI>