<?xml version="1.0" encoding="UTF-8"?>
<!--Converted from a TEI P4 XML file to the LEAP TEI P5 Schema by James Cummings on 2015-03-02-->
<?xml-model href="http://livingstoneonline.github.io/LEAP-ODD/leap.rng" type="application/xml" schematypens="http://relaxng.org/ns/structure/1.0"?>
<?xml-model href="http://livingstoneonline.github.io/LEAP-ODD/leap.rng" type="application/xml" schematypens="http://purl.oclc.org/dsdl/schematron"?>
<?xml-stylesheet type="text/xsl" href="http://livingstoneonline.github.io/LEAP-XSLT/transcription.xsl"?>
<TEI xmlns="http://www.tei-c.org/ns/1.0" xml:id="liv_001222">
	<teiHeader xmlns:tei="http://www.tei-c.org/ns/1.0">
		<fileDesc>
			<titleStmt>
				<title>Letter to William B. Woodman</title>
				<author xml:id="DL">David Livingstone</author>
			</titleStmt>
			<publicationStmt>
				<authority>Livingstone Online</authority>
				<pubPlace>London</pubPlace>
				<date>2009-05-19</date>
				<publisher>Wellcome Centre for the History of Medicine, UCL</publisher>
				<idno type="LEAP-ID">liv_001222</idno>
			</publicationStmt>
			<sourceDesc>
				<bibl xml:id="shelfmark">School of Oriental and African Studies Library, University of London, CWM/LMS, Livingstone Wooden Box-107C</bibl>
				<bibl xml:id="ccnumber">0703</bibl>
				<bibl xml:id="recipient">William B. Woodman</bibl>
				<bibl xml:id="date">11 February 1858</bibl>
				<bibl xml:id="where">18 Hart Street</bibl>
			</sourceDesc>
		</fileDesc>
		<profileDesc>
			<langUsage>
				<language ident="en">English</language>
			</langUsage>
			<handNotes>
				<handNote xml:id="hand01">Scribe: Unknown</handNote>
			</handNotes>
		</profileDesc>
		<revisionDesc>
			<change>
				<date>2009-05-19</date>
				<name xml:id="initials">SM</name>Letter foliated by Sharon Messenger
			</change>
			<change>
				<date>2009-06-10</date>
				<name xml:id="CL">Chris Lawrence</name>Proofed by Chris
			</change>
		</revisionDesc>
	</teiHeader>

	<text xmlns:tei="http://www.tei-c.org/ns/1.0">
		<body xml:lang="en">
			<div>

	<pb n="0001" facs="liv_001222_0001"/><!--pb/@n='1r'-->
<lb/><p rend="right">18 Hart St.</p>
<lb/><p rend="right">Bloomsbury</p>
<lb/><p rend="right">11<hi rend="sup"><hi rend="underline">th</hi></hi> Feby 1858</p>
<lb/><p>My Dear Sir</p>
<lb/><p>It will give 
<lb/>me great pleasure 
<lb/>to be the bearer of 
<lb/>a present to <persName>Sekeletu</persName>
<lb/>and also to <persName>Shinte</persName>
<lb/>if I come as I 
<lb/>possibly may into 
<lb/>his country. And 
<lb/>to express the kind 

	<pb n="0002" facs="liv_001222_0002"/><!--pb/@n='1v'--> 
<lb/>interest you feel 
<lb/>in his welfare<reg>.</reg>
<lb/>I shall ever esteem 
<lb/>the gospel of Christ 
<lb/>as the greatest 
<lb/>boon I can confer 
<lb/>on the Africans<reg>.</reg>
<lb/>It is the solace of 
<lb/>my own soul 
<lb/>and while devoting 
<lb/>myself to opening 
<lb/>up the country 
<lb/>to the sympathies 

	<pb n="0003" facs="liv_001222_0003"/><!--pb/@n='2r'--> 
<lb/>of Christians it is 
<lb/>only with a view 
<lb/>of extending the 
<lb/>kingdom of our 
<lb/>Lord more extensively<reg>.</reg></p>
<lb/><p>The people make 
<lb/>thick milk and 
<lb/>no cheese but it 
<lb/>tastes like that 
<lb/>article. If they 
<lb/>taste cheese it is 
<lb/>with faces of 
<lb/>infinite disgust.</p>
<lb/><p>I have had no 
<lb/>time to write more 

	<pb n="0004" facs="liv_001222_0004"/><!--pb/@n='2v'--> 
<lb/>for the press and 
<lb/>dislike composition<reg>.</reg></p>
<lb/><p>Thanking you 
<lb/>kindly &amp; heartily 
<lb/>for you letter 
<lb/>and its enclosure </p>
<lb/><p>I am &amp;c</p>
<lb/><p>David Livingstone</p>
<lb/><p><persName>M<hi rend="sup">r</hi> Bathurst Woodman</persName></p>
			
</div>
		</body>
	</text></TEI>