<?xml version="1.0" encoding="UTF-8"?>
<!--Converted from a TEI P4 XML file to the LEAP TEI P5 Schema by James Cummings on 2015-03-02-->
<?xml-model href="http://livingstoneonline.github.io/LEAP-ODD/leap.rng" type="application/xml" schematypens="http://relaxng.org/ns/structure/1.0"?>
<?xml-model href="http://livingstoneonline.github.io/LEAP-ODD/leap.rng" type="application/xml" schematypens="http://purl.oclc.org/dsdl/schematron"?>
<?xml-stylesheet type="text/xsl" href="http://livingstoneonline.github.io/LEAP-XSLT/transcription.xsl"?>
<TEI xmlns="http://www.tei-c.org/ns/1.0" xml:id="liv_001240">
	<teiHeader xmlns:tei="http://www.tei-c.org/ns/1.0">
		<fileDesc>
			<titleStmt>
				<title>Letter to George Back</title>
				<author xml:id="DL">David Livingstone</author>
			</titleStmt>
			<publicationStmt>
				<authority>Livingstone Online</authority>
				<pubPlace>London</pubPlace>
				<date>13-01-09</date>
				<publisher>Wellcome Centre for the History of Medicine, UCL</publisher>
				<idno type="LEAP-ID">liv_001240</idno>
			</publicationStmt>
			<sourceDesc>
				<bibl xml:id="shelfmark">Royal Geographical Society, Back Collection</bibl>
				<bibl xml:id="ccnumber">0720</bibl>
				<bibl xml:id="recipient">George Back</bibl>
				<bibl xml:id="date">17 February 1858</bibl>
				<bibl xml:id="where">18 Hart St., Bloomsbury</bibl>
			</sourceDesc>
		</fileDesc>
		<profileDesc>
			<langUsage>
				<language ident="en">English</language>
			</langUsage>
			<handNotes>
				<handNote xml:id="hand01">Scribe: Unknown</handNote>
			</handNotes>
		</profileDesc>
		<revisionDesc>
			<change>
				<date>13-01-09</date>
				<name xml:id="initials">SM</name>Initial Transcription by Sharon Messenger
			</change>
			<change>
				<date>2009-01-24</date>
				<name xml:id="CL">Christopher Lawrence</name>Proof by Chris Lawrence
			</change>
		</revisionDesc>
	</teiHeader>

	<text xmlns:tei="http://www.tei-c.org/ns/1.0">
		<body xml:lang="en">
			<div>

	<pb n="0001" facs="liv_001240_0001"/><!--pb/@n='1r'-->
<lb/><p rend="right"><placeName>18 Hart St</placeName></p>
<lb/><p rend="right"><placeName>Bloomsbury</placeName></p>
<lb/><p rend="right">17 Feby 1858 </p>
<lb/><p>Dear Sir George </p>
<lb/><p>I am ashamed 
<lb/>of my manners 
<lb/>since my return 
<lb/>to <placeName>England</placeName>, I never 
<lb/>called nor thanked 
<lb/>you for your 
<lb/>kind gift, though 
<lb/>if you will only 

	<pb n="0002" facs="liv_001240_0002"/><!--pb/@n='1v'--> 
<lb/>believe me I shall 
<lb/>tell you how it is 
<lb/>I have appeared so 
<lb/>unnatural. The 
<lb/>first part of my 
<lb/>sojourn in <placeName>England</placeName>
<lb/>was so taken up 
<lb/>with the book - 
<lb/>the second with 
<lb/>the speechifying 
<lb/>and the third 
<lb/>with preparation 

	<pb n="0003" facs="liv_001240_0003"/><!--pb/@n='2r'--> 
<lb/>for leaving that 
<lb/>I must have seemed 
<lb/>to those who do not 
<lb/>make allowances 
<lb/>as decidedly wanting 
<lb/>in common 
<lb/>politeness<reg>.</reg> But 
<lb/>I can honestly say 
<lb/>that I deeply feel 
<lb/>the sympathy you 
<lb/>have manifested 
<lb/>for my work 
<lb/>and I thank you

	<pb n="0004" facs="liv_001240_0004"/><!--pb/@n='2v'-->
<lb/>most heartily for 
<lb/>the friendship which 
<lb/>you and <persName>Lady Back</persName>
<lb/>have shewn. If 
<lb/>ever I return you 
<lb/>will find me 
<lb/>a more natural man 
<lb/>than I have been 
<lb/>this time. If not 
<lb/>may we through 
<lb/>mercy meet each 
<lb/>other in Heaven<reg>.</reg></p>
<lb/><p rend="center">I am gratefully 
<lb/>yours</p>
<lb/><p rend="center"><persName>David Livingstone</persName></p>

	<pb n="0005" facs="liv_001240_0005"/><!--pb/@n='Additional'-->
<ab type="envelope">
<address>
<addrLine><persName>Sir George Back</persName></addrLine>
<addrLine><placeName>109 Gloucester Place</placeName></addrLine>
<addrLine><placeName>Portman Square</placeName><placeName>London</placeName></addrLine>
</address>
</ab>
			
</div>
		</body>
	</text></TEI>