<?xml version="1.0" encoding="UTF-8"?>
<!--Converted from a TEI P4 XML file to the LEAP TEI P5 Schema by James Cummings on 2015-03-02-->
<?xml-model href="http://livingstoneonline.github.io/LEAP-ODD/leap.rng" type="application/xml" schematypens="http://relaxng.org/ns/structure/1.0"?>
<?xml-model href="http://livingstoneonline.github.io/LEAP-ODD/leap.rng" type="application/xml" schematypens="http://purl.oclc.org/dsdl/schematron"?>
<?xml-stylesheet type="text/xsl" href="http://livingstoneonline.github.io/LEAP-XSLT/transcription.xsl"?>
<TEI xmlns="http://www.tei-c.org/ns/1.0" xml:id="liv_001046">
	<teiHeader xmlns:tei="http://www.tei-c.org/ns/1.0">
		<fileDesc>
			<titleStmt>
				<title>Letter to John Murray</title>
				<author xml:id="DL">David Livingstone</author>
			</titleStmt>
			<publicationStmt>
				<authority>Livingstone Online</authority>
				<pubPlace>London</pubPlace>
				<date>2008-11-04</date>
				<publisher>Wellcome Centre for the History of Medicine, UCL</publisher>
				<idno type="LEAP-ID">liv_001046</idno>
			</publicationStmt>
			<sourceDesc>
				<bibl xml:id="shelfmark">John Murray Archive, National Library of Scotland, MS. 42420, ff. 57r-58v</bibl>
				<bibl xml:id="ccnumber">0542</bibl>
				<bibl xml:id="recipient">John Murray</bibl>
				<bibl xml:id="date">20 June 1857</bibl>
				<bibl xml:id="where">Hadley Green, Barnet</bibl>
			</sourceDesc>
		</fileDesc>
		<profileDesc>
			<langUsage>
				<language ident="en">English</language>
			</langUsage>
			<handNotes>
				<handNote xml:id="hand01">Scribe: Unknown</handNote>
			</handNotes>
		</profileDesc>
		<revisionDesc>
			<change>
				<date>2008-11-21</date>
				<name xml:id="SM">Sharon Messenger</name>Initial Transcription by Sharon Messenger
			</change>
			<change>
				<date>2008-11-26</date>
				<name xml:id="CL">Chris Lawrence</name>Proof by Chris Lawrence
			</change>
		</revisionDesc>
	</teiHeader>

	<text xmlns:tei="http://www.tei-c.org/ns/1.0">
		<body xml:lang="en">
			<div>

	<pb n="0001" facs="liv_001046_0001"/><!--pb/@n='57r'-->
<lb/><p rend="right"><placeName>Hadley Green</placeName></p>
<lb/><p rend="right"><placeName>Barnet</placeName> 20<hi rend="sup">th</hi></p>
<lb/><p rend="right">June 1857 </p>
<lb/><p>My Dear <persName>M<hi rend="sup">r</hi> Murray</persName></p>
<lb/><p>I enclose a letter 
<lb/>from Holland. I know 
<lb/>nothing of the writer 
<lb/>except what it contains<reg>.</reg></p>
<lb/><p>As you are 
<lb/>acquainted with 
<lb/><persName>Sir G. Wilkinson</persName>
<lb/>would it be 
<w>con-<lb break="no"/>venient</w>

	<pb n="0002" facs="liv_001046_0002"/><!--pb/@n='57v'--> 
<lb/>to ask him for me 
<lb/>about the crooked 
<lb/>stick or leg - which 
<lb/>is common 
<lb/>through all the 
<lb/>central country of 
<lb/><placeName>Africa</placeName> as an 
<lb/>object of worship<reg>.</reg>
<lb/>When the natives 
<lb/>refer to their 
<lb/>god they all 
<lb/>speak of him 

	<pb n="0003" facs="liv_001046_0003"/><!--pb/@n='58r'--> 
<lb/>with only one leg 
<lb/>or a crooked one. 
<lb/>Now I have the 
<lb/>impression that 
<lb/>Thoth was supposed 
<lb/>to lame or 
<lb/>something of 
<lb/>that sort and 
<lb/>looking into 
<lb/>the Ancient Egyptians 
<lb/>to be certain I 
<lb/>do not find the impression 

	<pb n="0004" facs="liv_001046_0004"/><!--pb/@n='58v'--> 
<lb/>verified. I should 
<lb/>like if convenient 
<lb/>to ask <persName>Sir G. 
<lb/>Wilkinson</persName> about it<reg>.</reg></p>
<lb/><p rend="center">I am &amp;c </p>
<lb/><p rend="center"><persName>D. Livingstone</persName></p>
			
</div>
		</body>
	</text></TEI>