<?xml version="1.0" encoding="UTF-8"?>
<!--Converted from a TEI P4 XML file to the LEAP TEI P5 Schema by James Cummings on 2015-03-02-->
<?xml-model href="http://livingstoneonline.github.io/LEAP-ODD/leap.rng" type="application/xml" schematypens="http://relaxng.org/ns/structure/1.0"?>
<?xml-model href="http://livingstoneonline.github.io/LEAP-ODD/leap.rng" type="application/xml" schematypens="http://purl.oclc.org/dsdl/schematron"?>
<?xml-stylesheet type="text/xsl" href="http://livingstoneonline.github.io/LEAP-XSLT/transcription.xsl"?>
<TEI xmlns="http://www.tei-c.org/ns/1.0" xml:id="liv_001061">
	<teiHeader xmlns:tei="http://www.tei-c.org/ns/1.0">
		<fileDesc>
			<titleStmt>
				<title>Letter to Joseph D. Hooker</title>
				<author xml:id="DL">David Livingstone</author>
			</titleStmt>
			<publicationStmt>
				<authority>Livingstone Online</authority>
				<pubPlace>London</pubPlace>
				<date>2008-04-16</date>
				<publisher>Wellcome Centre for the History of Medicine, UCL</publisher>
				<idno type="LEAP-ID">liv_001061</idno>
			</publicationStmt>
			<sourceDesc>
				<bibl xml:id="shelfmark">Library, Art &amp; Archives, Royal Botanic Gardens, Kew, English Letters, 1865-1900, 92, f. 126</bibl>
				<bibl xml:id="ccnumber">0556</bibl>
				<bibl xml:id="recipient">Joseph D. Hooker</bibl>
				<bibl xml:id="date">11 July 1857</bibl>
				<bibl xml:id="where">Hadley Green, Barnet</bibl>
			</sourceDesc>
		</fileDesc>
		<profileDesc>
			<langUsage>
				<language ident="en">English</language>
			</langUsage>
			<handNotes>
				<handNote xml:id="hand01">Scribe: Unknown</handNote>
			</handNotes>
		</profileDesc>
		<revisionDesc>
			<change>
				<date>2008-04-16</date>
				<name xml:id="SM">Sharon Messenger</name>Initial Transcription by Sharon Messenger
			</change>
			<change>
				<date>2008-05-12</date>
				<name xml:id="CL">Chris Lawrence</name>Proofed by Chris
			</change>
			<change>
				<date>2008-06-28</date>
				<name xml:id="JB">Janet Browne</name>Proofed by Janet Browne
			</change>
		</revisionDesc>
	</teiHeader>

	<text xmlns:tei="http://www.tei-c.org/ns/1.0">
		<body xml:lang="en">
			<div>

	<pb n="0001" facs="liv_001061_0001"/><!--pb/@n='126-1'-->
<lb/><p rend="right"><placeName>Hadley Green</placeName>
<lb/><placeName>Barnet</placeName> 11<hi rend="underline"><hi rend="sup">th</hi></hi> July 
<lb/>1857 </p>
<lb/><p>My Dear <persName>D<hi rend="underline"><hi rend="sup">r</hi></hi>
Hooker</persName></p>
<lb/><p>I beg to 
<lb/>return you my 
<lb/>hearty thanks for 
<lb/>your note and 
<lb/>the trouble you 
<lb/>have been at 
<lb/>in deciphering 

	<pb n="0002" facs="liv_001061_0002"/><!--pb/@n='126a-2'--> 
<lb/>the mere fragments 
<lb/>submitted to you<reg>.</reg>
<lb/>Your willingness 
<lb/>to examine anything 
<lb/>botanical will 
<lb/>certainly make 
<lb/>me more anxious 
<lb/>to secure something 
<lb/>for you in <placeName>Africa</placeName>
<lb/>more worthy of 
<lb/>your time<reg>.</reg>

	<pb n="0003" facs="liv_001061_0003"/><!--pb/@n='126a-3'--> 
<lb/>We get meal of 
<lb/>a kind of millet 
<lb/>in <placeName>Londa</placeName> which 
<lb/>I think is the 
<lb/>lesser bird seed<reg>.</reg>
<lb/>It grows on a 
<lb/>high stalk in this 
<lb/>way. <choice><reg>T</reg><orig>t</orig></choice>he seeds are 
<lb/>small &amp; a <unclear cert="low">slight tinge</unclear>
<lb/>of slate colour 
<lb/>on the outer scale<reg>.</reg>
<lb/>What is the botanical 
<lb/>name for it<reg>?</reg> It is 
<lb/>so extensively  cultiv-<supplied reason="missing">ated</supplied>

	<pb n="0004" facs="liv_001061_0004"/><!--pb/@n='126-4'--> 
<lb/>in <placeName>Africa</placeName> I think 
<lb/>you must know<reg>.</reg>
The Holcus Sorghum 
<lb/>is the most general 
<lb/>article in use. We 
<lb/>speak of it as Caffre 
<lb/>corn<reg>.</reg> Is that 
<lb/>correct<choice><reg>?</reg><orig>.</orig></choice></p>
<lb/><p>There are two kinds 
<lb/>of Manioc. One 
<lb/>sweet the other 
<lb/>bitter &amp; poisonous 
<lb/>they are both 
<lb/>mentioned in a 

	<pb n="0005" facs="liv_001061_0005"/><!--pb/@n='127-5'--> 
<lb/>work by <persName>Daniel</persName>
<lb/>on the West Coast 
<lb/>but I have not that 
<lb/>work nearer at 
<lb/>hand than <placeName>Linyanti</placeName>
<lb/>so I beg to trouble 
<lb/>you to tell me 
<lb/>the proper names 
<lb/>of the two species 
<lb/>of Manioc, the 
<lb/>Jatropha Manihot 
<lb/>and - </p>
<lb/><p>As I am boring 

	<pb n="0006" facs="liv_001061_0006"/><!--pb/@n='127a-6'--> 
<lb/>with questions<reg>.</reg>
<lb/>Have you the 
<lb/>proper names 
<lb/>for the melons 
<lb/>which form 
<lb/>such an important 
<lb/>article of support 
<lb/>on the <placeName>Kalahari 
<lb/>Desert</placeName> and of 
<lb/>one there which 
<lb/>has the flavour 
<lb/>of an apple<reg>.</reg>

	<pb n="0007" facs="liv_001061_0007"/><!--pb/@n='127a-7'--> 
<lb/>What is the name 
<lb/>of the Palm which 
<lb/>when the leaves 
<lb/>are broken off 
<lb/>gives the idea 
<lb/>of it being triangular <figure><graphic style="float:right" url="LETT607-1.gif"/><figDesc/></figure>
<lb/>The ends of the 
<lb/>leaf stalks stick 
<lb/>on and give it 
<lb/>the appearance 
<lb/>referred to. 

	<pb n="0008" facs="liv_001061_0008"/><!--pb/@n='127-8'--> 
<lb/>A fruit mentioned at the 
<lb/>end of <persName>Bowdich<reg>'</reg>s</persName>
<lb/>work with <unclear>Meuse</unclear>
<lb/>by the name Masuka 
<lb/>was found by 
<lb/>me in very large 
<lb/>quantities. It is 
<lb/>good. As it seems 
<lb/>know can I have 
<lb/>the proper name<reg>.</reg>
<lb/>Now please just 
<lb/>attend or not to these 
<lb/>questions as it is con
<lb/>venient - though I send 
<lb/>them it is not because 
<lb/><addSpan spanTo="#p127-5" place="marginleft"><!--addSpan/@place='left margin of fol. 127-5'--></addSpan>
I think I have any claim on your time 
<lb/>or attention - I am only putting you in the 
<lb/>way of doing an act of charity to yours &amp;c 
<lb/><persName>David Livingstone</persName></p><anchor xml:id="p127-5"/>
			
</div>
		</body>
	</text></TEI>