<?xml version="1.0" encoding="UTF-8"?>
<!--Converted from a TEI P4 XML file to the LEAP TEI P5 Schema by James Cummings on 2015-03-02-->
<?xml-model href="http://livingstoneonline.github.io/LEAP-ODD/leap.rng" type="application/xml" schematypens="http://relaxng.org/ns/structure/1.0"?>
<?xml-model href="http://livingstoneonline.github.io/LEAP-ODD/leap.rng" type="application/xml" schematypens="http://purl.oclc.org/dsdl/schematron"?>
<?xml-stylesheet type="text/xsl" href="http://livingstoneonline.github.io/LEAP-XSLT/transcription.xsl"?>
<TEI xmlns="http://www.tei-c.org/ns/1.0" xml:id="liv_001025">
	<teiHeader xmlns:tei="http://www.tei-c.org/ns/1.0">
		<fileDesc>
			<titleStmt>
				<title>Letter to John Murray</title>
				<author xml:id="DL">David Livingstone</author>
			</titleStmt>
			<publicationStmt>
				<authority>Livingstone Online</authority>
				<pubPlace>London</pubPlace>
				<date>2008-12-03</date>
				<publisher>Wellcome Centre for the History of Medicine, UCL</publisher>
				<idno type="LEAP-ID">liv_001025</idno>
			</publicationStmt>
			<sourceDesc>
				<bibl xml:id="shelfmark">John Murray Archive, National Library of Scotland, MS. 42420, ff. 29r-32v</bibl>
				<bibl xml:id="ccnumber">0524</bibl>
				<bibl xml:id="recipient">John Murray</bibl>
				<bibl xml:id="date">22 May [57]</bibl>
				<bibl xml:id="where">57 Sloane Street</bibl>
			</sourceDesc>
		</fileDesc>
		<profileDesc>
			<langUsage>
				<language ident="en">English</language>
			</langUsage>
			<handNotes>
				<handNote xml:id="hand01">Scribe: Unknown</handNote>
			</handNotes>
		</profileDesc>
		<revisionDesc>
			<change>
				<date>2008-12-03</date>
				<name xml:id="CO">Caroline Overy</name>Initial Transcription by Caroline Overy
			</change>
			<change>
				<date>2008-08-14</date>
				<name xml:id="CL">Chris Lawrence</name>Proof by Chris Lawrence
			</change>
			<change>
				<date>2008-12-01</date>
				<name xml:id="JB">Janet Browne</name>Proof by Janet
			</change>
		</revisionDesc>
	</teiHeader>

	<text xmlns:tei="http://www.tei-c.org/ns/1.0">
		<body xml:lang="en">
			<div>

	<pb n="0001" facs="liv_001025_0001"/><!--pb/@n='29r'-->
<lb/><p rend="right"><placeName>57 Sloane St</placeName></p>
<lb/><p rend="right">22 May</p>
<lb/><p>My Dear <persName>M<hi rend="sup"><hi rend="underline">r</hi></hi> Murray</persName></p>
<lb/><p><persName>M<hi rend="sup"><hi rend="underline">r</hi></hi> Clowes</persName> has 
<lb/>just sent me proofs 
<lb/>of the plates or 
<lb/>drawings. <choice><reg>T</reg><orig>t</orig></choice>he 
<lb/>lion <choice><sic>encountre</sic><corr>encounter</corr></choice>
<lb/>is absolutely 
<lb/>abominable<reg>.</reg>
<lb/>I entreat you 
<lb/>by all that<reg>'</reg>s good 

	<pb n="0002" facs="liv_001025_0002"/><!--pb/@n='29v'--> 
<lb/>to suppress it<reg>.</reg>
<lb/>Every one who 
<lb/>knows what 
<lb/>a lion is will 
<lb/>die with laughing 
<lb/>at it. It<reg>'</reg>s the 
<lb/>greatest bungle 
<lb/><persName>Wolf</persName> ever made<reg>.</reg>
<lb/>I told him about 
<lb/>and I told him 
<lb/>the proportions 
<lb/>were much too 
<lb/>great on the side 

	<pb n="0003" facs="liv_001025_0003"/><!--pb/@n='30r'--> 
<lb/>of the lion. It<reg>'</reg>s 
<lb/>like a dray horse 
<lb/>over me. It really 
<lb/>must hurt the 
<lb/>book to make 
<lb/>a lion look larger 
<lb/>than a hippopotamus 
<lb/>I am quite distressed 
<lb/>about it. <addSpan spanTo="#p.30v-01" place="marginleft"><!--addSpan/@place='left margin of fol. 30r'--></addSpan>or at least make the lion smaller<anchor xml:id="p.30v-01"/></p>
<lb/><p>Would the style 
<lb/>in which <persName>Andersson's</persName>
<lb/>plates are got up 
<lb/>not superior to 
<lb/>this? Of course 

	<pb n="0004" facs="liv_001025_0004"/><!--pb/@n='30v'--> 
<lb/>I am no judge of 
<lb/>this point but 
<lb/>of the lion I am 
<lb/>I think.</p>
<lb/><p>Is it impossible 
<lb/>to put on a rag 
<lb/>round the <choice><sic>lions</sic><corr>loins</corr></choice>
<lb/>of these fellows? 
<lb/>All wear something 
<lb/>except the <term type="tribe">Batoka</term><reg>.</reg>
<lb/>I refer to the 
<lb/>elephant hunt 
<lb/>to make the fellows 
<lb/>all stark naked 

	<pb n="0005" facs="liv_001025_0005"/><!--pb/@n='31r'--> 
<lb/>is worse than 
<lb/>talking about Urine 
<lb/>and yet your 
<lb/>critic turned up 
<lb/>the white of his 
<lb/>eyes at that<reg>.</reg></p>
<lb/><p>The reception 
<lb/>at Shinte's which 
<lb/>came to day is 
<lb/>very poor<reg>.</reg>
<lb/>I have made 
<lb/>some notes 
<lb/>for the artist<reg>.</reg>

	<pb n="0006" facs="liv_001025_0006"/><!--pb/@n='31v'--> 
<lb/>My men ought 
<lb/>to be close to me 
<lb/>two ficus or 
<lb/><choice><sic>banian</sic><corr>banyan</corr></choice> trees 
<lb/>in the place and 
<lb/>the roofs of the 
<lb/>huts seen over 
<lb/>the walls on one 
<lb/>side as I have 
<lb/>indicated. <choice><reg>T</reg><orig>t</orig></choice>he 
<lb/>musical instrument 
<lb/>when seen 
<lb/>side ways is 

	<pb n="0007" facs="liv_001025_0007"/><!--pb/@n='32r'--> 
<lb/>thus <figure><graphic style="float:right" url="LETT571-1.gif"/><figDesc/></figure>
<lb/>The keys are beaten 
<lb/>with drumsticks. 
<lb/>The drum slung on 
<lb/>the neck &amp; beaten 
<lb/>with the hands.</p>
<lb/><p>Have you 
<lb/>any of the permanent 
<lb/>copy set up. I 
<lb/>would like to 
<lb/>see whether your 

	<pb n="0008" facs="liv_001025_0008"/><!--pb/@n='32v'--> 
<lb/>in the corrections 
<lb/>introduced by your 
<lb/>corrector<reg>,</reg>
<lb/>he is 
<lb/>a man who has 
<lb/>sympathy in 
<lb/>such a book<reg>.</reg></p>
<lb/><p>I don<reg>'</reg>t send back 
<lb/>the plates to <persName>M<hi rend="sup">r</hi>
<lb/>Clowes</persName> but to 
<lb/>you begging mercy 
<lb/>against being caricatured<reg>.</reg></p>
<lb/><p>D. Livingstone</p><addSpan spanTo="#p.31r-01" place="marginleft"><!--addSpan/@place='left margin of fol. 31r'--></addSpan>
<lb/><p>Pray don<reg>'</reg>t think me unreasonable 
<lb/>you may ask <persName>Vardon</persName> if you doubt</p><anchor xml:id="p.31r-01"/>
			
</div>
		</body>
	</text></TEI>