<?xml version="1.0" encoding="UTF-8"?>
<!--Converted from a TEI P4 XML file to the LEAP TEI P5 Schema by James Cummings on 2015-03-02-->
<?xml-model href="http://livingstoneonline.github.io/LEAP-ODD/leap.rng" type="application/xml" schematypens="http://relaxng.org/ns/structure/1.0"?>
<?xml-model href="http://livingstoneonline.github.io/LEAP-ODD/leap.rng" type="application/xml" schematypens="http://purl.oclc.org/dsdl/schematron"?>
<?xml-stylesheet type="text/xsl" href="http://livingstoneonline.github.io/LEAP-XSLT/transcription.xsl"?>
<TEI xmlns="http://www.tei-c.org/ns/1.0" xml:id="liv_001057">
	<teiHeader xmlns:tei="http://www.tei-c.org/ns/1.0">
		<fileDesc>
			<titleStmt>
				<title>Letter to H. Norton Shaw</title>
				<author xml:id="DL">David Livingstone</author>
			</titleStmt>
			<publicationStmt>
				<authority>Livingstone Online</authority>
				<pubPlace>London</pubPlace>
				<date>2009</date>
				<publisher>Wellcome Centre for the History of Medicine, UCL</publisher>
				<idno type="LEAP-ID">liv_001057</idno>
			</publicationStmt>
			<sourceDesc>
				<bibl xml:id="shelfmark">Royal Geographical Society, Archives, DL 2/15/9</bibl>
				<bibl xml:id="ccnumber">0552</bibl>
				<bibl xml:id="recipient">H. Norton Shaw</bibl>
				<bibl xml:id="date">8 July 1857</bibl>
				<bibl xml:id="where">Hadley Green</bibl>
			</sourceDesc>
		</fileDesc>
		<profileDesc>
			<langUsage>
				<language ident="en">English</language>
			</langUsage>
			<handNotes>
				<handNote xml:id="hand01">Scribe: Unknown</handNote>
			</handNotes>
		</profileDesc>
		<revisionDesc>
			<change>
				<date>13-01-09</date>
				<name xml:id="initials">SM</name>Initial Transcription by Sharon Messenger
			</change>
			<change>
				<date>2009-01-23</date>
				<name xml:id="CL">Christopher Lawrence</name>Proof by Chris Lawrence
			</change>
		</revisionDesc>
	</teiHeader>

	<text xmlns:tei="http://www.tei-c.org/ns/1.0">
		<body xml:lang="en">
			<div>

	<pb n="0001" facs="liv_001057_0001"/><!--pb/@n='1r'-->
<lb/><p rend="right"><placeName>Hadley Green</placeName></p>
<lb/><p rend="right"> 8<hi rend="sup"><hi rend="underline">th</hi></hi> July 1858 </p>
<lb/><p>My Dear <persName>Shaw</persName></p>
<lb/><p>I got a notice 
<lb/>from the <persName>Lord Mayor</persName>
<lb/>yesterday and have 
<lb/>written an acknow
<lb/>ledgement to the 
<lb/>subscribers - committee 
<lb/>Honorary secretaries 
<lb/>and to his Lordship 
<lb/>for their kindness 
<lb/>which I understand 
<lb/>will appear in the 

	<pb n="0002" facs="liv_001057_0002"/><!--pb/@n='1v'--> 
<lb/>"Times"<reg>.</reg> I feel deeply 
<lb/>grateful also to you 
<lb/>and the Geographers 
<lb/>who contributed 
<lb/>so liberally and 
<lb/>spent so much 
<lb/>time on it, but 
<lb/>I thought that I could 
<lb/>not specify you 
<lb/>without naming 
<lb/>"Wire" and others 
<lb/>for whom I entertain 
<lb/>no such feeling<reg>.</reg>
<lb/>It is only a pity 

	<pb n="0003" facs="liv_001057_0003"/><!--pb/@n='2r'--> 
<lb/>that it was not 
<lb/>an affair of the 
<lb/>Geographers alone<reg>.</reg></p>
<lb/><p>I don<reg>'</reg>t yet see 
<lb/>my way clear to 
<lb/>going down to 
<lb/><persName>Admiral Smythe's</persName><reg>.</reg>
<lb/>I am as busy as 
<lb/>I can be writing 
<lb/>new matter yet 
<lb/>but am near 
<lb/><placeName>Tete</placeName> so will soon 
<lb/>get my head above 
<lb/>water and will 

	<pb n="0004" facs="liv_001057_0004"/><!--pb/@n='2v'--> 
<lb/>let you know. I would 
<lb/>like to see the <persName>Admiral</persName>
<lb/>much. I must 
<lb/>bring the little girl soon 
<lb/>&amp; then I shall 
<lb/>bring the grammar 
<lb/>to get <persName><unclear cert="low">Norris's</unclear></persName> opinion<reg>.</reg>
<lb/>I must step up to 
<lb/>hear about <persName>Burton</persName><reg>.</reg>
<lb/>I have a letter from 
<lb/>a lady for him<reg>.</reg>
<lb/><choice><reg>A</reg><orig>a</orig></choice>re you writing 
<lb/>him<choice><reg>?</reg><orig>.</orig></choice> I am not 
<lb/>well, giddiness &amp; 
<w>head-<lb break="no"/>ache</w> &amp;c Yours Ever </p>
<lb/><p rend="center"><persName>D. Livingstone</persName></p>
			
</div>
		</body>
	</text></TEI>