<?xml version="1.0" encoding="UTF-8"?>
<!--Converted from a TEI P4 XML file to the LEAP TEI P5 Schema by James Cummings on 2015-03-02-->
<?xml-model href="http://livingstoneonline.github.io/LEAP-ODD/leap.rng" type="application/xml" schematypens="http://relaxng.org/ns/structure/1.0"?>
<?xml-model href="http://livingstoneonline.github.io/LEAP-ODD/leap.rng" type="application/xml" schematypens="http://purl.oclc.org/dsdl/schematron"?>
<?xml-stylesheet type="text/xsl" href="http://livingstoneonline.github.io/LEAP-XSLT/transcription.xsl"?>
<TEI xmlns="http://www.tei-c.org/ns/1.0" xml:id="liv_002019">
	<teiHeader xmlns:tei="http://www.tei-c.org/ns/1.0">
		<fileDesc>
			<titleStmt>
				<title>Letter to George E. Seward</title>
				<author xml:id="DL">David Livingstone</author>
			</titleStmt>
			<publicationStmt>
				<authority>Livingstone Online</authority>
				<pubPlace>London</pubPlace>
				<date>2006-12-07</date>
				<publisher>Wellcome Centre for the History of Medicine, UCL</publisher>
				<idno type="LEAP-ID">liv_002019</idno>
			</publicationStmt>
			<sourceDesc>
				<bibl xml:id="shelfmark">National Library of Scotland, MS.20312, ff. 143-146</bibl>
				<bibl xml:id="ccnumber">1443.7</bibl>
				<bibl xml:id="recipient">George E. Seward</bibl>
				<bibl xml:id="date">1, 12, 23 June 64</bibl>
				<bibl xml:id="where">At Sea</bibl>
			</sourceDesc>
		</fileDesc>
		<profileDesc>
			<langUsage>
				<language ident="en">English</language>
			</langUsage>
		</profileDesc>
		<revisionDesc>
			<change>
				<date>2007-02-06</date>
				<name xml:id="CO">Caroline Overy</name>transcribed
			</change>
			<change>
				<date>2007-02-15</date>
				<name xml:id="CL">Christopher Lawrence</name>Proof by Chris Lawrence
			</change>
		</revisionDesc>
	</teiHeader>

	<text xmlns:tei="http://www.tei-c.org/ns/1.0">
		<body xml:lang="en">
			<div>

	<pb n="0001" facs="liv_002019_0001"/><!--pb/@n='1'-->
<!--mike the foliation of this is a nightmare so have left as 1-12 for now as number see to duplicate...-->
<lb/><p rend="right">At Sea 1<hi rend="sup"><hi rend="underline">st</hi></hi> June 1864</p>
<lb/><p>My Dear <persName>D<hi rend="sup">r</hi> Seward</persName></p>
<lb/><p>On leaving you 
<lb/>I felt a little ashamed 
<lb/>in sending three cloths which 
<lb/>had been on view at <persName>M<hi rend="sup"><hi rend="underline">r</hi></hi>
<lb/>Wittes</persName> to Memsahib for 
<lb/>after getting aboard I saw 
<lb/>that I should appear 
<lb/>as if I had thrown them 
<lb/>at her. I trust however 
<lb/>that you made allowance 
<lb/>for my heathenism.</p>
<lb/><p>One of Bullhead's men 
<lb/>had what I consider to be 
<lb/><term type="ailment">leprosy</term> in an incipient 
<lb/>state, but we were bothered 
<lb/>by the engines having been 
<lb/>left in not a very 
<lb/>creditable state. I saw after 

	<pb n="0002" facs="liv_002019_0002"/><!--pb/@n='2'-->
<lb/>leaving <placeName>Mosambique</placeName> that 
<lb/>all hands were required to 
<lb/>start them. <choice><reg>T</reg><orig>t</orig></choice>he whites pulling 
<lb/>at the starting rod like mad 
<lb/>supplemented by the blacks 
<lb/>with a rope to the same as 
<lb/>if they had hold of an elephant 
<lb/>by the tail. We could not 
<lb/>go astern &amp; nearly ran into 
<lb/><persName>Captain Bishop<reg>'</reg>s</persName> ship in 
<lb/>consequence. Away however 
<lb/>we went with 100 mile 
<lb/>current and a fine breeze. 
<lb/>One man down with a 
<lb/>severe bilious attack gave 
<lb/>me a regular turn at the 
<lb/>wheel. <choice><reg>V</reg><orig>v</orig></choice>ery nice when 
<lb/>you have nothing to do. <choice><reg>B</reg><orig>b</orig></choice>ut 
<lb/>one becomes desperately 
<lb/>sleepy when it comes 
<lb/>every other four hours. 
<lb/>When we crossed the line 

	<pb n="0003" facs="liv_002019_0003"/><!--pb/@n='3'-->
<lb/>we got into a calm which 
<lb/>lasted 21 days. We steamed 
<lb/>out from the land, then 
<lb/>our only stoker who 
<lb/>managed the engines fell 
<lb/>sick of a bilious attack. 
<lb/>I mention this because 
<lb/>I have always experienced 
<lb/>great difficulty in getting 
<lb/>rid of the bile. All three 
<lb/>men had it: shovelfuls 
<lb/>of purgatives do not 
<lb/>act or if they do the 
<lb/>bile remains, and is 
<lb/>only got rid off gradually. 
<lb/>They all complained of 
<lb/>great pain across the 
<lb/>region of the navel. 
<lb/><choice><reg>B</reg><orig>b</orig></choice>ut there was no tenderness 
<lb/>on pressure. <choice><reg>T</reg><orig>t</orig></choice>ongue with 
<lb/>a very dark fur on it 
<lb/>and the other symptoms 

	<pb n="0004" facs="liv_002019_0004"/><!--pb/@n='4'-->
<lb/>of biliousness but no 
<lb/>pain across the forehead. 
<lb/>When bile came away 
<lb/>either by vomiting or 
<lb/>otherwise, after a week's 
<lb/>physicing with little or 
<lb/>no effect, they recovered 
<lb/>with scarcely any loss of 
<lb/>strength. Have you found 
<lb/>any remedy effectual in 
<lb/>promoting a discharge of 
<lb/>bile. Asclepias gigantea 
<lb/><add place="above">or <unclear cert="low">gigantisa</unclear></add> is used in some parts 
<lb/>of India for this, but I 
<lb/>never tried it. A scruple of 
<lb/>calomel in one case had 
<lb/>no effect nor did it salivate</p>
<lb/><p>I have been looking up 
<lb/>for the Dadileira in 
<lb/>Lindley, and think from 
<lb/>its resemblance to the 
<lb/>Sesamum which you 

	<pb n="0005" facs="liv_002019_0005"/><!--pb/@n='5'-->
<lb/>know at Zanzibar as 
<lb/>yielding oil that it must 
<lb/>be the <hi rend="underline">Pedalium Murex</hi>
<lb/>of which he says that the 
<lb/>fresh leaf when agitated 
<lb/>in water renders it 
<lb/>mucilaginous, and is 
<lb/>prescribed by the Indian 
<lb/>doctors in <term type="ailment">dysuria</term> &amp; 
<lb/><term type="ailment">gonorrhoea</term> - the Dadileira 
<lb/>was shown to <persName>M<hi rend="sup">r</hi> Soares</persName>
<lb/>by an old native woman 
<lb/>&amp; must have more 
<lb/>than mucilage to produce purging so quickly in children.</p>
<lb/><p>I wish you would 
<lb/>try a wash of <term type="remedy">corrosive 
<lb/>sublimate</term> in <term type="ailment">the itch</term>
<lb/>often seen in Africans, 
<lb/>the genuine scotch 

	<pb n="0006" facs="liv_002019_0006"/><!--pb/@n='6'-->
<lb/>"fiddle" is cured by one 
<lb/>application in London 
<lb/>when the Physician 
<lb/>gets it himself in 
<lb/>Dispensary practice - 
<lb/>it is made pretty strong 
<lb/>say 10 grams to the 
<lb/>ounce of water - or spirit. 
<lb/>I have found it very 
<lb/>efficaceous. now 
<lb/>for this tell me 
<lb/>your application to 
<lb/>those shocking indolent 
<lb/><term type="ailment">ulcers</term> - was it <term type="remedy">bark 
<lb/>mixed with powdered 
<lb/>opium or the bark 
<lb/>to the sore &amp; opium 
<lb/>internally?</term></p>

	<pb n="0007" facs="liv_002019_0007"/><!--pb/@n='7'-->
<lb/><p>We found this steamer 
<lb/>burns more coal than 
<lb/>was stated. <choice><reg>A</reg><orig>a</orig></choice>nd I am 
<lb/>glad that she was not 
<lb/>sold at <placeName>Zanzibar</placeName>
<lb/>for the deception 
<lb/>would have been laid 
<lb/>at my door though I 
<lb/>did not actually know 
<lb/>she burned a ton in 
<lb/>eight hours giving a 
<lb/>speed of about half 
<lb/>what was stated on a 
<lb/>sea smooth as glass 
<lb/>I shall explain this to 
<lb/><persName>Sir Bartle Frere</persName> so 
<lb/>that you will appear 
<lb/>misled only in the 
<lb/>same way you were 

	<pb n="0008" facs="liv_002019_0008"/><!--pb/@n='8'-->
<lb/>in writing. I would not 
<lb/>tell a deliberate lie for 
<lb/>twice her value.</p>
<lb/><p>12 June 40 miles off <placeName>Bombay</placeName>
<lb/>add three <add place="below">^</add><add place="above">and a half</add> days calm on this coast 
<lb/>to the 21 and you have a pretty 
<lb/>trial of patience. We had a dose 
<lb/>of rough weather too and saw that 
<lb/>the <placeName>Bay of Bengal</placeName> can exhibit 
<lb/>topping seas but the little vessel 
<lb/>is a fine sea boat &amp; no mistake<reg>.</reg>
<lb/>Tell <persName>Captain Frazer</persName> with <choice><abbr>compts</abbr><expan>compliments</expan></choice> that 
<lb/>his canvass did good service 
<lb/>and <persName>Kinloch</persName> not to give him the 
<lb/>dollar the captain bet for we 
<lb/>were 19 1/2<!--code for half--> days <hi rend="underline">going</hi> - the captain 
<lb/>will surely not count the days 
<lb/>24 1/2<!--code for half--> we were standing still!! but 
<lb/>we had better not make the 
<lb/>canny Scot a Jesuit. <choice><reg>N</reg><orig>n</orig></choice>ever 
<lb/><choice><sic>say</sic><corr>saw</corr></choice> a ship till the day before 
<lb/>yesterday. When we saw <hi rend="underline">3</hi> from 
<lb/><placeName>Bombay</placeName> &amp; one going to it. <choice><reg>T</reg><orig>t</orig></choice>he 
<lb/>Zambesians turned out good 
<lb/>sailors. Two can <choice><sic>stear</sic><corr>steer</corr></choice> &amp; three 
<lb/>stoke - Kind <choice><abbr>complts</abbr><expan>compliments</expan></choice> to <persName>M<hi rend="sup"><hi rend="underline">rs</hi></hi><choice><abbr>S.</abbr><expan>Seward</expan></choice></persName>
<lb/>&amp; <persName>Winifred</persName></p>
<lb/><p>David Livingstone</p>

	<pb n="0009" facs="liv_002019_0009"/><!--pb/@n='9'-->
<lb/><p rend="right">23 June 1864</p>
<lb/><p>P.S. We were so 
<lb/>little as not to be 
<lb/>seen when we 
<lb/>anchored alongside 
<lb/>the forest of ships 
<lb/>here for 2 days. 
<lb/>Then an invitation 
<lb/>from <persName>Lady</persName> &amp; <persName>Sir 
<lb/>Bartle Frere</persName> took 
<lb/>me up to <placeName>Dapoore</placeName>
<lb/>till yesterday 
<lb/>morning. Every 
<lb/>body is up there 
<lb/>they put the vessel 
<lb/>at <placeName>Masagon</placeName> as 

	<pb n="0010" facs="liv_002019_0010"/><!--pb/@n='10'-->
<lb/><persName>M<hi rend="sup"><hi rend="underline">rs</hi></hi><choice><abbr>S.</abbr><expan>Seward</expan></choice></persName> conjectured 
<lb/>a great many want 
<lb/>to buy her but though 
<lb/>I came expressly 
<lb/>to sell her the idea 
<lb/>of giving up Africa 
<lb/>was too much for 
<lb/>me I <choice><sic>could'nt</sic><corr>couldn't </corr></choice> do 
<lb/>it and resolved 
<lb/>rather to run home 
<lb/>and take counsel 
<lb/>with friends about 
<lb/>my future. I go 
<lb/>tomorrow morning 
<lb/>so have not time 
<lb/>to do more than 

	<pb n="0011" facs="liv_002019_0011"/><!--pb/@n='11'-->
<lb/>thank you and 
<lb/><persName>M<hi rend="sup"><hi rend="underline">rs</hi></hi><choice><abbr>S.</abbr><expan>Seward</expan></choice></persName> which I 
<lb/>do most cordially 
<lb/>for your kind 
<lb/>letters. The <persName>Sultan's</persName>
<lb/>letter was safely 
<lb/>delivered which 
<lb/>you may tell him 
<lb/>at your convenience 
<lb/>I saw <persName>M<hi rend="sup"><hi rend="underline">r</hi></hi> Oliver</persName>
<lb/>in his court. 
<lb/><persName>M<hi rend="sup"><hi rend="underline">r</hi></hi> West</persName> had 
<lb/>gone home. I 
<lb/>got plenty of 
<lb/>invitations after 

	<pb n="0012" facs="liv_002019_0012"/><!--pb/@n='12'-->
<lb/>I was known, &amp; 
<lb/>met many up 
<lb/>at <placeName>Dapoore</placeName> who 
<lb/>knew me. Hoping 
<lb/>yet to see you 
<lb/>and wishing 
<lb/>blessings on you 
<lb/>&amp; your household</p>
<lb/><p>I am &amp;c</p>
<lb/><p>David Livingstone</p>
			
</div>
		</body>
	</text></TEI>