<?xml version="1.0" encoding="UTF-8"?>
<!--Converted from a TEI P4 XML file to the LEAP TEI P5 Schema by James Cummings on 2015-03-02-->
<?xml-model href="http://livingstoneonline.github.io/LEAP-ODD/leap.rng" type="application/xml" schematypens="http://relaxng.org/ns/structure/1.0"?>
<?xml-model href="http://livingstoneonline.github.io/LEAP-ODD/leap.rng" type="application/xml" schematypens="http://purl.oclc.org/dsdl/schematron"?>
<?xml-stylesheet type="text/xsl" href="http://livingstoneonline.github.io/LEAP-XSLT/transcription.xsl"?>
<TEI xmlns="http://www.tei-c.org/ns/1.0" xml:id="liv_001285">
	<teiHeader xmlns:tei="http://www.tei-c.org/ns/1.0">
		<fileDesc>
			<titleStmt>
				<title>Letter to John Washington</title>
				<author xml:id="DL">David Livingstone</author>
			</titleStmt>
			<publicationStmt>
				<authority>Livingstone Online</authority>
				<pubPlace>London</pubPlace>
				<date/>
				<publisher>Wellcome Centre for the History of Medicine, UCL</publisher>
				<idno type="LEAP-ID">liv_001285</idno>
			</publicationStmt>
			<sourceDesc>
				<bibl xml:id="shelfmark">The National Museum of the Royal Navy, Portsmouth, UK, MSS 120</bibl>
				<bibl xml:id="ccnumber">0760</bibl>
				<bibl xml:id="recipient">John Washington</bibl>
				<bibl xml:id="date">9 March 1858</bibl>
				<bibl xml:id="where">Birkenhead</bibl>
			</sourceDesc>
		</fileDesc>
		<profileDesc>
			<langUsage>
				<language ident="en">English</language>
			</langUsage>
			<handNotes>
				<handNote xml:id="hand01">Scribe: Unknown</handNote>
			</handNotes>
		</profileDesc>
		<revisionDesc>
			<change>
				<date/>
				<name xml:id="CO">Caroline Overy</name>Initial Transcription by Caroline Overy 
			</change>
			<change>
				<date>2009-08-18</date>
				<name xml:id="CL">Chris Lawrence</name>Proofed by Chris
			</change>
		</revisionDesc>
	</teiHeader>

	<text xmlns:tei="http://www.tei-c.org/ns/1.0">
		<body xml:lang="en">
			<div>

	<pb n="0001" facs="liv_001285_0001"/><!--pb/@n='1r'-->
<lb/><p rend="right"><placeName>Birkenhead</placeName> 9<hi rend="sup"><hi rend="underline">th</hi></hi> March</p>
<lb/><p rend="right">1858</p>
<lb/><p>Dear <persName>Captain Washington</persName></p>
<lb/><p><persName>D<hi rend="sup"><hi rend="underline">r</hi></hi> Kirk</persName> has 
<lb/>applied to me for his 
<lb/>expenses from London 
<lb/>to this place and also 
<lb/>for those incurred during 
<lb/>our detention here<reg>.</reg>

	<pb n="0002" facs="liv_001285_0002"/><!--pb/@n='1v'--> 
<lb/>I don<reg>'</reg>t know what answer 
<lb/>to give him as I did 
<lb/>not know whether they 
<lb/>would be allowed or 
<lb/>not. I told him that 
<lb/>I had seen the different 
<lb/>items of expenditure 
<lb/>and contingencies 
<lb/>of this kind did 
<lb/>not appear among 

	<pb n="0003" facs="liv_001285_0003"/><!--pb/@n='2r'--> 
<lb/>them but I would submit 
<lb/>the matter to you. I did 
<lb/>not think of putting down 
<lb/>my own travelling expenses 
<lb/>as my pay is running 
<lb/>on but if <persName>D<hi rend="sup"><hi rend="underline">r</hi></hi> Kirk's</persName>
<lb/>are to be paid all 
<lb/>will of course apply<reg>.</reg>
<lb/>Will you kindly tell 
<lb/>me by a letter per 
<lb/>mail to the <placeName>Cape</placeName> how 
<lb/>I ought to act in this<reg>.</reg>

	<pb n="0004" facs="liv_001285_0004"/><!--pb/@n='2v'--> 
<lb/>I am sorry that the 
<lb/>weather continues so 
<lb/>unpropitious for 
<lb/>us. We are all quite 
<lb/>ready and quite 
<lb/>anxious to start 
<lb/>but the wind forbids<reg>.</reg>
<lb/>I have got the letter 
<lb/>for <persName>Skene</persName> - thanks<reg>.</reg></p>
<lb/><p rend="center">I am &amp;</p>
<lb/><p rend="center">David Livingstone</p>
			
</div>
		</body>
	</text></TEI>