<?xml version="1.0" encoding="UTF-8"?>
<!--Converted from a TEI P4 XML file to the LEAP TEI P5 Schema by James Cummings on 2015-03-02-->
<?xml-model href="http://livingstoneonline.github.io/LEAP-ODD/leap.rng" type="application/xml" schematypens="http://relaxng.org/ns/structure/1.0"?>
<?xml-model href="http://livingstoneonline.github.io/LEAP-ODD/leap.rng" type="application/xml" schematypens="http://purl.oclc.org/dsdl/schematron"?>
<?xml-stylesheet type="text/xsl" href="http://livingstoneonline.github.io/LEAP-XSLT/transcription.xsl"?>
<TEI xmlns="http://www.tei-c.org/ns/1.0" xml:id="liv_001524">
	<teiHeader xmlns:tei="http://www.tei-c.org/ns/1.0">
		<fileDesc>
			<titleStmt>
				<title>Letter to Unknown Recipient</title>
				<author xml:id="DL">David Livingstone</author>
			</titleStmt>
			<publicationStmt>
				<authority>Livingstone Online</authority>
				<pubPlace>London</pubPlace>
				<date/>
				<publisher>Wellcome Centre for the History of Medicine, UCL</publisher>
				<idno type="LEAP-ID">liv_001524</idno>
			</publicationStmt>
			<sourceDesc>
				<bibl xml:id="shelfmark">National Library of Scotland, MS.10768, f. 41</bibl>
				<bibl xml:id="ccnumber">0981</bibl>
				<bibl xml:id="recipient">Unknown Recipient</bibl>
				<bibl xml:id="date">[1 September-31 December 1859]</bibl>
				<bibl xml:id="where">Unknown</bibl>
			</sourceDesc>
		</fileDesc>
		<profileDesc>
			<langUsage>
				<language ident="en">English</language>
			</langUsage>
			<handNotes>
				<handNote xml:id="hand01" medium="pencil_ink">Scribe: Unknown</handNote>
			</handNotes>
		</profileDesc>
		<revisionDesc>
			<change>
				<date>2007-06-23</date>
				<name xml:id="CL">Chris Lawrence</name>Proofed by Chris Lawrence
			</change>
			<change>
				<date>2007-08-13</date>
				<name xml:id="JB">Janet Browne</name>Proofed by Janet Browne
			</change>
		</revisionDesc>
	</teiHeader>

	<text xmlns:tei="http://www.tei-c.org/ns/1.0">
		<body xml:lang="en">
			<div>

	<pb n="0001" facs="liv_001524_0001"/><!--pb/@n='41r'-->
<lb/><p><hi rend="underline"><del type="strikethrough">Private</del></hi> I feel every day more and more 
<lb/>impressed with the idea that a colony of 
<lb/>our own hardworking christian people 
<lb/>is the only means that will put a stop to 
<lb/><choice><sic>to</sic><corr>no text</corr></choice> the slave trade entirely - and render us 
<lb/>independent of the produce of slave 
<lb/>labour. <choice><reg>T</reg><orig>t</orig></choice>his is the land for cotton &amp; 
<lb/>sugar - and yet the few Portuguese here 
<lb/>export the labourers to a worse soil<reg>.</reg>
<lb/>I don't like to say much before hand 
<lb/>but in July we return to the Lakes &amp; 
<lb/>I believe to open up the whole of <placeName>Eastern 
<lb/>t.o. 

	<pb n="0002" facs="liv_001524_0002"/><!--pb/@n='41v'--> 
<lb/>Africa</placeName> but my heart is really sore to think 
<lb/>the Portuguese stand in the way. <choice><reg>T</reg><orig>t</orig></choice>hey have 
<lb/>an idea that a company will be formed 
<lb/>and they as masters of the soil will become 
<lb/>rich without taking their cigars out of their 
<lb/>mouths. If you can do anything towards 
<lb/>bringing the idea of a colony prominently 
<lb/>forward you will perform a great 
<lb/>service. I mean a Christian colony. A 
<lb/>bodily transplantation of all our pecularities 
<lb/>as a Christian people and for a specific 
<lb/>object, bending all our energies to the extinction 
<lb/>of the trade in the bodies of men<reg>.</reg><persName>D Livingstone</persName></p><addSpan spanTo="#p41r-01" hand="#hand01" place="top"><!--addSpan/@place='top margin of fol. 41r'--></addSpan>
<lb/><p>This is to be returned to the <persName>Bp of Oxford</persName></p><anchor xml:id="p41r-01"/>
			
</div>
		</body>
	</text></TEI>