<?xml version="1.0" encoding="UTF-8"?>
<!--Converted from a TEI P4 XML file to the LEAP TEI P5 Schema by James Cummings on 2015-03-02-->
<?xml-model href="http://livingstoneonline.github.io/LEAP-ODD/leap.rng" type="application/xml" schematypens="http://relaxng.org/ns/structure/1.0"?>
<?xml-model href="http://livingstoneonline.github.io/LEAP-ODD/leap.rng" type="application/xml" schematypens="http://purl.oclc.org/dsdl/schematron"?>
<?xml-stylesheet type="text/xsl" href="http://livingstoneonline.github.io/LEAP-XSLT/transcription.xsl"?>
<TEI xmlns="http://www.tei-c.org/ns/1.0" xml:id="liv_000929">
	<teiHeader xmlns:tei="http://www.tei-c.org/ns/1.0">
		<fileDesc>
			<titleStmt>
				<title>Letter to George Back</title>
				<author xml:id="DL">David Livingstone</author>
			</titleStmt>
			<publicationStmt>
				<authority>Livingstone Online</authority>
				<pubPlace>London</pubPlace>
				<date>15-01-2009</date>
				<publisher>Wellcome Centre for the History of Medicine, UCL</publisher>
				<idno type="LEAP-ID">liv_000929</idno>
			</publicationStmt>
			<sourceDesc>
				<bibl xml:id="shelfmark">Royal Geographical Society, Back Collection</bibl>
				<bibl xml:id="ccnumber">0441</bibl>
				<bibl xml:id="recipient">George Back</bibl>
				<bibl xml:id="date">13 December 1856</bibl>
				<bibl xml:id="where">Blomfield St., London</bibl>
			</sourceDesc>
		</fileDesc>
		<profileDesc>
			<langUsage>
				<language ident="en">English</language>
			</langUsage>
			<handNotes>
				<handNote xml:id="hand01">Scribe: Unknown</handNote>
			</handNotes>
		</profileDesc>
		<revisionDesc>
			<change>
				<date>15-01-2009</date>
				<name xml:id="initials">SM</name>Initial Transcription by Sharon Messenger
			</change>
			<change>
				<date>2009-01-27</date>
				<name xml:id="CL">Christopher Lawrence</name>Proof by Chris Lawrence
			</change>
		</revisionDesc>
	</teiHeader>

	<text xmlns:tei="http://www.tei-c.org/ns/1.0">
		<body xml:lang="en">
			<div>

	<pb n="0001" facs="liv_000929_0001"/><!--pb/@n='1r'-->
<lb/><p rend="right"><placeName>Mission House</placeName></p>
<lb/><p rend="right"><placeName>Blomfield St</placeName></p>
<lb/><p rend="right"><placeName>London</placeName> 13<hi rend="sup">th</hi> Dec<hi rend="sup">r</hi></p>
<lb/><p rend="right">1856 </p>
<lb/><p><persName>Sir George Back</persName></p>
<lb/><p>Sir </p>
<lb/><p>I beg leave 
<lb/>to return my very hearty 
<lb/>thanks for the kind 
<lb/>welcome contained in 
<lb/>your note of the 6<hi rend="sup"><hi rend="underline">th</hi></hi> which 
<lb/>I found waiting my 
<lb/>arrival on the 10<hi rend="sup"><hi rend="underline">th</hi></hi><reg>.</reg>
<lb/>Congratulations from 
<lb/>one who has himself 

	<pb n="0002" facs="liv_000929_0002"/><!--pb/@n='1v'-->
<lb/>passed through the toils 
<lb/>of travel and discovery 
<lb/>and risen by native 
<lb/>energy to world wide 
<lb/>fame, are really doubly 
<lb/>gratifying. And I hope 
<lb/>you will believe me 
<lb/>quite sincere in saying 
<lb/>that I do really very 
<lb/>highly value your 
<lb/>approbation<reg>.</reg></p>
<lb/><p rend="center">Believe me </p>
<lb/><p rend="center">Most Truly Yours </p>
<lb/><p>David Livingston </p>
			
</div>
		</body>
	</text></TEI>