<?xml version="1.0" encoding="UTF-8"?>
<!--Converted from a TEI P5 XML file to the LEAP TEI P5 Schema by James Cummings on 2015-03-02-->
<?xml-model href="http://livingstoneonline.github.io/LEAP-ODD/leap.rng" type="application/xml" schematypens="http://relaxng.org/ns/structure/1.0"?>
<?xml-model href="http://livingstoneonline.github.io/LEAP-ODD/leap.rng" type="application/xml" schematypens="http://purl.oclc.org/dsdl/schematron"?>
<?xml-stylesheet type="text/xsl" href="http://livingstoneonline.github.io/LEAP-XSLT/transcription.xsl"?>
<TEI xmlns="http://www.tei-c.org/ns/1.0" xml:id="liv_000620">
	<teiHeader>
		<fileDesc>
			<titleStmt>
				<title>Letter to Robert Moffat 1</title>
				<author xml:id="DL">David Livingstone</author>
			</titleStmt>
			<publicationStmt>
				<authority>Livingstone Online</authority>
				<pubPlace>London, UK</pubPlace>
				<publisher>University College London</publisher>
				<date>2012</date>
				<idno type="LEAP-ID">liv_000620</idno>
			</publicationStmt>
			<sourceDesc>
				<bibl xml:id="shelfmark">School of Oriental and African Studies Library, University of London, UK, CWM/LMS, African Odds, Livingstone Box 4-13</bibl>
				<bibl xml:id="ccnumber">0155</bibl>
				<bibl xml:id="recipient">Robert Moffat 1</bibl>
				<bibl xml:id="date">5 October 1846</bibl>
				<bibl xml:id="where">Chonuane</bibl>
			</sourceDesc>
		</fileDesc>
		<profileDesc>
			<langUsage>
				<language ident="en">English</language>
			</langUsage>
		</profileDesc>
		<revisionDesc>
			<change>
				<date>2012-03-21</date>
				<name xml:id="DC">Danielle Cyphert</name> Initial transcription and XML encoding.
            
			</change>
			<change>
				<date>2012-04-03</date>
				<name xml:id="AW">Adrian S. Wisnicki</name> Proofreading.
            
			</change>
			<change>
				<date>2012-05-09</date>
				<name xml:id="AJS">AJ Schmitz</name>Additional encoding.
            
			</change>
			<change>
				<date>2012-07-08</date>
				<name xml:id="HFB">Heather F. Ball</name> XML editing.
            
			</change>
			<change>
				<date>2012-09-13</date>
				<name>Adrian S. Wisnicki</name> Proofreading.
            
			</change>
		</revisionDesc>
	</teiHeader>

	<text>
		<body>
			<div>

	<pb n="0001" facs="liv_000620_0001"><!--pb/@n='1r'--></pb>
<lb/><p rend="right"><placeName><settlement type="village">Chonuane</settlement></placeName><date when="1846-10-05">5 <choice><abbr>Oct<hi rend="sup">r </hi></abbr><expan>October</expan></choice> 1846</date></p>
<lb/><p rend="left">My Dear Father</p>
<lb/><p>The arrival of <persName><choice><abbr>Capt<hi rend="sup">n</hi></abbr><expan>Captain</expan></choice> Nardon</persName>
<lb/>&amp; <persName>M<hi rend="sup">r</hi> Oswel</persName> immediately after the departure
<lb/>of <persName>Mamary</persName>, has prevented my writing
<lb/>by this opportunity. - They are now
<lb/>preparing to start. - <persName>Baba</persName> &amp; his party
<lb/>also are making ready for departure</p>
<lb/><p><persName>M<hi rend="sup">rs</hi>Mamary</persName> have mentioned our desires
<lb/>respecting a <choice><orig>waggon</orig><reg>wagon</reg></choice> of <persName>M<hi rend="sup underline">r</hi> Oswel</persName>. We
<lb/>find he is perfectly willing to oblige
<lb/>us in reference to the payment. Mentions
<lb/>ten years as soon enough for the
<lb/>liquid<gap agent="blotting" extent="1" unit="chars"/><supplied>a</supplied>tion of debt and now desires
<lb/>me to write you a line &amp; ask you
<lb/>to inspect the <choice><orig>waggon</orig><reg>wagon</reg></choice> for me. I have
<lb/>no skill in <choice><orig>waggon</orig><reg>wagon</reg></choice>s whatever and
<lb/>he is <add place="below">^</add><add place="above">in</add> the same condition with respect
<lb/>to that kind of knowledge. We wish
<lb/>the matter referred to your <choice><sic>judgement</sic><corr>judgment</corr></choice>
<lb/>the length of time however given
<lb/>is a consideration which will
<lb/>outweigh any defect in the vehicle</p>

	<pb n="0002" facs="liv_000620_0002"><!--pb/@n='1v'--></pb>
<lb/><p><persName>M<hi rend="sup">r</hi><choice><abbr>O.</abbr><expan>Oswel</expan></choice></persName> asked if it would be necessary to
<lb/>shorten the bands previous to sending
<lb/>is up.  Will you give your opinion
<lb/>as to this step.? I do not know
<lb/>what ought to be done. As to painting
<lb/>I think it would be better to get
<lb/>the paint &amp; oil &amp; we can do the needful
<lb/>here. - <space dim="horizontal" extent="1" unit="words"/><persName>M<hi rend="sup">r</hi><choice><abbr>O.</abbr><expan>Oswel</expan></choice></persName> purposed leaving it at
<lb/>about a day &amp; half from <placeName><settlement type="village">Colesbery</settlement></placeName>. I have
<lb/>thought men might be sent down from
<lb/><placeName><settlement type="village">Kuruman</settlement></placeName> and if you send a span
<lb/>of oxen while the expenses of <add place="above">the</add> men
<lb/>will be put to my account. all
<lb/>the goods you may send for or boxes
<lb/>waiting for you at <placeName><settlement type="village">Colesbery</settlement></placeName> will or
<lb/>may be drawn along by your
<lb/>oxen.  If you can make any
<lb/>arrangement of this sort, it will
<lb/>oblige us much.  If not convenient
<lb/>at present- <persName>M<hi rend="sup">r</hi><choice><abbr>O.</abbr><expan>Oswel</expan></choice></persName> will leave the <choice><orig>waggon</orig><reg>wagon</reg></choice>
<lb/>at the place appointed till some other 
<lb/>time. The place appointed is
<lb/><persName>M<hi rend="sup">r</hi> Nelson <unclear cert="low">Orlogpoort</unclear></persName><supplied>'</supplied>s river
<lb/>35 south of <del type="strikethrough"><placeName><settlement type="village">Kuruman</settlement></placeName></del><placeName><settlement type="village">Colesbery</settlement></placeName></p>

	<pb n="0003" facs="liv_000620_0003"><!--pb/@n='2r'--></pb>
<lb/><p>we have not been able to pay <persName>Baba</persName> because 
<lb/>we have not money sufficient-
<lb/>There are Forty two dollars for the
<lb/>carriage of goods, and some other
<lb/>work additional about which as
<lb/>we have to count yet I set down
<lb/>as other ten - if you will kindly
<lb/>advance these two sums- it will
<lb/>still farther oblige us. <persName>Edwards</persName> &amp; I
<lb/>seem in the same predicament
<lb/>for money. Wish somebody would
<lb/>leave me a hundred or two
<lb/>But nobody thinks enough of me
<lb/>for that- None of my forefather were
<lb/>worth their breeches else I might have
<lb/>had something. They wore kilts. poor
<lb/>fellows. - The gentlemen are on the
<lb/>point of <unclear cert="medium">mispanning</unclear> and as they
<lb/>are waiting here my thoughts have
<lb/>been confused- I shall send
<lb/><persName>Macaca</persName> by <persName>M<hi rend="sup">r</hi> Cumming</persName> for enclosure
<lb/>in <persName>M<hi rend="sup">r</hi> Whish</persName>'s box- This address
<lb/>to be written on the lid (perhaps <unclear cert="medium">tiomed</unclear>)
<lb/><persName>Charles Whish <choice><abbr>Esq<hi rend="sup underline">re</hi></abbr><expan>Esquire</expan></choice></persName><placeName>144 New
<lb/>City Road</placeName> - <placeName><settlement type="city">Glasgow</settlement></placeName>- if sent
<lb/><placeName><geogName type="feature">Cape</geogName></placeName> ways - care of <persName>Jamieson</persName> &amp; <choice><abbr>Co</abbr><expan>Company</expan></choice><add place="below"><placeName><settlement type="town">Cape Tow<gap agent="hole" extent="1" unit="chars"/><supplied>n</supplied></settlement></placeName></add></p>

	<pb n="0004" facs="liv_000620_0004"><!--pb/@n='2v'--></pb>
<lb/><p>you might scold me as you like
<lb/>We could both speak plainly enough
<lb/>if together &amp; let the righteous smite
<lb/>me &amp;c. I should not grumble at
<lb/>any amount of faithful <unclear cert="low">sunting</unclear></p><!-- Looks to be simthing/sunting, cannot make it out decisively HB 7/8/12 -->
<lb/><p rend="center">Affectionately yours</p>
	<ab>
<lb/>We hope to have time to write before
<lb/><persName>M<hi rend="sup">r</hi><choice><abbr>C</abbr><expan>Cumming</expan></choice></persName> arrives - excuse all the blunders
<lb/>in this - <space dim="horizontal" extent="1" unit="words"/> All are well. <persName>Robert <hi rend="underline">IV</hi></persName>
<lb/>improving- Hope <persName>Mamary</persName> got
<lb/>out safely- Should like much 
<lb/>to have a visit from yourself
    </ab>
	<ab><lb rend="center"/><persName>Rev<hi rend="sup">d</hi><choice><abbr>R.</abbr><expan>Robert</expan></choice> Moffat</persName>
<lb rend="center"/><placeName><settlement type="village">Kuruman</settlement></placeName>
<lb/><hi rend="underline"><choice><abbr>Fow<hi rend="sup">d</hi></abbr><expan>Forwarded</expan></choice> by <persName><choice><abbr>W.</abbr><expan>William</expan></choice> Oswel <choice><abbr>Esq<hi rend="sup">re</hi></abbr><expan>Esquire</expan></choice></persName></hi></ab>

			
</div>
		</body>
	</text></TEI>