<?xml version="1.0" encoding="UTF-8"?>
<!--Converted from a TEI P4 XML file to the LEAP TEI P5 Schema by James Cummings on 2015-03-02-->
<?xml-model href="http://livingstoneonline.github.io/LEAP-ODD/leap.rng" type="application/xml" schematypens="http://relaxng.org/ns/structure/1.0"?>
<?xml-model href="http://livingstoneonline.github.io/LEAP-ODD/leap.rng" type="application/xml" schematypens="http://purl.oclc.org/dsdl/schematron"?>
<?xml-stylesheet type="text/xsl" href="http://livingstoneonline.github.io/LEAP-XSLT/transcription.xsl"?>
<TEI xmlns="http://www.tei-c.org/ns/1.0" xml:id="liv_001119">
	<teiHeader xmlns:tei="http://www.tei-c.org/ns/1.0">
		<fileDesc>
			<titleStmt>
				<title>Letter to Joseph D. Hooker</title>
				<author xml:id="DL">David Livingstone</author>
			</titleStmt>
			<publicationStmt>
				<authority>Livingstone Online</authority>
				<pubPlace>London</pubPlace>
				<date>2008-04-15</date>
				<publisher>Wellcome Centre for the History of Medicine, UCL</publisher>
				<idno type="LEAP-ID">liv_001119</idno>
			</publicationStmt>
			<sourceDesc>
				<bibl xml:id="shelfmark">Library, Art &amp; Archives, Royal Botanic Gardens, Kew, English Letters, 1865-1900, 92, f. 130</bibl>
				<bibl xml:id="ccnumber">0608</bibl>
				<bibl xml:id="recipient">Joseph D. Hooker</bibl>
				<bibl xml:id="date">26 October 1857</bibl>
				<bibl xml:id="where">50 Albemarle Street</bibl>
			</sourceDesc>
		</fileDesc>
		<profileDesc>
			<langUsage>
				<language ident="en">English</language>
			</langUsage>
			<handNotes>
				<handNote xml:id="hand01">Scribe: Unknown</handNote>
			</handNotes>
		</profileDesc>
		<revisionDesc>
			<change>
				<date>2008-04-15</date>
				<name xml:id="SM">Sharon Messenger</name>Initial Transcription by Sharon Messenger
			</change>
			<change>
				<date>2008-05-03</date>
				<name xml:id="CL">Chris Lawrence</name>Proof by Chris Lawrence
			</change>
			<change>
				<date>2008-06-28</date>
				<name xml:id="JB">Janet Browne</name>Proofed by Janet
			</change>
		</revisionDesc>
	</teiHeader>

	<text xmlns:tei="http://www.tei-c.org/ns/1.0">
		<body xml:lang="en">
			<div>

	<pb n="0001" facs="liv_001119_0001"/><!--pb/@n='130-1'--> 
<!--Mike: we think we've sorted the foliation-->
<lb/><p rend="right"><placeName>50 Albermarle St</placeName>
<lb/>26<hi rend="sup">th</hi> Oct<hi rend="sup">r</hi>
<lb/>1857 </p>
<lb/><p>My Dear <persName>D<hi rend="underline"><hi rend="sup">r</hi></hi> Hooker</persName></p>
<lb/><p>There is some 
<lb/>probability of an 
<lb/>expedition being 
<lb/>sent up the <placeName>Zambesi</placeName>. 
<lb/>A deputation from 
<lb/>the British Association 
<lb/>has formed a 
<w>com-<lb break="no"/>mittee</w><add place="above">which met</add> at the Royal 
<lb/>Society's apartments 
<lb/>on Saturday last 

	<pb n="0002" facs="liv_001119_0002"/><!--pb/@n='130a-2'--> 
<lb/><persName>General Sabine</persName>, <persName>D<hi rend="underline"><hi rend="sup">r</hi></hi>
<lb/>Lloyd</persName>, <persName>Sir H. Rawlinson</persName>
<lb/><persName>Sir R. Murchison</persName>
<lb/><persName>MacGregor Laird</persName>
<lb/>&amp; <persName>D<hi rend="sup">r</hi> Robinson</persName> were 
<lb/>present. They are 
<lb/>to be strengthened by 
<lb/>memorials from 
<lb/>the chambers of 
<w>com-<lb break="no"/>merce</w> of <placeName>Liverpool</placeName>
<lb/><placeName>Manchester</placeName><placeName>Leeds</placeName>
<lb/>&amp; <placeName>Birmingham</placeName> &amp;c. 
<lb/>&amp; an interview with 
<lb/><persName>Lord Clarendon</persName> will 
<lb/>come off soon. There 
<lb/>is therefore some 

	<pb n="0003" facs="liv_001119_0003"/><!--pb/@n='130a-3'--> 
<lb/>probability of success 
<lb/>The object being to 
<lb/>survey the <placeName>Zambesi</placeName>
<lb/>and get full 
<w>inform-<lb break="no"/>ation</w> respecting the 
<lb/>natural productions 
<lb/>of the new countries<reg>.</reg></p>
<lb/><p>My Object in writing 
<lb/>you is rather a selfish 
<lb/>one. I believe you &amp; I came through <persName>Graham's</persName>
<lb/>hands as well as 
<lb/><persName>D<hi rend="underline"><hi rend="sup">r</hi></hi> Lyon Playfair</persName>
<lb/><persName>D<hi rend="underline"><hi rend="sup">r</hi></hi> Thomson</persName>
<lb/>Prof. G. Wilson 
<lb/><persName>James Young</persName> our 
<lb/><unclear cert="low">under or</unclear> superintendent 

	<pb n="0004" facs="liv_001119_0004"/><!--pb/@n='130-4'--> 
<lb/>I confess to having 
<lb/>a feeling of partiality 
<lb/>to that squad and though 
<lb/>I cannot indulge a 
<lb/>ray of hope that you 
<lb/>will join us as there 
<lb/>no body in the wide 
<lb/>world I should like 
<lb/>better than you I 
<lb/>am constrained to 
<lb/>say even without 
<lb/>hope - I can<reg>'</reg>t go 
<lb/>farther, but possibly 
<lb/>if it comes to selection 
<lb/>you will be able to 
<lb/>recommend a sensible 
<lb/>good tempered fellow 

	<pb n="0005" facs="liv_001119_0005"/><!--pb/@n='131-5'--> 
<lb/><add place="above">though you don<reg>'</reg>t come yourself</add>
<lb/>I don<reg>'</reg>t suppose I shall 
<lb/>have anything to do 
<lb/>in the selection but 
<lb/>I may have a power 
<lb/>of veto, probably 
<lb/>your father will 
<lb/>be applied to. Between 
<lb/>ourselves I don<reg>'</reg>t 
<lb/>want a German<reg>.</reg>
<lb/>Do you see how 
<lb/>these Schlagentweits 
<lb/>are hawked about 
<lb/>as if neither you 
<lb/>nor <persName>Thomson</persName> had 
<lb/>ever been on the 
<lb/><placeName>Hymalayas</placeName>. 

	<pb n="0006" facs="liv_001119_0006"/><!--pb/@n='131a-6'--> 
<lb/>We shall send over 
<lb/>that precious book 
<lb/>that gave me 
<lb/>such a deal of 
<lb/>bother before long<reg>.</reg></p>
<lb/><p>I hope <persName>M<hi rend="sup"><hi rend="underline">rs</hi></hi> H.</persName>
<lb/>recovered nicely<reg>.</reg>
<lb/>I have been spouting 
<lb/>at different places 
<lb/>but am thankful 
<lb/>to say that work 
<lb/>is now done. I go 
<lb/>to <placeName>Portugal</placeName> soon
And am Ever yours </p>
<lb/><p><persName>David Livingstone</persName></p>
			
</div>
		</body>
	</text></TEI>