<?xml version="1.0" encoding="UTF-8"?>
<!--Converted from a TEI P4 XML file to the LEAP TEI P5 Schema by James Cummings on 2015-03-02-->
<?xml-model href="http://livingstoneonline.github.io/LEAP-ODD/leap.rng" type="application/xml" schematypens="http://relaxng.org/ns/structure/1.0"?>
<?xml-model href="http://livingstoneonline.github.io/LEAP-ODD/leap.rng" type="application/xml" schematypens="http://purl.oclc.org/dsdl/schematron"?>
<?xml-stylesheet type="text/xsl" href="http://livingstoneonline.github.io/LEAP-XSLT/transcription.xsl"?>
<TEI xmlns="http://www.tei-c.org/ns/1.0" xml:id="liv_001748">
	<teiHeader xmlns:tei="http://www.tei-c.org/ns/1.0">
		<fileDesc>
			<titleStmt>
				<title>Letter to James Lovell Procter</title>
				<author xml:id="DL">David Livingstone</author>
			</titleStmt>
			<publicationStmt>
				<authority>Livingstone Online</authority>
				<pubPlace>London</pubPlace>
				<date>2007-06-26</date>
				<publisher>Wellcome Centre for the History of Medicine, UCL</publisher>
				<idno type="LEAP-ID">liv_001748</idno>
			</publicationStmt>
			<sourceDesc>
				<bibl xml:id="shelfmark">National Library of Scotland, MS.10707, ff. 62-64</bibl>
				<bibl xml:id="ccnumber">1198</bibl>
				<bibl xml:id="recipient">James Lovell Procter</bibl>
				<bibl xml:id="date">15 March 1862</bibl>
				<bibl xml:id="where">Shupanga</bibl>
			</sourceDesc>
		</fileDesc>
		<profileDesc>
			<langUsage>
				<language ident="en">English</language>
			</langUsage>
			<handNotes>
				<handNote xml:id="hand01">Scribe: Unknown</handNote>
			</handNotes>
		</profileDesc>
		<revisionDesc>
			<change>
				<date>2007-06-26</date>
				<name xml:id="SM">Sharon Messenger</name>Initial Transcription by Sharon Messenger
			</change>
			<change>
				<date>2008-01-01</date>
				<name xml:id="CL">Chris Lawrence</name>First proof
			</change>
			<change>
				<date>2008-02-27</date>
				<name xml:id="JB">Janet Browne</name>second proof
			</change>
		</revisionDesc>
	</teiHeader>

	<text xmlns:tei="http://www.tei-c.org/ns/1.0">
		<body xml:lang="en">
			<div>

	<pb n="0001" facs="liv_001748_0001"/><!--pb/@n='62r'-->
<lb/><p rend="right"><placeName>Shupanga</placeName> 13<hi rend="sup"><hi rend="underline">th</hi></hi> March</p>
<lb/><p>1862 </p>
<lb/><p>My Dear <persName>M<hi rend="underline"><hi rend="sup">r</hi></hi> Procter</persName>
<lb/>Yesterday evening 
<lb/>we <choice><sic>recieved</sic><corr>received</corr></choice> the very sad 
<lb/>intelligence of the loss of our 
<lb/>good bishop with your 
<lb/>note. It came upon us 
<lb/>like a bewildering 
<lb/>thunderclap and we 
<lb/>can scarcely realize it 
<lb/>as a fact. But for 
<lb/>the living we got to 
<lb/>work and quickly unloaded 
<lb/>all that remained in the 
<lb/>ship of 35 tons which 
<lb/>we brought up from 
<lb/>the <placeName>Kongone</placeName> - came 

	<pb n="0002" facs="liv_001748_0002"/><!--pb/@n='62v'-->
<lb/>over to <persName>Vianna's</persName> after 
<lb/>dark and with <persName>Captain 
<lb/>Wilson</persName> arranged that 
<lb/>light canoes should go 
<lb/>up at once to you with 
<lb/>what provisions we 
<lb/>have belonging to the 
<lb/>mission. We have one 
<lb/>cask of brandy &amp; one of 
<lb/>constantia - the latter 
<lb/><persName>D<hi rend="sup"><hi rend="underline">r</hi></hi> Meller</persName> thinks wanting 
<lb/>about one gallon - in 
<lb/>consequence of our being 
<lb/>out of wine for <term type="remedy">quinine</term><reg>.</reg>
<lb/>We took <persName>Miss Mackenzie</persName>
<lb/><persName>M<hi rend="underline"><hi rend="sup">rs</hi></hi> Burrup</persName>, <persName>Jessie 
<lb/>Lennox </persName>, Sarah and 
<lb/>Blair on board on the 
<lb/>6<hi rend="underline"><hi rend="sup">th</hi></hi> February - they brought 

	<pb n="0003" facs="liv_001748_0003"/><!--pb/@n='63r'-->
<lb/>no provisions for their 
<lb/>own use, and we shared 
<lb/>with them<choice><reg/><orig>-</orig></choice> all we had till 
<lb/>not an ounce of meat 
<lb/>of any kind was left. 
<lb/>All our wine &amp; some 
<lb/>got from the <term type="boat">Gorgon</term>
<lb/>expended. And all 
<lb/>our flour D<hi rend="sup">o</hi><reg>.</reg> We had 
<lb/>to buy beans and 
<lb/>sheep, the latter at £1 
<lb/>each. In these circumstances 
<lb/>I thought that the bishop 
<lb/>would not blame me 
<lb/>if I took two boxes 
<lb/>of flour and the wine 
<lb/>which had begun to 
<lb/>leak to continue the 
<lb/>daily dose of <term type="remedy">quinine</term>. 
<lb/>I hoped to get up more 

	<pb n="0004" facs="liv_001748_0004"/><!--pb/@n='63v'-->
<lb/>from <placeName>Kongone</placeName> before we 
<lb/>could communicate with 
<lb/>you. I send the wine as 
<lb/>it is - sugar - soap - and 
<lb/>everything else selected by 
<lb/><persName>Miss Mackenzie</persName> to go 
<lb/>with her to her brother<reg>.</reg>
<lb/>We shall bring more in 
<lb/>a week and despatch 
<lb/>them by <persName>Vianna's</persName>
<lb/>canoes - <persName>Blair</persName> goes 
<lb/>with this. <persName>Rev<hi rend="underline"><hi rend="sup">d</hi></hi> Hawkins</persName>
<lb/>will go with the next. 
<lb/>i.e. if he feels able for 
<lb/>the service. </p>
<lb/><p>Two mules came for the 
<lb/>mission. <choice><reg>T</reg><orig>t</orig></choice>he bishop did 
<lb/>not want them &amp; told me 
<lb/>to send them back. I take 
<lb/>them off your hands rather 
<lb/>at the original price &amp; will 

	<pb n="0005" facs="liv_001748_0005"/><!--pb/@n='64r'-->
<lb/>write to the bishop at the 
<lb/><placeName>Cape</placeName> to that effect. </p>
<lb/><p>We lent the bishop a 
<lb/>bale of calico and repaid 
<lb/>ourselves by a bale 
<lb/>which turned out to be 
<lb/>"tents" or remnants of 
<lb/>prints. We tried another 
<lb/>and that was table linen 
<lb/>which we cannot sell 
<lb/>we shall keep it for 
<lb/>you loose as it is. </p>
<lb/><p>We are just about 
<lb/>to start for the sea. No 
<lb/>time will be lost in 
<lb/>forwarding all we can<reg>.</reg>
<lb/>It is impossible for us 
<lb/>to come. Excuse this 
<lb/>hurried note<reg>.</reg><persName>D. Livingstone</persName></p>
			
</div>
		</body>
	</text></TEI>