<?xml version="1.0" encoding="UTF-8"?>
<!--Converted from a TEI P4 XML file to the LEAP TEI P5 Schema by James Cummings on 2015-03-02-->
<?xml-model href="http://livingstoneonline.github.io/LEAP-ODD/leap.rng" type="application/xml" schematypens="http://relaxng.org/ns/structure/1.0"?>
<?xml-model href="http://livingstoneonline.github.io/LEAP-ODD/leap.rng" type="application/xml" schematypens="http://purl.oclc.org/dsdl/schematron"?>
<?xml-stylesheet type="text/xsl" href="http://livingstoneonline.github.io/LEAP-XSLT/transcription.xsl"?>
<TEI xmlns="http://www.tei-c.org/ns/1.0" xml:id="liv_001089">
	<teiHeader xmlns:tei="http://www.tei-c.org/ns/1.0">
		<fileDesc>
			<titleStmt>
				<title>Letter to H. Norton Shaw</title>
				<author xml:id="DL">David Livingstone</author>
			</titleStmt>
			<publicationStmt>
				<authority>Livingstone Online</authority>
				<pubPlace>London</pubPlace>
				<date>2009-01-26</date>
				<publisher>Wellcome Centre for the History of Medicine, UCL</publisher>
				<idno type="LEAP-ID">liv_001089</idno>
			</publicationStmt>
			<sourceDesc>
				<bibl xml:id="shelfmark">Royal Geographical Society, Archives, DL 2/15/13</bibl>
				<bibl xml:id="ccnumber">0581.2</bibl>
				<bibl xml:id="recipient">H. Norton Shaw</bibl>
				<bibl xml:id="date">5 September 1857</bibl>
				<bibl xml:id="where">Drumcondra</bibl>
			</sourceDesc>
		</fileDesc>
		<profileDesc>
			<langUsage>
				<language ident="en">English</language>
			</langUsage>
			<handNotes>
				<handNote xml:id="hand01">Scribe: Unknown</handNote>
			</handNotes>
		</profileDesc>
		<revisionDesc>
			<change>
				<date>2009-01-26</date>
				<name xml:id="CO">Caroline Overy</name>Initial Transcription by Caroline Overy
			</change>
			<change>
				<date>2009-02-21</date>
				<name xml:id="CL">Chris Lawrence</name>Proof by Chris Lawrence
			</change>
		</revisionDesc>
	</teiHeader>

	<text xmlns:tei="http://www.tei-c.org/ns/1.0">
		<body xml:lang="en">
			<div>

	<pb n="0001" facs="liv_001089_0001"/><!--pb/@n='1'-->
<lb/><p>BRITISH AND IRISH MAGNETIC TELEGRAPH COMPANY. (LIMITED.)</p>
<lb/><p>(IN EXCLUSIVE CONNEXION WITH THE SUBMARINE TELEGRAPH COMPANY)</p>
<lb/><p rend="center"><placeName>Charing + STATION <unclear cert="low">Hot</unclear></placeName></p>
<lb/><p>Received the following message the 5<hi rend="sup">th</hi> day of Sept 1857</p>
<lb/><p>From</p>
<lb/><p>Name<reg>:</reg> Rev<hi rend="sup">d</hi> D<hi rend="sup">r</hi> Livingstone</p>
<lb/><p>Address<reg>:</reg><placeName>Drumcondra</placeName></p>
<lb/><p>To</p>
<lb/><p>Name<reg>:</reg><persName>D<hi rend="sup">r</hi> Norton
<lb/>Shaw</persName> Secy</p>
<lb/><p>Address<reg>:</reg> Geographical Society 
<lb/>Whitehall Place 
<lb/>London</p>
<lb/><p>I want for monday<reg>'</reg>s lecture map 
<lb/>of Central Africa with my route 
<lb/>same I used in <placeName>Dublin</placeName> please 
<lb/>send it to me at <persName>Fletcher's</persName> Esq. 
<lb/><placeName>Bloomfield Hall</placeName> Cheetham Hill 
<lb/>Manchester -</p>
			
</div>
		</body>
	</text></TEI>