<?xml version="1.0" encoding="UTF-8"?>
<!--Converted from a TEI P4 XML file to the LEAP TEI P5 Schema by James Cummings on 2015-03-02-->
<?xml-model href="http://livingstoneonline.github.io/LEAP-ODD/leap.rng" type="application/xml" schematypens="http://relaxng.org/ns/structure/1.0"?>
<?xml-model href="http://livingstoneonline.github.io/LEAP-ODD/leap.rng" type="application/xml" schematypens="http://purl.oclc.org/dsdl/schematron"?>
<?xml-stylesheet type="text/xsl" href="http://livingstoneonline.github.io/LEAP-XSLT/transcription.xsl"?>
<TEI xmlns="http://www.tei-c.org/ns/1.0" xml:id="liv_001162">
	<teiHeader xmlns:tei="http://www.tei-c.org/ns/1.0">
		<fileDesc>
			<titleStmt>
				<title>Letter to John Washington</title>
				<author xml:id="DL">David Livingstone</author>
			</titleStmt>
			<publicationStmt>
				<authority>Livingstone Online</authority>
				<pubPlace>London</pubPlace>
				<date>09-08-2009</date>
				<publisher>Wellcome Centre for the History of Medicine, UCL</publisher>
				<idno type="LEAP-ID">liv_001162</idno>
			</publicationStmt>
			<sourceDesc>
				<bibl xml:id="shelfmark">The National Museum of the Royal Navy, Portsmouth, UK, MSS 120</bibl>
				<bibl xml:id="ccnumber">0648</bibl>
				<bibl xml:id="recipient">John Washington</bibl>
				<bibl xml:id="date">22 December 1857</bibl>
				<bibl xml:id="where">20 Bedford Square</bibl>
			</sourceDesc>
		</fileDesc>
		<profileDesc>
			<langUsage>
				<language ident="en">English</language>
			</langUsage>
			<handNotes>
				<handNote xml:id="hand01">Scribe: Unknown</handNote>
			</handNotes>
		</profileDesc>
		<revisionDesc>
			<change>
				<date/>
				<name xml:id="initials">SM</name>Initial Transcription by Sharon Messenger
			</change>
			<change>
				<date>2009-08-17</date>
				<name xml:id="CL">Chris Lawrence</name>Proofed by Chris
			</change>
		</revisionDesc>
	</teiHeader>

	<text xmlns:tei="http://www.tei-c.org/ns/1.0">
		<body xml:lang="en">
			<div>

	<pb n="0001" facs="liv_001162_0001"/><!--pb/@n='1r'-->
<lb/><p rend="right"><placeName>20 Bedford Square</placeName></p>
<lb/><p rend="right">22<hi rend="sup"><hi rend="underline">d</hi></hi> Dec<hi rend="underline">r</hi> 1857 </p>
<lb/><p>My Dear <persName>Captain Washington</persName></p>
<lb/><p>It has occurred to me 
<lb/>since parting that the 
<lb/>horse power of <persName>M<hi rend="sup">r</hi> Laird's</persName>
<lb/>vessel is too small. 
<lb/>It would be sorry thing 
<lb/>for us to be unable 
<lb/>to stem the current in 
<lb/>the only steamer the 

	<pb n="0002" facs="liv_001162_0002"/><!--pb/@n='1v'--> 
<lb/>natives ever saw. <persName>Rennies</persName>
<lb/>are with two engines 
<lb/>each having 10 H.P. 
<lb/>and they do on the 
<lb/><placeName>Thames</placeName> nicely. I mention 
<lb/>this if it is not too 
<lb/>late - and am </p>
<lb/><p rend="center">yours truly </p>
<lb/><p rend="center"><persName>David Livingstone</persName></p>
			
</div>
		</body>
	</text></TEI>