<?xml version="1.0" encoding="UTF-8"?>
<!--Converted from a TEI P4 XML file to the LEAP TEI P5 Schema by James Cummings on 2015-03-02-->
<?xml-model href="http://livingstoneonline.github.io/LEAP-ODD/leap.rng" type="application/xml" schematypens="http://relaxng.org/ns/structure/1.0"?>
<?xml-model href="http://livingstoneonline.github.io/LEAP-ODD/leap.rng" type="application/xml" schematypens="http://purl.oclc.org/dsdl/schematron"?>
<?xml-stylesheet type="text/xsl" href="http://livingstoneonline.github.io/LEAP-XSLT/transcription.xsl"?>
<TEI xmlns="http://www.tei-c.org/ns/1.0" xml:id="liv_000614">
	<teiHeader xmlns:tei="http://www.tei-c.org/ns/1.0">
		<fileDesc>
			<titleStmt>
				<title>Letter to Benjamin T. Pyne</title>
				<author xml:id="DL">David Livingstone</author>
			</titleStmt>
			<publicationStmt>
				<authority>Livingstone Online</authority>
				<pubPlace>London</pubPlace>
				<date>2005-04-20</date>
				<publisher>Wellcome Centre for the History of Medicine, UCL</publisher>
				<idno type="LEAP-ID">liv_000614</idno>
			</publicationStmt>
			<sourceDesc>
				<bibl xml:id="ccnumber">0150</bibl>
				<bibl xml:id="recipient">Benjamin T. Pyne</bibl>
				<bibl xml:id="date">28 May 1846</bibl>
				<bibl xml:id="where">Kolobeng</bibl>
				<bibl xml:id="shelfmark">Wellcome Library Ms. 7329/5</bibl>
				<listPerson>
					<person xml:id="d1e141">
						<note type="rendNote">Robert Moffat Livingstone (1846-1864), Livingstone\'s first child named after his father-in-law. He died fighting in the American Civil War and was buried in Gettysburg.</note>
					</person>
					<person xml:id="d1e155">
						<note type="rendNote">Mary Livingstone née Moffat (1821-1862)</note>
					</person>
					<person xml:id="d1e172">
						<note type="rendNote">As yet unidentified</note>
					</person>
					<person xml:id="d1e237">
						<note type="rendNote">Mr P is presumably Benjamin T. Pyne (dates as yet unidentified), a resident of Chipping Ongar, Essex, with whom Livingstone was a friend as a student. This letter was obviously intended for all his acquaintances at Ongar where Livingstone had spent a probationary year (1838-1839) of scriptural studies.</note>
					</person>
					<person xml:id="d1e270">
						<note type="rendNote">William Cotton Oswell (1818-1893), an African explorer and hunter. He travelled with Livingstone 1849-1851. Oswell was wealthy, tolerant, modest and a good friend to Livingstone. Together, on a journey financed by Oswell, they discovered Lake Ngami. Livingstone named his third son after him.</note>
					</person>
					<person xml:id="d1e309">
						<note type="rendNote">Mary Livingstone née Moffat (1821-1862)</note>
					</person>
					<person xml:id="d1e320">
						<note type="rendNote">Richard Arkwright (1732-1792), industrialist and inventor of the spinning Jenny had one son, also Richard Arkwright (1755-1843), cotton manufacturer and landowner, principally in Derbyshire. The younger Arkwright had six sons. The Arkwright noted here was one of these.</note>
					</person>
					<person xml:id="d1e343">
						<note type="rendNote">Henry Hoare Methuen (1818-1883), Curate in various parishes 1849-70.</note>
					</person>
					<person xml:id="d1e362">
						<note type="rendNote">Ann Moffat (1823-1893), Livingstone\'s sister-in-law. She married Jean Frédoux (1823-1866)</note>
					</person>
					<person xml:id="d1e377">
						<note type="rendNote">Ann Moffat (1823-1893), Livingstone\'s sister-in-law. She married Jean Frédoux (1823-1866)</note>
					</person>
					<person xml:id="d1e402">
						<note type="rendNote">Ann Moffat (1823-1893), Livingstone\'s sister-in-law. She married Jean Frédoux (1823-1866)</note>
					</person>
					<person xml:id="d1e429">
						<note type="rendNote">Mary Livingstone née Moffat (1821-1862)</note>
					</person>
					<person xml:id="d1e443">
						<note type="rendNote">Walter Inglis (1815-1884), Scottish missionary with the London Missionary Society (LMS), worked at various stations in South Africa 1843-1853. He returned to England 1854 and eventually settled as a minister in Canada.</note>
					</person>
					<person xml:id="d1e476">
						<note type="rendNote">Walter Inglis (1815-1884), Scottish missionary with the London Missionary Society (LMS), worked at various stations in South Africa 1843-1853. He returned to England 1854 and eventually settled as a minister in Canada.</note>
					</person>
					<person xml:id="d1e499">
						<note type="rendNote">Walter Inglis (1815-1884), Scottish missionary with the London Missionary Society (LMS), worked at various stations in South Africa 1843-1853. He returned to England 1854 and eventually settled as a minister in Canada.</note>
					</person>
					<person xml:id="d1e515">
						<note type="rendNote">Walter Inglis (1815-1884), Scottish missionary with the London Missionary Society (LMS), worked at various stations in South Africa 1843-1853. He returned to England 1854 and eventually settled as a minister in Canada.</note>
					</person>
					<person xml:id="d1e531">
						<note type="rendNote">Walter Inglis (1815-1884), Scottish missionary with the London Missionary Society (LMS), worked at various stations in South Africa 1843-1853. He returned to England 1854 and eventually settled as a minister in Canada.</note>
					</person>
					<person xml:id="d1e559">
						<note type="rendNote">Kgosi Sechele I of Bakwena country (called by Livingstone Bakuena or Bakwain), ruled his tribe 1831-1892. He was Livingstone\'s only convert to Christianity.</note>
					</person>
					<person xml:id="d1e596">
						<note type="rendNote">Kgosi Sechele I of Bakwena country (called by Livingstone Bakuena or Bakwain), ruled his tribe 1831-1892. He was Livingstone\'s only convert to Christianity.</note>
					</person>
					<person xml:id="d1e606">
						<note type="rendNote">As yet unidentified</note>
					</person>
					<person xml:id="d1e616">
						<note type="rendNote">As yet unidentified</note>
					</person>
					<person xml:id="d1e624">
						<note type="rendNote">As yet unidentified</note>
					</person>
					<person xml:id="d1e628">
						<note type="rendNote">As yet unidentified</note>
					</person>
					<person xml:id="d1e641">
						<note type="rendNote">Charles Livingstone (1821-1873), David\'s brother. Traveller and consul in Africa. Was offered post as \'moral agent\' on the Zambesi expedition by his brother. Seems to have had poor relations with everyone involved. Died near Lagos.</note>
					</person>
					<person xml:id="d1e660">
						<note type="rendNote">As yet unidentified</note>
					</person>
					<person xml:id="d1e672">
						<note type="rendNote">Joseph Moore (1816-1893), a fellow student of Livingstone\'s who had been a missionary in Tahiti 1842-5. Livingstone had obviously heard of his return to England. He became Pastor of Congleton Congregational Church 1848-88.</note>
					</person>
					<person xml:id="d1e699">
						<note type="rendNote">Benjamin T. Pyne (dates as yet unidentified), a resident of Chipping Ongar, Essex, with whom Livingstone was a friend as a student. This letter was obviously intended for all his acquaintances at Ongar where Livingstone had spent a probationary year (1838-1839) of scriptural studies.</note>
					</person>
				</listPerson>
				<listPlace>
					<place xml:id="d1e55">
						<note type="rendNote">Kolobeng, now in Botswana, was Livingstone\'s third (and last) mission station and marital home. He built a house and lived there with his wife, Mary, 1847-1852. There was also a church and a school. His daughter Elizabeth, born in 1850 and died age a month or six weeks, is buried there. Livingstone used Kolobeng, which had a good water supply, to launch his exploration of South Central Africa. Kolobeng was sacked by the Boers in 1852 although the details of what occurred are not clear. There is a Livingstone Memorial near the ruins of the mission station which is in today\'s Botswana. See Janet Wagner Parsons, &lt;em&gt;The Livingstones at Kolobeng, 1847-1852&lt;/em&gt; (Gaborone, Botswana: Botswana Society: Pula Press, 1997) </note>
					</place>
					<place xml:id="d1e80">
						<note type="rendNote">Chonuane, north of Kuruman, was Livingstone\'s second marital home and mission station after Mabotsa and forty miles north of it. He moved there in 1845 but the supply of water dried up and the Livingstones moved to Kolobeng although he obviously kept his connection with the village.</note>
					</place>
					<place xml:id="d1e262">
						<note type="rendNote">Mabotsa, north of Kuruman, was the site of a mission in South Africa founded by Livingstone and Rogers Edwards (1795-1877) and an African teacher, Mebalwe, in January 1844. Mabotsa was Livingstone\'s first marital home. It was also where a lion attacked him.</note>
					</place>
					<place xml:id="d1e367">
						<note type="rendNote">Mabotsa, north of Kuruman, was the site of a mission in South Africa founded by Livingstone and Rogers Edwards (1795-1877) and an African teacher, Mebalwe, in January 1844. Mabotsa was Livingstone\'s first marital home. It was also where a lion attacked him.</note>
					</place>
					<place xml:id="d1e399">
						<note type="rendNote">Mabotsa, north of Kuruman, was the site of a mission in South Africa founded by Livingstone and Rogers Edwards (1795-1877) and an African teacher, Mebalwe, in January 1844. Mabotsa was Livingstone\'s first marital home. It was also where a lion attacked him.</note>
					</place>
					<place xml:id="d1e415">
						<note type="rendNote">Chonuane, north of Kuruman, was Livingstone\'s second marital home and mission station after Mabotsa and forty miles north of it. He moved there in 1845 but the supply of water dried up and the Livingstones moved to Kolobeng although he obviously kept his connection with the village.</note>
					</place>
					<place xml:id="d1e454">
						<note type="rendNote">Mabotsa, north of Kuruman, was the site of a mission in South Africa founded by Livingstone and Rogers Edwards (1795-1877) and an African teacher, Mebalwe, in January 1844. Mabotsa was Livingstone\'s first marital home. It was also where a lion attacked him.</note>
					</place>
					<place xml:id="d1e540">
						<note type="rendNote">Mabotsa, north of Kuruman, was the site of a mission in South Africa founded by Livingstone and Rogers Edwards (1795-1877) and an African teacher, Mebalwe, in January 1844. Mabotsa was Livingstone\'s first marital home. It was also where a lion attacked him.</note>
					</place>
					<place xml:id="d1e613">
						<note type="rendNote">Mabotsa, north of Kuruman, was the site of a mission in South Africa founded by Livingstone and Rogers Edwards (1795-1877) and an African teacher, Mebalwe, in January 1844. Mabotsa was Livingstone\'s first marital home. It was also where a lion attacked him.</note>
					</place>
					<place xml:id="d1e634">
						<note type="rendNote">Chonuane, north of Kuruman, was Livingstone\'s second marital home and mission station after Mabotsa and forty miles north of it. He moved there in 1845 but the supply of water dried up and the Livingstones moved to Kolobeng although he obviously kept his connection with the village.</note>
					</place>
				</listPlace>
			</sourceDesc>
		</fileDesc>
		<revisionDesc>
			<change>
				<date>2005-04-20</date>
				<name xml:id="CO">Caroline Overy</name>Initial Transcription
			</change>
			<change>
				<date>2006-02-11</date>
				<name xml:id="CL">Chris Lawrence</name>first proof
			</change>
			<change>
				<date>2006-03-02</date>
				<name xml:id="SM">Sharon Messenger</name>final proof
			</change>
		</revisionDesc>
	</teiHeader>

	<text xmlns:tei="http://www.tei-c.org/ns/1.0">
		<body>
			<div>

	<pb n="0001" facs="liv_000614_0001"/><!--pb/@n='1'-->
<!--Hand 01 5 top left--><!--hand 02 68188 top right-->
<lb/><p rend="right"><placeName ref="#d1e55">Kolobeng</placeName> 28<hi rend="sup">th</hi> May 1846</p>
<lb/><p>My very Dear Friends</p>
<lb/><p>It is no task to write to you - I would write 
<lb/>frequently indeed if I took up my pen every time I think &amp; 
<lb/>talk about you But time is not allowed one for 
<lb/>all I wish to do so you must take my efforts as all 
<lb/>I can give to show that I am still the same as ever 
<lb/>I am at present out at our garden which by the way 
<lb/>is no nearer than forty miles from our residence 
<lb/>We have very little water at <placeName ref="#d1e80">Chonuane</placeName> &amp; cannot 
<lb/>irrigate this year. The past season has been one 
<lb/>of unwonted drought even in this thirsty land 
<lb/>many fountains are quite dried up and the corn 
<lb/>crop of the natives is nearly an entire failure 
<lb/>the scarcity of water compels us to look for corn 
<lb/>elsewhere so we sought for a fountain elsewhere 
<lb/>&amp; after some	toil have made a watercourse &amp; sowed 
<lb/>some English corn. Where we ploughed is all over 
<lb/>marked by footsteps of the Elephant Rhinocerous 
<lb/>&amp; buffalo. We have disturbed them in their pasture 
<lb/>and the lion too seems to think we have no right 
<lb/>here for they have growled enough at us lately both 
<lb/>by night &amp; day. - this absence from ho<del type="strikethrough" resp="#CO">pe</del>me prevents 
<lb/>my using the best paper I have for you. But 
<lb/>you will excuse me I know. I go over on 
<lb/>saturdays to see my <name type="person_ml">wife</name> &amp; <name type="person_rl">child</name> &amp; preach on 
<lb/>sunday We depart at daylight &amp; reach the house about 
<lb/>an hour after dark - this notwithstanding the 
<lb/>continual <unclear cert="medium">work</unclear> the whole day on oxback which 
<lb/>is not a great deal quicker than a native walks 
<lb/>Our child is growing - little <persName ref="#d1e141">Robert <surname>Moffat</surname></persName> if he lives 
<lb/>may see you yet. this I shall never while here 
<lb/>on earth. How pleasant it would be to have 
<lb/>another tea with you But no - never. <persName ref="#d1e155">M<hi rend="sup">rs</hi><surname><choice><abbr>L</abbr><expan>Livingstone</expan></choice></surname></persName> has 
<lb/>begun to write you several times but never 
<lb/>finished one good enough for <persName ref="#d1e172">M<hi rend="sup">rs</hi><surname>Pyne</surname></persName> I 
<lb/>do not wonder at this for she has very 
<lb/>little time. She must attend to everything almost 
<lb/>and everything has to be made from the raw 
<lb/>material. She dreams about you which shews 
<lb/>her thoughts are frequently turned "youwards" 

	<pb n="0002" facs="liv_000614_0002"/><!--pb/@n='2'-->
<lb/>She manages her house very well and I have much 
<lb/>cause for gratitude for comfort<unclear cert="low">s</unclear><unclear>to</unclear> which I was 
<lb/>before a stranger. She teaches some of the <term type="tribe"><unclear cert="low">Bakuenes</unclear><note type="editorial">The Bechuana, a South African people. Robert Moffat worked for the Bechuana mission.</note></term>
<lb/>who come for instruction sewing &amp; reading But 
<lb/>we are not yet fairly settled One of the chiefs wives 
<lb/>sews beautifully after a very little instruction 
<lb/>She is now making a patch work waistcoat for 
<lb/>her husband Did I ever thank you for patchwork 
<lb/>shawls? If not I now do. I gave one lately to a 
<lb/>woman who assisted to a loaf of bread on 
<lb/>an occasion when I had tasted none for 
<lb/>six weeks before. You mention some box or 
<lb/>boxes sent these have not yet arrived so 
<lb/>I cannot speak of the contents. We sent 	£26 
<lb/>to you lately &amp; told <persName ref="#d1e237"><!--Alternate NOTE:Benjamin T. Pyne (dates as yet unidentified), a resident of Chipping Ongar, Essex, with whom Livingstone was a friend as a student. This letter was obviously intended for all his acquaintances at Ongar where Livingstone had spent a probationary year (1838-1839) of scriptural studies.-->M<hi rend="sup">r</hi><surname><choice><abbr>P</abbr><expan>Pyne</expan></choice></surname></persName> how to do with the sum 
<lb/>Hope it came safely to hand. We are favoured 
<lb/>with Indian visitors occasionally. they come to 
<lb/>hunt for game &amp; health - of the former they 
<lb/>find plenty and we are better off now than 
<lb/>at <placeName ref="#d1e262">Mabotsa</placeName> - the chief is very liberal &amp; scarcely 
<lb/>a week passes without a present of meat 
<lb/>being sent to us. One of our visitors this year 
<lb/><persName ref="#d1e270">M<hi rend="sup">r</hi><surname>Oswel</surname></persName> from <placeName>Tinneveley</placeName> knows <placeName>Ongar</placeName> well. 
<lb/>He is a judge &amp; collector of customs -  shewed us 
<lb/>great kindness last year and this year brought 
<lb/>two cows for <persName>Robert</persName>. We have agreed to travel 
<lb/>together to the <term type="tribe">Bamapela<note type="editorial">Bamapela, a Matabele people of South Africa. See Livingstone\'s, &lt;i&gt;Missionary travels and researches in South Africa&lt;/i&gt; (1857), chapters 6 and 10.</note></term> a very powerful 
<lb/>tribe of <!--FLAG--><term type="tribe">Matibele</term> about 10 days East of us 
<lb/><persName ref="#d1e309">M<hi rend="sup">rs</hi> L.</persName> will go too. If spared we shall furnish 
<lb/>you with some account of our journey 
<lb/>A <persName ref="#d1e320">M<hi rend="sup">r</hi><surname>Arkwright</surname></persName> descended from him who 
<lb/>invented the spinning jenny has passed us too 
<lb/>on his way northward after game - the prodigious 
<lb/>herds of between 20 &amp; 30 different kinds of game 
<lb/>will probably attract more of the sporting 
<lb/>than religious world here We like to see them 
<lb/>it is always a novelty to us to see strangers 
<lb/><persName ref="#d1e343">M<hi rend="sup">r</hi><surname>Methuen</surname></persName> concerning whom I gave you 
<lb/>a few particulars has we hear published an 
<lb/>account of his trip. It will be a sporting 
<lb/>work I presume. If you see it let me know 

	<pb n="0003" facs="liv_000614_0003"/><!--pb/@n='3'-->
<lb/>what he says about missionaries. Our sister <persName ref="#d1e362">Ann</persName>
<lb/>came to see us at <placeName ref="#d1e367">Mabotsa</placeName> and in returning homewards 
<lb/>the people lost some sleeping skins. Two of them 
<lb/>returned to seek them and took the only gun with 
<lb/>them. <persName ref="#d1e377">Ann</persName> was left thus with the waggon driver 
<lb/>&amp; only one servant - a female. A lion attacked the 
<lb/>oxen while still daylight. She saw him kill one - 
<lb/>He then cooly eat it and as the people did not return 
<lb/>with the gun she lay in the waggon listening to 
<lb/>the impudent brute coming every now &amp; then 
<lb/>to the waggon sides &amp; giving a roar as much as 
<lb/>to say "Disturb me if you dare." In the morning 
<lb/>as all the oxen fled back to <placeName ref="#d1e399">Mabotsa</placeName> Poor <persName ref="#d1e402">Ann</persName>
<lb/>walked about forty miles back. the sun burned 
<lb/>the skin off her face and every bush seemed 
<lb/>to contain a lion - To add to the misfortune 
<lb/>she found we had gone off to <placeName ref="#d1e415">Chonuane</placeName> - &amp; 
<lb/>she could only find a few potatoes to eat 
<lb/>We knew nothing of her being there and except 
<lb/>unground corn the potatoes were the only food 
<lb/>she got until they brought the waggon back 
<lb/>Would <persName ref="#d1e429">Mary</persName> like this to be her position? -</p>
<lb/><p>We have no news here. We endeavour to 
<lb/>impart saving knowledge - sometimes our 
<lb/>hopes are bright. Our hearts elated - at other 
<lb/>times our sorrows are abundant and our hearts 
<lb/>very sore. <persName ref="#d1e443">M<hi rend="sup">r</hi><surname>Inglis</surname></persName> is snug in my house at 
<lb/><placeName ref="#d1e454">Mabotsa</placeName>. He tried to remove the <term type="tribe"><unclear cert="high">Bahurutse</unclear><note type="editorial">Bahurutse, a South African people. See Livingstone\'s, &lt;em&gt;Missionary travels and researches in South Africa&lt;/em&gt; (1857), Chapter 4.</note></term>
<lb/>from an unpleasant locality to a better 
<lb/>they were not cordial one party wished to go the other 
<lb/>disliked him. In moving the dissafected party <unclear cert="high">invited</unclear>
<lb/>the <term type="tribe">Koranas<note type="editorial">Koranas, a South African people.</note></term> to attack the moving party. <persName ref="#d1e476">M<hi rend="sup">r</hi><surname><choice><abbr>I.</abbr><expan>Inglis</expan></choice></surname></persName> assisted 
<lb/>his party with ammunition and about 28 of 
<lb/>the <term type="tribe"><unclear cert="high">Koranas</unclear><note type="editorial">Koranas, a South African people.</note></term> perished - they vow vengeance against 
<lb/><persName ref="#d1e499">M<hi rend="sup">r</hi><surname>Inglis</surname></persName> &amp; <gap extent="1" unit="words" agent="illegible"/> crown the whole the party whom 
<lb/>he was instrumental in separating from 
<lb/>their fellows have left <persName ref="#d1e515">M<hi rend="sup">r</hi><surname><choice><abbr>I.</abbr><expan>Inglis</expan></choice></surname></persName> and gone away 
<lb/>to the boers. It is probable they will settle there 
<lb/><persName ref="#d1e531">M<hi rend="sup">r</hi><surname>Inglis</surname></persName> being thus left came to <placeName ref="#d1e540">Mabotsa</placeName> &amp; 
<lb/>I suppose is very well content to settle down 
<lb/>in my house &amp; garden although ten times 
<lb/>stronger than I am and of course much 

	<pb n="0004" facs="liv_000614_0004"/><!--pb/@n='4'-->
<lb/>more able to commence a new station than I was 
<lb/>It would be much better if missionaries would go 
<lb/>forward fearlessly to the tribes beyond</p>
<lb/><p>I think I mentioned that <persName ref="#d1e559">Sechele</persName> attacked the 
<lb/>successor of <persName><unclear cert="high">Bube</unclear></persName> &amp; dispersed the tribe. He 
<lb/>by our entreaty acted a magnanimous part 
<lb/>on the occasion of a portion of the people 
<lb/>wishing to remove to him. But the rest believing 
<lb/>that he would always be hindered by his 
<lb/>missionary from shedding blood heaped 
<lb/>insults upon him <choice><sic>untill</sic><corr>until</corr></choice> he could bear it 
<lb/>no longer and their dispersion was the result 
<lb/><note type="editorial" anchored="true">page folds into envelope and has address, sideways in middle of page</note> they beat some of his people shamefully - this was 
<lb/>their last deed for <persName ref="#d1e596">Sechele</persName> keeping the object of 
<lb/>his expedition a profound secret from us 
<lb/>attacked &amp; killed about a dozen of what were 
<lb/>the people of <persName ref="#d1e606">Bube</persName> -  the <unclear cert="low">remained</unclear> fled to 
<lb/><placeName ref="#d1e613">Mabotsa</placeName> &amp; I found there the wife of <persName ref="#d1e616">Bube</persName> my 
<lb/>old friend. Another wife burst into tears when 
<lb/>she saw me. And <persName ref="#d1e624">Khake</persName> the successor of 
<lb/><persName ref="#d1e628">Bube</persName> came about ten miles along the road 
<lb/>with me to <placeName ref="#d1e634">Chonuane</placeName>. Poor people they 
<lb/>know not what they do. Will you post 
<lb/>a letter to my brother <persName ref="#d1e641">Charles</persName> for me? They 
<lb/>always are lost if posted in this country 
<lb/><!--next lines written up the margin of p.1-->Asking this favour at the last is like a lady's letter - the object to be found 
<lb/>in the Post script. Many &amp; cordial thanks for your letters long short 
<lb/>crossed &amp; 
<lb/>all</p>
<lb/><p><!-- written sideways in middle of p. 4 above envelope folding-->Poor <persName ref="#d1e660"><surname><unclear cert="low">Maclellan</unclear></surname></persName> - dead. We must 
<lb/>work hard <unclear cert="low">now</unclear> for soon the 
<lb/>night cometh. <persName ref="#d1e672"><surname><unclear cert="high">Moore</unclear></surname></persName> at home too</p>
<lb/><p>Care of <persName><choice><abbr>Rev</abbr><expan>Reverend</expan></choice><hi rend="sup">d</hi> D<hi rend="sup">r</hi><surname>Philip</surname></persName></p>
<lb/><p><placeName>Cape Town</placeName></p>
<lb/><p><persName ref="#d1e699">Benjamin Pyne Esq<hi rend="underline">re</hi></persName></p>
<lb/><p><placeName>Wildingtree </placeName></p>
<lb/><p><placeName>Ongar</placeName></p>
<lb/><p><placeName><hi rend="underline">Essex</hi></placeName></p><!--postmark 01 Al 23DE23 1846--><!-- postmark 02 SHIP-LETTER--><!--postmark 03 ONGAR-CHIPPING-->
<lb/><p><!--Hand 03 written sideways up envelope in another hand-->May <unclear cert="medium">28</unclear> 1846</p>
			
</div>
		</body>
	</text></TEI>