<?xml version="1.0" encoding="UTF-8"?>
<!--Converted from a TEI P4 XML file to the LEAP TEI P5 Schema by James Cummings on 2015-03-02-->
<?xml-model href="http://livingstoneonline.github.io/LEAP-ODD/leap.rng" type="application/xml" schematypens="http://relaxng.org/ns/structure/1.0"?>
<?xml-model href="http://livingstoneonline.github.io/LEAP-ODD/leap.rng" type="application/xml" schematypens="http://purl.oclc.org/dsdl/schematron"?>
<?xml-stylesheet type="text/xsl" href="http://livingstoneonline.github.io/LEAP-XSLT/transcription.xsl"?>
<TEI xmlns="http://www.tei-c.org/ns/1.0" xml:id="liv_000817"><!-- LP129 -->
	<teiHeader xmlns:tei="http://www.tei-c.org/ns/1.0">
		<fileDesc>
			<titleStmt>
				<title>Letter to Roderick Impey Murchison</title>
				<author xml:id="DL">David Livingstone</author>
			</titleStmt>
			<publicationStmt>
				<authority>Livingstone Online</authority>
				<pubPlace>London</pubPlace>
				<date>2005-05-04</date>
				<publisher>Wellcome Centre for the History of Medicine, UCL</publisher>
				<idno type="LEAP-ID">liv_000817</idno>
			</publicationStmt>
			<sourceDesc>
				<bibl xml:id="ccnumber">0337</bibl>
				<bibl xml:id="recipient">Roderick Impey Murchison</bibl>
				<bibl xml:id="date">20 August 1854</bibl>
				<bibl xml:id="where">Loanda</bibl>
				<bibl xml:id="shelfmark">Royal Geographical Society, DL 2-5-10</bibl><!-- 1854-08-20 -->
				<bibl xml:id="extent">4 pages</bibl>
			</sourceDesc>
		</fileDesc>
		<profileDesc><!--    We should likely start adding language information to our header
        However, we don't need to worry about it at present
--><!--
<langUsage>
<language id="en">English</language>
<language id="gre">Greek</language>
<language id="lat">Latin</language>
</langUsage>
-->
			<handNotes>
				<handNote xml:id="hand01">Scribe: an Unknown hand</handNote>
			</handNotes>
		</profileDesc>
		<revisionDesc>
			<change>
				<date>2006-10-10</date>
				<name xml:id="CO">Caroline Overy</name>Initial Transcription
			</change>
		</revisionDesc>
	</teiHeader>

	<text xmlns:tei="http://www.tei-c.org/ns/1.0">
		<body>
			<div>

	<pb n="0001" facs="liv_000817_0001"/><!--pb/@n='1'-->
<!-- not sure about hand 01 editing - some may be Livingstone's, I need help--><!-- hand 02 8 in circle top left--><!-- hand 03 DL 2/5/10-->
<lb/><p><add place="marginleft" hand="#hand01">See next page</add></p><!--whole page had a line through it-->
<lb/><p rend="right"><placeName>Loanda</placeName> 20<hi rend="sup"><hi rend="underline">th</hi></hi> August</p>
<lb/><p rend="right"><hi rend="underline">1854</hi></p>
<lb/><p><persName>Sir Roderick Impey Murchison</persName></p>
<lb/><p>Sir</p>
<lb/><p>The enclosed 
<lb/>is a sketch of my route from the town of 
<lb/><placeName>Sekeletu</placeName> to <placeName>Loanda</placeName> viz. down the <placeName>Chobe</placeName> and 
<lb/>up the <placeName>Zambesi</placeName> and <placeName>Leeba</placeName> in canoes. Then 
<lb/>through a portion of the <term type="tribe">Balonda</term> country 
<lb/>to <placeName>Cassange</placeName> the farthest inland station of 
<lb/>the Portuguese, and thence to this city 
<lb/>on oxback. It is intended to be supplemental 
<lb/>to a letter which I lately transmitted through 
<lb/><persName>Commander Bedingfield</persName>. And a mere 
<lb/>glance will enable you to <choice><sic>percieve</sic><corr>perceive</corr></choice>
<lb/>that <placeName>Loanda</placeName> is a well watered country. 
<lb/>To me it appeared remarkably so 
<lb/>in consequence of passing through it 
<lb/>during the rainy season. But though 

	<pb n="0002" facs="liv_000817_0002"/><!--pb/@n='2'-->
<lb/>the streams were much swollen I believe 
<lb/>that all <del type="strikethrough" hand="#hand01">those</del><add place="above" hand="#hand01">the streams</add> put down in the map 
<lb/>are perennial, for they were invariably 
<lb/>furnished with rustic bridges, and the 
<lb/>water though not extending far beyond 
<lb/>the banks submerged these structures 
<lb/>several feet deep. The close proximity, 
<lb/>(not more than 8 or 10 miles in some 
<lb/>instances) of streams flowing in totally 
<lb/>different directions through a level 
<lb/>country, excited my surprise.<!--end of striketrough line; line drawn across page, passage below not deleted--><!--written up side of lower half of undeleted page  "insert after 3rd sheet no 1."--><add place="marginleft" hand="#hand01">Begin</add><del type="strikethrough" hand="#hand01">And 
<lb/>not untill</del><add place="above" hand="#hand01">Only when</add> we reached the declivity 
<lb/>which forms the valley of <placeName>Cassangé</placeName>
<lb/>could I <choice><sic>concieve</sic><corr>conceive</corr></choice> why all <add place="above">the rivers</add> that flowed 
<lb/>North, North East or North West, ran in  
<lb/>much deeper <choice><sic>vallies</sic><corr>valleys</corr></choice> than those 
<lb/>which followed an opposite course. 
<lb/>The slopes down to the feeders of the 
<lb/><placeName>Casai</placeName> and <placeName>Quango</placeName> are more than 
<lb/>500 yards long and pretty steep, while 
<lb/>the beds of the branches of the <placeName>Leeba</placeName>
<lb/>are never more than ten yards 

	<pb n="0003" facs="liv_000817_0003"/><!--pb/@n='3'-->
<lb/><!-- hand 02 14 top right-->below the level of the surrounding country. 
<lb/>The whole valley of <placeName>Cassange</placeName> seems to have 
<lb/>been a work of denudation, for on 
<lb/>all sides the declivity presents the same 
<lb/>geological peculiarities<!-- es or ies - MJH-->, viz. a covering 
<lb/>of brown haematite, mixed with quartz 
<lb/>pebbles, lying upon bright-red friable 
<lb/>clay slate. This, differing only in 
<w>hard-<lb break="no"/>ness</w> and paleness of colour continues 
<lb/>to the bottom; but towards the centre 
<lb/>of the valley, it takes the form of 
<lb/>argillaceous schist. A detached 
<lb/>mountain, 7 or 8 miles S.S.W. of 
<lb/><placeName>Cassange</placeName>, called Kasala, and having 
<lb/>perpendicular sides all round, possesses 
<lb/>the same structure. I regret much 
<lb/>having no instruments to measure 
<lb/>the elevations of these parts, but 
<lb/>after ascending again at <placeName>Tala Mungongo</placeName>, 
<lb/>we appeared to descend again all 
<lb/>the way to Ambaca, where we met 
<lb/>primitive and secondary rocks. 

	<pb n="0004" facs="liv_000817_0004"/><!--pb/@n='4'-->
<lb/><!-- hand 02 15 top left-->the latter containing metals. <!--line through rest of this page-->Fever 
<lb/>prevented me from doing more in 
<lb/>that quarter than  ascertaining the 
<lb/>Latitudes of different points along 
<lb/>the road. they are put down in 
<lb/>black pencil and if I am successful 
<lb/>in my observations for the Longitude 
<lb/>while retracing my steps, I shall 
<lb/>take the liberty of forwarding <add place="above">the results</add> to you 
<lb/>from <placeName>Cassangé</placeName><!--is this an e acute?-->. the marks in 
<lb/>red pencil are intended to shew the 
<lb/>parts noted on the information of 
<lb/>others who, however, possessed no 
<lb/>means of ascertaining their true positions</p>
<lb/><p>Again apologizing for troubling 
<lb/>you with my communications </p><!-- following sig lines should all be rend='right' -->
<lb/><p rend="right">I am, Sir</p>
<lb/><p rend="right">Your most Faithful 
<lb/>Servant.</p>
<lb/><p rend="right">David Livingston</p>
			
</div>
		</body>
	</text></TEI>