<?xml version="1.0" encoding="UTF-8"?>
<!--Converted from a TEI P4 XML file to the LEAP TEI P5 Schema by James Cummings on 2015-03-02-->
<?xml-model href="http://livingstoneonline.github.io/LEAP-ODD/leap.rng" type="application/xml" schematypens="http://relaxng.org/ns/structure/1.0"?>
<?xml-model href="http://livingstoneonline.github.io/LEAP-ODD/leap.rng" type="application/xml" schematypens="http://purl.oclc.org/dsdl/schematron"?>
<?xml-stylesheet type="text/xsl" href="http://livingstoneonline.github.io/LEAP-XSLT/transcription.xsl"?>
<TEI xmlns="http://www.tei-c.org/ns/1.0" xml:id="liv_001532">
	<teiHeader xmlns:tei="http://www.tei-c.org/ns/1.0">
		<fileDesc>
			<titleStmt>
				<title>Letter to Heinrich Barth</title>
				<author xml:id="DL">David Livingstone</author>
			</titleStmt>
			<publicationStmt>
				<authority>Livingstone Online</authority>
				<pubPlace>London</pubPlace>
				<date/>
				<publisher>Wellcome Centre for the History of Medicine, UCL</publisher>
				<idno type="LEAP-ID">liv_001532</idno>
			</publicationStmt>
			<sourceDesc>
				<bibl xml:id="shelfmark">Royal Geographical Society, Barth Correspondence</bibl>
				<bibl xml:id="ccnumber">0989</bibl>
				<bibl xml:id="recipient">Heinrich Barth</bibl>
				<bibl xml:id="date">6 February 1860</bibl>
				<bibl xml:id="where">Tette</bibl>
			</sourceDesc>
		</fileDesc>
		<profileDesc>
			<langUsage>
				<language ident="en">English</language>
			</langUsage>
			<handNotes>
				<handNote xml:id="hand01">Scribe: Unknown</handNote>
			</handNotes>
		</profileDesc>
		<revisionDesc>
			<change>
				<date>16-01-09</date>
				<name xml:id="initials">SM</name>Initial Transcription by Sharon Messenger
			</change>
			<change>
				<date>2009-01-22</date>
				<name xml:id="CL">Christopher Lawrence</name>Proof by Chris Lawrence
			</change>
		</revisionDesc>
	</teiHeader>

	<text xmlns:tei="http://www.tei-c.org/ns/1.0">
		<body xml:lang="en">
			<div>

	<pb n="0001" facs="liv_001532_0001"/><!--pb/@n='1'--> 
<!--
<p rend="left">D. Livingstone an H. Barth <lb/></p>
<p rend="right">StA</p>
-->
<lb/><p rend="right"><placeName><choice><sic>Jette</sic><corr>Tette</corr></choice></placeName> 6<hi rend="sup">th</hi>February 1860 </p>
<lb/><p rend="right"><persName>Dr. Henry Barth</persName></p>
<lb/><p rend="left">My Dear Sir </p>
<lb/><p>It was extremely kind in you to remem<add place="above">b</add>er <choice><sic>u s</sic><corr>us</corr></choice> and send 
<lb/>the remaining volumes of your work, <choice><sic>an</sic><corr>and</corr></choice> I beg leave to tender you 
<lb/>my hearty thanks for your generosity. You no doubt recollected the 
<lb/>time when you were placed in similar but much more unfavourable 
<w>cir-<lb break="no"/>cumstances</w> and kindly sympathised with us. Many thanks for your 
<w>kind-<lb break="no"/>ness.</w></p>
<lb/><p>We have been prevented from going at once up to the <placeName>Makolo 
<w>coun-<lb break="no"/>try</w></placeName> by a wretched sham of a vessel - rue of the contraction for which 
<lb/>promised before we got it that she should carry ten or twelve tons 
<lb/>and the other declared after we got it that she was designed to carry 
<lb/>only <add place="above">a few</add> "a very few persons". Well this piece of honesty led us up the 
<lb/><placeName><choice><reg>S</reg><orig>s</orig></choice>hire</placeName> and to the discovery of two magnificent Lakes. The country 
<w>ad-<lb break="no"/>jacent</w> to them is elevated and very beautiful, and so far we have <add place="above">had</add> no 
<lb/>reason to regret the delay. We are now anxiously expecting a steamer 
<lb/>capable of ascending the rapids which from what we observed at low 
<lb/>water we suppose passable when the river is in flood but should it 
<lb/>not make its appearance we shall proceed on foot or in a whaler in 
<lb/>about 6 weeks. </p>
<lb/><p rend="center">With good wishes for your health Happiness </p>
<lb/><p rend="center">I am Dear Sir </p>
<lb/><p rend="center">your obliged St. </p>
<lb/><p rend="center">David Livingstone </p>
<lb/><p rend="left">I beg leave to congratulate you on the honour conferred by <persName>Her 
<lb/>Majesty the Queen.</persName></p>
<lb/><p rend="center">D.L. </p>
			
</div>
		</body>
	</text></TEI>