<?xml version="1.0" encoding="UTF-8"?>
<!--Converted from a TEI P4 XML file to the LEAP TEI P5 Schema by James Cummings on 2015-03-02-->
<?xml-model href="http://livingstoneonline.github.io/LEAP-ODD/leap.rng" type="application/xml" schematypens="http://relaxng.org/ns/structure/1.0"?>
<?xml-model href="http://livingstoneonline.github.io/LEAP-ODD/leap.rng" type="application/xml" schematypens="http://purl.oclc.org/dsdl/schematron"?>
<?xml-stylesheet type="text/xsl" href="http://livingstoneonline.github.io/LEAP-XSLT/transcription.xsl"?>
<TEI xmlns="http://www.tei-c.org/ns/1.0" xml:id="liv_000993">
	<teiHeader xmlns:tei="http://www.tei-c.org/ns/1.0">
		<fileDesc>
			<titleStmt>
				<title>Letter to Frank Vardon</title>
				<author xml:id="DL">David Livingstone</author>
			</titleStmt>
			<publicationStmt>
				<authority>Livingstone Online</authority>
				<pubPlace>London</pubPlace>
				<date/>
				<publisher>Wellcome Centre for the History of Medicine, UCL</publisher>
				<idno type="LEAP-ID">liv_000993</idno>
			</publicationStmt>
			<sourceDesc>
				<bibl xml:id="shelfmark">National Library of Scotland, MS.20312, ff. 28-29</bibl>
				<bibl xml:id="ccnumber">0497.3</bibl>
				<bibl xml:id="recipient">Frank Vardon</bibl>
				<bibl xml:id="date">8 April [1857]</bibl>
				<bibl xml:id="where">57 Sloane Street</bibl>
			</sourceDesc>
		</fileDesc>
		<profileDesc>
			<langUsage>
				<language ident="en">English</language>
			</langUsage>
			<handNotes>
				<handNote xml:id="hand01">Scribe: Unknown</handNote>
			</handNotes>
		</profileDesc>
		<revisionDesc>
			<change>
				<date/>
				<name xml:id="SM">Sharon Messenger</name>Initial Transcription by Sharon Messenger
			</change>
			<change>
				<date>2007-08-07</date>
				<name xml:id="CL">Chris Lawrence</name>Proofed by Chris
			</change>
		</revisionDesc>
	</teiHeader>

	<text xmlns:tei="http://www.tei-c.org/ns/1.0">
		<body xml:lang="en">
			<div>

	<pb n="0001" facs="liv_000993_0001"/><!--pb/@n='1'-->
<lb/><p rend="right"><placeName>57 Sloane St</placeName></p>
<lb/><p rend="right">8<hi rend="sup">th</hi> April <add place="inline" hand="#hand01">[1857]</add></p>
<lb/><p>My Dear <persName>Major Vardon</persName></p>
<lb/><p>Can you possibly 
<lb/>find the scientific 
<lb/>names of the Lake 
<lb/>shells brought 
<lb/>home by <persName>Oswell</persName><reg>.</reg>
<lb/>He is in town 
<lb/>now and called 
<lb/>here a day or two 
<lb/>ago. I was out<reg>.</reg>

	<pb n="0002" facs="liv_000993_0002"/><!--pb/@n='2'--> 
<lb/>I send you by this 
<lb/>post three pieces 
<lb/>of the book. I have 
<lb/>got <persName>Mr Binney</persName>
<lb/>to aid me too 
<lb/>in revision<reg>.</reg></p>
<lb/><p>Went yesterday 
<lb/>to the <persName>Lord Mayor</persName>
<lb/>&amp; got £200 - and 
<lb/>told him I wanted 
<lb/>the money put 

	<pb n="0003" facs="liv_000993_0003"/><!--pb/@n='3'--> 
<lb/>into the bank 
<lb/>of Coutts &amp; co. So 
<lb/>I hope <persName>M<hi rend="sup">r</hi> Wire</persName>
<lb/>will save himself 
<lb/>the trouble of 
<lb/>finding it for me<reg>.</reg></p>
<lb/><p>Ever yours 
<lb/><persName>D Livingstone</persName></p>
			
</div>
		</body>
	</text></TEI>