<?xml version="1.0" encoding="UTF-8"?>
<!--Converted from a TEI P4 XML file to the LEAP TEI P5 Schema by James Cummings on 2015-03-02-->
<?xml-model href="http://livingstoneonline.github.io/LEAP-ODD/leap.rng" type="application/xml" schematypens="http://relaxng.org/ns/structure/1.0"?>
<?xml-model href="http://livingstoneonline.github.io/LEAP-ODD/leap.rng" type="application/xml" schematypens="http://purl.oclc.org/dsdl/schematron"?>
<?xml-stylesheet type="text/xsl" href="http://livingstoneonline.github.io/LEAP-XSLT/transcription.xsl"?>
<TEI xmlns="http://www.tei-c.org/ns/1.0" xml:id="liv_001228">
	<teiHeader xmlns:tei="http://www.tei-c.org/ns/1.0">
		<fileDesc>
			<titleStmt>
				<title>Letter to John Washington</title>
				<author xml:id="DL">David Livingstone</author>
			</titleStmt>
			<publicationStmt>
				<authority>Livingstone Online</authority>
				<pubPlace>London</pubPlace>
				<date>09-08-2009</date>
				<publisher>Wellcome Centre for the History of Medicine, UCL</publisher>
				<idno type="LEAP-ID">liv_001228</idno>
			</publicationStmt>
			<sourceDesc>
				<bibl xml:id="shelfmark">The National Museum of the Royal Navy, Portsmouth, UK, MSS 120</bibl>
				<bibl xml:id="ccnumber">0709</bibl>
				<bibl xml:id="recipient">John Washington</bibl>
				<bibl xml:id="date">12 February 1858</bibl>
				<bibl xml:id="where">18 Hart St., Bloomsbury</bibl>
			</sourceDesc>
		</fileDesc>
		<profileDesc>
			<langUsage>
				<language ident="en">English</language>
			</langUsage>
			<handNotes>
				<handNote xml:id="hand01">Scribe: Unknown</handNote>
			</handNotes>
		</profileDesc>
		<revisionDesc>
			<change>
				<date/>
				<name xml:id="initials">SM</name>Initial Transcription by Sharon Messenger
			</change>
			<change>
				<date>2009-08-24</date>
				<name xml:id="CL">Chris Lawrence</name>Proofed by Chris
			</change>
		</revisionDesc>
	</teiHeader>

	<text xmlns:tei="http://www.tei-c.org/ns/1.0">
		<body xml:lang="en">
			<div>

	<pb n="0001" facs="liv_001228_0001"/><!--pb/@n='1'-->
<lb/><p rend="right"><placeName>18 Hart St.</placeName></p>
<lb/><p rend="right"><placeName>Bloomsbury</placeName></p>
<lb/><p rend="right">12 Feby 1858 </p>
<lb/><p rend="left"><hi rend="underline">Private</hi></p>
<lb/><p>Dear <persName>Cap<hi rend="underline"><hi rend="sup">n</hi></hi> Washington </persName></p>
<lb/><p>I beg leave to 
<lb/>forward to you 
<lb/><persName>M<hi rend="sup"><hi rend="underline">r</hi></hi> Baines'</persName> formal 
<lb/>application for 
<lb/>a sum to be 
<lb/>paid statedly to 
<lb/>his mother, and 
<lb/>feel sure that 

	<pb n="0002" facs="liv_001228_0002"/><!--pb/@n='2'--> 
<lb/>you will do kindly 
<lb/>do what you 
<lb/>can to forward 
<lb/>his laudable 
<lb/>desire. </p>
<lb/><p>The complaint 
<lb/>of <persName>M<hi rend="underline"><hi rend="sup">r</hi></hi> Welsh</persName> about 
<lb/>the chronometer 
<lb/>having run down 
<lb/>was frivolous. 
<lb/>I wrote a sharp 
<lb/>letter to <persName>M<hi rend="sup">r</hi> Charles 
<lb/>Livingstone </persName> on 

	<pb n="0003" facs="liv_001228_0003"/><!--pb/@n='3'--> 
<lb/><choice><sic>recieving</sic><corr>receiving</corr></choice> the report 
<lb/>and on further 
<lb/>investigation felt 
<lb/>ashamed that I had done it. The watch 
<lb/>did not run 
<lb/>down but stopped 
<lb/>and evoked the ejaculation 
<lb/>"Hallo! have I 
<lb/>forgot to wind 
<lb/>it up" on trial 
<lb/>with the key 

	<pb n="0004" facs="liv_001228_0004"/><!--pb/@n='4'--> 
<lb/>it was found 
<lb/><hi rend="underline">wound</hi> up. <persName>Capt<hi rend="sup">n</hi>
<lb/>Haig</persName> asked if it 
<lb/>had been neglected 
<lb/>and <choice><sic>recieved</sic><corr>received</corr></choice> the 
<lb/>reply No. <persName>M<hi rend="sup">r</hi>
<lb/>Welsh</persName> overhearing 
<lb/>this <hi rend="underline">infers</hi> &amp; the 
<lb/><hi rend="underline">inference</hi> is gravely 
<lb/>reported to you 
<lb/>as a fact. I was very much 

	<pb n="0005" facs="liv_001228_0005"/><!--pb/@n='5'--> 
<lb/>annoyed by the 
<lb/>idea that my 
<lb/>brother was 
<lb/>careless in the 
<lb/>performance of 
<lb/>his duty. He 
<lb/>walked all the 
<lb/>way from 
<lb/><placeName>Highbury</placeName> to this 
<lb/>about midnight 
<lb/>and back again 
<lb/>after <choice><sic>recieving</sic><corr>receiving</corr></choice>

	<pb n="0006" facs="liv_001228_0006"/><!--pb/@n='6'--> 
<lb/>my note and 
<lb/>after spending 
<lb/>a sleepless night 
<lb/>(I was out till 
<lb/>(12 1/2) was here 
<lb/>again early this 
<lb/>morning to 
<lb/>explain. </p>
<lb/><p>I should 
<lb/>like to know 
<lb/>if our magnetical 

	<pb n="0007" facs="liv_001228_0007"/><!--pb/@n='7'--> 
<lb/>observations 
<lb/>will come through 
<lb/><persName>M<hi rend="sup">r</hi> Welsh's</persName>
<lb/>hands - He stated 
<lb/>that <persName>M<hi rend="sup"><hi rend="underline">r</hi></hi> C. Livingstone</persName>
<lb/>was ignorant 
<lb/>of logarithms. 
<lb/>Now <persName>M<hi rend="sup">r</hi> Welsh</persName>
<lb/>never said a 
<lb/>word to him 
<lb/>about them 
<lb/>and he <add place="above"><persName>M<hi rend="sup"><hi rend="underline">r</hi></hi> L.</persName></add> is moreover 

	<pb n="0008" facs="liv_001228_0008"/><!--pb/@n='8'--> 
<lb/>(though perhaps a 
<lb/>little rusty from 
<lb/>disuse) thoroughly 
<lb/>educated being 
<lb/>B.A. of his 
<lb/>college. If there 
<lb/>is not a sacred 
<lb/>regard to truth in 
<lb/>those to whom our 
<lb/>observations <add place="above">may</add> come 
<lb/>the zeal of the Expedition 
<lb/>for magnetism will 
<lb/>undoubtedly sink to 
<lb/>zero perhaps below it<reg>.</reg>

	<pb n="0009" facs="liv_001228_0009"/><!--pb/@n='9'--> 
<lb/>I write you because 
<lb/>as I am to be 
<lb/>introduced to her <persName>Majesty</persName> tomorrow 
<lb/>besides the dinner 
<lb/>in the evening 
<lb/>I fear I may 
<lb/>not have the 
<lb/>pleasure of 
<lb/>waiting on you 
<lb/>till Monday<reg>.</reg>

	<pb n="0010" facs="liv_001228_0010"/><!--pb/@n='10'--> 
<lb/>Will you kindly 
<lb/>aid me about 
<lb/>the chronometer? 
<lb/>I have thought 
<lb/>a box one 
<lb/>will be preferable<reg>.</reg>
<lb/>A note from 
<lb/>you to the Astronomer 
<lb/>Royal and 
<lb/>if necessary 

	<pb n="0011" facs="liv_001228_0011"/><!--pb/@n='11'--> 
<lb/>an order for 
<lb/>one of the tried 
<lb/>ones to be 
<lb/>paid for (£30 
<lb/>or a bit more) 
<lb/>by me. The 
<lb/>lady came this 
<lb/>morning and 
<lb/>wished me 
<lb/>to go &amp; buy it 
<lb/>at once <reg>.</reg></p>

	<pb n="0012" facs="liv_001228_0012"/><!--pb/@n='12'-->
<lb/><p>I send all my 
<lb/>packages to 
<lb/><placeName>Liverpool</placeName> tomorrow 
<lb/>(Saturday) and 
<lb/>will visit my 
<lb/>children for the 
<lb/>last time on <choice><reg>Tuesday</reg><orig>t</orig></choice><reg>.</reg></p>
<lb/><p rend="center">I am &amp;c </p>
<lb/><p rend="center"><persName>David Livingstone</persName></p>
			
</div>
		</body>
	</text></TEI>