<?xml version="1.0" encoding="UTF-8"?>
<!--Converted from a TEI P4 XML file to the LEAP TEI P5 Schema by James Cummings on 2015-03-02-->
<?xml-model href="http://livingstoneonline.github.io/LEAP-ODD/leap.rng" type="application/xml" schematypens="http://relaxng.org/ns/structure/1.0"?>
<?xml-model href="http://livingstoneonline.github.io/LEAP-ODD/leap.rng" type="application/xml" schematypens="http://purl.oclc.org/dsdl/schematron"?>
<?xml-stylesheet type="text/xsl" href="http://livingstoneonline.github.io/LEAP-XSLT/transcription.xsl"?>
<TEI xmlns="http://www.tei-c.org/ns/1.0" xml:id="liv_001788">
	<teiHeader xmlns:tei="http://www.tei-c.org/ns/1.0">
		<fileDesc>
			<titleStmt>
				<title>Letter to John Washington</title>
				<author xml:id="DL">David Livingstone</author>
			</titleStmt>
			<publicationStmt>
				<authority>Livingstone Online</authority>
				<pubPlace>London</pubPlace>
				<date>2009-10-08</date>
				<publisher>Wellcome Centre for the History of Medicine, UCL</publisher>
				<idno type="LEAP-ID">liv_001788</idno>
			</publicationStmt>
			<sourceDesc>
				<bibl xml:id="shelfmark">The National Museum of the Royal Navy, Portsmouth, UK, MSS 120</bibl>
				<bibl xml:id="ccnumber">1236</bibl>
				<bibl xml:id="recipient">John Washington</bibl>
				<bibl xml:id="date">6 June 1862</bibl>
				<bibl xml:id="where">Kongone</bibl>
			</sourceDesc>
		</fileDesc>
		<profileDesc>
			<langUsage>
				<language ident="en">English</language>
			</langUsage>
			<handNotes>
				<handNote xml:id="hand01">Scribe: Unknown</handNote>
			</handNotes>
		</profileDesc>
		<revisionDesc>
			<change>
				<date>2009-10-08</date>
				<name xml:id="CO">Caroline Overy</name>Initial Transcription by Caroline Overy
			</change>
			<change>
				<date>2010-23-01</date>
				<name xml:id="CL">Chris Lawrence</name>Proofed by Chris Lawrence
			</change>
		</revisionDesc>
	</teiHeader>

	<text xmlns:tei="http://www.tei-c.org/ns/1.0">
		<body xml:lang="en">
			<div>

	<pb n="0001" facs="liv_001788_0001"/><!--pb/@n='1r'-->
<lb/><p rend="right">6<hi rend="sup"><hi rend="underline">th</hi></hi> June 1862. <placeName>Kongone</placeName></p>
<lb/><p>We must go up &amp; launch 
<lb/>the vessel and come down 
<lb/>again when a ship arrives 
<lb/>with our Johanna crew 
<lb/>and provisions. I am sorry 
<lb/>for this grievous delay but 
<lb/>no vessel has been able to 
<lb/>call between 20<hi rend="sup"><hi rend="underline">th</hi></hi> May &amp; 1<hi rend="sup"><hi rend="underline">st</hi></hi> June<reg>.</reg></p>
<lb/><p>We beached the <term type="boat">Pioneer</term> &amp; 
<lb/>recoppered her stern which 
<lb/>had been torn by the anchor 
<lb/>&amp; by touching the ground - 
<lb/>the boilers were emptied but 
<lb/>it strained her somewhat<reg>.</reg>
<lb/>We are sadly in want of 
<lb/>caulking &amp; paint.</p>
<lb/><p>A note from <persName>D<hi rend="sup"><hi rend="underline">r</hi></hi> Kirk</persName> at 
<lb/><placeName>Shupanga</placeName> to which he came 
<lb/>from <placeName>Tette</placeName> on 26<hi rend="sup"><hi rend="underline">th</hi></hi> ult. says 
<lb/>that the Governor of <placeName>Tette</placeName>

	<pb n="0002" facs="liv_001788_0002"/><!--pb/@n='1v'-->
<lb/>was remarkably kind and 
<lb/>hospitable keeping open 
<lb/>house for him while there 
<lb/>one evening he touched on 
<lb/>our liberating captives from 
<lb/>his slave hunters on the 
<lb/><placeName>Manganja</placeName> and said that 
<lb/>he had corresponded with 
<lb/>his brother the Governor 
<lb/>General of <placeName>Mosambique</placeName>
<lb/>on the subject &amp; that the 
<lb/>Governor General said 
<lb/>"the Portuguese law allowed 
<lb/>it and when far beyond 
<lb/>Portuguese power the 
<lb/>slave hunters must repel 
<lb/>force by force &amp; in so 
<lb/>doing they would only be 
<lb/>defending themselves from 
<lb/>robbery." <choice><reg>T</reg><orig>t</orig></choice>his is the man 
<lb/>who tells all our officers 

	<pb n="0003" facs="liv_001788_0003"/><!--pb/@n='2r'-->
<lb/>how much he hates slavery 
<lb/>and all except <persName>Lyons 
<lb/>Macleod</persName> believe him. 
<lb/>It is virtually authorizing 
<lb/>his brother at <placeName>Tette</placeName> to 
<lb/>do as much slavehunting 
<lb/>on our footsteps as 
<lb/>possible &amp; he will screen 
<lb/>him through it all.</p>
<lb/><p>We understand that 
<lb/>the Governor of Lisbon 
<lb/>has decreed that all children 
<lb/>born of slaves are free 
<lb/>&amp; slavery is to cease in nine 
<lb/>or ten years. The Governors 
<lb/>here work with great 
<lb/>duplicity and as I suspected 
<lb/>wish to work us out<reg>.</reg>
<lb/>All however is fair 
<lb/>outside.</p>
<lb/><p>A private called <persName><unclear cert="low">Belshore</unclear></persName>

	<pb n="0004" facs="liv_001788_0004"/><!--pb/@n='2v'-->
<lb/>was seen by the D<hi rend="sup"><hi rend="underline">r</hi></hi> at <placeName>Shigogo</placeName>
<lb/>with a horde of armed negroes. 
<lb/>He has driven <persName>Chibisa</persName> away 
<lb/>and depopulated the country 
<lb/>where <persName>Chibisa</persName> was opposite 
<lb/><placeName>Chiramba</placeName> - <placeName>Zambesi</placeName>. He is 
<lb/>now going to the mission on 
<lb/>pretence of asking <persName>Dickenson</persName>
<lb/>to cure him of blindness 
<lb/>the effects of venereal disease<reg>.</reg>
<lb/>He will destroy all the villages 
<lb/>on the right bank of the <placeName>Shire</placeName>
<lb/>and pay himself in slaves 
<lb/>then the Governor of Tette will 
<lb/>come in - disallow it all - 
<lb/>and claim the country as 
<lb/>Portuguese by conquest.</p>
<lb/><p>I am glad to hear from 
<lb/><persName>Rae</persName> that you knew &amp; had 
<lb/>taken precautions about the 
<lb/><placeName>Rovuma</placeName> before I knew - 
<lb/>the change at court is in our 
<lb/>favour. We shall go to <placeName>Rovuma</placeName>
<lb/>as soon as we launch 
<lb/>on the Lake<reg>.</reg></p>
<lb/><p><add place="inline" hand="#hand01">D<hi rend="sup">r</hi> Livingstone</add></p>

	<pb n="0005" facs="liv_001788_0005"/><!--pb/@n='3r'-->
<lb/><p>While beginning a trade 
<lb/>in cotton on the Lake we 
<lb/>think no time need be 
<lb/>lost as to commencing 
<lb/>one in wood on <placeName>Rovuma</placeName>
<lb/>the Ebony close to the bank was as thick 
<lb/>as a man's body &amp; 
<lb/>other woods suitable 
<lb/>for shipbuilding 
<lb/>seemed abundant<reg>.</reg>
<lb/>We saw no Lignum 
<lb/>vitae in the first 30 
<lb/>miles but good dye 
<lb/>wood - this seems to 
<lb/>be feasible if we have 
<lb/>our health. We hope 
<lb/>to take <term type="boat">Pioneer</term> round 
<lb/>next flood<reg>.</reg></p>

	<pb n="0006" facs="liv_001788_0006"/><!--pb/@n='4r'-->
<lb/><p>I hope you will excuse 
<lb/>my troubling you with 
<lb/>the watch I sent home 
<lb/><persName>Gedye</persName> owes me £20 
<lb/>and <persName>Hardisty</persName> £6 of 
<lb/>private money - from these sums the price 
<lb/>will be taken and 
<lb/>if repaired I shall feel 
<lb/>obliged if you give 
<lb/>it to my daughter 
<lb/><persName>Agnes</persName>. Possibly 
<lb/>the 
<lb/>maker will be able 
<lb/>to put it to rights better 
<lb/>than any other or give 
<lb/>another instead.</p>
<lb/><p>Excuse my troubling 
<lb/>you this<reg>.</reg></p>
<lb/><p rend="center">David Livingstone</p>
			
</div>
		</body>
	</text></TEI>