<?xml version="1.0" encoding="UTF-8"?>
<!--Converted from a TEI P4 XML file to the LEAP TEI P5 Schema by James Cummings on 2015-03-02-->
<?xml-model href="http://livingstoneonline.github.io/LEAP-ODD/leap.rng" type="application/xml" schematypens="http://relaxng.org/ns/structure/1.0"?>
<?xml-model href="http://livingstoneonline.github.io/LEAP-ODD/leap.rng" type="application/xml" schematypens="http://purl.oclc.org/dsdl/schematron"?>
<?xml-stylesheet type="text/xsl" href="http://livingstoneonline.github.io/LEAP-XSLT/transcription.xsl"?>
<TEI xmlns="http://www.tei-c.org/ns/1.0" xml:id="liv_001631">
	<teiHeader xmlns:tei="http://www.tei-c.org/ns/1.0">
		<fileDesc>
			<titleStmt>
				<title>Letter to John Washington</title>
				<author xml:id="DL">David Livingstone</author>
			</titleStmt>
			<publicationStmt>
				<authority>Livingstone Online</authority>
				<pubPlace>London</pubPlace>
				<date>2009-08-17</date>
				<publisher>Wellcome Centre for the History of Medicine, UCL</publisher>
				<idno type="LEAP-ID">liv_001631</idno>
			</publicationStmt>
			<sourceDesc>
				<bibl xml:id="shelfmark">The National Museum of the Royal Navy, Portsmouth, UK, MSS 120</bibl>
				<bibl xml:id="ccnumber">1084</bibl>
				<bibl xml:id="recipient">John Washington</bibl>
				<bibl xml:id="date">5 March 1861</bibl>
				<bibl xml:id="where">Rovuma Bay</bibl>
			</sourceDesc>
		</fileDesc>
		<profileDesc>
			<langUsage>
				<language ident="en">English</language>
			</langUsage>
			<handNotes>
				<handNote xml:id="hand01">Scribe: Unknown</handNote>
			</handNotes>
		</profileDesc>
		<revisionDesc>
			<change>
				<date>2009-08-17</date>
				<name xml:id="SM">Sharon Messenger</name>Initial Transcription by Sharon Messenger
			</change>
			<change>
				<date>2009-09-05</date>
				<name xml:id="CL">Chris Lawrence</name>Proofed by Chris Lawrence
			</change>
		</revisionDesc>
	</teiHeader>

	<text xmlns:tei="http://www.tei-c.org/ns/1.0">
		<body xml:lang="en">
			<div>

	<pb n="0001" facs="liv_001631_0001"/><!--pb/@n='1'-->
<lb/><p rend="right"><placeName>Rovuma Bay</placeName></p>
<lb/><p rend="right">5<hi rend="underline"><hi rend="sup">th</hi></hi> March 1861 </p>
<lb/><p>Dear <persName>Captain Washington</persName></p>
<lb/><p>We have been 
<lb/>here eight days waiting 
<lb/>for H.M.S. Lyra with 
<lb/>coals - cannot <choice><sic>concieve</sic><corr>conceive</corr></choice>
<lb/>what detains her as 
<lb/>we expected her on the 
<lb/>1<hi rend="sup"><hi rend="underline">st</hi></hi> and <persName>Captain Oldfield</persName>
<lb/>is not the man to 
<lb/>delay without cause. </p>
<lb/><p><placeName>Rovuma</placeName> promises 
<lb/>fairly. A very large 
<lb/>deep bay. <choice><reg>T</reg><orig>t</orig></choice>he 

	<pb n="0002" facs="liv_001631_0002"/><!--pb/@n='2'--> 
<lb/>river's mouth a mile 
<lb/>wide, and no bar. 
<lb/><persName>M<hi rend="underline"><hi rend="sup">r</hi></hi> May</persName> got no 
<lb/>bottom at seventeen 
<lb/>fathoms across the 
<lb/>mouth. An immense 
<lb/>body of water rushes 
<lb/>out. We went up 
<lb/>some eight miles in 
<lb/>the boat and found 
<lb/>it to be in full flood<reg>.</reg>
<lb/>High land begins 
<lb/>about that distance 
<lb/>from the mouth 
<lb/>so we seem to have 
<lb/>a very short delta<reg>.</reg>

	<pb n="0003" facs="liv_001631_0003"/><!--pb/@n='3'--> 
<lb/>It <add place="above">(country)</add> is well wooded &amp; 
<lb/>many snags shew 
<lb/>that character higher 
<lb/>up. People speak 
<lb/>the same language 
<lb/>as at <placeName>Senna</placeName> (nearly) 
<lb/>so we shall get on. 
<lb/>We expect the Bishop 
<lb/>by Lyra. He agreed, 
<lb/>not without a pang, 
<lb/>to postpone landing 
<lb/>in <placeName>Africa</placeName> for three 
<lb/>months. This takes 
<lb/>him over the three 
<lb/>most <hi rend="underline">unhealthy</hi> into 
<lb/>the three most <hi rend="underline">healthy</hi>

	<pb n="0004" facs="liv_001631_0004"/><!--pb/@n='4'--> 
<lb/>months of the year and 
<lb/>should <placeName>Rovuma</placeName>
<lb/>answer our expectations 
<lb/>he will make his 
<lb/>settlement there &amp; so 
<lb/>will we quite away 
<lb/>from Portuguese 
<lb/>pretensions. Had we 
<lb/>taken them up to 
<lb/><placeName>Murchison's Cataracts</placeName>
<lb/>it would have been 
<lb/>subjecting them to 
<lb/>the risk run by the 
<lb/><placeName>Linyanti</placeName> mission<reg>.</reg>
<lb/>His (the bishop's) luggage 
<lb/>&amp; some of his people 
<lb/>are landed at <placeName>Johanna</placeName>

	<pb n="0005" facs="liv_001631_0005"/><!--pb/@n='5'--> 
<lb/>as soon as we see 
<lb/>that there is a pathway 
<lb/>to <placeName>Nyassa</placeName> we go 
<lb/>to examine it while the 
<lb/>Pioneer goes to <placeName>Johanna</placeName>
<lb/>to bring the whole 
<lb/>party. We believe the 
<lb/>language may be 
<lb/>studied there as it is 
<lb/>said to be the Makoa 
<lb/>dialect. We like 
<lb/>what we have seen 
<lb/>of the bishop and 
<lb/>his party very much 
<lb/>and rejoice much 
<lb/>to see them as the 

	<pb n="0006" facs="liv_001631_0006"/><!--pb/@n='6'--> 
<lb/>first installment of 
<lb/>a mission destined 
<lb/>I hope to do great good 
<lb/>in <placeName>Africa</placeName><reg>.</reg></p>
<lb/><p>I have to beg you 
<lb/>to correct a mistake 
<lb/>into which I fell in 
<lb/>the prescription of our 
<lb/>famous Fever Powder<reg>.</reg>
<lb/>We went over to the 
<lb/>N.W. to examine 
<lb/>whether a creek shown 
<lb/>in the chart as a 
<lb/>mouth were really so. 
<lb/>It opens into the bay 

	<pb n="0007" facs="liv_001631_0007"/><!--pb/@n='7'--> 
<lb/>near its northern extremity 
<lb/>but it is simply a creek, 
<lb/>there is a mouth more 
<lb/>to the N.W. - no doubt as 
<lb/>we got into a goodly 
<lb/>stream of fresh water 
<lb/>by going S.W. and 
<lb/>went all day without 
<lb/>regaining the main 
<lb/>stream <add place="above">in the West</add> of <placeName>Rovuma</placeName>
<lb/>sleeping in the boat 
<lb/>I waked &amp; recollected 
<lb/>that I had given the 
<lb/>proportion of calomel 
<lb/>which ought to have 
<lb/>been Rhubarb &amp; 
<lb/>should you send the 

	<pb n="0008" facs="liv_001631_0008"/><!--pb/@n='8'--> 
<lb/>enclosed to <persName>D<hi rend="underline"><hi rend="sup">r</hi></hi> MacWilliam</persName>
<lb/>this mistake will be 
<lb/>corrected<reg>.</reg></p>
<lb/><p><persName>M<hi rend="underline"><hi rend="sup">r</hi></hi> May</persName> knows his 
<lb/>work and I am right 
<lb/>glad of the prospect 
<lb/>of getting at last 
<lb/>to mine. We cannot 
<lb/>part with our white 
<lb/>crew, and a month 
<lb/>in the river will be 
<lb/>no great risk. We 
<lb/>promise them double 
<lb/>pay while in the river. I keep 
<lb/><persName>Rowe</persName> as he is of great 
<lb/>use to us ashore. </p>
<lb/><p rend="center"><persName>David Livingstone</persName></p><addSpan spanTo="#p01-01" place="marginleft"><!--addSpan/@place='left hand margin of p. 1'--></addSpan>
<lb/><p>6 March Lyra in sight </p><anchor xml:id="p01-01"/><addSpan spanTo="#p05-01" place="marginleft"><!--addSpan/@place='left hand margin of p. 5'--></addSpan>
<lb/><p>Should <placeName>Rovuma</placeName> not prove favourable we 
<lb/>can go back to <placeName>Shire</placeName> &amp; in the healthiest time<reg>.</reg></p><anchor xml:id="p05-01"/>
			
</div>
		</body>
	</text></TEI>