<?xml version="1.0" encoding="UTF-8"?>
<!--Converted from a TEI P4 XML file to the LEAP TEI P5 Schema by James Cummings on 2015-03-02-->
<?xml-model href="http://livingstoneonline.github.io/LEAP-ODD/leap.rng" type="application/xml" schematypens="http://relaxng.org/ns/structure/1.0"?>
<?xml-model href="http://livingstoneonline.github.io/LEAP-ODD/leap.rng" type="application/xml" schematypens="http://purl.oclc.org/dsdl/schematron"?>
<?xml-stylesheet type="text/xsl" href="http://livingstoneonline.github.io/LEAP-XSLT/transcription.xsl"?>
<TEI xmlns="http://www.tei-c.org/ns/1.0" xml:id="liv_001364"><!-- LP37 --><!-- This header needs checking MH 2005-12-18 -->
	<teiHeader xmlns:tei="http://www.tei-c.org/ns/1.0">
		<fileDesc>
			<titleStmt>
				<title>Letter to Andrew Drew</title>
				<author xml:id="DL">David Livingstone</author>
			</titleStmt>
			<publicationStmt>
				<authority>Livingstone Project</authority>
				<pubPlace>London</pubPlace>
				<date>2004</date>
				<publisher>Wellcome Centre for the History of Medicine, UCL</publisher>
				<idno type="LEAP-ID">liv_001364</idno>
			</publicationStmt>
			<sourceDesc>
				<bibl xml:id="ccnumber">0833</bibl>
				<bibl xml:id="recipient">Andrew Drew</bibl>
				<bibl xml:id="date">27 September 1858</bibl>
				<bibl xml:id="where">Kongone Harbour</bibl>
				<bibl xml:id="shelfmark">Wellcome Library Ms. 7329/37</bibl><!--1858-09-27--><!--Original:1858-09-27-->
				<bibl xml:id="extent">4 pages</bibl>
			</sourceDesc>
		</fileDesc>
		<revisionDesc>
			<change>
				<date>18 Nov 2004</date>
				<name xml:id="CO">Caroline Overy</name>Initial Transcription
			</change>
			<change>
				<date>2006-02-13</date>
				<name xml:id="JB">Janet Browne</name>first proof
			</change>
			<change>
				<date>2006-02-23</date>
				<name xml:id="CL">Chris lawrence</name>second proof
			</change>
			<change>
				<date>2006-03-02</date>
				<name xml:id="SM">Sharon Messenger</name>final proof
			</change>
		</revisionDesc>
	</teiHeader>

	<text xmlns:tei="http://www.tei-c.org/ns/1.0">
		<body>
			<div>

	<pb n="0001" facs="liv_001364_0001"/><!--pb/@n='1'--> 
<!--Hand 01 30 top left--><!--Hand 02 56318 top right--><!--Hand= 03 <p>Livingstone <lb/>See reverse side <lb/>P.T.O.</p> slanting across top left corner-->
<lb/><p rend="right"><placeName><geogName>Kongone Harbour</geogName></placeName></p>
<lb/><p rend="right"><date when="1858-09-27">27<hi rend="sup">th</hi><choice><abbr>Sept<hi rend="sup"><hi rend="underline">r</hi></hi></abbr><expan>September</expan></choice> 1858</date></p>
<lb/><p>My Dear <persName>Captain <surname>Drew</surname></persName></p>
<lb/><p>I beg leave to tender 
<lb/>you and <persName>Mrs <surname>Drew</surname></persName> my 
<lb/>hearty thanks for your 
<lb/>kindness to me while with 
<lb/>you and if possible 
<lb/>heartier ones for your 
<lb/>generous kindness to 
<lb/>my <persName>wife</persName> after my 
<lb/>departure, I shall ever 
<lb/>retain a grateful sense 
<lb/>of your sympathy &amp; 
<lb/>may the <persName>Almighty</persName> abundantly 
<lb/>reward you.</p>

	<pb n="0002" facs="liv_001364_0002"/><!--pb/@n='2'-->
<lb/><p>I had just been up at <placeName><settlement>Tete</settlement></placeName>
<lb/>with my first cargo for I 
<lb/>have been compelled to turn 
<lb/>skipper myself. There we were 
<lb/>the first steamer that ever 
<lb/>appeared among them and 
<lb/>were visited with as much 
<lb/>interest as you would do 
<lb/>the Leviathan. We got a 
<lb/>ton and a half of coals 
<lb/>the very first ever digged in 
<lb/>this region. they were from 
<lb/>the surface where they have 
<lb/>been washed by the floods 
<lb/>of the rivulet in which they 
<lb/>appear for ages and yet 
<lb/>they gave pretty good steam 
<lb/>better the engineer says than 
<lb/>the American which he used 
<lb/>to get at <placeName><settlement type="city">New York</settlement></placeName>. We are 

	<pb n="0003" facs="liv_001364_0003"/><!--pb/@n='3'--> 
<lb/>rather glad of this for we have 
<lb/>a great abundance of both coal 
<lb/>and iron and with these two 
<lb/>there is hope of civilization<supplied resp="#CO">.</supplied>
<lb/>We see the <placeName>river<!--geog note: river--></placeName> at its lowest 
<lb/>nearly and though it has 
<lb/>fallen many feet since 
<lb/><persName>Captains <surname>Bedingfeld</surname></persName> and 
<lb/><persName><surname>Gordon</surname></persName> thought so favourably 
<lb/>of it there is not much 
<lb/>difference in its general 
<lb/>appearance. I had a good 
<lb/>deal of difficulty at one 
<lb/>spot where it is about 
<lb/>four miles wide. Indeed 
<lb/>I spent five days seeking 
<lb/>a channel but having 
<lb/>found it we came down 
<lb/>from <placeName><settlement>Tete</settlement></placeName> to Senna in 
<lb/>four days. Above <unclear cert="high" reason="hand"><placeName>Supata</placeName></unclear>
<lb/>it was all easy as it runs 
<lb/>one or two channels only<supplied resp="#CO">.</supplied></p>

	<pb n="0004" facs="liv_001364_0004"/><!--pb/@n='4'-->
<lb/><p><term type="boat">This vessel</term> draws 2 ft 6. when loaded 
<lb/>and is very weak in her engine being 
<lb/>but ten horse power. The canoes take 
<lb/>the shine out of us except when we are 
<lb/>coming down stream. Going up, they 
<lb/>pass us and look back at the 
<lb/><term type="boat">"Asthmatic"</term> as she ought to be called 
<lb/>slowly panting along.</p>
<lb/><p>My men <choice><sic>recieved</sic><corr>received</corr></choice> me with 
<lb/>unbounded joy at <placeName><settlement>Tete</settlement></placeName>. 36 have 
<lb/>fallen victims to <del type="strikethrough">fev</del> small pox 
<lb/>and six were murdered by a chief 
<lb/>in a drunken fit. for these our 
<lb/>hearts are very sore. By direction 
<lb/>of the <persName>admiral</persName><term type="boat">the Lynx</term> has offered 
<lb/>us any assistance in her power 
<lb/>and I have come down to <choice><sic>recieve</sic><corr>received</corr></choice>
<lb/>what we need. <term type="boat">The Furnace</term> has 
<lb/>been of service but as she draws 
<lb/>when loaded more than <term type="boat">the Launch</term>
<lb/>and the latter is very slow, swinging 
<lb/>round if furnace touches the least 
<lb/>sand, she has not done all we 
<lb/>expected. She is up at <placeName><settlement>Tete</settlement></placeName> now<supplied resp="#CO">.</supplied>
<lb/><persName>The Admiral</persName> and indeed all the naval 
<lb/>authorities including of course yourself 
<lb/>have been remarkably kind &amp; obliging</p>
<lb/><p>Kindest salutations to <persName>Miss <surname>Drew</surname></persName><!--signature cut off--></p>
			
</div>
		</body>
	</text></TEI>