<?xml version="1.0" encoding="UTF-8"?>
<!--Converted from a TEI P4 XML file to the LEAP TEI P5 Schema by James Cummings on 2015-03-02-->
<?xml-model href="http://livingstoneonline.github.io/LEAP-ODD/leap.rng" type="application/xml" schematypens="http://relaxng.org/ns/structure/1.0"?>
<?xml-model href="http://livingstoneonline.github.io/LEAP-ODD/leap.rng" type="application/xml" schematypens="http://purl.oclc.org/dsdl/schematron"?>
<?xml-stylesheet type="text/xsl" href="http://livingstoneonline.github.io/LEAP-XSLT/transcription.xsl"?>
<TEI xmlns="http://www.tei-c.org/ns/1.0" xml:id="liv_001175"><!-- LP110 -->
	<teiHeader xmlns:tei="http://www.tei-c.org/ns/1.0">
		<fileDesc>
			<titleStmt>
				<title>Letter to Robert Grosvenor, Lord Ebury</title>
				<author xml:id="DL">David Livingstone</author>
			</titleStmt>
			<publicationStmt>
				<authority>Livingstone Online</authority>
				<pubPlace>London</pubPlace>
				<date>2005-05-11</date>
				<publisher>Wellcome Centre for the History of Medicine, UCL</publisher>
				<idno type="LEAP-ID">liv_001175</idno>
			</publicationStmt>
			<sourceDesc>
				<bibl xml:id="ccnumber">0661</bibl>
				<bibl xml:id="recipient">Robert Grosvenor, Lord Ebury</bibl>
				<bibl xml:id="date">14 January 1858</bibl>
				<bibl xml:id="where">12 Kensington Palace Gdns</bibl>
				<bibl xml:id="shelfmark">National Library of Scotland Ms. 10768, ff. 24-27v</bibl><!-- Foliation checked 08-21-06 MJH-->
				<bibl xml:id="extent">8 pages</bibl>
			</sourceDesc>
		</fileDesc>
		<revisionDesc>
			<change>
				<date>2006-05-11</date>
				<name xml:id="CO">Caroline Overy</name>Initial Transcription
			</change>
			<change>
				<date>2006-05-26</date>
				<name xml:id="CL">Chris Lawrence</name>1st proof
			</change>
			<change>
				<date>2006-06-08</date>
				<name xml:id="JB">Janet Browne</name>2nd proof
			</change>
			<change>
				<date>2006-06-21</date>
				<name xml:id="SM">Sharon Messenger</name>final proof
			</change>
		</revisionDesc>
	</teiHeader>

	<text xmlns:tei="http://www.tei-c.org/ns/1.0">
		<body>
			<div>

	<pb n="0001" facs="liv_001175_0001"/><!--pb/@n='24'--> 
<!--Hand 01 9 top center--><!--Hand 02 24 top right-->
<lb/><p>12 Kensington Palace Gardens</p>
<lb/><p rend="right">14<hi rend="sup"><hi rend="underline">th</hi></hi> January 1858</p>
<lb/><p>My <persName>Lord Ebury</persName></p>
<lb/><p>I beg leave to 
<lb/>return my hearty thanks 
<lb/>for the kind expressions 
<lb/>contained in your 
<lb/>favour of the 2<hi rend="sup">d</hi><choice><abbr>Jan<hi rend="sup">y</hi>.</abbr><expan>January</expan></choice>
<lb/>and also for the kind 
<lb/>feeling which prompted 
<lb/>you to bring the subject 
<lb/>of the <term type="medical">Homoeopathic system</term>
<lb/>to my notice. I tried 

	<pb n="0002" facs="liv_001175_0002"/><!--pb/@n='24v'--> 
<lb/>the whole range of 
<lb/><term type="remedy">Homoeopathic globules</term> on 
<lb/>the natives of Africa &amp; 
<lb/>unfortunately without 
<lb/>ever producing or 
<lb/>alleviating a single 
<lb/>symptom. This was the 
<lb/>case also with my father 
<lb/>in law <persName>M<hi rend="sup"><hi rend="underline">r</hi></hi> Moffat</persName> &amp; 
<lb/>was a cause of regret 
<lb/>inasmuch as these forms 
<lb/>of medicine are so very 
<lb/>portable.</p>
<lb/><p>Among Boers, half castes 
<lb/>and others who are 
<lb/>accustomed to use coffee 
<lb/>tea condiments &amp;c the case 

	<pb n="0003" facs="liv_001175_0003"/><!--pb/@n='25'--> 
<lb/>was different. There the 
<lb/><term type="remedy">globules</term> were often very 
<lb/>useful as there is 
<lb/>at the time of their exhibition 
<lb/>usually a strict enforce
<lb/>ment of proper regimen. 
<lb/>With this latter I found 
<lb/>bread pills quite as 
<lb/>efficacious in curing 
<lb/>many complaints. And 
<lb/>I consequently became 
<lb/>a little sceptical as to the 
<lb/>value of the <term type="remedy">globules</term>. 
<lb/><term type="medical">Homoeopathy</term> has done 
<lb/>great good in exploding 
<lb/>the overdrugging system 
<lb/>which prevailed in this 

	<pb n="0004" facs="liv_001175_0004"/><!--pb/@n='25v'--> 
<lb/>country as it shewed 
<lb/>how much unassisted 
<lb/>nature can do. but 
<lb/>before pinning our 
<lb/>faith to the system 
<lb/>I think it would be fair 
<lb/>for those who believe 
<lb/>in it to shew what 
<lb/>is effected by their 
<lb/>art in <unclear cert="high">contradistinction</unclear>
<lb/>to what is effected by 
<lb/>nature. I never met 
<lb/>one who would pretend 
<lb/>to shew this. and as no 
<lb/>effects follow in the 
<lb/>native constitution 
<lb/>where the diet is of the 
<lb/>simplest kind I am disposed 

	<pb n="0005" facs="liv_001175_0005"/><!--pb/@n='26'--> 
<lb/>to attribute the effects 
<lb/>you have observed 
<lb/>to the regimen allowing 
<lb/>nature to have fair 
<lb/>play.</p>
<lb/><p>I passed through 
<lb/>the usual medical 
<lb/>curriculum but 
<lb/>was not taught 
<lb/>"<term type="medical">Allopathy</term>" though 
<lb/>I have seen statements 
<lb/>made by persons 
<lb/>who attended the 
<lb/>same classes to the 

	<pb n="0006" facs="liv_001175_0006"/><!--pb/@n='26v'--> 
<lb/>effect that they 
<lb/>in adopting the <term type="medical">Homoeopathic 
<lb/>system</term> had been converted 
<lb/>from <term type="medical">Allopathic 
<lb/>principles</term>. I dont 
<lb/>wonder at your 
<lb/>Lordship speaking with 
<lb/>scorn of the "thing 
<lb/>called Allopathy" for 
<lb/>it must have been 
<lb/>brought under your 
<lb/>notice by those who 
<lb/>believe in <term type="medical">Homoeopathy</term>
<lb/>using a nickname 
<lb/>which they have 

	<pb n="0007" facs="liv_001175_0007"/><!--pb/@n='27'--> 
<lb/>invented. I was taught 
<lb/>the Eclectic system 
<lb/>i.e. to choose the 
<lb/>good out of all 
<lb/>the systems - (and 
<lb/>many systems there 
<lb/>have been, each of 
<lb/>which had as much 
<lb/>claim on our regard 
<lb/>for cures effected 
<lb/>as <term type="medical">Homoeopathy</term>) - and 
<lb/>to leave the nonsense 
<lb/>as much as possible 
<lb/>alone. I am sensible 
<lb/>of no mental bias 

	<pb n="0008" facs="liv_001175_0008"/><!--pb/@n='27v'--> 
<lb/>against <term type="medical">Homoeopathy</term>
<lb/>I only wish that I 
<lb/>could find a tenth part 
<lb/>in it of the good some 
<lb/>see therein but I could 
<lb/>not trust my own 
<lb/>life in a serious illness 
<lb/>to it and I hope your 
<lb/>Lordship will not 
<lb/>when you really need 
<lb/>medicine lean on 
<lb/>nature alone</p>
<lb/><p>Again thanking your 
<lb/>Lordship for kindly 
<lb/>writing to me I am </p>
<lb/><p rend="center">Truly Yours</p>
<lb/><p>David Livingstone</p><!--Hand 03 acc. 3280 bottom right-->
			
</div>
		</body>
	</text></TEI>