<?xml version="1.0" encoding="UTF-8"?>
<!--Converted from a TEI P4 XML file to the LEAP TEI P5 Schema by James Cummings on 2015-03-02-->
<?xml-model href="http://livingstoneonline.github.io/LEAP-ODD/leap.rng" type="application/xml" schematypens="http://relaxng.org/ns/structure/1.0"?>
<?xml-model href="http://livingstoneonline.github.io/LEAP-ODD/leap.rng" type="application/xml" schematypens="http://purl.oclc.org/dsdl/schematron"?>
<?xml-stylesheet type="text/xsl" href="http://livingstoneonline.github.io/LEAP-XSLT/transcription.xsl"?>
<TEI xmlns="http://www.tei-c.org/ns/1.0" xml:id="liv_001188">
	<teiHeader xmlns:tei="http://www.tei-c.org/ns/1.0">
		<fileDesc>
			<titleStmt>
				<title>Letter to John Kirk</title>
				<author xml:id="DL">David Livingstone</author>
			</titleStmt>
			<publicationStmt>
				<authority>Livingstone Online</authority>
				<pubPlace>London</pubPlace>
				<date>2008-01-17</date>
				<publisher>Wellcome Centre for the History of Medicine, UCL</publisher>
				<idno type="LEAP-ID">liv_001188</idno>
			</publicationStmt>
			<sourceDesc>
				<bibl xml:id="shelfmark">National Library of Scotland, MS.10707, ff. 42-43</bibl>
				<bibl xml:id="ccnumber">0673</bibl>
				<bibl xml:id="recipient">John Kirk</bibl>
				<bibl xml:id="date">26 January 1858</bibl>
				<bibl xml:id="where">50 Albemarle Street, London</bibl>
			</sourceDesc>
		</fileDesc>
		<profileDesc>
			<langUsage>
				<language ident="en">English</language>
			</langUsage>
			<handNotes>
				<handNote xml:id="hand01">Scribe: Unknown</handNote>
			</handNotes>
		</profileDesc>
		<revisionDesc>
			<change>
				<date>2008-01-17</date>
				<name xml:id="SM">Sharon Messenger</name>Initial Transcription by Sharon Messenger
			</change>
			<change>
				<date>2008-02-05</date>
				<name xml:id="CL">Chris Lawrence</name>Proofed by Chris Lawrence
			</change>
		</revisionDesc>
	</teiHeader>

	<text xmlns:tei="http://www.tei-c.org/ns/1.0">
		<body xml:lang="en">
			<div>

	<pb n="0001" facs="liv_001188_0001"/><!--pb/@n='42r'-->
<lb/><p rend="right"><placeName>50 Albemarle St, London</placeName> 26<hi rend="sup"><hi rend="underline">th</hi></hi> January 1858. </p>
<lb/><p>My Dear Sir </p>
<lb/><p>Your name was 
<lb/>handed in by me to <persName>Lord 
<lb/>Clarendon</persName> with the statement 
<lb/>that you were highly 
<lb/>recommended by <persName>Sir 
<lb/>William</persName> and <persName>D<hi rend="underline"><hi rend="sup">r</hi></hi> Hooker</persName>
<lb/>and also by <persName>Professors 
<lb/>Balfour</persName> and <persName>Wilson</persName><reg>.</reg>
<lb/>It was approved by <persName>Lord 

	<pb n="0002" facs="liv_001188_0002"/><!--pb/@n='42v'--> 
<lb/>Clarendon</persName> and sent by 
<lb/>the Foreign Office to the 
<lb/>Admiralty which has the 
<lb/>further organization of 
<lb/>the expedition. You are 
<lb/>therefore <hi rend="underline">appointed</hi>, and 
<lb/>all that is necessary 
<lb/>now, is that you 
<lb/>present yourself to 
<lb/><persName>Captain Washington</persName>
<lb/>the hydrographer for 
<lb/>approval <add place="above">in that department</add> but no 
<lb/>objection will be made. 

	<pb n="0003" facs="liv_001188_0003"/><!--pb/@n='43r'--> 
<lb/>It will be well if you lose 
<lb/>no time in making preparations 
<lb/>as to outfit as we expect 
<lb/>to be off about the 14 <hi rend="underline"><hi rend="sup">th</hi></hi><choice><sic><hi rend="sup">th</hi></sic><corr>no text</corr></choice>
<lb/>of February. </p>
<lb/><p>Thanks for the list. 
<lb/>I shall order the packing 
<lb/>according to your desire 
<lb/>but it would have been 
<lb/>an advantage had you 
<lb/>been at hand to see 
<lb/>that it was attended to<reg>.</reg></p>
<lb/><p>I am Yours Most Truly </p>
<lb/><p><persName>David Livingstone</persName></p>
<lb/><p rend="left"><persName>D<hi rend="sup"><hi rend="underline">r</hi></hi> John Kirk</persName></p>
			
</div>
		</body>
	</text></TEI>