<?xml version="1.0" encoding="UTF-8"?>
<!--Converted from a TEI P4 XML file to the LEAP TEI P5 Schema by James Cummings on 2015-03-02-->
<?xml-model href="http://livingstoneonline.github.io/LEAP-ODD/leap.rng" type="application/xml" schematypens="http://relaxng.org/ns/structure/1.0"?>
<?xml-model href="http://livingstoneonline.github.io/LEAP-ODD/leap.rng" type="application/xml" schematypens="http://purl.oclc.org/dsdl/schematron"?>
<?xml-stylesheet type="text/xsl" href="http://livingstoneonline.github.io/LEAP-XSLT/transcription.xsl"?>
<TEI xmlns="http://www.tei-c.org/ns/1.0" xml:id="liv_001383">
	<teiHeader xmlns:tei="http://www.tei-c.org/ns/1.0">
		<fileDesc>
			<titleStmt>
				<title>Scribal Extract of a Letter to James Young</title>
				<author xml:id="DL">David Livingstone</author>
			</titleStmt>
			<publicationStmt>
				<authority>Livingstone Online</authority>
				<pubPlace>London</pubPlace>
				<date>09-08-2009</date>
				<publisher>Wellcome Centre for the History of Medicine, UCL</publisher>
				<idno type="LEAP-ID">liv_001383</idno>
			</publicationStmt>
			<sourceDesc>
				<bibl xml:id="shelfmark">The National Museum of the Royal Navy, Portsmouth, UK, MSS 120</bibl>
				<bibl xml:id="ccnumber">0851</bibl>
				<bibl xml:id="recipient">James Young</bibl>
				<bibl xml:id="date">8 December 1858</bibl>
				<bibl xml:id="where">Tette</bibl>
			</sourceDesc>
		</fileDesc>
		<profileDesc>
			<langUsage>
				<language ident="en">English</language>
			</langUsage>
			<handNotes>
				<handNote xml:id="hand01">Scribe: Unknown</handNote>
			</handNotes>
		</profileDesc>
		<revisionDesc>
			<change>
				<date>11-08-2009</date>
				<name xml:id="initials">SM</name>Initial Transcription by Sharon Messenger
			</change>
			<change>
				<date>2009-10-01</date>
				<name xml:id="CL">Chris Lawrence</name>Proofed by Chris
			</change>
		</revisionDesc>
	</teiHeader>

	<text xmlns:tei="http://www.tei-c.org/ns/1.0">
		<body xml:lang="en">
			<div>

	<pb n="0001" facs="liv_001383_0001"/><!--pb/@n='1'--> 
<!-- note this is an extract and a scribal copy but does have original C&C -->
<lb/><p rend="right"><placeName>Tette</placeName> 8 December 1858 </p>
<lb/><p>I want you to make inquiries as to whether the 
<lb/>Bann or any other vessel is to be sent out. She 
<lb/>must have speed. If so all right if not then 
<lb/>I must buy one for myself for I have no notion of 
<lb/>sticking fast here. You must appropriate at least 
<lb/>£2,000 of the money you have in charge for the 
<lb/>purpose ...... But we must have her 
<lb/>and that quickly too at whatever cost I shall 
<lb/>pay all myself rather than not succeed ... 
<lb/>... Our present opinion is that the difficulty may 
<lb/>be overcome during about 8 months annually but 
<lb/>the steamer must be of sufficient power to cross from 
<lb/>side to side according as the smooth reaches indicate 
<lb/>...... now I expect my Dear <persName> Young</persName> if the 
<lb/>Government <hi rend="underline">don<reg>'</reg>t</hi> mean to send out a steamer of 
<lb/>sufficient power to go 12 or 14 Knots I must have 
<lb/>one at my own expense, I think this the pathway 
<lb/>into the interior<reg>.</reg> I hope the interior region will 
<lb/>by the energy and industry of our countrymen become 

	<pb n="0002" facs="liv_001383_0002"/><!--pb/@n='2'--> 
<lb/>an extensive producer of the raw material ... 
<lb/>... Let <persName>Washington</persName> know that I shall buy one 
<lb/>myself ... Tell him I desired you to tell him 
<lb/>frankly that it is a case of Government or no Government 
<lb/>the steamer must be got. </p>
			
</div>
		</body>
	</text></TEI>