<?xml version="1.0" encoding="UTF-8"?>
<!--Converted from a TEI P4 XML file to the LEAP TEI P5 Schema by James Cummings on 2015-03-02-->
<?xml-model href="http://livingstoneonline.github.io/LEAP-ODD/leap.rng" type="application/xml" schematypens="http://relaxng.org/ns/structure/1.0"?>
<?xml-model href="http://livingstoneonline.github.io/LEAP-ODD/leap.rng" type="application/xml" schematypens="http://purl.oclc.org/dsdl/schematron"?>
<?xml-stylesheet type="text/xsl" href="http://livingstoneonline.github.io/LEAP-XSLT/transcription.xsl"?>
<TEI xmlns="http://www.tei-c.org/ns/1.0" xml:id="liv_000887">
	<teiHeader xmlns:tei="http://www.tei-c.org/ns/1.0">
		<fileDesc>
			<titleStmt>
				<title>Letter to Roderick Impey Murchison</title>
				<author xml:id="DL">David Livingstone</author>
			</titleStmt>
			<publicationStmt>
				<authority>Livingstone Online</authority>
				<pubPlace>London</pubPlace>
				<date>2007</date>
				<publisher>Wellcome Centre for the History of Medicine, UCL</publisher>
				<idno type="LEAP-ID">liv_000887</idno>
			</publicationStmt>
			<sourceDesc>
				<bibl xml:id="shelfmark">Royal Geographical Society, Archives, DL 2/8/3</bibl>
				<bibl xml:id="ccnumber">0402</bibl>
				<bibl xml:id="recipient">Roderick Impey Murchison</bibl>
				<bibl xml:id="date">4 March 1856</bibl>
				<bibl xml:id="where">Tete or Nyungwe</bibl>
			</sourceDesc>
		</fileDesc>
		<profileDesc>
			<langUsage>
				<language ident="en">English</language>
			</langUsage>
			<handNotes>
				<handNote xml:id="hand01" medium="bluepencil_ink">Scribe: Unknown</handNote>
				<handNote xml:id="hand02" medium="pen_ink">Scribe: Unknown</handNote>
				<handNote xml:id="hand03" medium="pencil_ink">Scribe: cataloguer</handNote>
			</handNotes>
		</profileDesc>
		<revisionDesc>
			<change>
				<date>2007-04-18</date>
				<name xml:id="CO">Caroline Overy</name>Initial Transcription by Caroline Overy
			</change>
		</revisionDesc>
	</teiHeader>

	<text xmlns:tei="http://www.tei-c.org/ns/1.0">
		<body xml:lang="en">
			<div>

	<pb n="0001" facs="liv_000887_0001"/><!--pb/@n='1r'-->
<fw type="pageno" corresp="#hand03"/>
<lb/><p>N<hi rend="sup"><hi rend="underline">o</hi></hi> III</p>
<lb/><p rend="right"><placeName>Tet<del type="strikethrough" hand="#hand02">t</del>e<!-- TRANSC: hand02 added an acute accent the terminal e of Tete --></placeName> or <placeName>Nyungwe</placeName></p>
<lb/><p rend="right"><placeName>River Zambesi</placeName>, Africa</p>
<lb/><p rend="right">4<hi rend="sup"><hi rend="underline">th</hi></hi> March 1856<!-- edotorial lines in hand02 moving these to between deleted Sir Rod I Mur and added Sir--></p>
<lb/><p><del type="strikethrough" hand="#hand02"><add place="inline" hand="#hand02">To</add><hi rend="double-underline"><persName>Sir Roderick I. Murchison</persName></hi>.</del></p>
<lb/><p rend="center">Sir,-<!-- CODIC: editorial line linking it to next paragraph--></p>
<lb/><p><del type="strikethrough" hand="#hand01"><choice><reg>T</reg><orig>t</orig></choice>he enclosures N<hi rend="sup"><hi rend="underline">o</hi></hi> I.
<lb/>and N<hi rend="sup"><hi rend="underline">o</hi></hi> II. could not be entirely copied  
<lb/>after my arrival on the 2<hi rend="sup">d</hi> inst but</del><del type="overwritten" hand="#hand01">h</del><add place="over-text" hand="#hand01"><del type="overwritten" hand="#hand02">H</del><add place="over-text" hand="#hand02">H</add></add>aving 
<lb/>arranged for the delay of the messenger 
<lb/>for half a day more<add place="inline" hand="#hand01">,</add> I shall spend the 
<lb/>time <del type="strikethrough" hand="#hand01">in copying N<hi rend="sup">o</hi> III the whole if 
<lb/>legible being intended to form but one 
<lb/>communication. <choice><reg>T</reg><orig>t</orig></choice>he concluding</del>
<lb/><add place="marginleft" hand="#hand01">on this</add> portion <add place="below">^</add><add place="above" hand="#hand01">of my communication</add> referring principally to the people<add place="inline" hand="#hand02">of this part of Africa</add>.</p>
<lb/><p>Perhaps no-where else do hills seem 
<lb/>to exert a more powerful and well marked 
<lb/>influence on national character, than 
<lb/>they do in Africa. Every one is aware 
<lb/>of the brave resistance offered by the 
<lb/>Caffre mountaineers to the British soldiers, 
<lb/>than whom I believe there are none more 
<lb/>brave beneath the sun. And the whole 
<lb/>of the hill tribes with but few exceptions 
<lb/>possess a similarity of character. <choice><reg>T</reg><orig>t</orig></choice>hey 
<lb/>extend chiefly along the Eastern side of 
<lb/>the <gap extent="2" unit="words" agent="damage"/> those among<add place="below">^</add><add place="above">whom</add> I have lately 

	<pb n="0002" facs="liv_000887_0002"/><!--pb/@n='1v'-->
<lb/><del type="strikethrough" hand="#hand02">been</del> travell<del type="overwritten" hand="#hand02">ing</del><add place="over-text" hand="#hand02">ed</add><add place="inline" hand="#hand02">,</add> have been fighting with the 
<lb/>Portuguese for the last two years<add place="inline" hand="#hand02">,</add> and <add place="below">^</add><add place="above" hand="#hand02">have</add> actually 
<lb/>kept the good men of <placeName>Tet<del type="strikethrough" hand="#hand02">t</del>e<!-- TRANSC: hand02 has added an acute accent to the terminal e of Tete--></placeName> shut up in 
<lb/>their fort during most of that time. They 
<lb/>are a strong muscular race, and from 
<lb/>constant work in their gardens<add place="inline" hand="#hand02">,</add> the men 
<lb/>have hands like those of English ploughmen. 
<lb/>Like hill people in general<add place="inline" hand="#hand02">,</add> they are 
<lb/>much attached to the soil. <del type="overwritten" hand="#hand02"><choice><reg>T</reg><orig>t</orig></choice></del><add place="over-text" hand="#hand02">T</add>heir laws are 
<lb/>very stringent. <del type="overwritten" hand="#hand02"><choice><reg>T</reg><orig>t</orig></choice></del><add place="over-text" hand="#hand02">T</add>he boundaries of the 
<lb/>lands of each are well defined and 
<lb/>should an elephant be killed, the huntsman 
<lb/>must wait till one comes from the 
<lb/>lord of the land, to give permission to 
<lb/>cut it up. <del type="overwritten" hand="#hand02"><choice><reg>T</reg><orig>t</orig></choice></del><add place="over-text" hand="#hand02">T</add>he underlying tusk and 
<lb/>half of the carcase, are likewise the 
<lb/>property of him on whose soil <del type="strikethrough" hand="#hand02">it</del><add place="below">^</add><add place="above" hand="#hand02">the elephant</add> fell. 
<lb/><del type="overwritten" hand="#hand02"><choice><reg>T</reg><orig>t</orig></choice></del><add place="over-text" hand="#hand02">T</add>hey may well love their land, for it 
<lb/>yields abundance of grain, and here, superior 
<lb/>wheat and rice may be seen flourishing 
<lb/>side by side. <del type="overwritten" hand="#hand02"><choice><reg>T</reg><orig>t</orig></choice></del><add place="over-text" hand="#hand02">T</add>heir government is 
<lb/>a sort of mongrel republican-feudalism<add place="inline" hand="#hand02">,</add>
<lb/>which has decided that no child of a 
<lb/>chief can succeed his father. <del type="strikethrough" hand="#hand01">A system 
<lb/>of separating the young men from their 
<lb/>parents and relatives, would have pleased 
<lb/>the <persName>author of the Cyropaedea</persName><!--this has 2 accents on it but may have been added-->; yet the frequent 
<lb/>application of the ordeal to get rid of a 
<lb/>wife no longer loved, shews that <persName>Xenophon's</persName>
<lb/>beau ideal does not produce gallantry 

	<pb n="0003" facs="liv_000887_0003"/><!--pb/@n='2r'-->
<lb/>equal to that which flows from the <unclear cert="medium">birch</unclear> of 
<lb/><choice><sic>of</sic><corr>notext</corr></choice> wrathful village pedagogue among 
<lb/>ourselves.</del><choice><reg>T</reg><orig>t</orig></choice>he country towards <placeName>Mozambique</placeName>
<lb/>supports people of similar warlike propensities, 
<lb/>and if <del type="strikethrough" hand="#hand02">it is</del><add place="above" hand="#hand02">these are</add> owing to an infusion of Arab 
<lb/>blood in their veins, that mixture does not 
<lb/>seem to have had much influence in their 
<lb/>customs; for those are more negro than 
<lb/>aught else. <choice><reg>T</reg><orig>t</orig></choice>hey all possess a very vivid 
<lb/>impression of the agency of unseen spirits 
<lb/>in human affairs<del type="overwritten" hand="#hand02">.</del><add place="over-text" hand="#hand02">,</add><del type="strikethrough" hand="#hand02"><choice><reg>T</reg><orig>t</orig></choice>his</del><add place="above" hand="#hand02">which</add> I believe is especially 
<lb/>characteristic of the true negro family.</p>
<lb/><p>Situated more towards the centre of 
<lb/>the continent, we have the <term type="tribe">Bechuana</term>
<lb/>tribes who live generally on plains. 
<lb/>Compared with the Caffre family<add place="inline" hand="#hand01">,</add> they are 
<lb/>all effeminate and cowardly; yet even 
<lb/>here we see courage manifested by those 
<lb/>who inhabit a hill country. Witness <add place="inline" hand="#hand02">for example,</add>
<lb/><persName>Sebituane</persName><add place="inline" hand="#hand01">,</add> who fought his way from the 
<lb/>Basuta country to the <term type="tribe">Barotsé</term><add place="inline" hand="#hand01"><del type="overwritten" hand="#hand02">,</del><add place="over-text" hand="#hand02">,</add></add> and to the 
<lb/><term type="tribe">Bashukulompo</term>. <persName>Moshesh</persName> shewed the 
<lb/>same spirit lately in <del type="strikethrough" hand="#hand02">an</del><add place="above" hand="#hand02">his</add> encounter 
<lb/>with English troops. <del type="overwritten" hand="#hand02"><choice><reg>T</reg><orig>t</orig></choice></del><add place="over-text" hand="#hand02">T</add>hese stand highest 
<lb/>in the scale, and certain poor <term type="tribe">Bechuanas</term>
<lb/>named <persName>Bakalahari</persName>, are the lowest. 
<lb/><del type="overwritten" hand="#hand02"><choice><reg>T</reg><orig>t</orig></choice></del><add place="over-text" hand="#hand02">T</add>he latter live on the Desert, and some 
<lb/>of their little villages extend down the 
<lb/><placeName>Limpopo</placeName>. <del type="overwritten" hand="#hand02"><choice><reg>T</reg><orig>t</orig></choice></del><add place="over-text" hand="#hand02">T</add>hey generally attach themselves 
<lb/>to influential men in the Bechuana 

	<pb n="0004" facs="liv_000887_0004"/><!--pb/@n='2v'-->
<lb/><add place="above">towns<add place="inline" hand="#hand01">,</add></add> who furnish them with dogs, spears, and 
<lb/>tobacco, and in return <choice><sic>recieve</sic><corr>receive</corr></choice> the skins of 
<lb/>such animals as they may kill either 
<lb/>with the dogs or by means of pitfalls. 
<lb/><del type="overwritten" hand="#hand02"><choice><reg>T</reg><orig>t</orig></choice></del><add place="over-text" hand="#hand02">T</add>hey are all fond of agriculture, and 
<lb/>some possess a few goats <del type="strikethrough" hand="#hand02">even</del>. But 
<lb/>the generally hard fare <add place="inline" hand="#hand02">which</add> they endure<add place="inline" hand="#hand01">,</add> makes 
<lb/>them <add place="below">^</add><add place="above">the</add> most miserable objects to be met 
<lb/>with in Africa. <del type="strikethrough" hand="#hand01">From the descriptions 
<lb/>given in books I imagine the<del type="strikethrough" hand="#hand02">ir</del> thin 
<lb/>legs and arms, large abdomens, and 
<lb/>the lustreless eyes of their children, 
<lb/>make the<del type="strikethrough" hand="#hand02">m</del><add place="below">^</add><add place="above" hand="#hand02"><term type="tribe">Bakalahari</term></add> the counterparts of <del type="strikethrough" hand="#hand02">South</del>
<lb/>Australians. <add place="marginleft" hand="#hand02">n.p.</add>Considerable confusion 
<lb/>has been introduced in consequence 
<lb/>of <add place="inline" hand="#hand02">the</add><del type="strikethrough" hand="#hand02">all such being</del> indiscriminate<del type="strikethrough" hand="#hand02">ly</del><add place="above" hand="#hand02">use of the</add> term<del type="strikethrough" hand="#hand02">ed</del>
<lb/>"Caffre<del type="strikethrough" hand="#hand02">s</del>". It is an instance in which 
<lb/>the use of a single word involves a 
<lb/>very free use of the travellers licence, 
<lb/>for does it not appear <del type="strikethrough" hand="#hand02">to you most 
<lb/>terrifically bold for us to</del><add place="above" hand="#hand02">presumptious <del type="strikethrough" hand="#hand02">to pretend</del></add><add place="above" hand="#hand02">to speak of</add> hunt<add place="inline" hand="#hand02">ing</add><del type="strikethrough" hand="#hand02">to</del>
<lb/>travel<add place="inline">ing</add> and sometimes talk<add place="inline" hand="#hand02">ing</add> big among 
<lb/>thousands of "Caffres" <add place="inline" hand="#hand02">,</add> - those "magnificent 
<lb/>savages"<del type="strikethrough" hand="#hand02">&gt;<note n="*" anchored="true">United Services Gazette</note></del> to wage war with whom 
<lb/><persName>Sir Harry Smith</persName> declared was like 
<lb/>fighting with Circassians or Algerine 
<lb/>Arabs. I never can repress a smile 
<lb/>when <del type="strikethrough" hand="#hand02">I hear</del> Boers or Englishmen 

	<pb n="0005" facs="liv_000887_0005"/><!--pb/@n='3r'-->
<lb/><fw type="pageno"><hi rend="underline">2<hi rend="sup">d</hi> Sheet</hi></fw><fw corresp="#hand03"/>speak of the more abject of the <term type="tribe">Bechuanas</term>
<lb/>as "Caffres". <del type="strikethrough" hand="#hand02">Seeing</del><del type="overwritten" hand="#hand02">t</del><add place="over-text" hand="#hand02">T</add>he real Caffres or Zulah 
<lb/>race are those who have bang<del type="strikethrough">l</del>ed about 
<lb/>the English soldier so unceremoniously, 
<lb/>and one as remarkable as New Zealanders 
<lb/>for suffering no nonsense from either 
<lb/>white or brown. <choice><reg>T</reg><orig>t</orig></choice>his difference in 
<lb/>national character explains at a glance 
<lb/>why the tide of emigration spreads 
<lb/>away from Caffreland towards the 
<lb/>more central parts<add place="inline" hand="#hand02">,</add> - in the sovereignty 
<lb/>and Cashan mountains. <del type="strikethrough" hand="#hand02">And</del><del type="overwritten" hand="#hand02">o</del><add place="over-text" hand="#hand02">O</add>ddly 
<lb/>enough, among the very first articles 
<lb/>of the political <del type="strikethrough" hand="#hand02">existence</del><add place="above" hand="#hand02">Governments</add> of a Republic 
<lb/>on the plains, is a law made for the 
<lb/>punishment of cowardice! <del type="overwritten" hand="#hand02"><choice><reg>T</reg><orig>t</orig></choice></del><add place="over-text" hand="#hand02">T</add>hey 
<lb/>of course know their own wants best.</del></p>
<lb/><p>But though it is all very well, 
<lb/>in speaking in a loose way, to ascribe 
<lb/>the <choice><sic>developement</sic><corr>development</corr></choice> of national character 
<lb/>to the physical features of the country, 
<lb/>I suspect that those who are accustomed 
<lb/>to curb the imagination in the severe 
<lb/>way <add place="below">^</add><add place="above" hand="#hand02">employed to</add><del type="strikethrough" hand="#hand02">of</del> test<del type="strikethrough" hand="#hand02">ing</del> for truth <add place="below">^</add><add place="above"><del type="strikethrough" hand="#hand02">employed</del></add> in the physical 
<lb/>sciences, would attribute more to 
<lb/>race or breed than to mere scenery. 
<lb/>Look at the <term type="tribe">Bushmen</term> - living on the  
<lb/>same plains, - Eating the same food, but 

	<pb n="0006" facs="liv_000887_0006"/><!--pb/@n='3v'-->
<lb/>often in scantier measure, - and subjected 
<lb/>to <del type="strikethrough">all</del><add place="below">^</add><add place="above"><del type="strikethrough">and</del><del type="strikethrough">the</del></add><add place="above">the Same</add>climatorial and physical influences 
<lb/>as the <term type="tribe">Bakalahari</term>, yet how enormously 
<lb/>different the results. <del type="overwritten" hand="#hand02"><choice><reg>T</reg><orig>t</orig></choice></del><add place="over-text" hand="#hand02">T</add>he <term type="tribe">Bushman</term>
<lb/>has a wiry compact frame, is brave, 
<lb/>and <choice><sic>independant</sic><corr>independent</corr></choice>, scorns to till the ground 
<lb/>or keep domestic animals. <choice><reg>T</reg><orig>t</orig></choice>he <term type="tribe">Bakalahari</term>
<lb/>is spiritless and abject in demeanour 
<lb/>and thought, delights in cultivating a 
<lb/>little corn, or pumpkins or <add place="above" hand="#hand02">in</add> rearing 
<lb/>a few goats. <del type="strikethrough" hand="#hand02">And</del><del type="overwritten" hand="#hand02">b</del><add place="over-text" hand="#hand02">B</add>oth <add place="below">^</add><add place="above" hand="#hand02">races</add> have been 
<lb/>looking at the same scenes for centuries. 
<lb/>Two or three <term type="tribe">Bechuanas</term> from the towns, 
<lb/>enter the villages of the <term type="tribe">Bakalahari</term>, 
<lb/>and pillage them of all their skins <add place="below">^</add><add place="above">of animals</add> without 
<lb/>resistance. If by chance the<del type="strikethrough" hand="#hand02">y</del><add place="below">^</add><add place="above" hand="#hand02"><term type="tribe">Blakhalari</term></add> stumble 
<lb/>on a hamlet of <term type="tribe">Bushmen</term>, they speak 
<lb/>softly and readily deliver up any tobacco 
<lb/>they may have, as a peace offering, and 
<lb/>in dread of the poisoned arrow which 
<lb/>may decide whether they spoke truly 
<lb/>in saying they had none.</p>
<lb/><p>Again look at the <placeName>River Zouga</placeName>
<lb/>running through a part of the <placeName>Bushman 
<lb/>and Bakalahari desert</placeName>. <choice><reg>T</reg><orig>t</orig></choice>he <term type="tribe">Bayeiye</term>
<lb/>or <term type="tribe">Bakoba</term> live on its reedy islets, 
<lb/>cultivate gardens, rear goats, fish and 
<lb/>hunt alternately and are generally 

	<pb n="0007" facs="liv_000887_0007"/><!--pb/@n='4r'-->
<lb/>possessed of considerable muscular development. 
<lb/>Wherever you meet them they are always the 
<lb/>same. <del type="strikethrough" hand="#hand02">And</del><del type="overwritten" hand="#hand02">t</del><add place="over-text" hand="#hand02">T</add>hey are the Quakers of the body 
<lb/>politic in Africa. <del type="overwritten" hand="#hand02"><choice><reg>T</reg><orig>t</orig></choice></del><add place="over-text" hand="#hand02">T</add>hey never fought 
<lb/>with any one, but invariably submitted 
<lb/>to whoever conquered the lands <choice><sic>ajacent</sic><corr>adjacent</corr></choice>
<lb/>to their rivers. <del type="overwritten" hand="#hand02"><choice><reg>T</reg><orig>t</orig></choice></del><add place="over-text" hand="#hand02">T</add>hey say, their progenitors 
<lb/>made bows of the castor oil plant, 
<lb/>and they broke; "<hi rend="underline"><del type="overwritten" hand="#hand02"><choice><reg>T</reg><orig>t</orig></choice></del><add place="over-text" hand="#hand02">T</add>herefore</hi>"(!) they resolved 
<lb/>never to fight any more." <del type="overwritten" hand="#hand02">t</del><add place="over-text" hand="#hand02">T</add>hey never 
<lb/><choice><sic>aquire</sic><corr>acquire</corr></choice> much property, for every one turns 
<lb/>aside into their villages to eat what he 
<lb/>can find. I have been in their canoes 
<lb/>and found the pots boiling briskly <choice><sic>untill</sic><corr>until</corr></choice>
<lb/>we came near to the villages. Having 
<lb/>dined, we then entered with the pots empty, 
<lb/>and looking quite innocently on any 
<lb/>strangers who happened to drop in to 
<lb/>dinner. Contrast these Friends with 
<lb/>the Lords of the isles,<add place="below">^</add><add place="above"><persName>Sekote</persName><del type="strikethrough" hand="#hand02">&amp; &amp;</del></add><add place="above" hand="#hand02">and others,</add> living <del type="overwritten" hand="#hand02">on</del><add place="over-text" hand="#hand02">among</add> identical 
<lb/>circumstances, and ornamenting their 
<lb/>dwellings with human <del type="strikethrough" hand="#hand02">crania</del><add place="above" hand="#hand02">skulls</add>.<!-- CODIC: 2 editorial lines indicating new paragraph--><add place="marginleft" hand="#hand02">N.P</add><del type="overwritten" hand="#hand02"><choice><reg>T</reg><orig>t</orig></choice></del><add place="over-text" hand="#hand02">T</add>he 
<lb/>cause of the differences observed in 
<lb/>tribes inhabiting the same localities, though 
<lb/>it spoils the poetry of the thing, consists 
<lb/>in certain spots being the choice of the 
<lb/>race or family<del type="overwritten" hand="#hand02">,</del><add place="over-text" hand="#hand02">.</add><del type="overwritten" hand="#hand02">s</del><add place="over-text" hand="#hand02">S</add>o when we see certain 
<lb/>characters assembled on particular spots, 
<lb/>it may be more precise to say we see the 

	<pb n="0008" facs="liv_000887_0008"/><!--pb/@n='4v'-->
<lb/>antecedent disposition manifested in the 
<lb/>selection, rather than that the part chosen 
<lb/>produced a subsequent disposition. <del type="overwritten" hand="#hand02"><choice><reg>T</reg><orig>t</orig></choice></del><add place="over-text" hand="#hand02">T</add>his 
<lb/>may be evident, when I say that in the 
<lb/>case of the <term type="tribe">Bakalahari</term> and <term type="tribe">Bushmen</term>, 
<lb/>we have instances of compulsion and 
<lb/>choice. <choice><reg>T</reg><orig>t</orig></choice>he <term type="tribe">Bakalahari</term> were the <add place="below">^</add><add place="above">first</add> body 
<lb/>of <term type="tribe">Bechuana</term> emigrants who came 
<lb/>into the country, <del type="strikethrough" hand="#hand02">and</del><add place="above" hand="#hand02">They</add> possessed large 
<lb/>herds of very long horned cattle, the 
<lb/>remains of which are now at <placeName>Ngami</placeName>. 
<lb/>A second migration of <term type="tribe">Bechuanas</term>
<lb/>deprived them of their cattle and drove 
<lb/>them into the Desert. <choice><reg>T</reg><orig>t</orig></choice>hey still cleave 
<lb/>most <choice><sic>tenaceously</sic><corr>tenaciously</corr></choice> to the tastes of their 
<lb/>race. While for the <term type="tribe">Bushman</term>, the 
<lb/>Desert is his choice, and ever has been 
<lb/>from near the <placeName>Coanza</placeName> to the Cape. When 
<lb/>we see a choice fallen on mountains, 
<lb/>it means only <add place="below">^</add><add place="above" hand="#hand02">that</add> the race meant to defend 
<lb/>itself, <del type="overwritten" hand="#hand02">t</del><add place="over-text" hand="#hand02">T</add>heir progenitors recognized the 
<lb/>principle, <add place="above" hand="#hand02"><del type="strikethrough" hand="#hand02">which is</del></add>acknowledged universally, except 
<lb/>when Caffre police or Hottentots rebel, viz.- 
<lb/>that no<add place="inline" hand="#hand02">ne</add><del type="strikethrough" hand="#hand02">one</del> deserve<del type="strikethrough" hand="#hand02">s</del> liberty except those 
<lb/>who are willing to fight for it. <del type="overwritten" hand="#hand02"><choice><reg>T</reg><orig>t</orig></choice></del><add place="over-text" hand="#hand02">T</add>his 
<lb/>principle gathers strength from locality; 
<lb/>tradition <choice><sic>developes</sic><corr>develops</corr></choice> it more and more; 
<lb/>yet still I think the principle was first, 
<lb/>foremost, and alone vital.</p>
<lb/><p>In reference to the origin of all these 
<lb/>tribes, I feel fully convinced from the 

	<pb n="0009" facs="liv_000887_0009"/><!--pb/@n='5r'-->
<lb/><fw type="pageno">3<hi rend="sup"><hi rend="underline">d</hi></hi> Sheet</fw><fw corresp="#hand03"/> very great similarity in all their dialects, 
<lb/>that they are essentially one race of men. <del type="overwritten" hand="#hand02"><choice><reg>T</reg><orig>t</orig></choice></del><add place="over-text" hand="#hand02">T</add>he 
<lb/>structure or we may say the skeletons of 
<lb/>the <add place="below">^</add><add place="above">dialects of</add> Caffre;- Bechuana;- Bayeiye;- Barotse;- 
<lb/>Batoka;- Batonga or people of the Zambesi;- 
<lb/>Mashona;- Babisa;- the Negroes of Londa, 
<lb/>Angola and people on the west coast;- 
<lb/>are all wonderfully alike. A great proportion 
<lb/>of the roots is identical in all.<!-- CODIC: 2 editorial lines indicating new paragraph--><add place="marginleft" hand="#hand02">N.P&gt;</add><del type="overwritten" hand="#hand02"><choice><reg>T</reg><orig>t</orig></choice></del><add place="over-text" hand="#hand02">T</add>he Bushman 
<lb/>tongue seems an exception, but this from 
<lb/>the little I can collect of it is more apparent 
<lb/>than real. While all the others are developed 
<lb/>in one and nearly the same direction this 
<lb/>deviates into a series of remarkable klicks. <del type="overwritten" hand="#hand02"><choice><reg>T</reg><orig>t</orig></choice></del><add place="over-text" hand="#hand02">T</add>he syllable on which in other dialects the 
<lb/>chief emphasis is put, in this constitutes 
<lb/>the whole word. But though the variations 
<lb/>lie in klicks, the development is greater 
<lb/>than in other dialects. <del type="strikethrough" hand="#hand02"><del type="overwritten" hand="#hand02"><choice><reg>T</reg><orig>t</orig></choice></del><add place="over-text" hand="#hand02">T</add>hey have for 
<lb/>instance the singular, plural and dual 
<lb/>numbers; the masculine<add place="inline" hand="#hand01">,</add><choice><sic>femin<del type="overwritten" hand="#hand02">e</del><add place="over-text" hand="#hand02">ine</add></sic><corr>feminine</corr></choice> and 
<lb/>neuter genders; and the aorist <add place="below">^</add><add place="above" hand="#hand02">tense</add> which the 
<lb/>others have not.<!-- CODIC: 2 editorial lines indicating new paragraph--><add place="marginleft" hand="#hand02">N.P&gt;</add> It may be gratifying 
<lb/>for you to hear that the Bible is nearly 
<lb/>all translated into Sichuana - the dialect 
<lb/>of the <term type="tribe">Bechuanas</term> and the most regularly 
<lb/>developed of all negro languages. Of its 
<lb/>capabilities you may judge, when I mention 
<lb/>that the Pentateuch is fully expressed in 
<lb/><del type="strikethrough">a</del> considerabl<del type="overwritten">e</del><add place="over-text">y</add><del type="strikethrough">numbe</del> fewer words  

	<pb n="0010" facs="liv_000887_0010"/><!--pb/@n='5v'-->
<lb/>than in the Greek Septuagint, and in a 
<lb/>very large number less than in our verbose 
<lb/>English. Of its copiousness, I can not well 
<lb/>speak, for I have been learning it for fifteen 
<lb/>years, and others have been doing so for double 
<lb/>that time, and we hear new words every 
<lb/>day or two. It is fortunate so many 
<lb/>are now secured, and others not in the 
<lb/>language or in any language till <add place="below">^</add><add place="above">the ideas are</add> taken 
<lb/>from the sacred oracles are adopted 
<lb/>into the language. For, people born in 
<lb/>the country, though they speak it without 
<lb/>foreign accent, and even natives in 
<lb/>contact with Europeans<add place="inline" hand="#hand02">,</add> are remarkable 
<lb/>for the scantiness of their vocabularies.</del></p>
<lb/><p>In the animal kingdom, there are 
<lb/>three antelopes which I believe have been 
<lb/>hitherto unknown; <del type="strikethrough" hand="#hand02">that</del> all <add place="below">^</add><add place="above" hand="#hand02">of which</add> abound 
<lb/>in the great valley, but no where else. 
<lb/>One is specially adapted for treading on 
<lb/>mud and marshy spots, by great 
<lb/>length from point of toe to <del type="strikethrough" hand="#hand02">(name forgotten 
<lb/>of</del><add place="inline" hand="#hand02">the</add> little hoofs above <add place="below">^</add><add place="above" hand="#hand02">the </add> fetlock.<del type="strikethrough" hand="#hand02">)</del> It has a heavy 
<lb/>gait, looks paunchy and hides itself 
<lb/><!-- CODIC: Src of add-->all but the nose <add place="above">in water</add>. I wished to 
<lb/>name it after <del type="strikethrough" hand="#hand02">my friend</del><persName>Captain Vardon</persName>
<lb/><del type="overwritten" hand="#hand02">a</del><add place="over-text" hand="#hand02">my</add> warm friend and a participator in discovery 
<lb/>in Africa; but I could not bring any 
<lb/>skin <del type="strikethrough" hand="#hand02">unless I had</del><add place="above" hand="#hand02">for want of</add> tin boxes. Tropical 
<lb/>rains go through everything <add place="below">^</add><add place="above" hand="#hand02">else</add>. Will the 
<lb/>Zoological Society gratify me in this? 

	<pb n="0011" facs="liv_000887_0011"/><!--pb/@n='6r'-->
<lb/>I will send it when I can. Its native name 
<lb/>is Nakong or Setutunka. <!-- CODIC: 2 editorial lines indicating new paragraph--><add place="marginleft" hand="#hand02">N.P&gt;</add> Another little 
<lb/>antelope abounds in great numbers near <placeName>Sesheke</placeName>. 
<lb/>Its cry of alarm is like that of the domestic 
<lb/>fowl. It is called Thianyané - <del type="overwritten" hand="#hand02">t</del><add place="over-text" hand="#hand02">T</add>he third 
<lb/>is named Poku and it abounds in 
<lb/>prodigious numbers above the <placeName>Barotse</placeName><reg>.</reg>
<lb/>It is exactly like the <unclear cert="medium">Lechusee</unclear> which was 
<lb/>discovered when we went first <add place="below">^</add><add place="above">to</add><placeName>Lake 
<lb/>Ngami</placeName>, but considerably smaller in 
<lb/>every way and of a redder colour. It 
<lb/>seems to be an instance of the <add place="below">^</add><add place="above">application of the</add> law 
<lb/>which has determined larger <choice><sic>development</sic><corr>development</corr></choice>
<lb/>for animals in the more temperate &amp; 
<lb/>colder parts of the continent, than in 
<lb/>the hot, equatorial regions, where food 
<lb/>abounds in lavish profusion. <choice><reg>T</reg><orig>t</orig></choice>his 
<lb/>is different from <persName>M<hi rend="sup">r<del type="strikethrough">s</del></hi> Bachman<reg>'</reg>s</persName> theory, 
<lb/>but I have no doubt as to the existence 
<lb/>of the law. A full grown elephant here 
<lb/>for instance, measures quite two feet 
<lb/>less, than a similar animal does on 
<lb/>the <placeName>Limpopo</placeName> or at <placeName>Kolobeng</placeName>; <del type="strikethrough" hand="#hand02">this</del>
<lb/>though the smaller animal carries the 
<lb/>largest ivory.<!-- CODIC: 2 editorial lines indicating new paragraph--><add place="marginleft" hand="#hand02">N.P&gt;</add> I never before saw <del type="strikethrough" hand="#hand02">such</del>
<lb/><add place="inline" hand="#hand02">so</add> num<del type="strikethrough" hand="#hand02">b</del>er<del type="overwritten" hand="#hand02">s</del><add place="over-text" hand="#hand02">ous</add> or <add place="inline" hand="#hand02">so</add><del type="strikethrough" hand="#hand02">such</del> tame elephants,<!-- editorial line circling elephant and moving it after'saw' in another ink, I believe--> as at 
<lb/>the confluence of <add place="inline" hand="#hand02">the</add><placeName>Kafue</placeName><add place="below">^</add><add place="above" hand="#hand02">&amp; <placeName>Zambesi</placeName></add>. Buffaloes, zebras<reg>,</reg>
<lb/>pigs and hippopotami, were equally so, 
<lb/>and it seemed as if we had got back to 
<lb/>the time, when megatheriae roamed about 
<lb/>undisturbed by man. We had to shout to 

	<pb n="0012" facs="liv_000887_0012"/><!--pb/@n='6v'-->
<lb/>them to get out of the way, and then their second 
<lb/>thoughts were - "its a trick",- "we're surrounded" - 
<lb/>and back they came tearing through our line. 
<lb/>Lions and hyaenas are so numerous <add place="above" hand="#hand02">that</add> all the 
<lb/>huts in the gardens are built on trees, and 
<lb/>the people never go half a mile into the woods 
<lb/>alone. One of our best men ran off we believe 
<lb/>in a fit of insanity during the night, and 
<lb/>we never found a trace of him.</p>
<lb/><p><del type="strikethrough" hand="#hand02">I believe</del><del type="overwritten" hand="#hand02">w</del><add place="over-text" hand="#hand02">W</add>e have no reason to 
<lb/>complain of the treatment we have met on 
<lb/><del type="strikethrough" hand="#hand02">this river</del><add place="above" hand="#hand02">the Zambesi</add>. <choice><reg>T</reg><orig>t</orig></choice>he inhabitants have plenty 
<lb/>of gr<del type="strikethrough">eat</del><add place="above">ain</add> and were never stingy with it. 
<lb/>Had it been otherwise we should have starved. 
<lb/>If spared to return, I will pay them again, 
<lb/>and not <del type="strikethrough" hand="#hand02">the Lord Chancellor</del><add place="above" hand="#hand02"><del type="strikethrough" hand="#hand02">of the Exchequer</del></add><add place="inline" hand="#hand02">,</add> as those do, 
<lb/><del type="strikethrough" hand="#hand02">I suppose,</del> who publish in their books, 
<lb/>that they gave "three buttons" or a "cotton 
<lb/>handkerchief" in return for handsome presents 
<lb/>or food. <choice><reg>T</reg><orig>t</orig></choice>hey believed our statements 
<lb/>of everything being expended, <choice><sic>untill</sic><corr>until</corr></choice> close to 
<lb/><placeName>Tet<del type="strikethrough" hand="#hand02">t</del>e<!-- acute accent added by hand02 on 2nd e of tete--></placeName>; and as they levy tribute <add place="above" hand="#hand02"><unclear cert="low">thus</unclear></add> on traders 
<lb/>we found great difficulty in getting along.
<lb/><del type="strikethrough" hand="#hand01"><!-- not sure about the strikethrough and the end of it--> Are they worse thus, only where they know 
<lb/>us christians best. We do not seem to 
<lb/>convey a favourable idea of our blessed 
<lb/>Christianity to the Heathen. Do we? <!-- CODIC: 2 editorial lines indicating new paragraph--><add place="marginleft" hand="#hand02">N.P&gt;</add> With 
<lb/>respect to the perpetuity of the African 
<lb/>race, we have a stronger hope than in 
<lb/>the case of the South Sea Islanders and 
<lb/>other savage nations in contact with 

	<pb n="0013" facs="liv_000887_0013"/><!--pb/@n='7r'-->
<lb/><fw type="pageno">4<hi rend="sup"><hi rend="underline">th</hi></hi></fw><fw corresp="#hand03"/> Europeans. <choice><reg>T</reg><orig>t</orig></choice>he well known preference that 
<lb/><term type="ailment">fever</term> manifests for the natives of Northern 
<lb/>Europe, and the indisposition it exhibits 
<lb/>to make victims of Africans, would lead 
<lb/><del type="strikethrough" hand="#hand02">one were they</del><add place="above" hand="#hand02">persons</add> resident in one region of 
<lb/>this continent to say <add place="below">^</add><add place="above" hand="#hand02">that</add> the white race 
<lb/>was <del type="strikethrough" hand="#hand02">that</del> doomed to extinction. However 
<lb/>to be <del type="strikethrough" hand="#hand02">accounted for</del><add place="above" hand="#hand02">explained</add>, the Africans who 
<lb/>have come under my observation, are 
<lb/>not subject to many of the diseases 
<lb/>which thin our own numbers. <term type="ailment">Small 
<lb/>pox</term> and <term type="ailment">measles</term> paid a passing visit 
<lb/>through the continent some twenty years 
<lb/>ago, and through they committed great 
<lb/>ravages, they did not remain endemic 
<lb/>nor return. <choice><reg>T</reg><orig>t</orig></choice>hey did not find a congenial 
<lb/>soil, and though the period preceding the 
<lb/>rains is eminently epidemic in its 
<lb/>constitution, excepting <term type="ailment">hooping cough</term>, 
<lb/>no epidemic known in Europe appears. 
<lb/><del type="overwritten" hand="#hand02"><choice><reg>T</reg><orig>t</orig></choice></del><add place="over-text" hand="#hand02">T</add>hat there is an indisposition <choice><sic>independant</sic><corr>independent</corr></choice>
<lb/>of climat<del type="strikethrough" hand="#hand02">orial</del><add place="above" hand="#hand02">ic</add> influences, <del type="strikethrough" hand="#hand02">is</del><add place="above" hand="#hand02">becomes</add> I imagine, 
<lb/>evident, when the <term type="ailment">venereal disease</term><del type="strikethrough">is</del>
<lb/>is <del type="strikethrough" hand="#hand02">seen</del><add place="above" hand="#hand02">observed</add> to die out spontaneously in 
<lb/>Africans of pure blood; and those of 
<lb/>mixed blood are subjected to all its forms, 
<lb/><del type="strikethrough" hand="#hand02">in</del><add place="below">^</add><add place="above" hand="#hand02">with a</add> virulence exactly proportioned to 
<lb/>the amount of European blood in their 
<lb/>veins. <!-- CODIC: 2 editorial lines indicating new paragraph--><add place="marginleft" hand="#hand02">NP&gt;</add> Tending in the same way as this 
<lb/>indisposition to diseases which decimate 

	<pb n="0014" facs="liv_000887_0014"/><!--pb/@n='7v'-->
<lb/>tribes which <del type="strikethrough" hand="#hand02">will soon</del><add place="above" hand="#hand02">are</add> pass<add place="inline" hand="#hand02">ing</add> away, <add place="below">^</add><add place="above" hand="#hand02">is the fact that</add> the 
<lb/>Africans are wonderfully prolific. <del type="overwritten" hand="#hand02"><choice><reg>T</reg><orig>t</orig></choice></del><add place="over-text" hand="#hand02">T</add>he 
<lb/><term type="tribe">Bushmen</term> are equally so, but the <term type="tribe">Bechuanas</term>
<lb/>are an exception which the introduction 
<lb/>of Christianity may remove. As this has 
<lb/>not, it is reported, happened in the Pacific, 
<lb/>the data on which our hopes are founded 
<lb/>may prove deceptive.</del></p>
<lb/><p>My present party amounts to one hundred 
<lb/>and ten or twelve and I have taken ivory 
<lb/>enough to purchase a long list of articles 
<lb/>for <persName>Sekeletu</persName>. <del type="strikethrough" hand="#hand02">Less</del> I could scarcely do 
<lb/><add place="marginleft" hand="#hand02">less</add> in return for all his kindness to me<add place="inline" hand="#hand02">,</add>
<lb/>and it will be initiating his people into 
<lb/>trade at the same time. I expect to 
<lb/>find employment for the men when 
<lb/>nearer the sea, in order that they may 
<lb/>support themselves and save a little 
<lb/>for their return during my absence in 
<lb/>England. <del type="overwritten" hand="#hand02"><choice><reg>T</reg><orig>t</orig></choice></del><add place="over-text" hand="#hand02">T</add>he prospect of coming down 
<lb/>to trade in canoes is to them so feasible 
<lb/><add place="marginleft" hand="#hand02">that</add> all are delighted with it. I have not seen 
<lb/>a rapid which would delay the <term type="tribe">Makololo</term>
<lb/>a day. Had I not been obliged to part 
<lb/>with the price of the canoe, <del type="strikethrough" hand="#hand02">otherwise</del>
<lb/>I should have examined all minutely. 
<lb/>At present, I am indulging the belief that 
<lb/>we have water carriage all the way to the 
<lb/>foot of the Eastern ridge; and should 
<lb/>the <term type="tribe">Makololo</term> come nearer, we shall not 
<lb/>be quite so much out of the world as we have been<reg>.</reg>

	<pb n="0015" facs="liv_000887_0015"/><!--pb/@n='8r'-->
<lb/><!-- CODIC: 2 editorial lines indicating new paragraph--><add place="marginleft" hand="#hand02">N.P.</add> It may be proper to refer to what has been 
<lb/>done in former times, in the way of crossing 
<lb/>the continent, though my enquiries lead 
<lb/>to the belief that the honour belongs to our 
<lb/>country. The Portuguese invariably applaud 
<lb/>any little ebullition of patriotic feeling they 
<lb/>observe in me; and I can not but participate 
<lb/>in their feelings, when, in the history of 
<lb/>Angola, proud mention is made of 
<lb/>the brave attempt of <persName>Captain José da 
<lb/>Roza</persName>, <add place="bottom">in 1678</add> to penetrate <!-- CODIC: src of text in previous add --> from <placeName>Benguella</placeName>
<lb/>to the <placeName>Rio da Senna</placeName> (Zambesi). He was 
<lb/>forced to retire after exploring a large tract 
<lb/>of new country. In 1800, the project was 
<lb/>again revived by the energetic <persName>D<hi rend="sup">r</hi> Lacerda</persName>, 
<lb/><add place="marginleft" hand="#hand02">who</add> recommend<del type="overwritten" hand="#hand02">ing</del><add place="over-text" hand="#hand02">ed</add> the erection of a chain 
<lb/>of forts along the banks of the <placeName>Coanza</placeName>
<lb/>whereby to effect a line of communication 
<lb/>between the East and West coasts. <del type="overwritten" hand="#hand02"><choice><reg>T</reg><orig>t</orig></choice></del><add place="over-text" hand="#hand02">T</add>his 
<lb/>shewed a mistaken idea of the source of 
<lb/>the <placeName>Coanza</placeName>, as it arises near <placeName>Bihé</placeName><add place="inline" hand="#hand02">,</add>
<lb/>West of the Western ridge. But a 
<lb/>communication having been made 
<lb/>a few years afterwards by some native 
<lb/>traders with the <term type="tribe">Mohias</term> (<term type="tribe">Balonda</term>), the 
<lb/>Government of Angola was gratified 
<lb/>in 1815 by the arrival of two <del type="strikethrough" hand="#hand02">such</del><add place="above" hand="#hand02">persons</add>
<lb/>(feirantes prietos) named <persName>Pedro Jaoã 
<lb/>Baptista</persName> and <persName>Antoneo José</persName> with 

	<pb n="0016" facs="liv_000887_0016"/><!--pb/@n='8v'-->
<lb/>letters from the <persName>Governor of Mosambique</persName>
<lb/>"proving thereby", as stated in the Government 
<lb/>document of the day, "the possibility of 
<lb/>such a communication." Certain Arabs 
<lb/>too a few years before my visit to <placeName>Loanda</placeName>
<lb/>came from the opposite coast to <placeName>Benguella</placeName>; 
<lb/>and with a view to improve the event the 
<lb/>Government of Angola offered one million 
<lb/>of Reis (about £142) and an honorary 
<lb/>captaincy in the Portuguese army, to 
<lb/>any one who would accompany them 
<lb/>back, but no one went. The journey 
<lb/>will now be performed by <persName>Ben Habib</persName>, 
<lb/><persName>Pereira</persName> and others visited <placeName>Cazembe</placeName>, and 
<lb/><persName>Senhor Graça</persName><add place="below">^</add><add place="above" hand="#hand02">visited</add><persName>Matiamvo</persName>. If I knew 
<lb/>that any one else had done more I 
<lb/>would certainly mention it. <add place="above" hand="#hand02">* See <term type="reference">M<hi rend="sup">r</hi> Macqueens Paper</term>
<lb/>RGS Journal vol <unclear cert="medium">XXVI</unclear></add> I cannot 
<lb/>find a trace of a road from <placeName>Laconda</placeName>
<lb/>either.</p>
<lb/><p>I feel most thankful to God who has 
<lb/>prolonged my life while so many who 
<lb/>would have done more good have been 
<lb/>cut off. But I am not so much elated 
<lb/>as might have been expected, for the end 
<lb/>of the geographical feat is but the beginning 
<lb/>of the missionary enterprise. Geographers 
<lb/>labouring to make men better acquainted with 
<lb/>each other<add place="inline" hand="#hand02">,</add> - soldiers fighting against oppression; 
<lb/>- and sailors rescuing captives in deadly climes;- 
<lb/>are all as well as missionaries <del type="strikethrough">are all</del> aiding 
<lb/>in hastening on a glorious consummation 
<lb/>of all God's dealings to man, in the hope that 
<lb/><addSpan spanTo="#p.8v-01" place="marginleft"><!--addSpan/@place='left margin of fol. 8v'--></addSpan><choice><sic>that</sic><corr>notext</corr></choice> I may yet be permitted to do some good to this poor long trodden down 
<lb/>Africa, the gentlemen over whom you have the honour to preside will I doubt not 
<lb/>all cordially join. David Livingston<anchor xml:id="p.8v-01"/></p>
			
</div>
		</body>
	</text></TEI>