<?xml version="1.0" encoding="UTF-8"?>
<!--Converted from a TEI P4 XML file to the LEAP TEI P5 Schema by James Cummings on 2015-03-02-->
<?xml-model href="http://livingstoneonline.github.io/LEAP-ODD/leap.rng" type="application/xml" schematypens="http://relaxng.org/ns/structure/1.0"?>
<?xml-model href="http://livingstoneonline.github.io/LEAP-ODD/leap.rng" type="application/xml" schematypens="http://purl.oclc.org/dsdl/schematron"?>
<?xml-stylesheet type="text/xsl" href="http://livingstoneonline.github.io/LEAP-XSLT/transcription.xsl"?>
<TEI xmlns="http://www.tei-c.org/ns/1.0" xml:id="liv_001067">
	<teiHeader xmlns:tei="http://www.tei-c.org/ns/1.0">
		<fileDesc>
			<titleStmt>
				<title>Letter to Joseph D. Hooker</title>
				<author xml:id="DL">David Livingstone</author>
			</titleStmt>
			<publicationStmt>
				<authority>Livingstone Online</authority>
				<pubPlace>London</pubPlace>
				<date>2008-04-15</date>
				<publisher>Wellcome Centre for the History of Medicine, UCL</publisher>
				<idno type="LEAP-ID">liv_001067</idno>
			</publicationStmt>
			<sourceDesc>
				<bibl xml:id="shelfmark">Library, Art &amp; Archives, Royal Botanic Gardens, Kew, English Letters, 1865-1900, 92, f. 128</bibl>
				<bibl xml:id="ccnumber">0560</bibl>
				<bibl xml:id="recipient">Joseph D. Hooker</bibl>
				<bibl xml:id="date">28 July 1857</bibl>
				<bibl xml:id="where">Hadley Green</bibl>
			</sourceDesc>
		</fileDesc>
		<profileDesc>
			<langUsage>
				<language ident="en">English</language>
			</langUsage>
			<handNotes>
				<handNote xml:id="hand01">Scribe: Unknown</handNote>
			</handNotes>
		</profileDesc>
		<revisionDesc>
			<change>
				<date>2008-04-15</date>
				<name xml:id="SM">Sharon Messenger</name>Initial Transcription by Sharon Messenger
			</change>
			<change>
				<date>2008-05-03</date>
				<name xml:id="CL">Chris Lawrence</name>Proof by Chris Lawrence
			</change>
			<change>
				<date>2008-06-28</date>
				<name xml:id="JB">Janet Browne</name>Proofed by Janet
			</change>
		</revisionDesc>
	</teiHeader>

	<text xmlns:tei="http://www.tei-c.org/ns/1.0">
		<body xml:lang="en">
			<div>

	<pb n="0001" facs="liv_001067_0001"/><!--pb/@n='128-1'-->
<lb/><p rend="right"><placeName>Hadley Green</placeName>
<lb/>28<hi rend="sup">th</hi> July 
<lb/>1857 </p>
<lb/><p>My Dear <persName>D<hi rend="underline"><hi rend="sup">r</hi></hi> Hooker</persName></p>
<lb/><p>I beg leave 
<lb/>to enclose another 
<lb/>of my lame 
<lb/>specimens. It 
<lb/>floats on the 
<lb/>water of the 
<lb/><placeName>Zambesi</placeName> and 
<lb/>is very pretty<reg>.</reg>

	<pb n="0002" facs="liv_001067_0002"/><!--pb/@n='128a-2'--> 
<lb/>It has no root in 
<lb/>the soil but 
<lb/>seems quite 
<lb/>content with 
<lb/>the water. <choice><reg>T</reg><orig>t</orig></choice>his 
<lb/>has preserved 
<lb/>its appearance 
<lb/>but is much 
<lb/>shrivelled. A 
<lb/>water plant 
<lb/>called by the 
<lb/>Portuguese Alfacinya 

	<pb n="0003" facs="liv_001067_0003"/><!--pb/@n='128a-3'--> 
<lb/>"lettuce" from its 
<lb/>resemblance to 
<lb/>that plant also 
<lb/>floats on the water 
<lb/>and great quantities 
<lb/>come down a 
<lb/>river called <placeName>Shire</placeName> into the 
<lb/><placeName>Zambesi</placeName>. It is 
<lb/>said quite to 
<lb/>obstruct the 
<lb/>navigation. It is 
<lb/>on that account 

	<pb n="0004" facs="liv_001067_0004"/><!--pb/@n='128-4'--> 
<lb/>I mention it in the 
<lb/>book. I saw it 
<lb/>at <placeName>Oxford</placeName> but the 
<lb/>name has escaped 
<lb/>me. It is like a 
<lb/>little cabbage- 
<lb/>Another plant appeared 
<lb/>at the same time 
<lb/>which I don<reg>'</reg>t trouble 
<lb/>you with but 
<lb/>only mention 
<lb/>it as to me a 
<lb/>curiosity. It 
<lb/>is called Njefu 

	<pb n="0005" facs="liv_001067_0005"/><!--pb/@n='129-5'--> 
<lb/>and has a leafe 
<lb/>of this size &amp; shape 
<lb/>at <figure><graphic url="LETT613-1.gif"/><figDesc/></figure> there is 
<lb/>a nut which 
<lb/><figure><graphic style="display:block" url="LETT613-2.gif"/><figDesc/></figure>
<lb/><persName>Sebituane</persName> the 
<lb/>chief liked so 
<lb/>much he 
<lb/>made it a 
<lb/>part of the tribute 

	<pb n="0006" facs="liv_001067_0006"/><!--pb/@n='129a-6'--> 
<lb/>from the tribes 
<lb/>he subjected. 
<lb/>I liked those I 
<lb/>eat and they 
<lb/>were floating 
<lb/>in company 
<lb/>with the Alfacinya<reg>.</reg>
<lb/>If you can 
<lb/>give me the 
<lb/>proper name 
<lb/>of the last 

	<pb n="0007" facs="liv_001067_0007"/><!--pb/@n='129a-7'--> 
<lb/>I shall feel obliged 
<lb/>but do not 
<lb/>I pray you 
<lb/>spend much 
<lb/>time on the subject. Many 
<lb/>and hearty thanks 
<lb/>for your notes 
<lb/>all of which 
<lb/>came duly to 
<lb/>hand. As also 

	<pb n="0008" facs="liv_001067_0008"/><!--pb/@n='129-8'--> 
<lb/>the notes from 
<lb/><persName>M<hi rend="sup">r</hi> Westwood</persName>
<lb/>for which I am 
<lb/>very thankful<reg>.</reg></p>
<lb/><p>Please present 
<lb/>my kindest
<lb/>salutations to 
<lb/><persName>M<hi rend="underline"><hi rend="sup">rs</hi></hi> H</persName>&amp; believe 
<lb/>me Most truly<reg>.</reg></p>
<lb/><p>Yours </p>
<lb/><p><persName>David Livingstone</persName></p>
			
</div>
		</body>
	</text></TEI>