<?xml version="1.0" encoding="UTF-8"?>
<!--Converted from a TEI P4 XML file to the LEAP TEI P5 Schema by James Cummings on 2015-03-02-->
<?xml-model href="http://livingstoneonline.github.io/LEAP-ODD/leap.rng" type="application/xml" schematypens="http://relaxng.org/ns/structure/1.0"?>
<?xml-model href="http://livingstoneonline.github.io/LEAP-ODD/leap.rng" type="application/xml" schematypens="http://purl.oclc.org/dsdl/schematron"?>
<?xml-stylesheet type="text/xsl" href="http://livingstoneonline.github.io/LEAP-XSLT/transcription.xsl"?>
<TEI xmlns="http://www.tei-c.org/ns/1.0" xml:id="liv_000991">
	<teiHeader xmlns:tei="http://www.tei-c.org/ns/1.0">
		<fileDesc>
			<titleStmt>
				<title>Letter to John Murray</title>
				<author xml:id="DL">David Livingstone</author>
			</titleStmt>
			<publicationStmt>
				<authority>Livingstone Online</authority>
				<pubPlace>London</pubPlace>
				<date>2008-11-04</date>
				<publisher>Wellcome Centre for the History of Medicine, UCL</publisher>
				<idno type="LEAP-ID">liv_000991</idno>
			</publicationStmt>
			<sourceDesc>
				<bibl xml:id="shelfmark">John Murray Archive, National Library of Scotland, MS. 42420, ff. 16r-17r</bibl>
				<bibl xml:id="ccnumber">0496</bibl>
				<bibl xml:id="recipient">John Murray</bibl>
				<bibl xml:id="date">7 April 1857</bibl>
				<bibl xml:id="where">57 Sloane Street</bibl>
			</sourceDesc>
		</fileDesc>
		<profileDesc>
			<langUsage>
				<language ident="en">English</language>
			</langUsage>
			<handNotes>
				<handNote xml:id="hand01">Scribe: Unknown</handNote>
			</handNotes>
		</profileDesc>
		<revisionDesc>
			<change>
				<date>2008-11-04</date>
				<name xml:id="initials">SM</name>Initial Transcription by Sharon Messenger
			</change>
			<change>
				<date>2008-11-14</date>
				<name xml:id="CL">Chris Lawrence</name>Proof by Chris Lawrence
			</change>
		</revisionDesc>
	</teiHeader>

	<text xmlns:tei="http://www.tei-c.org/ns/1.0">
		<body xml:lang="en">
			<div>

	<pb n="0001" facs="liv_000991_0001"/><!--pb/@n='16r'-->
<lb/><p rend="right"><placeName>57 Sloane St</placeName></p>
<lb/><p rend="right">7<hi rend="underline"><hi rend="sup">th</hi></hi> April 
<lb/>1857</p>
<lb/><p>My Dear <persName>M<hi rend="underline"><hi rend="sup">r</hi></hi> Murray</persName></p>
<lb/><p>Can you tell 
<lb/>me of a respectable 
<lb/>house agent? I 
<lb/>think it would 
<lb/>be well if I could 
<lb/>get out of this 
<lb/>a little way so 

	<pb n="0002" facs="liv_000991_0002"/><!--pb/@n='16v'--> 
<lb/>as to be out of the 
<lb/>way of calls - 
<lb/>the people with 
<lb/>whom we are living 
<lb/>don't behave 
<lb/>well though we 
<lb/>pay them highly<reg>.</reg>
<lb/>A small furnished 
<lb/>house for a 
<lb/>month or so any 
<lb/>where near 
<lb/>you or this 

	<pb n="0003" facs="liv_000991_0003"/><!--pb/@n='17r'--> 
<lb/>would be an 
<lb/>improvement<reg>.</reg>
<lb/>We don<reg>'</reg>t know 
<lb/>any trustworthy 
<lb/>agent so beg 
<lb/>to trouble you 
<lb/>for information merely<reg>.</reg> I am &amp;c </p>
<lb/><p rend="center"><persName>D. Livingstone</persName></p>
			
</div>
		</body>
	</text></TEI>