<?xml version="1.0" encoding="UTF-8"?>
<!--Converted from a TEI P4 XML file to the LEAP TEI P5 Schema by James Cummings on 2015-03-02-->
<?xml-model href="http://livingstoneonline.github.io/LEAP-ODD/leap.rng" type="application/xml" schematypens="http://relaxng.org/ns/structure/1.0"?>
<?xml-model href="http://livingstoneonline.github.io/LEAP-ODD/leap.rng" type="application/xml" schematypens="http://purl.oclc.org/dsdl/schematron"?>
<?xml-stylesheet type="text/xsl" href="http://livingstoneonline.github.io/LEAP-XSLT/transcription.xsl"?>
<TEI xmlns="http://www.tei-c.org/ns/1.0" xml:id="liv_001024">
	<teiHeader xmlns:tei="http://www.tei-c.org/ns/1.0">
		<fileDesc>
			<titleStmt>
				<title>Letter to Heinrich Barth</title>
				<author xml:id="DL">David Livingstone</author>
			</titleStmt>
			<publicationStmt>
				<authority>Livingstone Online</authority>
				<pubPlace>London</pubPlace>
				<date/>
				<publisher>Wellcome Centre for the History of Medicine, UCL</publisher>
				<idno type="LEAP-ID">liv_001024</idno>
			</publicationStmt>
			<sourceDesc>
				<bibl xml:id="shelfmark">Royal Geographical Society, Barth Correspondence</bibl>
				<bibl xml:id="ccnumber">0523</bibl>
				<bibl xml:id="recipient">Heinrich Barth</bibl>
				<bibl xml:id="date">20 May 1857</bibl>
				<bibl xml:id="where">57 Sloane Street</bibl>
			</sourceDesc>
		</fileDesc>
		<profileDesc>
			<langUsage>
				<language ident="en">English</language>
			</langUsage>
			<handNotes>
				<handNote xml:id="hand01">Scribe: Unknown</handNote>
			</handNotes>
		</profileDesc>
		<revisionDesc>
			<change>
				<date>16-01-09</date>
				<name xml:id="initials">SM</name>Initial Transcription by Sharon Messenger
			</change>
			<change>
				<date>2009-01-22</date>
				<name xml:id="CL">Christopher Lawrence</name>Proof by Chris Lawrence
			</change>
		</revisionDesc>
	</teiHeader>

	<text xmlns:tei="http://www.tei-c.org/ns/1.0">
		<body xml:lang="en">
			<div>

	<pb n="0001" facs="liv_001024_0001"/><!--pb/@n='1'--> 
<!--headed paper--><!--
<p rend="right">ROLF ITALIAANDER <lb/></p>
<p rend="right"><placeName>Hamburg 20 Beilwigstr 39</placeName> <lb/></p>
<p rend="right"><placeName>West Germany</placeName> <lb/></p>
--><!--<p rend="left"><supplied reason="damage">D.</supplied>Livingston an H. Barth <lb/></p>-->
<lb/><p rend="right"><placeName>57 Sloane Str.</placeName></p>
<lb/><p>20 <hi rend="sup">th</hi> May 1857 </p>
<lb/><p rend="left">My Dear Sir </p>
<lb/><p>I beg leave to tender you my <add place="above">hearty</add> thanks for your kindness in 
<w>sen-<lb break="no"/>ding</w> me a copy of your handsome work. </p>
<lb/><p>I was not aware <choice><sic>untill</sic><corr>until</corr></choice> I read your note that any questions had 
<lb/>been raised such as those to which you refer and feel no <del type="strikethrough">certain</del><add place="above">sort of</add>
<lb/>interest in their solution. And as for the difficulties they seem 
<lb/>to have been some what different in their nature. I judge this from 
<lb/>a glance at part of your preface. But we have overcome them and 
<lb/>nothing more need be said about them. </p>
<lb/><p>I anticipate much pleasure in reading your volumes and thank 
<lb/>you sincerely for <choice><sic>tehm</sic><corr>them</corr></choice> and the sentences of approbation with which 
<lb/>you kindly accompanied the gift. </p>
<lb/><p rend="left">I am Sir </p>
<lb/><p rend="center">your much </p>
<lb/><p rend="center">obeyed St. </p>
<lb/><p rend="center">David Livingston </p>
<lb/><p rend="left"><persName>Dr Barth</persName></p>
			
</div>
		</body>
	</text></TEI>