<?xml version="1.0" encoding="UTF-8"?>
<!--Converted from a TEI P4 XML file to the LEAP TEI P5 Schema by James Cummings on 2015-03-02-->
<?xml-model href="http://livingstoneonline.github.io/LEAP-ODD/leap.rng" type="application/xml" schematypens="http://relaxng.org/ns/structure/1.0"?>
<?xml-model href="http://livingstoneonline.github.io/LEAP-ODD/leap.rng" type="application/xml" schematypens="http://purl.oclc.org/dsdl/schematron"?>
<?xml-stylesheet type="text/xsl" href="http://livingstoneonline.github.io/LEAP-XSLT/transcription.xsl"?>
<TEI xmlns="http://www.tei-c.org/ns/1.0" xml:id="liv_000147">
	<teiHeader xmlns:tei="http://www.tei-c.org/ns/1.0">
		<fileDesc>
			<titleStmt>
				<title>Letter to Francis Skead</title>
				<author xml:id="DL">David Livingstone</author>
			</titleStmt>
			<publicationStmt>
				<authority>Livingstone Online</authority>
				<pubPlace>London</pubPlace>
				<date/>
				<publisher>Wellcome Centre for the History of Medicine, UCL</publisher>
				<idno type="LEAP-ID">liv_000147</idno>
			</publicationStmt>
			<sourceDesc>
				<bibl xml:id="shelfmark">Dundee Central Library</bibl>
				<bibl xml:id="ccnumber">0776</bibl>
				<bibl xml:id="recipient">Francis Skead</bibl>
				<bibl xml:id="date">3 April 1858</bibl>
				<bibl xml:id="where">Steamer "Pearl"</bibl>
			</sourceDesc>
		</fileDesc>
		<profileDesc>
			<langUsage>
				<language ident="en">English</language>
			</langUsage>
			<handNotes>
				<handNote xml:id="hand01">Scribe: Unknown</handNote>
			</handNotes>
		</profileDesc>
		<revisionDesc>
			<change>
				<date>09-01-09</date>
				<name xml:id="initials">SM</name>Initial Transcription by Sharon Messenger 
			</change>
			<change>
				<date>2009-01-22</date>
				<name xml:id="CL">Christopher Lawrence</name>Proof by Chris Lawrence
			</change>
		</revisionDesc>
	</teiHeader>

	<text xmlns:tei="http://www.tei-c.org/ns/1.0">
		<body xml:lang="en">
			<div>

	<pb n="0001" facs="liv_000147_0001"/><!--pb/@n='1r'-->
<lb/><p rend="right"><placeName>Steamer Pearl</placeName>
<lb/>3<hi rend="underline"><hi rend="sup">d</hi></hi> April 1858</p>
<lb/><p><choice><sic>Recieved</sic><corr>Received</corr></choice> from <persName>M<hi rend="sup"><hi rend="underline">r</hi></hi> Skead</persName>
<lb/>one sextant N<hi rend="sup">o</hi> Da 20 
<lb/>for the use of the <placeName>Zambesi</placeName>
<lb/>Expedition<reg>.</reg></p>
<lb/><p><persName>David Livingstone</persName></p>
			
</div>
		</body>
	</text></TEI>