<?xml version="1.0" encoding="UTF-8"?>
<!--Converted from a TEI P4 XML file to the LEAP TEI P5 Schema by James Cummings on 2015-03-02-->
<?xml-model href="http://livingstoneonline.github.io/LEAP-ODD/leap.rng" type="application/xml" schematypens="http://relaxng.org/ns/structure/1.0"?>
<?xml-model href="http://livingstoneonline.github.io/LEAP-ODD/leap.rng" type="application/xml" schematypens="http://purl.oclc.org/dsdl/schematron"?>
<?xml-stylesheet type="text/xsl" href="http://livingstoneonline.github.io/LEAP-XSLT/transcription.xsl"?>
<TEI xmlns="http://www.tei-c.org/ns/1.0" xml:id="liv_001192"><!-- LP29 -->
	<teiHeader xmlns:tei="http://www.tei-c.org/ns/1.0">
		<fileDesc>
			<titleStmt>
				<title>Letter to Annarella Smyth</title>
				<author xml:id="DL">David Livingstone</author>
			</titleStmt>
			<publicationStmt>
				<authority>Livingstone Online</authority>
				<pubPlace>London</pubPlace>
				<date>2005-05-04</date>
				<publisher>Wellcome Centre for the History of Medicine, UCL</publisher>
				<idno type="LEAP-ID">liv_001192</idno>
			</publicationStmt>
			<sourceDesc>
				<bibl xml:id="ccnumber">0676</bibl>
				<bibl xml:id="recipient">Annarella Smyth</bibl>
				<bibl xml:id="date">26 January 1858</bibl>
				<bibl xml:id="where">50 Albemarle Street</bibl>
				<bibl xml:id="shelfmark">Wellcome Library Ms. 7329/29</bibl><!--1858-01-26--><!--Original:1858-01-26-->
				<bibl xml:id="extent">3 pages</bibl>
			</sourceDesc>
		</fileDesc>
		<revisionDesc>
			<change>
				<date>2005-04-28</date>
				<name xml:id="CO">Caroline Overy</name>Initial Transcription
			</change>
			<change>
				<date>2006-02-12</date>
				<name xml:id="CL">Chris Lawrence</name>first proof
			</change>
			<change>
				<date>2006-02-19</date>
				<name xml:id="JB">Janet Browne</name>second proof
			</change>
			<change>
				<date>2005-03-01</date>
				<name xml:id="SM">Sharon Messenger</name>final proof
			</change>
		</revisionDesc>
	</teiHeader>

	<text xmlns:tei="http://www.tei-c.org/ns/1.0">
		<body>
			<div>

	<pb n="0001" facs="liv_001192_0001"/><!--pb/@n='1'--> 
<!--Hand 01 24 top left--><!--hand 02 64760 top right-->
<lb/><p rend="right"><placeName>50 Albemarle <choice><abbr>St.</abbr><expan>Street</expan></choice></placeName></p>
<lb/><p rend="right">26<hi rend="sup"><hi rend="underline">th</hi></hi><choice><abbr>Jan<hi rend="sup">y.</hi></abbr><expan>January</expan></choice></p>
<lb/><p rend="right">1858</p>
<lb/><p>My Dear <persName>Madam</persName></p>
<lb/><p>I know <persName>M<hi rend="sup">r</hi>
<lb/>Taylor</persName> very well 
<lb/>and the circumstance 
<lb/>also which induced 
<lb/>him to write to <persName>the 
<lb/>Admiral</persName>. A <persName>M<hi rend="sup"><hi rend="underline">rs</hi></hi>
<lb/>Bevan</persName>, wife of 
<lb/>a London banker 
<lb/>wished to present 

	<pb n="0002" facs="liv_001192_0002"/><!--pb/@n='2'--> 
<lb/>me with something 
<lb/>and as <persName>M<hi rend="sup"><hi rend="underline">r</hi></hi> Taylor</persName>
<lb/>thought that this 
<lb/>meant something 
<lb/>handsome I mentioned 
<lb/>the instrument. But 
<lb/>as this was more 
<lb/>than two months 
<lb/>ago I suspect that 
<lb/>he was too sanguine 
<lb/>in his expectations 
<lb/>for I have heard 
<lb/>nothing more of 
<lb/>it from him since 
<lb/>I shall see him 

	<pb n="0003" facs="liv_001192_0003"/><!--pb/@n='3'--> 
<lb/>in a day or two and 
<lb/>then proceed to get 
<lb/>the instrument for 
<lb/>myself. &amp; I should 
<lb/>like to know if they 
<lb/>are to be had in 
<lb/>London &amp; where 
<lb/>I dont like to be 
<lb/>troublesome and 
<lb/>hope you will excuse 
<lb/>this</p>
<lb/><p rend="right">I am Yours Truly</p>
<lb/><p rend="center">David Livingstone</p>
<lb/><p rend="center"><persName>M<hi rend="sup">rs</hi>. A. <choice><sic>Smythe</sic><corr>Smyth</corr></choice></persName>.</p>
			
</div>
		</body>
	</text></TEI>