<?xml version="1.0" encoding="UTF-8"?>
<!--Converted from a TEI P4 XML file to the LEAP TEI P5 Schema by James Cummings on 2015-03-02-->
<?xml-model href="http://livingstoneonline.github.io/LEAP-ODD/leap.rng" type="application/xml" schematypens="http://relaxng.org/ns/structure/1.0"?>
<?xml-model href="http://livingstoneonline.github.io/LEAP-ODD/leap.rng" type="application/xml" schematypens="http://purl.oclc.org/dsdl/schematron"?>
<?xml-stylesheet type="text/xsl" href="http://livingstoneonline.github.io/LEAP-XSLT/transcription.xsl"?>
<TEI xmlns="http://www.tei-c.org/ns/1.0" xml:id="liv_001159">
	<teiHeader xmlns:tei="http://www.tei-c.org/ns/1.0">
		<fileDesc>
			<titleStmt>
				<title>Letter to John Washington</title>
				<author xml:id="DL">David Livingstone</author>
			</titleStmt>
			<publicationStmt>
				<authority>Livingstone Online</authority>
				<pubPlace>London</pubPlace>
				<date/>
				<publisher>Wellcome Centre for the History of Medicine, UCL</publisher>
				<idno type="LEAP-ID">liv_001159</idno>
			</publicationStmt>
			<sourceDesc>
				<bibl xml:id="shelfmark">The National Museum of the Royal Navy, Portsmouth, UK, MSS 120</bibl>
				<bibl xml:id="ccnumber">0645</bibl>
				<bibl xml:id="recipient">John Washington</bibl>
				<bibl xml:id="date">19 December 1857</bibl>
				<bibl xml:id="where">Unknown</bibl>
			</sourceDesc>
		</fileDesc>
		<profileDesc>
			<langUsage>
				<language ident="en">English</language>
			</langUsage>
			<handNotes>
				<handNote xml:id="hand01">Scribe: Unknown</handNote>
			</handNotes>
		</profileDesc>
		<revisionDesc>
			<change>
				<date/>
				<name xml:id="initials">SM</name>Initial Transcription by Sharon Messenger
			</change>
			<change>
				<date>2009-08-17</date>
				<name xml:id="CL">Chris Lawrence</name>Proofed by Chris
			</change>
		</revisionDesc>
	</teiHeader>

	<text xmlns:tei="http://www.tei-c.org/ns/1.0">
		<body xml:lang="en">
			<div>

	<pb n="0001" facs="liv_001159_0001"/><!--pb/@n='1r'-->
<lb/><p rend="left">Dear <persName>Captain Washington</persName></p>
<lb/><p>I have just <choice><sic>recieved</sic><corr>received</corr></choice>
<lb/>this from <persName>Rennie</persName> the Engineer 
<lb/>and I hope to get others 
<lb/>from <persName>Bourne</persName> and 
<lb/>from <persName>Napier</persName> of 
<lb/><placeName>Glasgow</placeName> immediately<reg>.</reg>
<lb/><persName>Rennie<reg>'</reg>s</persName> gun boats are 
<lb/>now about ready<reg>.</reg></p>
<lb/><p>I am yours most truly </p>
<lb/><p><persName>David Livingstone</persName></p>
<lb/><p rend="left">18<hi rend="sup">th</hi> Dec </p>
<lb/><p rend="left">1857 </p>
			
</div>
		</body>
	</text></TEI>