<?xml version="1.0" encoding="UTF-8"?>
<!--Converted from a TEI P4 XML file to the LEAP TEI P5 Schema by James Cummings on 2015-03-02-->
<?xml-model href="http://livingstoneonline.github.io/LEAP-ODD/leap.rng" type="application/xml" schematypens="http://relaxng.org/ns/structure/1.0"?>
<?xml-model href="http://livingstoneonline.github.io/LEAP-ODD/leap.rng" type="application/xml" schematypens="http://purl.oclc.org/dsdl/schematron"?>
<?xml-stylesheet type="text/xsl" href="http://livingstoneonline.github.io/LEAP-XSLT/transcription.xsl"?>
<TEI xmlns="http://www.tei-c.org/ns/1.0" xml:id="liv_001230">
	<teiHeader xmlns:tei="http://www.tei-c.org/ns/1.0">
		<fileDesc>
			<titleStmt>
				<title>Letter to John Washington</title>
				<author xml:id="DL">David Livingstone</author>
			</titleStmt>
			<publicationStmt>
				<authority>Livingstone Online</authority>
				<pubPlace>London</pubPlace>
				<date>09-08-2009</date>
				<publisher>Wellcome Centre for the History of Medicine, UCL</publisher>
				<idno type="LEAP-ID">liv_001230</idno>
			</publicationStmt>
			<sourceDesc>
				<bibl xml:id="shelfmark">The National Museum of the Royal Navy, Portsmouth, UK, MSS 120</bibl>
				<bibl xml:id="ccnumber">0711</bibl>
				<bibl xml:id="recipient">John Washington</bibl>
				<bibl xml:id="date">13 February 1858</bibl>
				<bibl xml:id="where">18 Hart Street</bibl>
			</sourceDesc>
		</fileDesc>
		<profileDesc>
			<langUsage>
				<language ident="en">English</language>
			</langUsage>
			<handNotes>
				<handNote xml:id="hand01">Scribe: Unknown</handNote>
			</handNotes>
		</profileDesc>
		<revisionDesc>
			<change>
				<date/>
				<name xml:id="initials">SM</name>Initial Transcription by Sharon Messenger
			</change>
			<change>
				<date>2009-08-17</date>
				<name xml:id="CL">Chris Lawrence</name>Proofed by Chris
			</change>
		</revisionDesc>
	</teiHeader>

	<text xmlns:tei="http://www.tei-c.org/ns/1.0">
		<body xml:lang="en">
			<div>

	<pb n="0001" facs="liv_001230_0001"/><!--pb/@n='1r'-->
<lb/><p rend="right"><placeName>18. Hart St.</placeName></p>
<lb/><p rend="right">13 Feby </p>
<lb/><p rend="right">1858 </p>
<lb/><p>Dear <persName>Captain Washington</persName></p>
<lb/><p>I have just 
<lb/>come in from 
<lb/>an interview 
<lb/>with <persName>her Majesty</persName>
<lb/>or I should 
<lb/>have answered 
<lb/>yours before this<reg>.</reg>

	<pb n="0002" facs="liv_001230_0002"/><!--pb/@n='1v'--> 
<lb/>I got two 
<lb/>estimates from 
<lb/>the city through 
<lb/><persName>Sir Morton 
<lb/>Peto</persName> but they 
<lb/>were an 
<lb/>increase in 
<lb/>amount of 
<lb/>food and 
<lb/>a <unclear cert="medium">proportionable</unclear>
<lb/>increase in 

	<pb n="0003" facs="liv_001230_0003"/><!--pb/@n='2r'--> 
<lb/>Price - one 
<lb/>was £750 
<lb/>another £1003 
<lb/>So there can 
<lb/>be no doubt 
<lb/>but <persName>Duncan's</persName>
<lb/>man is 
<lb/>reasonable<reg>.</reg>
<lb/>It will be well 
<lb/>to decide to 
<lb/>get them from 

	<pb n="0004" facs="liv_001230_0004"/><!--pb/@n='2v'--> 
<lb/>Glasgow - I 
<lb/>shall want 
<lb/>a day or two - 
<lb/>We sent down 
<lb/>our two 
<lb/>years luggage 
<lb/>to <placeName>Liverpool</placeName>
<lb/>today<reg>.</reg></p>
<lb/><p>Hoping this 
<lb/>is in time 
<lb/>for post<reg>.</reg> I am &amp;c </p>
<lb/><p><persName>David Livingstone</persName></p>
			
</div>
		</body>
	</text></TEI>