<?xml version="1.0" encoding="UTF-8"?>
<!--Converted from a TEI P4 XML file to the LEAP TEI P5 Schema by James Cummings on 2015-03-02-->
<?xml-model href="http://livingstoneonline.github.io/LEAP-ODD/leap.rng" type="application/xml" schematypens="http://relaxng.org/ns/structure/1.0"?>
<?xml-model href="http://livingstoneonline.github.io/LEAP-ODD/leap.rng" type="application/xml" schematypens="http://purl.oclc.org/dsdl/schematron"?>
<?xml-stylesheet type="text/xsl" href="http://livingstoneonline.github.io/LEAP-XSLT/transcription.xsl"?>
<TEI xmlns="http://www.tei-c.org/ns/1.0" xml:id="liv_001117">
	<teiHeader xmlns:tei="http://www.tei-c.org/ns/1.0">
		<fileDesc>
			<titleStmt>
				<title>Letter to Thomas Milne</title>
				<author xml:id="DL">David Livingstone</author>
			</titleStmt>
			<publicationStmt>
				<authority>Livingstone Online</authority>
				<pubPlace>London</pubPlace>
				<date>2007-06-20</date>
				<publisher>Wellcome Centre for the History of Medicine, UCL</publisher>
				<idno type="LEAP-ID">liv_001117</idno>
			</publicationStmt>
			<sourceDesc>
				<bibl xml:id="shelfmark">National Library of Scotland, MS.10768, ff. 20-21</bibl>
				<bibl xml:id="ccnumber">0606</bibl>
				<bibl xml:id="recipient">Thomas Milne</bibl>
				<bibl xml:id="date">24 October 1857</bibl>
				<bibl xml:id="where">London</bibl>
			</sourceDesc>
		</fileDesc>
		<profileDesc>
			<langUsage>
				<language ident="en">English</language>
			</langUsage>
			<handNotes>
				<handNote xml:id="hand01">Scribe: Unknown</handNote>
			</handNotes>
		</profileDesc>
		<revisionDesc>
			<change>
				<date>2007-06-20</date>
				<name xml:id="CO">Caroline Overy</name>Intial Transcription by Caroline Overy
			</change>
			<change>
				<date>2007-08-06</date>
				<name xml:id="CL">Chris Lawrence</name>Proof by Chris Lawrence
			</change>
		</revisionDesc>
	</teiHeader>

	<text xmlns:tei="http://www.tei-c.org/ns/1.0">
		<body xml:lang="en">
			<div>

	<pb n="0001" facs="liv_001117_0001"/><!--pb/@n='20r'-->
<lb/><p rend="right">London 24<hi rend="sup"><hi rend="underline">th</hi></hi> Oct</p>
<lb/><p rend="right">1857</p>
<lb/><p>My Dear Sir</p>
<lb/><p>As a deputation 
<lb/>from the British Association 
<lb/>is to have an interview 
<lb/>with <persName>Lord Clarendon</persName>
<lb/>next week on the subject 
<lb/>of granting a vessel 
<lb/>to survey the <placeName>Zambesi</placeName>
<lb/>it would strengthen their 

	<pb n="0002" facs="liv_001117_0002"/><!--pb/@n='20v'--> 
<lb/>hands if your chamber 
<lb/>of commerce would 
<lb/>present their resolution 
<lb/>(if any) in favour 
<lb/>of developing the 
<lb/>resources of Africa  
<lb/>during that time<reg>.</reg>
<lb/>Perhaps you have 
<lb/>already presented it. 
<lb/><choice><reg>I</reg><orig>i</orig></choice>f so you will excuse 
<lb/>this hint<reg>.</reg></p>

	<pb n="0003" facs="liv_001117_0003"/><!--pb/@n='21r'-->
<lb/><p>I am Dear Sir</p>
<lb/><p>Truly yours</p>
<lb/><p>David Livingstone</p>
<lb/><p>Thomas Milne Esq</p>
<lb/><p>Most kind salutations 
<lb/>to <persName>M<hi rend="sup"><hi rend="underline">rs</hi></hi> M.</persName></p>
			
</div>
		</body>
	</text></TEI>