<?xml version="1.0" encoding="UTF-8"?>
<!--Converted from a TEI P4 XML file to the LEAP TEI P5 Schema by James Cummings on 2015-03-02-->
<?xml-model href="http://livingstoneonline.github.io/LEAP-ODD/leap.rng" type="application/xml" schematypens="http://relaxng.org/ns/structure/1.0"?>
<?xml-model href="http://livingstoneonline.github.io/LEAP-ODD/leap.rng" type="application/xml" schematypens="http://purl.oclc.org/dsdl/schematron"?>
<?xml-stylesheet type="text/xsl" href="http://livingstoneonline.github.io/LEAP-XSLT/transcription.xsl"?>
<TEI xmlns="http://www.tei-c.org/ns/1.0" xml:id="liv_000953">
	<teiHeader xmlns:tei="http://www.tei-c.org/ns/1.0">
		<fileDesc>
			<titleStmt>
				<title>Letter to Arthur Tidman</title>
				<author xml:id="DL">David Livingstone</author>
			</titleStmt>
			<publicationStmt>
				<authority>Livingstone Online</authority>
				<pubPlace>London</pubPlace>
				<date>2009-05-19</date>
				<publisher>Wellcome Centre for the History of Medicine, UCL</publisher>
				<idno type="LEAP-ID">liv_000953</idno>
			</publicationStmt>
			<sourceDesc>
				<bibl xml:id="shelfmark">School of Oriental and African Studies Library, University of London, CWM/LMS, Livingstone Wooden Box-105A</bibl>
				<bibl xml:id="ccnumber">0461</bibl>
				<bibl xml:id="recipient">Arthur Tidman</bibl>
				<bibl xml:id="date">26 January 1857</bibl>
				<bibl xml:id="where">57 Sloane Street</bibl>
			</sourceDesc>
		</fileDesc>
		<profileDesc>
			<langUsage>
				<language ident="en">English</language>
			</langUsage>
			<handNotes>
				<handNote xml:id="hand01">Scribe: Unknown</handNote>
			</handNotes>
		</profileDesc>
		<revisionDesc>
			<change>
				<date>2009-05-19</date>
				<name xml:id="initials">SM</name>Letter foliated by Sharon Messenger
			</change>
			<change>
				<date>2009-06-10</date>
				<name xml:id="CL">Chris Lawrence</name>Proofed by Chris
			</change>
		</revisionDesc>
	</teiHeader>

	<text xmlns:tei="http://www.tei-c.org/ns/1.0">
		<body xml:lang="en">
			<div>

	<pb n="0001" facs="liv_000953_0001"/><!--pb/@n='1r'-->
<lb/><p rend="right"><placeName>57 Sloane St</placeName></p>
<lb/><p rend="right">26<hi rend="underline"><hi rend="sup">th</hi></hi> Jan<hi rend="sup">y</hi>1857 </p>
<lb/><p><persName>Rev<hi rend="sup"><hi rend="underline">d</hi></hi> D<hi rend="underline"><hi rend="sup">r</hi></hi> Tidman</persName></p>
<lb/><p>Dear Sir </p>
<lb/><p>It has 
<lb/>struck my mind 
<lb/>several times since 
<lb/>our meeting on 
<lb/><choice><reg>T</reg><orig>t</orig></choice>hursday last that 
<lb/>the remark you 
<lb/>made as to my 
<lb/>refusing to do anything 

	<pb n="0002" facs="liv_000953_0002"/><!--pb/@n='1v'-->
<lb/>for the Society and 
<lb/>the recommendation 
<lb/>to undertake ten or 
<lb/>twelve public meetings 
<lb/>at the principal towns 
<lb/>indicate forgetfulness 
<lb/>of the complaint 
<lb/>in my throat which 
<lb/>disables me from 
<lb/>public speaking. 
<lb/>I got the uvula excised 
<lb/>at <placeName>Cape Town</placeName> in 
<lb/>1852. Found that 
<lb/>operation relieved me 

	<pb n="0003" facs="liv_000953_0003"/><!--pb/@n='2r'-->
<lb/>considerably but a 
<lb/>quarter of an hour<reg>'</reg>s 
<lb/>speaking in the open 
<lb/>air always causes 
<lb/>pain and loss of 
<lb/>voice since as well 
<lb/>as before the operation<reg>.</reg>
<lb/>I made a fair trial 
<lb/>at the <placeName>Mauritius</placeName> for 
<lb/>the purpose of raising 
<lb/>a fund for a sailors<reg>'</reg>
<lb/>home there - thousands 
<lb/>of our men calling 
<lb/>at that port annually 

	<pb n="0004" facs="liv_000953_0004"/><!--pb/@n='2v'-->
<lb/>are robbed and abused 
<lb/>by every variety of 
<lb/>bad character but 
<lb/>I found my deficiency 
<lb/>still remaining. I believe 
<lb/>I mentioned this as soon 
<lb/>as I came, to <persName>M<hi rend="sup">r</hi> Prout</persName>, 
<lb/>but perhaps not <choice><sic>untill</sic><corr>until</corr></choice>
<lb/>now to you. If is does 
<lb/>not now often prove 
<lb/>a hindrance in 
<lb/>private conversation 
<lb/>but is very distressing 
<lb/>in the open air &amp; 
<lb/>to large audiences<reg>.</reg>

	<pb n="0005" facs="liv_000953_0005"/><!--pb/@n='3r'-->
<lb/><choice><reg>T</reg><orig>t</orig></choice>he letter of the Directors 
<lb/>which I <choice><sic>recieved</sic><corr>received</corr></choice> at 
<lb/><placeName>Quilimane</placeName> seemed 
<lb/>to imply equal 
<w>forget-<lb break="no"/>fulness</w> of the fact 
<lb/>though I surely gave 
<lb/>information of it 
<lb/>from <placeName>Cape Town</placeName><reg>.</reg>
<lb/>In this I may possibly 
<lb/>be mistaken. 

	<pb n="0006" facs="liv_000953_0006"/><!--pb/@n='3v'-->
<lb/>I <choice><sic>recieved</sic><corr>received</corr></choice> the message 
<lb/>by <persName>M<hi rend="sup"><hi rend="underline">rs</hi></hi> L.</persName> and will 
<lb/>endeavour to be 
<lb/>with you on the 
<lb/>day specified<reg>.</reg></p>
			
</div>
		</body>
	</text></TEI>