<?xml version="1.0" encoding="UTF-8"?>
<!--Converted from a TEI P4 XML file to the LEAP TEI P5 Schema by James Cummings on 2015-03-02-->
<?xml-model href="http://livingstoneonline.github.io/LEAP-ODD/leap.rng" type="application/xml" schematypens="http://relaxng.org/ns/structure/1.0"?>
<?xml-model href="http://livingstoneonline.github.io/LEAP-ODD/leap.rng" type="application/xml" schematypens="http://purl.oclc.org/dsdl/schematron"?>
<?xml-stylesheet type="text/xsl" href="http://livingstoneonline.github.io/LEAP-XSLT/transcription.xsl"?>
<TEI xmlns="http://www.tei-c.org/ns/1.0" xml:id="liv_001302">
	<teiHeader xmlns:tei="http://www.tei-c.org/ns/1.0">
		<fileDesc>
			<titleStmt>
				<title>Letter to Francis Skead</title>
				<author xml:id="DL">David Livingstone</author>
			</titleStmt>
			<publicationStmt>
				<authority>Livingstone Online</authority>
				<pubPlace>London</pubPlace>
				<date>2009-10-20</date>
				<publisher>Wellcome Centre for the History of Medicine, UCL</publisher>
				<idno type="LEAP-ID">liv_001302</idno>
			</publicationStmt>
			<sourceDesc>
				<bibl xml:id="shelfmark">Dundee Central Library, Lamb Collection 392 (19)</bibl>
				<bibl xml:id="ccnumber">0776</bibl>
				<bibl xml:id="recipient">Francis Skead</bibl>
				<bibl xml:id="date">3 April 1858</bibl>
				<bibl xml:id="where">Steamer "Pearl"</bibl>
			</sourceDesc>
		</fileDesc>
		<profileDesc>
			<langUsage>
				<language ident="en">English</language>
			</langUsage>
			<handNotes>
				<handNote/>
				<handNote xml:id="other"/>
			</handNotes>
		</profileDesc>
		<revisionDesc>
			<change>
				<date>2009-10-20</date>
				<name xml:id="SM">Sharon Messenger</name>Transcribed by Sharon Messenger
			</change>
		</revisionDesc>
	</teiHeader>

	<text xmlns:tei="http://www.tei-c.org/ns/1.0">
		<body xml:lang="en">
			<div>

	<pb n="0001" facs="liv_001302_0001"/><!--pb/@n='1r'-->
<lb/><p rend="right">Steamer Pearl 3<hi rend="underline"><hi rend="sup">d</hi></hi> April </p>
<lb/><p rend="right">1858 </p>
<lb/><p>Sir </p>
<lb/><p>As another sextant 
<lb/>is required for the use 
<lb/>of the <placeName>Zambesi</placeName>
<lb/>Expedition in addition 
<lb/>to that we already possess 
<lb/>I beg leave to apply 
<lb/>to you for one, and 

	<pb n="0002" facs="liv_001302_0002"/><!--pb/@n='1v'--> 
<lb/>I will account for 
<lb/>it to the Admiralty<reg>.</reg></p>
<lb/><p rend="center">I am &amp;c </p>
<lb/><p rend="center"><persName>David Livingstone</persName></p>
<lb/><p><persName>M<hi rend="sup"><hi rend="underline">r</hi></hi> Skead R.N. </persName></p>

	<pb n="0003" facs="liv_001302_0003"/><!--pb/@n='2r'-->
<lb/><p><handShift new="#other"/> Lamb Collection 
<lb/>392(19) </p>
<lb/><p>The annexed letter I received 
<lb/>from the personal friend of 
<lb/>D<hi rend="sup">r</hi> Livingstone - <persName>Captain Skead</persName>, late 
<lb/>R.N. and Admiralty Surveyor 
<lb/>to the Zambesi expedition - and 
<lb/>I can therefore testify to its 
<lb/>genuineness. 
<lb/>N. L. Spindle 
<lb/><hi rend="underline">30/8/74</hi></p>
			
</div>
		</body>
	</text></TEI>