<?xml version="1.0" encoding="UTF-8"?>
<!--Converted from a TEI P4 XML file to the LEAP TEI P5 Schema by James Cummings on 2015-03-02-->
<?xml-model href="http://livingstoneonline.github.io/LEAP-ODD/leap.rng" type="application/xml" schematypens="http://relaxng.org/ns/structure/1.0"?>
<?xml-model href="http://livingstoneonline.github.io/LEAP-ODD/leap.rng" type="application/xml" schematypens="http://purl.oclc.org/dsdl/schematron"?>
<?xml-stylesheet type="text/xsl" href="http://livingstoneonline.github.io/LEAP-XSLT/transcription.xsl"?>
<TEI xmlns="http://www.tei-c.org/ns/1.0" xml:id="liv_001238">
	<teiHeader xmlns:tei="http://www.tei-c.org/ns/1.0">
		<fileDesc>
			<titleStmt>
				<title>Letter to John Murray</title>
				<author xml:id="DL">David Livingstone</author>
			</titleStmt>
			<publicationStmt>
				<authority>Livingstone Online</authority>
				<pubPlace>London</pubPlace>
				<date>2008-11-12</date>
				<publisher>Wellcome Centre for the History of Medicine, UCL</publisher>
				<idno type="LEAP-ID">liv_001238</idno>
			</publicationStmt>
			<sourceDesc>
				<bibl xml:id="shelfmark">John Murray Archive, National Library of Scotland, MS. 42420, ff. 95r-96r</bibl>
				<bibl xml:id="ccnumber">0719</bibl>
				<bibl xml:id="recipient">John Murray</bibl>
				<bibl xml:id="date">16 February 1858</bibl>
				<bibl xml:id="where">[50 Albemarle Street]</bibl>
			</sourceDesc>
		</fileDesc>
		<profileDesc>
			<langUsage>
				<language ident="en">English</language>
			</langUsage>
			<handNotes>
				<handNote xml:id="hand01">Scribe: Unknown</handNote>
			</handNotes>
		</profileDesc>
		<revisionDesc>
			<change>
				<date>2008-11-12</date>
				<name xml:id="CO">Caroline Overy</name>Initial Transcription by Caroline Overy
			</change>
			<change>
				<date>2008-11-22</date>
				<name xml:id="CL">Chris Lawrence</name>Proof by Chris Lawrence
			</change>
		</revisionDesc>
	</teiHeader>

	<text xmlns:tei="http://www.tei-c.org/ns/1.0">
		<body xml:lang="en">
			<div>

	<pb n="0001" facs="liv_001238_0001"/><!--pb/@n='95r'--> 
<!--printed letterhead--><!--
<p rend="center"><placeName>50A Albemarle Street, London, W.</placeName></p>
--><!--end of printed letterhead-->
<lb/><p rend="right">16 Feby 1858</p>
<lb/><p>My dear <persName>M<hi rend="sup"><hi rend="underline">r</hi></hi> Murray</persName></p>
<lb/><p>As it is desirable 
<lb/>that an abridgement 
<lb/>of my work 
<lb/>the Missionary 
<lb/>travels should 
<lb/>be issued and 
<lb/>I have the fullest 
<lb/>confidence 

	<pb n="0002" facs="liv_001238_0002"/><!--pb/@n='95v'--> 
<lb/>in <persName>M<hi rend="sup"><hi rend="underline">r</hi></hi> Elwin<reg>'</reg>s</persName>
<lb/>ability and sympathy 
<lb/>for such abridgement 
<lb/>and in your 
<lb/>management of 
<lb/>it I hereby 
<lb/><del type="strikethrough">by</del> authorize 
<lb/>you to take 
<lb/>whatever steps 
<lb/>you may 

	<pb n="0003" facs="liv_001238_0003"/><!--pb/@n='96r'--> 
<lb/>deem advisable 
<lb/>in the matter 
<lb/>and I leave it 
<lb/>entirely to your 
<lb/>judgment as 
<lb/>to the time &amp;c 
<lb/>of publication<reg>.</reg></p>
<lb/><p rend="center">I am &amp;</p>
<lb/><p>David Livingstone</p>
<lb/><p><persName>John Murray</persName> Esq</p>
			
</div>
		</body>
	</text></TEI>