<?xml version="1.0" encoding="UTF-8"?>
<?xml-model href="http://livingstoneonline.github.io/LEAP-ODD/leap.rng" type="application/xml" schematypens="http://relaxng.org/ns/structure/1.0"?>
<?xml-model href="http://livingstoneonline.github.io/LEAP-ODD/leap.rng" type="application/xml" schematypens="http://purl.oclc.org/dsdl/schematron"?>
<TEI xmlns="http://www.tei-c.org/ns/1.0" xml:id="liv_002572">
    <teiHeader>
        <fileDesc>
            <titleStmt>
                <title>Letter to John Kirk, 26 June 1871</title>
                <author>David Livingstone</author>
                <principal>Adrian S. Wisnicki</principal>
                <principal>Christopher Lawrence</principal>
				<respStmt xml:id="AW">
					<name>Adrian S. Wisnicki</name>
					<resp>Transcription</resp>
					<resp>TEI Encoding</resp>
					<resp>Proofreading</resp>
                    <resp>Editorial Decisions</resp>
					<resp>Coding Review</resp>
				</respStmt>
                <respStmt xml:id="MW">
                    <name>Megan Ward</name>
                    <resp>Transcription</resp>
                    <resp>TEI Encoding</resp>
					<resp>Proofreading</resp>
                    <resp>Editorial Decisions</resp>
                </respStmt>
                <respStmt xml:id="HB">
                    <name>Heather F. Ball</name>
                    <resp>Transcription</resp>
                    <resp>TEI Encoding</resp>
                    <resp>Editorial Decisions</resp>
					<resp>Proofreading</resp>
					<resp>Quality Control and Integration</resp>
                </respStmt>
                <respStmt xml:id="KS">
                    <name>Kate Simpson</name>
                    <resp>Transcription</resp>
                    <resp>TEI Encoding</resp>
                    <resp>Editorial Decisions</resp>
					<resp>Proofreading</resp>
                </respStmt>
                <respStmt xml:id="AK">
                    <name>Ashanka Kumari</name>
                    <resp>Transcription</resp>
                    <resp>TEI Encoding</resp>
					<resp>Proofreading</resp>
                </respStmt>
            </titleStmt>
            <publicationStmt>
                <authority>Livingstone Online</authority>
                <publisher>University of Maryland Libraries</publisher>
                <pubPlace>College Park, MD, USA</pubPlace>
                <date>2015</date>
				<availability>
					<licence target="https://creativecommons.org/licenses/by-nc/3.0/"> All materials are licensed for
						use under the <ref target="https://creativecommons.org/licenses/by-nc/3.0/"> Creative Commons
						Attribution-Noncommercial 3.0 Unported License </ref>. (c) Dr. Neil Imray Livingstone Wilson, 2014
					</licence>
				</availability>
            </publicationStmt>
            <sourceDesc>
                <msDesc>
                    <msIdentifier>
                        <country>United Kingdom</country>
                        <settlement>Edinburgh</settlement>
                        <repository>National Library of Scotland</repository>
                        <idno type="shelfmark">MS.10768, f. 81</idno>
                        <altIdentifier>
                            <idno type="ccnumber">Letters, 1971</idno>
                        </altIdentifier>
                    </msIdentifier>
                    <physDesc>
                        <objectDesc>
                            <ab>Written over:
                                <biblStruct>
                                    <monogr>
                                        <title level="j">Sheet of paper used by John Kirk to wrap quinine sent to Livingstone, verso</title>
                                        <imprint>
                                            <biblScope></biblScope>
                                        </imprint>
                                    </monogr>
                                </biblStruct>
                            </ab>
                        </objectDesc>
                        <handDesc>
                            <handNote xml:id="U"><label>Unknown Hand</label> This hand is unknown
                                but thought not David Livingstone's.</handNote>
                        </handDesc>
                    </physDesc>
                </msDesc>
                <bibl type="sourceMetadata">
                    <title>Letter to John Kirk, 26 June 1871</title>
                    <author xml:id="DL">David Livingstone</author>
                    <date type="composition" when="1871-06-26">26 June 1871</date>
                    <placeName type="compositionPlace">Nyangwe</placeName>
                    <persName type="addressee">John Kirk</persName>
                </bibl>
            </sourceDesc>
        </fileDesc>
        <profileDesc>
            <langUsage>
                <language ident="en">English</language>
                <language ident="und">Undetermined</language>
            </langUsage>
        </profileDesc>
        <revisionDesc>
			<change when="2016-02-10" who="#AW">Coding corrections</change>
			<change when="2015-04-03" who="#AW">Coding Review</change>
			<change when="2015-02-22" who="#HB">Quality Control and Integration</change>
            <change when="2015-01-14" who="#AW">Conversion to LEAP Standards</change>
			<change when="2014-12-22" who="#MW">Proofing and Additional TEI Encoding</change>
            <change when="2014-12-15" who="#AK">Proofing and Additional TEI Encoding</change>
			<change when="2011-09-13" who="#AW">Proofing</change>
			<change when="2011-09-13" who="#KS">Proofing</change>
            <change when="2011-06-05" who="#AW">Initial Transcription and TEI Encoding</change> 		
        </revisionDesc>
    </teiHeader>

    <text>
        <body>
            <div>
                
    <pb facs="liv_002572_0001" n="0001"/>           
<lb/><opener><address><addrLine><space extent="3" unit="chars"/>To <persName>D<hi rend="sup underline">r</hi> Kirk</persName> from <persName><choice><abbr>D.</abbr><expan>David</expan></choice> Livingstone</persName></addrLine></address> <dateline><date when="1871-06-26">26<hi rend="sup underline">th</hi> June 1871</date></dateline></opener>
<lb/><p rend="no-indent"><choice><sic>on</sic><corr>On</corr></choice> this page I intended to put an Arabic dismissal to the ringleaders
<lb/>I use it now <space extent="2" unit="chars"/>to say please do not be offended with palavers - I am really
<lb/>reduced to beggary notwithstanding all the bountiful provision you
<lb/>with immense difficulty made for me and that too almost entirely by the
<lb/>villainy of the unmitigated drunken blackgaurd <persName>Shereef</persName> - His <orgName>Banian</orgName> <unclear cert="medium">owner</unclear>
<lb/>a <term type="nationality">British</term> subject is in part to blame for he must have known his habits
<lb/>and his <term type="foodstuff">brandy</term> when they imposed him on us - He is reported to have bought
<lb/>ivory with my goods and this ivory ought to be stopped at the custom house
<lb/>as is done in case of <orgName>Arabs</orgName> till he refunds - If <persName>Seyed bin Majid</persName> sends the
<lb/>list of goods left by <persName>Shereef</persName> you will judge of the extent of loss - If not then
<lb/>the case had better wait till I return - Remember that the list containing
<lb/>12 <foreign xml:lang="und">Frasilahs</foreign> samsam and the watch is that destroyed by <persName>Shereef</persName> - I have
<lb/>that of samsam 6 <foreign xml:lang="und">Frasilahs</foreign> - Langio 3 <choice><abbr>D<hi rend="sup">o</hi></abbr><expan>Ditto</expan></choice> &amp; Pink 3 &amp;c - All <orgName><persName>Dugumbe</persName>'s
<lb/>people</orgName> saw the packet and think as he refused it to <persName>Dugumbe</persName> it is
<lb/>hidden = <space extent="3" unit="chars"/>I feel sore most of all about the watch - though it is hard too
<lb/>to be living from hand to mouth in beggary while <unclear cert="high">my</unclear> <orgName><orgName>Banian</orgName> <orgName>slaves</orgName></orgName> lived
<lb/>sixteen months in <term type="plant">clover</term> and idleness earning they supposed from five <!-- I'm assuming this clover is not a reference to the plant, so shouldn't be tagged, correct? HB --><!-- ? No harm in throwing it in. AW -->
<lb/>to seven dollars per month - They are <choice><sic>independant</sic><corr>independent</corr></choice> of the <orgName>Arabs</orgName> but so they
<lb/><unclear cert="medium">are</unclear> of us and of honesty - I go West of this to <placeName><geogName type="river">Lomame</geogName></placeName> = <measure>60º</measure> then buy a
<lb/>canoe if <persName>Dugumbe</persName> will advance the price and go South to the Watershed
<lb/>and four fountains = <persName>Dugumbe</persName> is very friendly and a gentleman with <unclear cert="medium">more</unclear>
<lb/>exploring enterprise in him than any other - He is going to sow and be
<lb/>here at <space extent="2" unit="chars"/><placeName><settlement type="village">Nyangwe</settlement></placeName> for three years sending every now &amp; then to <placeName><settlement type="village">Ujiji</settlement></placeName>
<lb/><bibl>letters sent to him</bibl> will be safe - <space extent="3" unit="chars"/><orgName>His people</orgName> will bring some
<lb/>goods for me from <placeName><settlement type="village">Ujiji</settlement></placeName> and I shall share liberally with him
<lb/>I might have mentioned that a dyke of basalt or other igneous rock
<lb/>cuts across the river <measure>4 days of the canoe</measure> below this and the immense body <!-- geog: Lomame, I think. HB -->
<lb/>of water is jammed rushing through the jutting ends which are not parallel
<lb/><figure><figDesc>Livingstone illustrates the portion of the river described in the foregoing sentence.</figDesc></figure> and form whirlpools in which canoes wheel round &amp; round
<lb/>helplessly <unclear cert="medium">=</unclear> I am thankful I was not there for I would have been
<lb/>foremost in this and a cataract below it and no <term type="tribe">Makololo</term> to help me
<lb/>I thought next of going up river to <placeName><geogName type="river">Kamolondo</geogName></placeName> the broad part of
<lb/><placeName><geogName type="river"><choice><sic><persName>Webb</persName>s</sic><corr><persName>Webb</persName>'s</corr></choice> Lake river</geogName></placeName> but another cataract intervenes so I go due
<lb/>West on foot on the <date calendar="Muslim">2<hi rend="sup">d</hi> day of New ℂ</date> about <date when="1871-07-09">9<hi rend="sup">th</hi> July</date>. In this jumble
<lb/>of odds &amp; ends you will see how my mind is confused - I should have
<lb/>added up there that I <choice><sic>dont</sic><corr>don't</corr></choice> go down river at present because in
<lb/>turning up <placeName><geogName type="river">Lomame</geogName></placeName> from <placeName><geogName type="river">Lualaba</geogName></placeName> I should probably meet the
<lb/>same basaltic dyke in the ascent for such dykes run a long way
<lb/>across country - here I have a chance of cutting <placeName><geogName type="river">Lomame</geogName></placeName> above it</p> <closer rend="right"><persName>David Livingstone</persName></closer>
            </div>

            <div>
                <ab>
<lb/>I had to pay the <orgName><term type="occupation">carriers</term> of <choice><sic><persName>Shereef</persName>s</sic><corr><persName>Shereef</persName>'s</corr></choice> <term type="foodstuff">brandy</term></orgName> from
<lb/>first to last his own trade for ivory was what he followed shamelessly
                </ab>
            </div>

        </body>
    </text>

</TEI>
