<?xml version="1.0" encoding="UTF-8"?>
<?xml-model href="http://livingstoneonline.github.io/LEAP-ODD/leap.rng" type="application/xml" schematypens="http://relaxng.org/ns/structure/1.0"?>
<?xml-model href="http://livingstoneonline.github.io/LEAP-ODD/leap.rng" type="application/xml" schematypens="http://purl.oclc.org/dsdl/schematron"?>
 <?xml-stylesheet href="http://livingstoneonline.github.io/LEAP-XSLT/transcription.xsl" type="text/xsl"?>
 <!--Converted from a TEI P4 XML file to the LEAP TEI P5 Schema by James Cummings on 2015-03-02--><!--TEI encoding revised and standardized by Adrian S. Wisnicki, 2015-2016-->
         <TEI xmlns="http://www.tei-c.org/ns/1.0" xml:id="liv_002356"><!-- LP123 -->
	<teiHeader>
		<fileDesc>
			<titleStmt>
				<title>Letter to James Louden</title>
                <title type="alternative">Letter to James Louden, [30 May-4 July 1865?]</title>
				<author xml:id="DL">Livingstone, David, 1813-1873</author>
			</titleStmt>
			<publicationStmt>
				<authority>Livingstone Online</authority>
				<pubPlace>London</pubPlace>
				<date>2006-10-09</date>
				<publisher>Wellcome Centre for the History of Medicine, UCL</publisher>
				<idno type="LEAP-ID">liv_002356</idno>
			</publicationStmt>
			<sourceDesc>
				<bibl xml:id="ccnumber">Letters, 1763</bibl>
				<bibl xml:id="recipient"><persName>Louden, James, ?-1902</persName></bibl>
				<bibl xml:id="date"><date from="1865-05-30" to="1865-07-04">[30 May-4 July 1865?]</date></bibl>
				<bibl xml:id="where">[Hamilton]</bibl>
				<bibl xml:id="shelfmark">David Livingstone Centre; 766b</bibl><!--1865-05-30--><!--Original:[30th May - 4th July 1865?]-->
				<bibl xml:id="extent">2 pages</bibl>
			</sourceDesc>
		</fileDesc>
		<revisionDesc>
			<change>
				<date>2006-06-23</date>
				<name xml:id="SM">Sharon Messenger</name>Initial Transcription
			</change>
			<change>
				<date>2006-09-12</date>
				<name xml:id="CL">Chris Lawrence</name>first proof
			</change>
			<change>
				<date>2006-09-19</date>
				<name xml:id="JB">Janet Browne</name>second proof
			</change>
			<change>
				<date>2006-03-02</date>
				<name xml:id="CO">Caroline Overy</name>final proof
			</change>
		</revisionDesc>
	</teiHeader>

	<text>
		<body>
			<div>

	<pb n="0001" facs="liv_002356_0001"/><!--pb/@n='1r'-->
<lb/><p rend="right">Tuesday Evening </p>
<lb/>
<lb/>
<lb/><p rend="no-indent">My Dear Doctor </p>
<lb/><p>It will give 
<lb/>me great pleasure 
<lb/>to accept your 
<lb/>very kind - 
<lb/>invitation for 
<lb/>tomorrow 
<w>after-<lb break="no"/>noon.</w> We shall 
<lb/>take the liberty 
<lb/>to bring <persName>Anna 
<lb/>Mary who may</persName>

	<pb n="0002" facs="liv_002356_0002"/><!--pb/@n='1v'-->
<lb/>play with your 
<lb/>little one till she 
<lb/>tired. Any hour 
<lb/>will suit us 
<lb/>so you may 
<lb/>tell <unclear cert="high"><persName>Tom</persName></unclear> which 
<lb/>will suit you 
<lb/>&amp; oblige Yours 
<lb/>Ever</p>
<lb/><p>David Livingstone</p>
			
</div>
		</body>
	</text></TEI>