<?xml version="1.0" encoding="UTF-8"?>
<?xml-model href="http://livingstoneonline.github.io/LEAP-ODD/leap.rng" type="application/xml" schematypens="http://relaxng.org/ns/structure/1.0"?>
<?xml-model href="http://livingstoneonline.github.io/LEAP-ODD/leap.rng" type="application/xml" schematypens="http://purl.oclc.org/dsdl/schematron"?>
 <?xml-stylesheet href="http://livingstoneonline.github.io/LEAP-XSLT/transcription.xsl" type="text/xsl"?>
 <!--Converted from a TEI P5 XML file to the LEAP TEI P5 Schema by James Cummings on 2015-03-02-->
         <TEI xmlns="http://www.tei-c.org/ns/1.0" xml:id="liv_000594">
	<teiHeader>
		<fileDesc>
			<titleStmt>
				<title>Letter to Robert Moffat 1</title>
                <title type="alternative">Letter to Robert Moffat 1, 22 September 1845</title>
				<author xml:id="DL">Livingstone, David, 1813-1873</author>
			</titleStmt>
			<publicationStmt>
				<authority>Livingstone Online</authority>
				<pubPlace>London, UK</pubPlace>
				<publisher>University College London</publisher>
				<date>2012</date>
				<idno type="LEAP-ID">liv_000594</idno>
			</publicationStmt>
			<sourceDesc>
				<bibl xml:id="shelfmark">University of London. School of Oriental and African Studies; CWM/LMS/Africa/Odds - Livingstone, Box 4-08</bibl>
				<bibl xml:id="ccnumber">Letters, 0132</bibl>
				<bibl xml:id="recipient"><persName>Moffat, Robert 1, 1795-1883</persName></bibl>
				<bibl xml:id="date"><date when="1845-09-22">22 September 1845</date></bibl>
				<bibl xml:id="where">Mabotsa</bibl>
			</sourceDesc>
		</fileDesc>
		<profileDesc>
			<langUsage>
				<language ident="en">English</language>
			</langUsage>
			<langUsage>
				<language ident="und">Undetermined</language>
			</langUsage>
		</profileDesc>
		<revisionDesc>
			<change>
				<date>2012-10-04</date>
				<name xml:id="JM">Jared McDonald</name>Initial transcription and XML encoding.
            
			</change>
			<change>
				<date>2013-12-03</date>
				<name xml:id="AM">Anne Martin</name>Proofreading.
            
			</change>
			<change>
				<date>2013-12-05</date>
				<name xml:id="HFB">Heather F. Ball</name>Additional encoding.
            
			</change>
			<change>
				<date>2016-06-11</date>
				<name xml:id="AMM">Anne Martin</name>Final Review
            
			</change>
		</revisionDesc>
	</teiHeader>

	<text>
		<body>
			<div>

	<pb n="0001" facs="liv_000594_0001"><!--pb/@n='1r'--></pb>
<lb/><p rend="right"><!-- The number 8 (circled) appears in blue ink just before the address & date. It does not appear to be in Livingstone's hand AM --><placeName><settlement type="village">Mabotsa</settlement></placeName> <date when="1845-09-22"><choice><abbr>Sept<hi rend="sup">r</hi></abbr><expan>September</expan></choice> 22 1845</date></p>
<lb/><p>My Dear Father</p>
<lb/><p rend="center">As <persName>Apie</persName> leaves tomorrow I begin
<lb/>another hurried scrawl. For the first time in my
<lb/>life I feel that my hands are really full. Too
<lb/>many irons in the fire over head &amp; ears and the
<lb/>rain will come I have no doubt. I came here
<lb/>last friday week &amp; after a fortnight<supplied cert="high">'</supplied>s sojourn
<lb/>intend to leave on thursday or friday next, my
<lb/>window frames must be done then. I am now
<lb/>busy at them. When the first row of thatch
<lb/>is on "I shall sleep a month" The <bibl>letter to
<lb/>the <orgName>Directors</orgName></bibl> is not finished &amp; lies like an
<lb/>incubus on my mind. I <choice><sic>cant</sic><corr>can't</corr></choice> make it
<lb/>to please myself. Tired out every night
<lb/>I fancy I feel like you in your <w>per-
<lb break="no"/>petual</w> bustle. I have been in bustles
<lb/>frequently but never felt as now But
<lb/>I <choice><sic>dont</sic><corr>don't</corr></choice> by the above ask help either
<lb/>sideways or anyways. I just speak
<lb/>as I feel. The more we toil here the
<lb/>sweeter rest will be. Let us look to
<lb/>the Heavenly rest &amp; peace with more
<lb/>intense desires. <persName>Mary</persName> I suppose will
<lb/>give all the news I have none</p>
	<ab><!--This section of the letter is spread over pages 1r and 1v. JM 4/10/12-->
<lb/>Thank you for the <bibl>Music Book</bibl> I am <term type="occupation">precentor</term> now
<lb/>&amp; such a <term type="occupation">precentor</term>! I am in agonies before
<lb/>I can screw out anything like a tune &amp; then <persName><unclear cert="low">Rira</unclear></persName> drowns
<lb/>me. I have to watch for a chink here and there in his voice 
<lb/>&amp; stick in a note just to let them hear their <term type="occupation">leader</term> is not asleep</ab>


	<pb n="0002" facs="liv_000594_0002"><!--pb/@n='1v'--></pb>
<lb/><p>I mentioned your <choice><orig>waggon</orig><reg>wagon</reg></choice>. As it was
<lb/>principally for the beads you will not
<lb/>of course send it now. Fear we do not
<lb/>thank you sufficiently for all the things
<lb/>sent It is not want of gratitude but want
<lb/>of thought prevents us enumerating all the
<lb/>things &amp; thanking for each May be the gratitude
<lb/>is not quite the thing either. Thank you
<lb/>for the barren <term type="animal">cow</term> consolation. It equals
<lb/>what one might have given the <term type="occupation">gravedigger</term>'s
<lb/>wife who complained of the hardness of the
<lb/>times. "Naething doing at a<del type="strikethrough">ll</del> noo, <persName>Jamie</persName> has na
<lb/>had a job for three weeks, I dinna ken hoe
<lb/>we can fen ava". I have got seeds of the
<lb/>gigantic tree 51 feet in diameter. Very
<lb/>good food, <orgName>native</orgName> testimony. The one
<lb/>I broke has a good flavour, you will
<lb/>taste. These are small. I have seen them as
<lb/>large as <term type="animal">ostrich</term> <term type="foodstuff">eggs</term>. <persName>Oswal</persName> &amp; <persName>Murray</persName>
<lb/>may take them down. They were
<lb/>extremely kind to us. The former promises
<lb/>to send seeds from <placeName><country>India</country></placeName> &amp; the latter
<lb/>offered to do anything in his power in 
<lb/><placeName><country>Scotland</country></placeName>. If I had had the money I

	

	<pb n="0003" facs="liv_000594_0003"><!--pb/@n='2r'--></pb>
<lb/>should have entrusted him with an order
<lb/>for a magic lantern. It would be cheaper in
<lb/><placeName><settlement type="city">Edinburgh</settlement></placeName> than <placeName><settlement type="city">London</settlement></placeName> &amp; he being acquainted
<lb/>with many <term type="occupation">ship captains</term> says he can send
<lb/>anything safely. Surgical instruments are <choice><orig>⅔</orig><reg>2/3</reg></choice><hi rend="sup">ds</hi>
<lb/>cheaper in <placeName><settlement type="city">Edinburgh</settlement></placeName> than <placeName><settlement type="city">London</settlement></placeName>. Did you
<lb/>talk about <placeName><settlement type="city">Rome</settlement></placeName> <foreign xml:lang="und">Masepa hela</foreign>. The account
<lb/>reconciled me to the <gap agent="illegible" extent="1" unit="words"/> of the <term type="tribe">Bechuanas</term>
<lb/>they talked frequently about <persName>Edwards</persName>. We
<lb/>could with difficulty answer their questions
<lb/>they were so pointed. But we avoided saying
<lb/>anything to <choice><orig>shew</orig><reg>show</reg></choice> we were obnoxious. He <persName>M<hi rend="sup">r</hi> <choice><abbr>E</abbr><expan>Edwards</expan></choice></persName>
<lb/>has not however observed the same rule
<lb/>respecting us. <persName>M<hi rend="sup">r</hi> Murray</persName> said "<persName>M<hi rend="sup">r</hi> <choice><abbr>E</abbr><expan>Edwards</expan></choice></persName> is the 
<lb/>coarsest &amp; most uncouth man I ever saw
<lb/>I was ashamed to be seen in his <del type="cancelled">presence</del><add place="above">company</add>"
<lb/><persName>M<hi rend="sup">r</hi> Oswal</persName> said, <supplied cert="high">"</supplied>What is that tall queer looking
<lb/>man we saw at <placeName><settlement type="village">Motito</settlement></placeName>? "He seems to speak 
<lb/>as if he were always in a rage" Many
<lb/>questions were put to <persName>Mary</persName> when I was absent
<lb/>which <choice><orig>shewed</orig><reg>showed</reg></choice> <persName>M<hi rend="sup">r</hi> <choice><abbr>E</abbr><expan>Edwards</expan></choice></persName> had been going on
<lb/>at a fine rate to them. She felt very
<lb/>much at a loss what to answer. <add place="above">He</add> told
<lb/>them he intended to go all along the <placeName><region>East
<lb/>coast</region></placeName> before he returned. He likewise told
<lb/><persName>M<hi rend="sup">r</hi> Greig</persName> that he intended doing wonders in
<lb/>the travelling line northwards. How daring
<lb/>I was to make such a one an appendix

	

	<pb n="0004" facs="liv_000594_0004"><!--pb/@n='2v'--></pb>
<lb/>Whether he has done anything or not when last 
<lb/>here or whether it is merely the effect of
<lb/>knowing that we shall leave, the people
<lb/>now <choice><sic>dont</sic><corr>don't</corr></choice> turn out to the meetings. We
<lb/>have not a quarter of the former number
<lb/>so I <choice><sic>dont</sic><corr>don't</corr></choice> feel bound to remain here longer
<lb/>than I can help. Before his visit
<lb/>the house was generally quite full, since then
<lb/>we have scarcely ever <choice><orig>⅓</orig><reg>1/3</reg></choice> of the former number
<lb/>The only relaxation we have is half an
<lb/>hour in the garden before sun set <w>trans-
<lb break="no"/>-planting</w>. <persName>Mary</persName> is a real <term type="occupation">gardener</term> &amp; enjoys
<lb/>this much when not too tired. She is
<lb/>wonderfully well. We have had some
<lb/>dishes of <term type="plant_foodstuff"><term type="nationality">Scotch</term> Kale</term>, <term type="plant_foodstuff">spinach</term>, leaves
<lb/>of <term type="plant_foodstuff">Mangold Wurzil</term>, <term type="plant_foodstuff">carrots</term> an inch in
<lb/>diameter. <term type="plant_foodstuff">Lettuces</term> we shall have in abundance
<lb/>&amp; <term type="plant_foodstuff">broccoli</term> &amp; <term type="plant_foodstuff">cabbages</term> &amp; <term type="plant_foodstuff">turnips</term> ad nauseum
<lb/>endure in abundance but we <choice><sic>dont</sic><corr>don't</corr></choice> know
<lb/>how to eat all our good things. Perhaps
<lb/>I shall turn out a half <term type="occupation">gardener</term> at my
<lb/>ain hand like the boys <unclear cert="medium">brither</unclear> <persName>Jock</persName> &amp;
<lb/>the <unclear cert="medium">diel</unclear> at sinning. I like it very much
<lb/>Many thanks for the <term type="plant">vine</term> cuttings. When you
<lb/>come you must give me some instructions
<lb/>Send out some <term type="plant_foodstuff">oats</term> &amp; <term type="plant_foodstuff">barley</term> from <placeName><country>England</country></placeName>
<lb/>The latter is perhaps superior, the former may
	<cb rend="vertical"/>
<lb/>go to comfort the stomachs of <persName>Ann</persName>'s winged friends if
<lb/>you <choice><sic>dont</sic><corr>don't</corr></choice> like to sow it.</p>
			
</div>
		</body>
	</text></TEI>