<?xml version="1.0" encoding="UTF-8"?>
<?xml-model href="http://livingstoneonline.github.io/LEAP-ODD/leap.rng" type="application/xml" schematypens="http://relaxng.org/ns/structure/1.0"?>
<?xml-model href="http://livingstoneonline.github.io/LEAP-ODD/leap.rng" type="application/xml" schematypens="http://purl.oclc.org/dsdl/schematron"?>
 <?xml-stylesheet href="http://livingstoneonline.github.io/LEAP-XSLT/transcription.xsl" type="text/xsl"?>
 <!--Converted from a TEI P5 XML file to the LEAP TEI P5 Schema by James Cummings on 2015-03-02-->
         <TEI xmlns="http://www.tei-c.org/ns/1.0" xml:id="liv_000656">
	<teiHeader>
		<fileDesc>
			<titleStmt>
				<title>Letter to Robert Moffat 1</title>
                <title type="alternative">Letter to Robert Moffat 1, 2 September 1848</title>
				<author xml:id="DL">Livingstone, David, 1813-1873</author>
			</titleStmt>
			<publicationStmt>
				<authority>Livingstone Online</authority>
				<pubPlace>London, UK</pubPlace>
				<publisher>University College London</publisher>
				<date>2012</date>
				<idno type="LEAP-ID">liv_000656</idno>
			</publicationStmt>
			<sourceDesc>
				<bibl xml:id="shelfmark">University of London. School of Oriental and African Studies; CWM/LMS/Africa/Odds - Livingstone, Box 4-18</bibl>
				<bibl xml:id="ccnumber">Letters, 0188</bibl>
				<bibl xml:id="recipient"><persName>Moffat, Robert 1, 1795-1883</persName></bibl>
				<bibl xml:id="date"><date when="1848-09-02">2 September 1848</date></bibl>
				<bibl xml:id="where">Kolobeng</bibl>
			</sourceDesc>
		</fileDesc>
		<profileDesc>
			<langUsage>
				<language ident="en">English</language>
			</langUsage>
			<langUsage>
				<language ident="und">Undetermined</language>
			</langUsage>
            <handNotes>
                <handNote xml:id="U">Scribe: Unknown</handNote>
            </handNotes>
		</profileDesc>
		<revisionDesc>
			<change>
				<date>2013-02-01</date>
				<name xml:id="MS">Matthew Stumpf</name>Initial transcription and XML encoding.
            
			</change>
			<change>
				<date>2013-04-22</date>
				<name xml:id="AM">Anne Martin</name>Proofreading.
            
			</change>
			<change>
				<date>2013-07-02</date>
				<name xml:id="HFB">Heather F. Ball</name>Additional proofing and encoding.
            
			</change>
			<change>
				<date>2016-06-27</date>
				<name xml:id="AMM">Anne Martin</name>Final Review.
            
			</change>
		</revisionDesc>
	</teiHeader>

	<text>
		<body>
			<div>

	<pb n="0001" facs="liv_000656_0001"><!--pb/@n='1r'--></pb>
<lb/><p rend="right"><placeName><settlement type="village">Kolobeng</settlement></placeName>, <date when="1848-09-02">2 <choice><abbr>Sept<hi rend="sup underline">r</hi></abbr><expan> September</expan></choice> 1848</date></p>
<lb/><p>My Dear Father</p><!-- The number 18 appears here (circled). It does not appear to be in Livingstone's hand AM -->
<lb/><p>By the recent arrival of <persName>Monye Mabole</persName>
<lb/>we were favoured with communications from the <placeName><region>South</region></placeName> 
<lb/>and now by the arrival of <persName>Motseabona</persName> &amp; <orgName>party</orgName> from the 
<lb/><term type="tribe">Bamangwato</term> we have an opportunity of returning 
<lb/>you thanks for your favours. We wrote lately 
<lb/>by <unclear cert="low">Aron</unclear> and have now but little to communicate 
<lb/><persName>Monye Mabole</persName> brought 15 out of the 17 <term type="animal"><choice><sic>hiefers</sic><corr>heifers</corr></choice></term> - one 
<lb/>he said had been killed by a <term type="animal">wolf</term> near to this &amp; of the 
<lb/>others he could give no account whatever. The <term type="tribe">Bakwains</term>
<lb/>were of opinion that he had made away with both. I sent 
<lb/>him for the horns of that said to be killed by a <term type="animal">wolf</term> - he 
<lb/>brought a bone. of some animal or other but not being 
<lb/>a comparative anatomist I could only look at it 
<lb/>as a <unclear cert="low">Motchuana</unclear> does at the stars. I felt a little 
<lb/>angry at first but changed in feeling when I reflected that 
<lb/>I might have lost ten as <persName>M<hi rend="sup">r</hi> Ross</persName> did. and any harshness 
<lb/>on my part might have had a bad effect on his &amp; other
<lb/>minds &amp; perhaps be the means of preventing their
<lb/>salvation. He brought one of his own &amp; two of the 
<lb/>principal men of the tribe here to intercede for 
<lb/>him by means of it. I declined <choice><sic>recieving</sic><corr>receiving</corr></choice> it but 
<lb/>deferred rewarding him till some future time. He was 
<lb/>apparently pleased to get off. and I am sure I am 
<lb/>pleased with your promptitude in procuring the  
<lb/>animals for us - We are out of debt in 
<lb/>so far as animals are concerned &amp; have 
<lb/>placed four of the number to our original

	

	<pb n="0002" facs="liv_000656_0002"><!--pb/@n='1v'--></pb>
<lb/>stock of ten. We have never been in want of <term type="foodstuff">milk</term> 
<lb/>but our old stock is <add place="above">in</add> need of an infusion of new 
<lb/>hands, or rather teats. - this country is favourable for us 
<lb/>in respect to <term type="animal">cattle</term>. If you <choice><sic>recieve</sic><corr>receive</corr></choice> any from 
<lb/><persName>M<hi rend="sup">r</hi> Solomon</persName> for us please send them under <persName>Paul</persName>'s
<lb/>charge or some one else whom you have confidence 
<lb/>in..</p>
<lb/><p>The trees you sent were extremely acceptable. If 
<lb/>you could have spared a few more they would 
<lb/>have <add place="below">^</add> <add place="above">been</add> equally prized. We have only two <term type="plant_foodstuff">peach</term> 
<lb/>trees now &amp; no <term type="plant_foodstuff">apricots</term>. but we hope some 
<lb/>may come up. We have about 10 <term type="plant_foodstuff">orange</term> trees 
<lb/>two feet high. two <term type="plant_foodstuff">olives</term>. and a lot of this country<supplied>'s</supplied>
<lb/>trees which we thought of <del type="cancelled"><unclear cert="low">en</unclear></del>grafting but they have 
<lb/>not yet budded. Am sorry some of those you budded 
<lb/>have had the new branches knocked off - some 
<lb/>of the country trees we put in the ground <w>with<supplied>-</supplied><lb break="no"/>out</w> roots &amp; it is said they will grow - We cannot 
<lb/>bud or <del type="cancelled"><unclear cert="low">en</unclear></del>graft till next year. Do you steep your 
<lb/>tape in gum or what? The superb <term type="plant_foodstuff">Claremont 
<lb/>carrots</term> came up splendidly but a swarm of <term type="insect">locusts</term> 
<lb/>left their place a blank &amp; we had sown all the 
<lb/>seed sent - Our river has dwindled down to 
<lb/>a dribbling rill &amp; we fear if rain does not
<lb/>come soon we shall <add place="below">^</add> <add place="above">have</add> but a poor account 
<lb/>to give of <term type="plant_foodstuff">corn</term> - some is withered &amp; will be useless 
<lb/>When we came <date from="1847-07" to="1847-08"><add place="above">in August or July</add> last year</date> it was a large <!-- Adrian, how do we include the dating code for two months it spans the add tag? HB 7-2-13 -->
<lb/>stream so we think its present insignificance

	

	<pb n="0003" facs="liv_000656_0003"><!--pb/@n='2r'--></pb>
<lb/>may be attributed to the great drought of last year 
<lb/>We comfort ourselves by reflecting that at <placeName><settlement type="village">Chonuane</settlement></placeName>
<lb/>our state would have been worse for it is dried 
<lb/>up &amp; <placeName><settlement type="village">Kolobeng</settlement></placeName> according to the testimony of the 
<lb/><choice><orig>antients</orig><reg>ancients</reg></choice> is the only stream in the <placeName><region>Bakwain
<lb/>country</region></placeName> which never dries up entirely 
<lb/>We went last week to <placeName><settlement type="village">Lōe</settlement></placeName> for recreation &amp; health 
<lb/>to the children - spent four days in the field &amp; 
<lb/>returned invigorated - The much talked of <placeName><settlement type="village">Lōe</settlement></placeName>
<lb/>is a circular pit in a sandstone rock. and  
<lb/>at present dry. around the margin are a number 
<lb/>of <unclear cert="medium">wide</unclear> footsteps carved. thus <figure><figDesc>drawing of footprint</figDesc></figure> apparently the 
<lb/>work of children. The "spoor" with one exception 
<lb/>goes into the pit. The exception is that of <persName>Matsién</persName><!-- Cannot find the character for the macro across the "n" in the character map HB 7-2-13 -->
<lb/>the former of the <term type="tribe">Bechuanas</term>. As the story goes  
<lb/>he returned into it while men left it but the spoor 
<lb/>if intended to represent any thing <choice><orig>shews</orig><reg>shows</reg></choice> the 
<lb/>opposite. They <add place="above">the people</add> <choice><orig>shew</orig><reg>show</reg></choice> the old towns of the <term type="tribe">Bangwaketse</term>
<lb/><term type="tribe">Bamangwato</term> &amp; <term type="tribe">Bakwains</term>, <term type="tribe">Mashona</term> <add place="above">&amp;c &amp;c</add> &amp; all the 
<lb/>Eastern tribes. The tradition seems to refer to 
<lb/>the splitting up of the people into different tribes 
<lb/>from <placeName><settlement type="village">L<choice><sic>o</sic><corr>ō</corr></choice>e</settlement></placeName> as the central population. The remains <!-- Not sure if I coded the correct spelling of Loe properly, or if I didn't need the coding HB 7-2-13 -->
<lb/>of old towns <choice><orig>shew</orig><reg>show</reg></choice> them to have been very large 
<lb/><orgName><persName>Mokhatla</persName>'s men</orgName> have <unclear cert="medium">just</unclear> been to <choice><sic>recieve</sic><corr>receive</corr></choice>
<lb/>their gun. &amp;c. The lock has been admirably done 
<lb/>I sometimes fail entirely in producing fire 
<lb/>from steel - do it over again &amp; it does well 
<lb/>cannot understand the cause of failure in the 
<lb/>first instance Can you tell me?

	

	<pb n="0004" facs="liv_000656_0004"><!--pb/@n='2v'--></pb>
<lb/>I have some horns for you - I missed the opportunity 
<lb/>for collecting seeds. The house engaged too much 
<lb/>of my attention &amp; the man who usually does that sort 
<lb/>of work for me &amp; understands what we want being 
<lb/>absent I held on expecting him till the season was 
<lb/>past. Our beads too were at a low ebb. before the 
<lb/>last supply arrived - I am at present collecting some 
<lb/>of the heads of the <term type="animal">game</term> for you. Leaving the skin 
<lb/>&amp; under <unclear cert="high">jaw</unclear> entire - I think they will be interesting 
<lb/>at home. <persName>Cumming</persName> intends to make an exhibition 
<lb/>of his trophies in the <term type="nationality">Egyptian</term> Hall <placeName><settlement type="city">London</settlement></placeName> &amp; 
<lb/>make his fortune by them - Will the heads be 
<lb/>acceptable as above.? I intend to put up a few 
<lb/>in our lobby if <persName>Mary</persName> will give me leave. to 
<lb/>ornament it for her.</p>
<lb/><p>Am sorry to hear <persName>M<hi rend="sup">rs</hi> <choice><abbr>M</abbr><expan>Moffat</expan></choice></persName> has been so much reduced 
<lb/>by her journey. Thought her made of a piece of clay 
<lb/>that would not wear out in a hurry. We do not 
<lb/>like to hear her speaking about dying Better if 
<lb/>she were saying Now all our children are away 
<lb/>let us begin a new mission or something of 
<lb/>that sort - Let us go forward. But you will 
<lb/>perhaps say. poor fellow that, all he knows 
<lb/>about it Wait till he feels the infirmities which 
<lb/>creep on our frail bodies.. The complaint 
<lb/>with which she is troubled will invariably if severe 
<lb/>require <term type="prescription">depletion</term>. No matter where the pain 
<lb/>manifests itself. When more than usually 
<lb/>severe. Immediate recourse to <term type="prescription">bloodletting</term> &amp;

	

	<pb n="0005" facs="liv_000656_0005"><!--pb/@n='3r'--></pb>
<lb/><add place="above">2<hi rend="sup">d</hi></add> &amp; other <term type="prescription">depletory measures</term> are required - there is a tendency <!-- In previous letters I have coded the number on the page as a separate line; let me know if that is correct, or ig you'd prefer me to add it as an-above-line addition HB 7-2-13 -->
<lb/>to <term type="ailment">congestion</term> &amp; an <term type="ailment">irregular distribution of blood</term>
<lb/>&amp; she ought to think as little about her <term type="bodypart">head</term> as possible 
<lb/>When the <term type="bodypart">stomach</term> is stimulated by food of an exciting 
<lb/>quality a considerable quantity of <term type="bodypart">blood</term> is attracted 
<lb/>to it &amp; the <term type="bodypart">spleen</term>. The quantity is diminished in 
<lb/>the <term type="bodypart">brain</term> &amp; other organs - <term type="prescription"><term type="medicament">purgatives</term></term> have the same 
<lb/>effect in drawing <term type="bodypart">blood</term> to the <term type="bodypart">bowels</term> - the <term type="bodypart">mind</term>
<lb/>does not act well after a full meal as both 
<lb/><term type="bodypart">blood</term> &amp; <term type="bodypart">nervous energy</term> are sent to the <term type="bodypart">stomach</term>. If 
<lb/>one thinks much about <term type="bodypart">stomach</term> or any other 
<lb/>organ too much nervous influence is transmitted 
<lb/>to it &amp; sometimes too much <term type="bodypart">blood</term> too. You need not 
<lb/>be afraid to <term type="prescription">bleed</term> if you observe fullness of system in 
<lb/>connection with unusual pains in either 
<lb/><term type="bodypart">head</term> or any other part. habitual medication 
<lb/>is not good in any case.</p>
<lb/><p>Monday Evening. <persName>Sechele</persName> sends you a <term type="animal">khoodoo</term>'s head 
<lb/>which was killed in the town this morning. It 
<lb/>has too much grass in it but that can 
<lb/>easily be remedied by wetting the skin again 
<lb/>I shall see what <persName>Motseabona</persName> can take tomorrow 
<lb/>he seems very willing to oblige but he may 
<lb/>not have much room. Have been 
<lb/>to cut some pieces of tough wood today for 
<lb/>ribs to the new <choice><orig>waggon</orig><reg>wagon</reg></choice>. After cutting up 

	

	<pb n="0006" facs="liv_000656_0006"><!--pb/@n='3v'--></pb>
<lb/>these we hope to build a smithy as our next 
<lb/>engagement - After <persName>Paul</persName> comes we hope 
<lb/>to itinerate somewhere. probably Eastward. Give 
<lb/>him our love if still with you. We are 
<lb/>living in the hope &amp; belief that progress is being 
<lb/>made. Opposition exists but not towards us 
<lb/>It manifests itself in hatred to the <bibl>gospel</bibl>. Some 
<lb/>woman or other wished the <term type="animal">lion</term> which bit
<lb/>me were here to finish me. but all are 
<lb/>civil We cannot detect a particle of 
<lb/>difference in the conduct of the mass of the 
<lb/>people - <add place="above">towards us</add> which is a cause for gratitude - 
<lb/>they curse <persName>Sechele</persName> very bitterly - He says their 
<lb/>curses are such formerly he would not have 
<lb/>said a word to them - he would have shot 
<lb/>them instantly - The children are returning 
<lb/>to the schools. &amp; the meetings are improving 
<lb/>We have appointed <unclear cert="medium">two</unclear> to converse with the 
<lb/><term type="occupation">chief</term> in order to a report at next church 
<lb/>meeting. We should have been glad had 
<lb/><persName>Paul</persName> been here for the sake of his 
<lb/>experience in such matters - I feel my 
<lb/><term type="bodypart">heart</term> trembling when I think of the danger 
<lb/>of <choice><sic>recieving</sic><corr>receiving</corr></choice> one who may not be a 
<lb/>true believer or refusing one who is 

	

	<pb n="0007" facs="liv_000656_0007"><!--pb/@n='4r'--></pb>
<lb/>We need Divine direction &amp; hope it may be granted to us 
<lb/>He mentioned his intention of calling his youngest 
<lb/>child <persName>Setefano</persName> in allusion to himself as wishing 
<lb/>to be (like him) the first follower of <persName>Jesus</persName> in this 
<lb/>country - <persName>Mosielele</persName> tried to get one of the wives 
<lb/>while she passed through his place on her way 
<lb/>to her own people. When she refused he issued 
<lb/>a new edict against going to chapel - <persName>Sechele</persName>
<lb/>intends to send over an entreaty to him to allow 
<lb/>his people to attend if they wish it - </p>
<lb/><p>We feel surprised to hear of so many people leaving 
<lb/>the <placeName><settlement type="village">Kuruman</settlement></placeName>. We could not credit reports which 
<lb/>came to us about so &amp; so leaving but we now hear 
<lb/>that these persons have actually left and they predict 
<lb/>that many others will follow. What can be 
<lb/>the reason.? If in your place I should feel 
<lb/>inclined to look upon it as an indication 
<lb/>that I ought to leave too. How hard you work 
<lb/>for them, &amp; every thing is supplied for them 
<lb/>that they need in the clothing department &amp;c. 
<lb/>Are they not too well off? Here when I 
<lb/>do a little gun work (&amp; between you &amp; me I sometimes 
<lb/>do more harm than good to a lock) I am both 
<lb/>thanked &amp; paid for it. We are both looked 
<lb/>on as benefactors - a general interest is felt 
<lb/>in our prosperity Now you having both the 
<lb/>means &amp; ability to do a great deal more than 
<lb/>we seem to be left as if your value were

	

	<pb n="0008" facs="liv_000656_0008"><!--pb/@n='4v'--></pb>
<lb/>unfelt. Do come in here &amp; let us have a tour 
<lb/>among the Eastern tribes, and if after you have 
<lb/>seen their numbers. friendliness &amp; need. and contrast 
<lb/>them with your present sphere. you can say. 
<lb/>you ought to remain where you are. I shall 
<lb/>be content to bear any epithet you choose to 
<lb/>put upon me.- I am quite aware of the extent 
<lb/>of the field you now occupy. &amp; that the <placeName><settlement type="village">Kuruman</settlement></placeName>
<lb/>has always <add place="above">since I knew it</add> <unclear cert="low">given</unclear> a poor idea of its greatness 
<lb/>but the people leaving so may render it 
<lb/>needful for you to go through the building 
<lb/>operations of a new station somewhere 
<lb/>else in your district. Now would it not 
<lb/>be well to look at other spheres before 
<lb/>you think of anything else - You may 
<lb/>think all this premature prejudged or something 
<lb/>else as bad as either but I think you will 
<lb/>not refuse me. credit for a sincere desire for 
<lb/>your honour &amp; usefulness. A tour will 
<lb/>do your health good. you will get new 
<lb/>words for translation. &amp;c &amp;c. I hope 
<lb/>you may be guided by Him who cannot err</p>
<lb/><p>I felt glad to hear that you or rather <persName>M<hi rend="sup">rs</hi> <choice><abbr>M</abbr><expan>Moffat</expan></choice></persName>
<lb/>had put a stop to the <bibl>Patriot</bibl> - It has of late 
<lb/>become excessively <choice><sic>nauseaous</sic><corr>nauseous</corr></choice> to me 

	

	<pb n="0009" facs="liv_000656_0009"><!--pb/@n='5r'--></pb>
<lb/><add place="above">3<hi rend="sup">d</hi> sheet</add> the filthy Quack advertisements stuck at the bottom 
<lb/>of some of the pages create an unpleasant feeling 
<lb/>in my mind every time I reach them - <persName>Holloway</persName>
<lb/>a <orgName>Jew</orgName> I believe draws thousands of pounds annually 
<lb/>from the public purse by falsehood &amp; the <term type="occupation">Editors</term> of the 
<lb/><bibl>Patriot</bibl> for the sake of a rather higher rate of 
<lb/>payment admit his lies into the news part of 
<lb/>the paper &amp; thereby become the vehicles by which 
<lb/>a portion of the religious world too is drawn 
<lb/>into the vortex of deception. Life is in <w>innum-
<lb break="no"/>-erable</w> cases sacrificed every year by advertizing 
<lb/>quacks - I have thought many times of late 
<lb/>of proposing another paper instead of the <bibl>Patriot</bibl> 
<lb/>We should have been glad to hear how <persName>Robert</persName>
<lb/>has got on &amp;c. but you are in the same 
<lb/>state of ignorance as ourselves as to his 
<lb/>movements You will of course let us 
<lb/>know when you can how he succeeds 
<lb/>&amp; what the benefits he is likely to confer 
<lb/>in his new sphere. Also of <persName>Betsy</persName> &amp; <persName>Jane</persName>
<lb/>how they fare in <placeName><country>England</country></placeName>. I have no doubt 
<lb/>but they will be provided for when or if 
<lb/>it becomes known they need to be provided 
<lb/>for</p>
<lb/><p>Our soap you may remember when looking 
<lb/>over the account being sixpence per <choice><abbr>lb</abbr><expan>pound</expan></choice> ought 

	

	<pb n="0010" facs="liv_000656_0010"><!--pb/@n='5v'--></pb>
<lb/>to be £1. instead of £2. <persName>Sechele</persName> was glad of his 
<lb/>but having given the last box for an <term type="animal">ox</term>. we 
<lb/>could only ask a better one this time as it was 
<lb/>dearer soap. The animal is not worth <unclear cert="medium">/30</unclear> but 
<lb/>we prefer to bear the loss of the difference to appearing 
<lb/>to take a profit from him. I need the glue - both 
<lb/>for joining &amp; the house. The latter is unfinished 
<lb/>inside. I am tired of it &amp; leave the finishing 
<lb/>to some other time. It is simply whitewashed 
<lb/>I have not good locks. Did you ever get 
<lb/>the brace &amp; bits from <placeName><settlement type="city">Birmingham</settlement></placeName> which I 
<lb/>requested you to order for me - mine went 
<lb/>this way. <!-- drawing here of a dotted line crossing what looks like a winding river --> &amp; is now held by a <choice><sic>rein</sic><corr>rain</corr></choice></p>
<lb/><p>All the country news will be <w>commun<supplied>-</supplied><lb break="no"/>icated</w> by <persName>Motseabona</persName>. The <orgName>Griquas</orgName> are <!-- Shouldn't Griquas be coded as a tribe? Or is it a geographical reference? HB 7-2-13 --><!-- coded orgName as per manual AM -->
<lb/>standing to the <placeName><region>West</region></placeName> of this high &amp; dry on 
<lb/>their way to the Lake. They can it is 
<lb/>reported neither go backwards nor 
<lb/>forwards &amp; want for rains.</p>
<lb/><p>With love to <persName>M<hi rend="sup">rs</hi> <choice><abbr>M</abbr><expan>Moffat</expan></choice></persName> &amp; <persName>Ann</persName> believe</p>
<lb/><p rend="center">me Affectionately yours</p>
<lb/><p rend="center"><persName><choice><abbr>D</abbr><expan>David</expan></choice> <choice><orig>Livingston</orig><reg>Livingstone</reg></choice></persName></p>

	<pb n="0011" facs="liv_000656_0011"><!--pb/@n='6r'--></pb>
<lb/><p>Tuesday morning - As <persName>Motseabona</persName> cannot take 
<lb/>either of the boxes we let them remain - He 
<lb/>takes some horns for you. Three <term type="animal">Rhinoceros</term> or
<lb/><del type="strikethrough">four</del> one is 3 ft 1<choice><orig>½</orig><reg>1/2</reg></choice> <del type="strikethrough"><unclear cert="medium">in</unclear></del> in length - The 
<lb/>longest <foreign xml:lang="und">Mohohu</foreign> I ever saw. The <foreign xml:lang="und"><term type="animal">Khoodo</term></foreign>
<lb/>is <persName>Sechele</persName> for you. The <term type="plant">pallalis</term> need 
<lb/>the bony part to be steeped in water &amp; 
<lb/>scraped in order to be pretty - You must 
<lb/>tell me if I send too many of these 
<lb/>things. I think they will be interesting 
<lb/>to friends at home. The <term type="occupation">chief</term>'s brother
<lb/>brought a <term type="animal">waterbuck</term>'s skin &amp;c carefully 
<lb/>prepared but it was an old animal 
<lb/>&amp; only one horn so I declined it</p>

	<pb n="0012" facs="liv_000656_0012"><!--pb/@n='6v'--></pb>

	<ab>
	<cb rend="vertical"/>
<lb/><persName>Rev<hi rend="sup underline">d</hi> <choice><abbr>R</abbr><expan>Robert</expan></choice> Moffat</persName>
<lb/><hi rend="underline"><placeName><settlement type="village">Kuruman</settlement></placeName></hi>
<lb/><add place="inline" hand="#U">my my g.</add></ab>
			
</div>
		</body>
	</text></TEI>