<?xml version="1.0" encoding="UTF-8"?>
<?xml-model href="http://livingstoneonline.github.io/LEAP-ODD/leap.rng" type="application/xml" schematypens="http://relaxng.org/ns/structure/1.0"?>
<?xml-model href="http://livingstoneonline.github.io/LEAP-ODD/leap.rng" type="application/xml" schematypens="http://purl.oclc.org/dsdl/schematron"?>
 <?xml-stylesheet href="http://livingstoneonline.github.io/LEAP-XSLT/transcription.xsl" type="text/xsl"?>
 <!--Converted from a TEI P5 XML file to the LEAP TEI P5 Schema by James Cummings on 2015-03-02-->
         <TEI xmlns="http://www.tei-c.org/ns/1.0" xml:id="liv_000616">
	<teiHeader>
		<fileDesc>
			<titleStmt>
				<title>Letter to Robert Moffat 1</title>
                <title type="alternative">Letter to Robert Moffat 1, 1 July 1846</title>
				<author xml:id="DL">Livingstone, David, 1813-1873</author>
			</titleStmt>
			<publicationStmt>
				<authority>Livingstone Online</authority>
				<pubPlace>London, UK</pubPlace>
				<publisher>University College London</publisher>
				<date>2012</date>
				<idno type="LEAP-ID">liv_000616</idno>
			</publicationStmt>
			<sourceDesc>
				<bibl xml:id="shelfmark">University of London. School of Oriental and African Studies; CWM/LMS/Africa/Odds - Livingstone, Box 4-11</bibl>
				<bibl xml:id="ccnumber">Letters, 0152</bibl>
				<bibl xml:id="recipient"><persName>Moffat, Robert 1, 1795-1883</persName></bibl>
				<bibl xml:id="date"><date when="1846-07-01">1 July 1846</date></bibl>
				<bibl xml:id="where">Chonuane</bibl>
			</sourceDesc>
		</fileDesc>
		<profileDesc>
			<langUsage>
				<language ident="en">English</language>
			</langUsage>
			<langUsage>
				<language ident="und">undetermined</language>
			</langUsage>
		</profileDesc>
		<revisionDesc>
			<change>
				<date>2012-10-07</date>
				<name xml:id="JM">Jared McDonald</name>Initial transcription and XML encoding.
            
			</change>
			<change>
				<date>2013-12-03</date>
				<name xml:id="AM">Anne Martin</name>Proofreading.
            
			</change>
			<change>
				<date>2013-12-05</date>
				<name xml:id="HFB">Heather F. Ball</name>Additional encoding.
            
			</change>
			<change>
				<date>2016-06-18</date>
				<name xml:id="AMM">Anne Martin</name>Final Review
            
			</change>
		</revisionDesc>
	</teiHeader>

	<text>
		<body>
			<div>

	<pb n="0001" facs="liv_000616_0001"><!--pb/@n='1r'--></pb>
<lb/><p rend="right"><!-- The number 11 (encircled) appears in blue ink around the centre of this line - it does not seen to be in Livingstone's hand AM --><placeName><settlement type="village">Chonuane</settlement></placeName> <date when="1846-07-01">1<hi rend="sup">st</hi> July
<lb/>1846</date></p>
<lb/><p>My Dear Father</p>
<lb/><p><space extent="3" unit="words"/>Having been disappointed in the time the
<lb/>people should leave I have time to add a few remarks to
<lb/><bibl>my already lengthy epistles</bibl>. The most prominent topic on
<lb/>my mind is an attack of <persName>M<hi rend="sup">r</hi> Edwards</persName>. The poor fellow thinks
<lb/>that I have wickedly &amp; wantonly attacked him. He does not
<lb/>know that I would just as soon <add place="below">^</add> <add place="above">have</add> tried to perform the
<lb/>trick of <persName><choice><abbr>St</abbr><expan>Saint</expan></choice> Dunstan</persName> as do any such thing. In <date when="1845-08">August of
<lb/>45</date>/ he told me when I requested my account from him 
<lb/>that he had sent <persName>Rogers</persName>' with it. But it never having come
<lb/>he said he thought it amounted to about <add place="above">£</add>30 exclusive of
<lb/>the food of some <term type="tribe">Bakhatla</term> (once a day a meal of <orgName>native</orgName> <term type="plant_foodstuff">corn</term>)
<lb/>As he thought this might amount to about £5 I gave a 
<lb/>bill of £35 &amp; thought it was all over. A short time ago
<lb/>he sent an account made up to £45..15. As I had not
<lb/><choice><sic>recieved</sic><corr>received</corr></choice> the former I could not compare it But as there
<lb/>were - a bill of £2..5..6 of which I had his own <choice><sic>reciept</sic><corr>receipt</corr></choice>
<lb/>as having been paid to him once and two months boarding
<lb/>which for both himself &amp; me were charged to the <orgName>Society</orgName> I
<lb/>thought it right to ask some questions before giving
<lb/>away an additional £10. The two months boarding he
<lb/>stated positively to me he had charged to the <orgName>society</orgName> on two
<lb/>occasions I requested to know on what principle
<lb/>payment was demanded twice. He once pressed 20 <choice><abbr>lbs</abbr><expan>pounds</expan></choice>
<lb/>of very bad beads on my acceptance &amp; said O you will give
<lb/>me an equal number when our box comes. The box was
<lb/>weighed at <placeName><settlement type="village">Kuruman</settlement></placeName> &amp; a note taken of the weight on the spot
<lb/>200 <choice><abbr>lbs</abbr><expan>pounds</expan></choice> &amp; upwards. The beads were divided &amp; a note of the division
<lb/>put with my half into the box - this note <choice><orig>shewed</orig><reg>showed</reg></choice> 88 <choice><orig>¾</orig><reg>3/4</reg></choice> as
<lb/>my half of 200 <choice><abbr>lbs</abbr><expan>pounds</expan></choice>. I imagined the 11<choice><orig>¼</orig><reg>1/4</reg></choice><choice><abbr>lbs</abbr><expan>pounds</expan></choice> of difference had
<lb/>been taken for the 20 <choice><abbr>lbs</abbr><expan>pounds</expan></choice> of very inferior beads &amp; was satisfied
<lb/>But finding the 20 <choice><abbr>lbs</abbr><expan>pounds</expan></choice> charged in this account as I had
<lb/>furnished the half of the money I requested a sight of the
<lb/>invoice. A tar bucket was presented to me by <persName>M<hi rend="sup">r</hi> <choice><abbr>E.</abbr><expan>Edwards</expan></choice></persName>
<lb/>the ear of it was patched so poorly by himself before
<lb/>our journey was over it broke off As it seemed an
<lb/>old one &amp; a new one I had formerly got from him
<lb/>was only charged 4/6 I demurred to paying 9/ as now <!-- Adrian, not sure if these fractions should be left as-is since written full-size, or coded differently HB 12-5-13 --> <!-- these are not fractions - "/" is a symbol meaning shillings in old UK money AM -->


	<pb n="0002" facs="liv_000616_0002"><!--pb/@n='1v'--></pb>
<lb/>for what I <choice><sic>concieved</sic><corr>conceived</corr></choice> an old one. I did not know that
<lb/>teak never became old. As he was putting down his gifts
<lb/>as debts I thought I might as well remind him of 10 <choice><abbr>lbs</abbr><expan>pounds</expan></choice> of tea
<lb/>which <persName>M<hi rend="sup">rs</hi> <choice><abbr>E</abbr><expan>Edwards</expan></choice></persName> distinctly borrowed from me. A cap which
<lb/>cost me 9/ was put down at 7/6. An <term type="nationality">American</term>
<lb/>axe he borrowed &amp; never returned I put down cost price
<lb/>then requested the production of the bill mentioned
<lb/>in another sheet</p>
<lb/><p>I <choice><sic>recieved</sic><corr>received</corr></choice> the enclosed meek communication
<lb/>lately &amp; returned the answer I likewise send for your
<lb/>perusal. I am quite positive as to the <orgName>Society</orgName> being
<lb/>charged for every iota of the expenses but as it <add place="above">statement</add> was
<lb/>made on his own authority on the same authority 
<lb/>I have to retract it &amp; beg his pardon the which
<lb/>I do very willingly as you will see. Look at the last
<lb/>page &amp; you will wonder still more at my folly
<lb/>in being <choice><sic>decieved</sic><corr>deceived</corr></choice> by such a character. <persName>Ross</persName>' conduct
<lb/>was so galling to me that I was glad to have any one
<lb/>to sympathize with me &amp; I allowed them to go on
<lb/>in their slanders continuously because of the conviction
<lb/>on my mind that in reference to speaking against
<lb/><persName>Ross</persName> I had been just as bad as themselves.</p>
<lb/><p>You will wonder that I grudge 6<hi rend="sup"><choice><abbr>d</abbr><expan>pence</expan></choice></hi> a day for my
<lb/>board 3<hi rend="sup"><choice><abbr>d</abbr><expan>pence</expan></choice></hi> would more than pay all I ate &amp; my bed
<lb/>at <placeName><settlement type="village">Mabotsa</settlement></placeName> was made just once in three weeks or
<lb/>once a month Did you ever hear me complain of
<lb/>being ill<supplied cert="high">-</supplied>nursed in my <add place="below">^</add> <add place="above"><term type="animal">lion</term></add> sickness? No <persName>M<hi rend="sup">rs</hi> <choice><abbr>E</abbr><expan>Edwards</expan></choice></persName> scarcely even
<lb/>looked near me after the first few days &amp; to get my
<lb/>arm dressed even when crawling with <term type="insect">maggots</term>
<lb/>I had to send for <persName>M<hi rend="sup">r</hi> <choice><abbr>E.</abbr><expan>Edwards</expan></choice></persName> - occasionally he came of his
<lb/>own accord but <del type="strikethrough">if I had not</del> even when almost
<lb/>dead I would infinitely have preferred <term type="tribe">Bakhatla</term> to
<lb/>dress it for me. It was evidently a grudge to him
<lb/>&amp; how could it be otherwise he &amp; she too were writing against
<lb/>me at the very time. Obligation on my part there is none
<lb/>unless in addition to neglect I ought to feel grateful
<lb/>for <orgName>native</orgName> <term type="plant_foodstuff">corn</term> and <term type="nationality">English</term> <term type="plant_foodstuff">corn</term> boiled in <term type="foodstuff">milk</term>

	

	<pb n="0003" facs="liv_000616_0003"><!--pb/@n='2r'--></pb>
<lb/>my <term type="bodypart">stomach</term> was well nigh ruined for ever. It is but
<lb/>very recently that I got over the bad effects of their eternal 
<lb/>boiled <term type="plant_foodstuff">corn</term>. <term type="plant_foodstuff">Corn</term> <choice><sic>boild</sic><corr>boiled</corr></choice> - Boiled <term type="plant_foodstuff">corn</term> like shovels full
<lb/>of the Everlasting pills of the <choice><orig>Antients</orig><reg>Ancients</reg></choice> might have ruined the <!-- Not sure if "Antients" should be tagged in some way? HB 12-5-13 -->
<lb/>stomachs of <term type="animal">ostriches</term>. O it is a blessing to be allowed to eat as
<lb/>one likes I can never cease admiring the freedom
<lb/>I was far too polite in most things I would not do anything
<lb/>to give offence and as I tell them I believe my guilt in silent
<lb/>listening to their scandals is now justly punished in what
<lb/>they endeavour to fix on my character. If he troubles
<lb/>us more we shall send his epistles back unopened
<lb/>If he has never been slandered how very gratuitously wicked 
<lb/>his &amp; her slanders must have been-</p>
<lb/><p>We have put up the mill. It does well but it is rather inferior
<lb/>to <persName>Hume</persName>'s common mill. the latter grinds finer <add place="below">^</add> <add place="above">&amp;</add> makes much less <term type="plant_foodstuff">bran</term>
<lb/>so we should be glad of the large one when you have an opportunity
<lb/>to send it. The trouble of sifting continually would be obviated
<lb/>if we had the large mill for <term type="plant_foodstuff">wheat</term> we should try &amp; make this
<lb/>the <term type="plant_foodstuff">maize</term> mill - if that can be done - some small bits of wood
<lb/>came out of it when we tried it first so I took <supplied cert="high">it</supplied> down
<lb/>to see from whence they proceeded. I was sorry afterwards
<lb/>for <persName>Sechele</persName> was my <term type="occupation">assistant</term> and turning it generally the backward
<lb/>way he &amp; I bothered with it the whole day and failed after all
<lb/>But I got a thorough knowledge of it by the labour &amp;
<lb/>as soon as I came out of the room next morning succeeded.</p>
<lb/><p rend="center"><hi rend="underline">A Family Scene in Private</hi></p><!-- This line of text looks to have been added in at a later date by someone else's hand- AW, is that correct or is this DL's? HB 12-5-13 -->
<lb/><p>We had a practical exposition of your Phantasmagoria 
<lb/>scene lately <persName>Mary</persName> has taken up the profession of <term type="occupation">Surgeon
<lb/>Dentist</term> I was the subject operated on. The twin of that you
<lb/>extracted became very bad one night so up we got to it. I scarified
<lb/>&amp; fixed on the tooth key &amp; then the new <term type="occupation">surgeon dentist</term>
<lb/>gave a wrench &amp; I pulled her hand away in agony. It had
<lb/>come out a little way I pulled &amp; pulled with a pair of
<lb/><term type="occupation">shoemaker</term>'s nippers but every pull was like a haul at
<lb/>my <term type="bodypart">entrails</term>. On went the key again. Another wrench &amp;
<lb/>I roared out "murder" It came a little farther but was still
<lb/>sticking doggedly. Another trial of the nippers forceps &amp;c 
<lb/>and then another effort with the key completed the first
<lb/>attempt at <term type="occupation">dentistry</term>. We were a pretty sight in our <w>ghost<supplied>-</supplied><lb break="no"/>-ly</w> dresses. I on the floor &amp; <persName>Mary</persName> standing over me It
<lb/>was dreadful. "<term type="bodypart">Teeth</term> drawn at <placeName><settlement type="village">Chonuane</settlement></placeName> /1 each"
<lb/><term type="bodypart">Mouth</term> rinsed out afterwards with dirty water <foreign xml:lang="und"><hi rend="underline">gratis</hi></foreign>

	<pb n="0004" facs="liv_000616_0004"><!--pb/@n='2v'--></pb>
<lb/><date when="1846-07-31">31<hi rend="sup">st</hi> July</date>. The men whom I engaged to go out for their <term type="animal"><choice><sic>hiefers</sic><corr>heifers</corr></choice></term>
<lb/>being at a distance were sent for but a week or two having
<lb/>passed ere they arrived as we were under the impression that
<lb/><persName>M<hi rend="sup">r</hi> <supplied cert="high"><choice><abbr>A.</abbr><expan>Ashton</expan></choice></supplied></persName> &amp; <persName>M<hi rend="sup">rs</hi> <choice><abbr>A.</abbr><expan>Ashton</expan></choice></persName> would <supplied cert="high">come</supplied> we delayed thinking that the <term type="tribe">Bakwains</term> would
<lb/>pass them on the road. I then went over to the <orgName><choice><sic>boers</sic><corr>Boers</corr></choice></orgName> &amp; tribes
<lb/>in that direction &amp; returning yesterday found that <persName>M<hi rend="sup">r</hi> Jeffries</persName>
<lb/>would pass by <placeName><settlement type="village">Kuruman</settlement></placeName>. If three or four <term type="animal"><choice><sic>hiefers</sic><corr>heifers</corr></choice></term> can be
<lb/>got they will be very acceptable indeed</p>
<lb/><p>Will you remember to send some of my fine powder by
<lb/>some safe opportunity. It is I believe among some clothes
<lb/>Will you lend me your box of stones from one opportunity
<lb/>to another? I mean those you <choice><sic>recieved</sic><corr>received</corr></choice> from <persName>D<hi rend="sup underline">r</hi> Young</persName>. I shall
<lb/>take great care of them</p>

	<cb rend="vertical"/>
	<ab rend="center">
<lb/><hi rend="underline"><choice><abbr>N<hi rend="sup">o</hi></abbr><expan>Number</expan></choice> 2</hi>
<lb/>The <persName>Rev<hi rend="sup">d</hi>. Robert Moffat</persName> D.D. &amp; L.L.D. of
<lb/><orgName>Maddison University</orgName>
<lb/><placeName>Alleghani Mountains</placeName>
<lb/><hi rend="underline">Via <placeName><settlement type="village">Kuruman</settlement></placeName></hi></ab>
	<ab rend="center">
<lb/><unclear cert="low">Min.</unclear>
<lb/>Fine Powder
<lb/>Geological specimens
<lb/>A sight of your diploma    
</ab>

			
</div>
		</body>
	</text></TEI>