<?xml version="1.0" encoding="UTF-8"?>
<?xml-model href="http://livingstoneonline.github.io/LEAP-ODD/leap.rng" type="application/xml" schematypens="http://relaxng.org/ns/structure/1.0"?>
<?xml-model href="http://livingstoneonline.github.io/LEAP-ODD/leap.rng" type="application/xml" schematypens="http://purl.oclc.org/dsdl/schematron"?>
 <?xml-stylesheet href="http://livingstoneonline.github.io/LEAP-XSLT/transcription.xsl" type="text/xsl"?>
 <!--Converted from a TEI P5 XML file to the LEAP TEI P5 Schema by James Cummings on 2015-03-02-->
         <TEI xmlns="http://www.tei-c.org/ns/1.0" xml:id="liv_000918">
	<teiHeader>
		<fileDesc>
			<titleStmt>
				<title>Letter to William Thompson</title>
                <title type="alternative">Letter to William Thompson, 17, 18 September 1856</title>
				<author xml:id="DL">Livingstone, David, 1813-1873</author>
			</titleStmt>
			<publicationStmt>
				<authority>Livingstone Online</authority>
				<pubPlace>London, UK</pubPlace>
				<publisher>University College London</publisher>
				<date>2012</date>
				<idno type="LEAP-ID">liv_000918</idno>
			</publicationStmt>
			<sourceDesc>
				<bibl xml:id="shelfmark">University of London. School of Oriental and African Studies; CWM/LMS/Livingstone Wooden Box, item 101</bibl><!-- note that for the fol. number we are no longer using "r" and "v", just the page numbers as per this example. -->
				<bibl xml:id="ccnumber">Letters, 0431</bibl>
				<bibl xml:id="recipient"><persName>Thompson, William, 1811-1889</persName></bibl>
				<bibl xml:id="date"><date from="1856-09-17" to="1856-09-18">17, 18 September 1856</date></bibl>
				<bibl xml:id="where">Claremont, Mauritius</bibl>
			</sourceDesc>
		</fileDesc>
		<profileDesc>
			<langUsage>
				<language ident="en">English</language>
			</langUsage>
		</profileDesc>
		<revisionDesc>
			<change>
				<date>2012-08-03</date>
				<name xml:id="KS">Kate Simpson</name>Initial transcription and XML encoding.
            
			</change>
			<change>
				<date>2013-04-05</date>
				<name xml:id="AJS">AJ Schmitz</name>Proofreading.
            
			</change>
			<change>
				<date>2013-06-19</date>
				<name xml:id="HFB">Heather F. Ball</name>Additional encoding.
            
			</change>
		</revisionDesc>
	</teiHeader>

	<text>
		<body>
			<div>

	<pb n="0001" facs="liv_000918_0001"><!--pb/@n='1r'--></pb>
<lb/><p rend="right">Claremont<!-- Should this be marked up to show it is a hotel? ks 8.3.12 --><placeName><country>Mauritius</country></placeName>
<lb/><date when="1856-09-17">17<hi rend="sup underline">th</hi> <choice><abbr>Sept<hi rend="sup">r</hi></abbr><expan>September</expan></choice> 1856</date></p>
<lb/><p>My Dear <persName>M<hi rend="sup underline">r</hi> Thompson</persName></p>
<lb/><p>I have as you will 
<lb/>see by the date remained here considerably
<lb/>longer than I intended, but having
<lb/>arrived <del type="strikethrough">here</del> with a severe affection
<lb/>of the <term type="bodypart">spleen</term> a consequence of the 
<lb/><term type="ailment">Fever</term> in the <placeName><geogName type="delta">Quilimane delta</geogName></placeName> and
<lb/>finding that this climate <add place="below">^</add> <add place="above">was</add> proving
<lb/>curative I have delayed my departure
<lb/>till the present time. I have been
<lb/>most kindly and hospitably entertained
<lb/>by <persName><choice><sic>May</sic><corr cert="medium">Hay</corr></choice></persName> or <persName>General <choice><sic>May</sic><corr cert="medium">Hay</corr></choice></persName><!-- in other texts and biographies of Livingstone this person is named as General Hay not May? ks 9.3.12 --> and as his
<lb/>house is situated about five miles
<lb/>from <placeName><settlement type="city">Port <choice><sic>Luis</sic><corr cert="high">Louis</corr></choice></settlement></placeName> and on an elevated <!-- Not sure Luis should be Louis? HB 6-19-13 -->
<lb/>spot with a cool climate it has
<lb/>answered the end of completely
<lb/>curing me. I had but two returns
    
    

	<pb n="0002" facs="liv_000918_0002"><!--pb/@n='1v'--></pb>
<lb/>of <term type="ailment"><choice><abbr>tertian</abbr><expan>tertian malaria</expan></choice></term> and the pain in the <term type="bodypart">spleen</term>
<lb/>is quite gone. I am ready to go
<lb/>back to <placeName><bloc>Africa</bloc></placeName> again. Thanks to 
<lb/>the Author of all our mercies, not
<lb/>forgetting the good kindhearted
<lb/>man with whom I am living</p>
<lb/><p>I have had another object in
<lb/>view besides health <choice><abbr>viz.</abbr><expan cert="high">videlicet</expan></choice> a wish
<lb/>to see the <persName><abbr>Commodore</abbr><expan>Commodore Trotter</expan></persName> and thank
<lb/>him for his kindness. I wished
<lb/>also to talk to him about <placeName><bloc>Africa</bloc></placeName>
<lb/>as I intend to work still in that
<lb/>poor trodden<supplied>-</supplied>down country even
<lb/>without the aid of our Society
<lb/>if I can only get back again
<lb/>I got a letter at <placeName><settlement type="town">Quilimane</settlement></placeName>. The only
<lb/>one since I saw you last and I am
    
    

	<pb n="0003" facs="liv_000918_0003"><!--pb/@n='2r'--></pb>
<lb/>informed that "the Directors are restricted
<lb/>in their power of aiding plans connected
<lb/>only remotely with the speed of the gospel"
<lb/>And also that even "though certain obstacles
<lb/>(as <term type="ailment">fever</term>, Tsetse &amp;c) should prove <w>sur-
<lb break="no"/>-mountable</w> the financial circumstances
<lb/>of the Society are not such as to warrant
<lb/>the hope that it would be in a position
<lb/>within any definite period to undertake
<lb/>untried remote and difficult fields of
<lb/>labour" As these statements are
<lb/>embalmed in some flattering sentences
<lb/>of approbation respecting my late
<lb/>efforts in opening up the continent
<lb/>to the sympathies of the friends of
<lb/>christianity I suppose that it is 
<lb/>intended to send me to some of the 
<lb/>tried, neat, and easy fields where I 
<lb/>may wax fat and kick like <persName>Jeshurun</persName>


	<pb n="0004" facs="liv_000918_0004"><!--pb/@n='2v'--></pb>
<lb/>as the proposition to leave the untried
<lb/>remote and difficult fields of labour
<lb/>as they have been ever since our
<lb/>saviour died for the poor sinners
<lb/>who inhabit them involves my
<lb/>certain severance from the <choice><abbr>L.M.S.</abbr><expan>London Missionary Society</expan></choice>
<lb/>and the attempt to support myself
<lb/>and return in the best way I can
<lb/>I have given a certificate to <persName>George
<lb/>Fleming</persName> for the money <choice><abbr>viz.</abbr><expan cert="high">videlicet</expan></choice> 500
<lb/>Spanish dollars and fifty <choice><sic>sovreigns</sic><corr>sovereigns</corr></choice>
<lb/>which you sent and which I told
<lb/>you in another letter I meant to
<lb/>retain for the homeward voyage
<lb/>I go "overland" because I have a 
<lb/>hope of a free passage part of
<lb/>the way. If I am not successful
<lb/>in obtaining that then there will be
<lb/>but little over</p>


	<pb n="0005" facs="liv_000918_0005"><!--pb/@n='3r'--></pb>
<lb/><p>2<hi rend="sup underline">D</hi></p>
<lb/><p>I leave a <choice><orig>waggon</orig><reg>wagon</reg></choice> and about 18 oxen
<lb/>at <placeName><settlement type="village">Linyanti</settlement></placeName>, another at <placeName><placeName><settlement type="city">Cape Town</settlement></placeName></placeName>
<lb/>which does not seem to have been 
<lb/>repaired according to promise &amp;
<lb/>will not sell for much. I managed 
<lb/>to get through all my clothing &amp;c &amp;c.
<lb/>before I got to <placeName><settlement type="town">Quilimane</settlement></placeName> but have
<lb/>a sextant chronometer watch and
<lb/>double barrelled gun and about
<lb/>£50 of debts of honour to black men
<lb/>so am not exactly in the position
<lb/>of the prodigal returning to his father
<lb/>but am poorer considerably
<lb/>than when I landed in <placeName><bloc>Africa</bloc></placeName>
<lb/>some sixteen years ago. Yet I shall
<lb/>leave you without abuse of any sort.
<lb/>the Directors have always treated me
<lb/>well and I shall always remember
<lb/>you all with affection</p>


	<pb n="0006" facs="liv_000918_0006"><!--pb/@n='3v'--></pb>
<lb/><p>I am sorry <persName>Fleming</persName> was engaged
<lb/>so firmly as in the agreement - I
<lb/>cannot get rid of it. He was entered
<lb/>as Captain's servant at <placeName><settlement type="town">Quilimane</settlement></placeName>
<lb/>and <choice><sic>recieves</sic><corr>receives</corr></choice> about <choice><orig>⅙</orig><reg>1/6</reg></choice><add place="below">^</add><note>about £2 per month</note> a day for that <!-- Not sure if this coding for perpendicular text is correct, so included as ab at end of page transcription as well HB 6-19-13 -->
<lb/>but says "that is nothing, he is 
<lb/>engaged at £10. per month till he
<lb/>gets to the <placeName><region>Cape</region></placeName>" and will insist on
<lb/>the fulfillment of the written agreement
<lb/>I wished to make an arrangement
<lb/>with a Captain going to the <placeName><region>Cape</region></placeName>
<lb/>whereby his services would be taken
<lb/>as part of his passage money but
<lb/>he objects to this because "they would
<lb/>make him do everything" i.e.
<lb/>in working the ship. I proposed
<lb/>to stipulate for personal service
<lb/>alone to the Captain but he said
<lb/>to let the passage be paid and</p>
	<ab/>
<lb/><p><add place="marginleft">about £2 per month</add></p>


	<pb n="0007" facs="liv_000918_0007"><!--pb/@n='4r'--></pb>
<lb/><p>no terms made respecting his service
<lb/>the agreement specifies services to 
<lb/><persName>Captain Peyton</persName> and that he is to be
<lb/>under my <choice><sic>controul</sic><corr>control</corr></choice> but he sticks
<lb/>to the £10 per month as the part most
<lb/><choice><sic>agreable</sic><corr>agreeable</corr></choice> to his ideas of the proper <w>ful -
<lb break="no"/>fillment</w> of his duties. I would
<lb/>have sent him off at once on
<lb/>our arrival here but the <w>com-
<lb break="no"/>modore</w> was expected daily and
<lb/><persName>Captain Peyton</persName> wished to take
<lb/>him to the <placeName><region>Cape</region></placeName> free of expense.
<lb/>It is unfortunate that <persName>Fleming</persName> was
<lb/>engaged at all as he is a most
<lb/>unlikely person to go anywhere in
<lb/>the face of danger but this you
<lb/>could not know, and I should
<lb/>probably <add place="below">^</add> <add place="above">have</add> been as much <choice><sic>mislead</sic><corr>misled</corr></choice> in
<lb/>respect to his travelling abilities as
<lb/>you but for my intercourse with him
    
    

	<pb n="0008" facs="liv_000918_0008"><!--pb/@n='4v'--></pb>
<lb/>on the way to <placeName><settlement type="village">Linyanti</settlement></placeName>. He requires one
<lb/>on whom he can lean - deprived of
<lb/>that he has no self reliance whatever. 
<lb/>I am sorry too that my statements
<lb/>respecting going to <placeName><country>England</country></placeName> were not
<lb/>more specific thereby causing you
<lb/>much anxiety on my account
<lb/>I thank you most heartily and
<lb/>sincerely for all the trouble you
<lb/>put yourself to and pray that
<lb/>God may abundantly reward you</p>
<lb/><p rend="right">Affectionaly yours</p>
<lb/><p rend="right"><persName>David <choice><orig>Livingston</orig><reg>Livingstone</reg></choice></persName></p>
<lb/><p>I enclose a certificate in the way of 
<lb/>business. The lists are left at <placeName><settlement type="town">Quilimane</settlement></placeName>
<lb/>I took a part of the articles for
<lb/>immediate use<supplied>.</supplied></p>
<lb/><p><date when="1856-09-28">28<hi rend="sup underline">th</hi></date> Put <persName>Fleming</persName> on board the
<lb/>Irene today &amp; paid £10 for his passage</p><!-- Do names of ships get coded? HB 6-19-13 -->


	<pb n="0009" facs="liv_000918_0009"><!--pb/@n='5r'--></pb>
<lb/><p rend="right">Claremont<!-- see earlier query regarding this hotel, ks,9.3.12 --><placeName><country>Mauritius</country></placeName>
<lb/><date when="1856-09-17">17<hi rend="sup underline">th</hi> <choice><abbr>Sept<hi rend="sup">r</hi></abbr><expan>September</expan></choice> 1856</date></p>
<lb/><p>I do hereby certify that I <choice><sic>recieved</sic><corr>received</corr></choice>
<lb/>from the <persName>Rev<hi rend="sup underline">d</hi> William Thompson</persName>
<lb/>as agent for the London Missionary
<lb/>Society the sum of five hundred
<lb/>(500) Spanish dollars and fifty (50)
<lb/><choice><sic>sovreigns</sic><corr>sovereigns</corr></choice>, while I was at the
<lb/>village of <placeName><settlement type="town">Quilimane</settlement></placeName>. And also
<lb/>goods as clothing for myself -
<lb/>beads, writing materials &amp;c. to the
<lb/>value of - (as per accounts left at
<lb/><placeName><settlement type="town">Quilimane</settlement></placeName>)</p>
<lb/><p rend="center">(signed)</p>
<lb/><p rend="right"><persName>David <choice><orig>Livingston</orig><reg>Livingstone</reg></choice></persName></p>
<lb/><p>I have paid £10. for his <add place="below">^</add> <add place="above"><persName>Fleming</persName>'s</add> passage to
<lb/>the <placeName><region>Cape</region></placeName> - <persName><choice><abbr>DL.</abbr><expan>David Livingstone</expan></choice></persName></p>
			
</div>
		</body>
	</text></TEI>