<?xml version="1.0" encoding="UTF-8"?>
<?xml-model href="http://livingstoneonline.github.io/LEAP-ODD/leap.rng" type="application/xml" schematypens="http://relaxng.org/ns/structure/1.0"?>
<?xml-model href="http://livingstoneonline.github.io/LEAP-ODD/leap.rng" type="application/xml" schematypens="http://purl.oclc.org/dsdl/schematron"?>
 <?xml-stylesheet href="http://livingstoneonline.github.io/LEAP-XSLT/transcription.xsl" type="text/xsl"?>
 <!--Converted from a TEI P5 XML file to the LEAP TEI P5 Schema by James Cummings on 2015-03-02-->
         <TEI xmlns="http://www.tei-c.org/ns/1.0" xml:id="liv_000637">
	<teiHeader>
		<fileDesc>
			<titleStmt>
				<title>Letter to Robert Moffat 1</title>
                <title type="alternative">Letter to Robert Moffat 1, July 1847</title>
				<author xml:id="DL">Livingstone, David, 1813-1873</author>
			</titleStmt>
			<publicationStmt>
				<authority>Livingstone Online</authority>
				<pubPlace>London, UK</pubPlace>
				<publisher>University College London</publisher>
				<date>2012</date>
				<idno type="LEAP-ID">liv_000637</idno>
			</publicationStmt>
			<sourceDesc>
				<bibl xml:id="shelfmark">University of London. School of Oriental and African Studies; CWM/LMS/Africa/Odds - Livingstone, Box 4-15</bibl>
				<bibl xml:id="ccnumber">Letters, 0171</bibl>
				<bibl xml:id="recipient"><persName>Moffat, Robert 1, 1795-1883</persName></bibl>
				<bibl xml:id="date"><date when="1847-07-01">July 1847</date></bibl>
				<bibl xml:id="where">Banks of the Notoane</bibl>
			</sourceDesc>
		</fileDesc>
		<profileDesc>
			<langUsage>
				<language ident="en">English</language>
			</langUsage>
			<langUsage>
				<language ident="und">Undetermined</language>
			</langUsage>
		</profileDesc>
		<revisionDesc>
			<change>
				<date>2013-06-30</date>
				<name xml:id="AM">Anne Martin</name>Initial transcription and XML encoding.
            
			</change>
			<change>
				<date>2012-10-23</date>
				<name xml:id="HFB">Heather F. Ball</name>Proofreading and additional encoding.
            
			</change>
			<change>
				<date>2016-06-20</date>
				<name xml:id="AMM">Anne Martin</name>Final Review.
            
			</change>
		</revisionDesc>
	</teiHeader>

	<text>
		<body>
			<div>

	<pb n="0001" facs="liv_000637_0001"><!--pb/@n='1r'--></pb>
<lb/><!-- Encircled number "15" appears to left of start of text - does not seem to be in Livingstone's hand - AM 30/6/2013 --><p rend="right">Banks of the <placeName><geogName type="river">Ñotoane</geogName></placeName></p>
<lb/><p rend="right"><date when="1847-07">July 1847</date></p>
<lb/><p>My Dear Father</p>
<lb/><p>Through mercy we are now
<lb/>near the end of our journey. Have met
<lb/>with no accidents - the health of all very
<lb/>good. For the mercies we enjoy we
<lb/>thank Him who has been our protector
<lb/>night and day. A <term type="animal">lion</term> came up to
<lb/>us at the <unclear cert="low">meritsowe</unclear> but was driven
<lb/>off by the shouting of the people
<lb/>The <term type="bodypart">lungs</term> of <persName>Khalincele</persName> you may
<lb/>be sure did their duty: We have
<lb/>heard the roar frequently since but
<lb/>that is all. &amp; we wish we may never
<lb/>experience more. We have been
<lb/>very unsuccessful in securing the
<lb/><term type="animal">game</term> we wounded. Two <term type="animal"><w>spring-
<add place="inline">
<note><lb/><supplied>(</supplied><persName>Robert</persName> has just come over the back
<lb/>of the seat head foremost &amp; his heels
<lb/>whirled over on the table but knowing
<lb/>the <choice><sic>somerset</sic><corr>somersault</corr></choice> is his own fault does not
<lb/>cry.)</note></add><lb break="no"/>-bucks</w></term><!-- here the "animal" tag wrongly applied to the section added too. It shouldn't really be, but I don't know how else to code it since the added section is in the middle of the animal word AM--> one <term type="animal"><unclear cert="low">sersebe</unclear></term> &amp; a <term type="animal"><unclear cert="medium">pitse</unclear></term> are all

       

	<pb n="0002" facs="liv_000637_0002"><!--pb/@n='1v'--></pb>
<lb/>we have got. <add place="above">An <term type="animal">ostrich</term> nest twice - good eggs</add> The <term type="animal">goats</term> give a little <term type="foodstuff">milk</term>
<lb/>morning &amp; evening and are thus very
<lb/>useful. We have been very comfortable
<lb/>in this journey for most of which
<lb/>we have to thank your <choice><orig>handywork</orig><reg>handiwork</reg></choice> &amp;c.</p>
<lb/><p><persName>M<hi rend="sup">r</hi> Evans</persName> met us this evening
<lb/>He has not succeeded with <persName>Sechele</persName>
<lb/>but has with <persName>Sekomi</persName>. <persName>Cumming</persName>
<lb/>seems to have forestalled him. I feel
<lb/>sorry I was not there when <persName>Evans</persName>
<lb/>came through. I think <persName>Sechele</persName> has
<lb/>a prejudice against him ever since
<lb/>he was there in partnership with
<lb/><persName>Greig</persName>. I might have removed part
<lb/>of it. I think it would be more
<lb/>for his advantage to deal with <persName>M<hi rend="sup">r</hi> Hume</persName>
<lb/>than with <persName>Cumming</persName>. The latter has
<lb/>always been very anxious that he should
<lb/>conclude a bargain to deal with him
<lb/>exclusively &amp; may have managed it
<lb/>so now.</p>
<lb/><p>We spent sunday at <placeName><settlement type="village">Setlagole</settlement></placeName> - had
<lb/>a meeting with <orgName><persName>Sebutsane</persName>'s people</orgName> there
<lb/><persName>Gasitsioe</persName> son of <persName>Chose</persName> knows how to read

        

	<pb n="0003" facs="liv_000637_0003"><!--pb/@n='2r'--></pb>
<lb/>the <term type="occupation">chief</term> too knows the letters but cannot
<lb/>spell. He says he waits at <placeName><settlement type="village">Setlagole</settlement></placeName> to see
<lb/>what the <orgName>Griquas</orgName> will do in his country <!-- Tagged "Griquas" as nationality as I think they are meant as a group larger than a tribe, but I could be wrong HB 10-23-13 --> <!-- now changed to orgName AM -->
<lb/>before he returns to it. We could not come
<lb/>by a straighter course as we intended, the
<lb/>big <choice><orig>waggon</orig><reg>wagon</reg></choice> being too heavy for travelling
<lb/>through the long grass. We spent sunday
<lb/>last near <placeName><settlement type="village">Raputse</settlement></placeName> came along the
<lb/><placeName><geogName type="hill">Bakhatla hills</geogName></placeName> yesterday, course nearly
<lb/>north. and today came down to the
<lb/><placeName><geogName type="river">Ñotuane</geogName></placeName>. course <choice><abbr>N.E.</abbr><expan>Northeast</expan></choice> even this is
<lb/>considerably shorter than the <placeName><geogName>Mamoori 
<lb/>road</geogName></placeName>. We could reach home tomorrow
<lb/>but prefer an easy stage and make
<lb/>our entrance on Thursday -</p>
<lb/><p><foreign xml:lang="und">Mosate</foreign> called <foreign xml:lang="und">Moshatta</foreign> by the <term type="tribe">Bamapela</term>
<lb/>means <foreign xml:lang="und">maloapa a khosi</foreign></p><!-- I am coding all the foreign words that follow as "und", as I am not familiar with any of the native African languages during this time period HB 10-23-13 -->
<lb/><p><foreign xml:lang="und">Bebenya</foreign> to gleam as <choice><sic>lightening</sic><corr>lightning</corr></choice></p>
<lb/><p>the <term type="tribe">Barolongs</term> call the sea <foreign xml:lang="und">Lopenole</foreign></p>
<lb/><p><foreign xml:lang="und">pena</foreign> refers to the fullness of the water
<lb/>or the absence of banks</p>
<lb/><p><foreign xml:lang="und">merisantse</foreign> - a plaguy fellow.</p>
<lb/><p><foreign xml:lang="und">Metsehula</foreign> the sea</p>
<lb/><p><foreign xml:lang="und">Likahela</foreign> <term type="plant_foodstuff">corn</term> from every one levi<gap extent="2" unit="chars" agent="blotting"/><supplied cert="medium">ed</supplied>. &amp;

        

	<pb n="0004" facs="liv_000637_0004"><!--pb/@n='2v'--></pb>
<lb/>given to the <foreign xml:lang="und"><term type="occupation">Maroka</term></foreign> or <term type="occupation">rain doctors</term>. This
<lb/>is the word to which I referred as revenue
<lb/>Levies. They say <foreign xml:lang="und">Likahela tsa pula</foreign></p>
<lb/><p><foreign xml:lang="und">Mashoa</foreign> is another word for <foreign xml:lang="und">Makheto</foreign></p>
<lb/><p><foreign xml:lang="und">Lehañke</foreign> as applied to a stone means hard</p>
<lb/><p><foreign xml:lang="und">Sehãñke</foreign> to a man perhaps bravery or hard
<lb/>heartedness.</p>
<lb/><p>unmanageable?</p><!-- Starting here the next 7 lines i.e. 9-15 have been lightly scored out, impossible to tell if this was done by DL or by someone else AM -->
<lb/><p><foreign xml:lang="und">Boceleka Tsikela - Konolola</foreign></p>
<lb/><p><foreign xml:lang="und">Tlatlarega Tlatlarietsa</foreign> - sound an alarm</p>
<lb/><p><foreign xml:lang="und">shuma</foreign> breathe h<gap extent="2" unit="chars" agent="blotting"/><supplied cert="medium">ar</supplied>d in sleep. <foreign xml:lang="und">Mema</foreign>
<lb/>not <foreign xml:lang="und">Méma</foreign> means the same as <foreign xml:lang="und">hegeloa</foreign>
<lb/>or <foreign xml:lang="und">Momoga</foreign></p>
<lb/><p><foreign xml:lang="und">serea</foreign> paltry</p>
<lb/><p><foreign xml:lang="und">Meretlega</foreign> change the conduct</p>
<lb/><p>The <foreign xml:lang="und">Thobane ea bogaera</foreign> is called Khoroane</p>
<lb/><p><foreign xml:lang="und">ea khoti.(or khuti</foreign> a hole)</p>
<lb/><p>The above are what I have been picking
<lb/>up in the way. Will be happy indeed
<lb/>if any of them proves of use - <foreign xml:lang="und">empekoan</foreign>
<lb/>something of cowardice. Am glad <del type="strikethrough">of</del> to
<lb/>have something as an inducement to
<lb/>pick up new words. I began to
<lb/>write an analysis of the language with</p>
			
</div>
		</body>
	</text></TEI>