<?xml version="1.0" encoding="UTF-8"?>
<?xml-model href="http://livingstoneonline.github.io/LEAP-ODD/leap.rng" type="application/xml" schematypens="http://relaxng.org/ns/structure/1.0"?>
<?xml-model href="http://livingstoneonline.github.io/LEAP-ODD/leap.rng" type="application/xml" schematypens="http://purl.oclc.org/dsdl/schematron"?>
 <?xml-stylesheet href="http://livingstoneonline.github.io/LEAP-XSLT/transcription.xsl" type="text/xsl"?>
 <!--Converted from a TEI P4 XML file to the LEAP TEI P5 Schema by James Cummings on 2015-03-02--><!--TEI encoding revised and standardized by Adrian S. Wisnicki, 2015-2016-->
         <TEI xmlns="http://www.tei-c.org/ns/1.0" xml:id="liv_001532">
	<teiHeader>
		<fileDesc>
			<titleStmt>
				<title>Letter to Heinrich Barth</title>
                <title type="alternative">Letter to Heinrich Barth, 6 February 1860</title>
				<author xml:id="DL">Livingstone, David, 1813-1873</author>
			</titleStmt>
			<publicationStmt>
				<authority>Livingstone Online</authority>
				<pubPlace>London</pubPlace>
				<date>2009</date>
				<publisher>Wellcome Centre for the History of Medicine, UCL</publisher>
				<idno type="LEAP-ID">liv_001532</idno>
			</publicationStmt>
			<sourceDesc>
				<bibl xml:id="shelfmark">Royal Geographical Society (Great Britain); Barth Correspondence</bibl>
				<bibl xml:id="ccnumber">Letters, 0989</bibl>
				<bibl xml:id="recipient"><persName>Barth, Heinrich, 1821-1865</persName></bibl>
				<bibl xml:id="date"><date when="1860-02-06">6 February 1860</date></bibl>
				<bibl xml:id="where">Tette</bibl>
			</sourceDesc>
		</fileDesc>
		<profileDesc>
			<langUsage>
				<language ident="en">English</language>
			</langUsage>
			<handNotes>
				<handNote xml:id="hand01">Scribe: Unknown</handNote>
			</handNotes>
		</profileDesc>
		<revisionDesc>
			<change>
				<date>2009-01-16</date>
				<name xml:id="SM">Sharon Messenger</name>Initial Transcription by Sharon Messenger
			</change>
			<change>
				<date>2009-01-22</date>
				<name xml:id="CL">Christopher Lawrence</name>Proof by Chris Lawrence
			</change>
		</revisionDesc>
	</teiHeader>

	<text>
		<body xml:lang="en">
			<div>

	<pb n="0001" facs="liv_001532_0001"/><!--pb/@n='1'--> 
<!--
<p>D. Livingstone an H. Barth <lb/></p>
<p rend="right">StA</p>
-->
<lb/><p rend="right"><space extent="7" unit="words"/><placeName><choice><sic>Jette</sic><corr>Tette</corr></choice></placeName> 6<hi rend="sup">th</hi>February 1860 </p>
<lb/><p><persName>Dr. Henry Barth</persName></p>
<lb/><p><space extent="2" unit="chars"/>My Dear Sir </p>
<lb/><p><space extent="2" unit="words"/>It was extremely kind in you to remem <add place="above">b</add>er <choice><sic>u s</sic><corr>us</corr></choice> and send 
<lb/>the remaining volumes of your work, <choice><sic>an</sic><corr>and</corr></choice> I beg leave to tender you 
<lb/>my hearty thanks for your generosity. You no doubt recollected the 
<lb/>time when you were placed in similar but much more unfavourable 
<w>cir-<lb break="no"/>cumstances</w> and kindly sympathised with us. Many thanks for your 
<w>kind-<lb break="no"/>ness.</w></p>
<lb/><p>We have been prevented from going at once up to the <placeName>Makolo 
<w>coun-<lb break="no"/>try</w></placeName> by a wretched sham of a vessel - rue of the contraction for which 
<lb/>promised before we got it that she should carry ten or twelve tons 
<lb/>and the other declared after we got it that she was designed to carry 
<lb/>only <add place="above">a few</add> "a very few persons". Well this piece of honesty led us up the 
<lb/><placeName><choice><reg>S</reg><orig>s</orig></choice>hire</placeName> and to the discovery of two magnificent Lakes. The country 
<w>ad-<lb break="no"/>jacent</w> to them is elevated and very beautiful, and so far we have <add place="above">had</add> no 
<lb/>reason to regret the delay. We are now anxiously expecting a steamer 
<lb/>capable of ascending the rapids which from what we observed at low 
<lb/>water we suppose passable when the river is in flood but should it 
<lb/>not make its appearance we shall proceed on foot or in a whaler in 
<lb/>about 6 weeks. </p>
<lb/><p rend="center">With good wishes for your health Happiness </p>
<lb/><p rend="center">I am Dear Sir </p>
<lb/><p rend="center">your obliged St. </p>
<lb/><p rend="center">David Livingstone </p>
<lb/><p rend="no-indent">I beg leave to congratulate you on the honour conferred by <persName>Her 
<lb/>Majesty the Queen.</persName></p>
<lb/><p rend="right"><space extent="1" unit="words"/>D.L. </p>
			
</div>
		</body>
	</text></TEI>