<?xml version="1.0" encoding="UTF-8"?>
<?xml-model href="http://livingstoneonline.github.io/LEAP-ODD/leap.rng" type="application/xml" schematypens="http://relaxng.org/ns/structure/1.0"?>
<?xml-model href="http://livingstoneonline.github.io/LEAP-ODD/leap.rng" type="application/xml" schematypens="http://purl.oclc.org/dsdl/schematron"?>
 <?xml-stylesheet href="http://livingstoneonline.github.io/LEAP-XSLT/transcription.xsl" type="text/xsl"?>
 <!--Converted from a TEI P4 XML file to the LEAP TEI P5 Schema by James Cummings on 2015-03-02--><!--TEI encoding revised and standardized by Adrian S. Wisnicki, 2015-2016-->
         <TEI xmlns="http://www.tei-c.org/ns/1.0" xml:id="liv_001550"><!-- LP39 -->
	<teiHeader>
		<fileDesc>
			<titleStmt>
				<title>Letter to [Robert Gray]</title>
                <title type="alternative">Letter to [Robert Gray], 21 March 1860</title>
				<author xml:id="DL">Livingstone, David, 1813-1873</author>
			</titleStmt>
			<publicationStmt>
				<authority>Livingstone Online</authority>
				<pubPlace>London</pubPlace>
				<date>2005-05-07</date>
				<publisher>Wellcome Centre for the History of Medicine, UCL</publisher>
				<idno type="LEAP-ID">liv_001550</idno>
			</publicationStmt>
			<sourceDesc>
				<bibl xml:id="ccnumber">Letters, 1006</bibl>
				<bibl xml:id="recipient"><persName>Gray, Robert, 1809-1872</persName></bibl>
				<bibl xml:id="date"><date when="1860-03-21">21 March 1860</date></bibl>
				<bibl xml:id="where">River Zambesi</bibl>
				<bibl xml:id="shelfmark">Wellcome Institute for the History of Medicine. Library; 7329 39</bibl><!--1860-03-21--><!--Original:1860-03-21-->
				<bibl xml:id="extent">4 pages</bibl>
			</sourceDesc>
		</fileDesc>
		<revisionDesc>
			<change>
				<date>2005-05-07</date>
				<name xml:id="SM">Sharon Messenger</name>Initial Transcription
			</change>
			<change>
				<date>2006-02-13</date>
				<name xml:id="JB">Janet Browne</name>first proof
			</change>
			<change>
				<date>2006-02-22</date>
				<name xml:id="CL">Chris Lawrence</name>second proof
			</change>
			<change>
				<date>2006-03-02</date>
				<name xml:id="CO">Caroline Overy</name>final proof
			</change>
		</revisionDesc>
	</teiHeader>

	<text>
		<body>
			<div>

	<pb n="0001" facs="liv_001550_0001"/><!--pb/@n='1'--> 
	<!--written up the side of page 1-->
	<cb rend="vertical left"/>
<lb/><ab>Had the projected Institution been in existence before <persName>Sechele</persName> fell away from his 
<lb/>profession of christianity his children might have <choice><sic>recieved</sic><corr>received</corr></choice> great benefit 
<lb/>He sent them of his own accord to <placeName>Kuruman</placeName> for instruction and 
<lb/>I believe they were supported there for a time by <persName>M<hi rend="sup underline">r</hi> Moffats</persName> private bounty. 
<lb/>I am unaquainted with the missionaries now at <persName>Sechele's</persName></ab>
<!--Hand 01 32 top left--><!--Hand 02 to Robert Gray Bp of Capetown top left--><!--Hand 02 63005 top right-->
<lb/><p rend="right">River Zambesi</p>
<lb/><p rend="right"><space extent="1" unit="words"/>21<hi rend="sup underline">st</hi> March 1860.</p>
<lb/>
<lb/>
<lb/>
<lb/><p rend="no-indent"><persName>My Lord Bishop</persName></p>
<lb/><p><space extent="2" unit="words"/>In a speech delivered 
<lb/>at Manchester about a year ago, 
<lb/>I found, for the first time a 
<lb/>few days since, the very cheering 
<lb/>intimation that <persName>Miss Coutts</persName> had 
<lb/>subscribed £2500 towards an 
<lb/>institution for the sons of 
<lb/>native chiefs. As you have no 
<lb/>doubt been generously supported 
<lb/>in the noble undertaking by 
<lb/>other members of the English 
<lb/>church, and cannot fail to be, 
<lb/>by the Divine blessing, extensively 
<lb/>useful, I take the liberty to 
<lb/>congratulate you on the enterprise. 
<lb/>Feeling a deep interest in any 
<lb/>plan for the elevation of the 
<lb/>population of this country, </p>

	<pb n="0002" facs="liv_001550_0002"/><!--pb/@n='2'-->
	<!--written up side of page 2 the word Manica is written over this???-->
	<cb rend="vertical right"/>
<lb/><ab>but imagine that they would gladly induce <persName>Sechele</persName> to avail 
<lb/>himself of any advantages you may have to bestow on his 
<lb/>children. and to me it would be a great satisfaction 
<lb/>to hear that any of the <term type="tribe">Bakwains</term> had been so favoured. I do 
<lb/>very heartily bid you God Speed</ab> 
<lb/><p rend="no-indent">whether white or black, I may 
<lb/>be allowed to shew my sympathy 
<lb/>with yours by alluding to the 
<lb/>extensive field which in the 
<lb/>course of time your benevolence 
<lb/>will affect.</p>
<lb/><p>The <term type="tribe">Kaffre</term> or <term type="tribe">Zulu</term> family 
<lb/>extends right up to the Zambesi. 
<lb/>Under the name "<term type="tribe"><unclear cert="low">Landims</unclear></term>" 
<lb/>(<term type="tribe">Landeens</term>) they have conquered 
<lb/>all the gold region called 
<lb/><placeName>Manica</placeName>, and all the south 
<lb/>bank of this river (except the 
<lb/>lands in the immediate 
<lb/>vicinity of the forts <placeName>Senna </placeName>
<lb/>and <placeName>Tette</placeName>) is under their 
<lb/>sway or depopulated. </p>
<lb/><p>The estate of <placeName>Shupanga</placeName>
<lb/>which, yielding the immense 
<lb/>trees used in forming the 
<lb/>large canoes common on 
<lb/>the Zambesi, cannot be 
<lb/>dispensed with by the 
<lb/>Portuguese, is retained only 
<lb/>by paying a large <add place="above">annual</add> tribute.</p>

	<pb n="0003" facs="liv_001550_0003"/><!--pb/@n='3'-->
<lb/><p>Some 600 dollars are paid to the 
<lb/><term type="tribe">Landeens</term>, and only 400 of rent 
<lb/>to the Portuguese Government. 
<lb/>The language is nearly identical 
<lb/>with that of the <term type="tribe">Zulus</term> of 
<lb/>Natal and <term type="tribe">Moenekhosi</term> or 
<lb/><term type="tribe">Manikhosi</term>. (the "Manicus" of 
<lb/>the Boers) <add place="below">^</add> is of the same family 
<lb/><add place="marginleft">the paramount 
<lb/>chief of the 
<lb/>whole region 
<lb/>north of 
<lb/><placeName>Inhambane</placeName>,</add>  
<lb/>as <term type="tribe">Panda</term>. They all have 
<lb/>a certain amount of respect 
<lb/>for the English or as they 
<lb/>call us Maingeretse. When 
<lb/><persName>D<hi rend="sup underline">r</hi> Kirk</persName> visited a village 
<lb/>subject to their sway, his 
<lb/>wants were abundantly 
<lb/>supplied, and payment 
<lb/>refused: Your efforts and 
<lb/>those of other bodies of Christians 
<lb/>among these fine people 
<lb/>will without doubt be one day 
<lb/>crowned with glorious results.</p>
<lb/><p>If we turn to the influences 
<lb/>at work hitherto in this region 
<lb/>we see abundant reason for joy 
<lb/>at the prospect of the introduction 
<lb/>of better agencies. We have <choice><sic>recieved</sic><corr>received</corr></choice>
<lb/>much kindness from individual 
<lb/>Portuguese, and can therefore 

	<pb n="0004" facs="liv_001550_0004"/><!--pb/@n='4'--> 
<lb/>speak confidentially only about 
<lb/>their system. Their establishments 
<lb/>are not colonies, but small penal 
<lb/>settlements. No women are sent 
<lb/>out to them, and frightful immorality 
<lb/>is the result. The prevailing 
<lb/>drunkeness makes it wonderful 
<lb/>that the people live at all. Our 
<lb/>expedition is hated as a sort 
<lb/>of standing protest against vice. 
<lb/>and we should be "good fellows" 
<lb/>only by joining in their vices. 
<lb/>With a soil and climate superior 
<lb/>to Natal nothing is done but 
<lb/>paltry peddling in ivory and 
<lb/>gold dust. When we go down 
<lb/>to the coast we have abundance of 
<lb/>fresh meat without trouble from 
<lb/>the game, but inland the grass, 
<lb/>intermingled with Indigo and cotton, 
<lb/>is too tall for hunting, and we 
<lb/>can get neither vegetables nor 
<lb/>fresh meat for either love or 
<lb/>money. I am trying to obtain 
<lb/>free navigation of the Zambesi 
<lb/>for all nations, and if you can 
<lb/>lend any influence to effect 
<lb/>it you will aid in breaking 
<lb/>up the exclusive system which 
<lb/>is the ruin of the country.</p>
<lb/><p rend="right">I am &amp;c David Livingstone</p>
			
</div>
		</body>
	</text></TEI>