<?xml version="1.0" encoding="UTF-8"?>
<?xml-model href="http://livingstoneonline.github.io/LEAP-ODD/leap.rng" type="application/xml" schematypens="http://relaxng.org/ns/structure/1.0"?>
<?xml-model href="http://livingstoneonline.github.io/LEAP-ODD/leap.rng" type="application/xml" schematypens="http://purl.oclc.org/dsdl/schematron"?>
 <?xml-stylesheet href="http://livingstoneonline.github.io/LEAP-XSLT/transcription.xsl" type="text/xsl"?>
 <!--Converted from a TEI P4 XML file to the LEAP TEI P5 Schema by James Cummings on 2015-03-02--><!--TEI encoding revised and standardized by Adrian S. Wisnicki, 2015-2016-->
         <TEI xmlns="http://www.tei-c.org/ns/1.0" xml:id="liv_001524">
	<teiHeader>
		<fileDesc>
			<titleStmt>
				<title>Letter to Unknown</title>
                <title type="alternative">Letter to Unknown, [1 September-31 December 1859]</title>
				<author xml:id="DL">Livingstone, David, 1813-1873</author>
			</titleStmt>
			<publicationStmt>
				<authority>Livingstone Online</authority>
				<pubPlace>London</pubPlace>
				<date>2007</date>
				<publisher>Wellcome Centre for the History of Medicine, UCL</publisher>
				<idno type="LEAP-ID">liv_001524</idno>
			</publicationStmt>
			<sourceDesc>
				<bibl xml:id="shelfmark">National Library of Scotland; MS. 10768, f. 41</bibl>
				<bibl xml:id="ccnumber">Letters, 0981</bibl>
				<bibl xml:id="recipient">Unknown</bibl>
				<bibl xml:id="date"><date from="1859-09-01" to="1859-12-31">[1 September-31 December 1859]</date></bibl>
				<bibl xml:id="where">[South East Africa]</bibl>
			</sourceDesc>
		</fileDesc>
		<profileDesc>
			<langUsage>
				<language ident="en">English</language>
			</langUsage>
			<handNotes>
				<handNote xml:id="hand01" medium="pencil_ink">Scribe: Unknown</handNote>
			</handNotes>
		</profileDesc>
		<revisionDesc>
			<change>
				<date>2007-06-23</date>
				<name xml:id="CL">Chris Lawrence</name>Proofed by Chris Lawrence
			</change>
			<change>
				<date>2007-08-13</date>
				<name xml:id="JB">Janet Browne</name>Proofed by Janet Browne
			</change>
		</revisionDesc>
	</teiHeader>

	<text>
		<body xml:lang="en">
			<div>

	<pb n="0001" facs="liv_001524_0001"/><!--pb/@n='41r'-->
<addSpan spanTo="#p41r-01" hand="#hand01"><!--addSpan/@place='top margin of fol. 41r'--></addSpan>
<lb/><p rend="no-indent">This is to be returned to the <persName>Bp of Oxford</persName></p><anchor xml:id="p41r-01"/>
<lb/><p><hi rend="underline"><del type="strikethrough">Private</del></hi> I feel every day more and more 
<lb/>impressed with the idea that a colony of 
<lb/>our own hardworking christian people 
<lb/>is the only means that will put a stop to 
<lb/><choice><sic>to</sic><corr>no text</corr></choice> the slave trade entirely - and render us 
<lb/>independent of the produce of slave 
<lb/>labour. <choice><reg>T</reg><orig>t</orig></choice>his is the land for cotton &amp; 
<lb/>sugar - and yet the few Portuguese here 
<lb/>export the labourers to a worse soil<reg>.</reg>
<lb/>I don't like to say much before hand 
<lb/>but in July we return to the Lakes &amp; 
<lb/>I believe to open up the whole of <placeName>Eastern 
<lb/><space extent="8" unit="words"/>t.o. 

	<pb n="0002" facs="liv_001524_0002"/><!--pb/@n='41v'--> 
<lb/>Africa</placeName> but my heart is really sore to think 
<lb/>the Portuguese stand in the way. <choice><reg>T</reg><orig>t</orig></choice>hey have 
<lb/>an idea that a company will be formed 
<lb/>and they as masters of the soil will become 
<lb/>rich without taking their cigars out of their 
<lb/>mouths. If you can do anything towards 
<lb/>bringing the idea of a colony prominently 
<lb/>forward you will perform a great 
<lb/>service. I mean a Christian colony. A 
<lb/>bodily transplantation of all our pecularities 
<lb/>as a Christian people and for a specific 
<lb/>object, bending all our energies to the extinction 
<lb/>of the trade in the bodies of men<reg>.</reg><persName>D Livingstone</persName></p> 
			
</div>
		</body>
	</text></TEI>