<?xml version="1.0" encoding="UTF-8"?>
<?xml-model href="http://livingstoneonline.github.io/LEAP-ODD/leap.rng" type="application/xml" schematypens="http://relaxng.org/ns/structure/1.0"?>
<?xml-model href="http://livingstoneonline.github.io/LEAP-ODD/leap.rng" type="application/xml" schematypens="http://purl.oclc.org/dsdl/schematron"?>
<?xml-stylesheet href="http://livingstoneonline.github.io/LEAP-XSLT/transcription-UJ-html.xsl" type="text/xsl"?>
<!--<?xml-stylesheet href="transcription-UJ-html.xsl" type="text/xsl"?>-->
<TEI xmlns="http://www.tei-c.org/ns/1.0" xml:id="liv_015005">
    <teiHeader>
        <fileDesc>
            <titleStmt>
                <title>Unyanyembe Journal (1870 Field Diary Segment)</title>
                <title type="alternative">Unyanyembe Journal (1870 Field Diary Segment), 28 January 1866-5 March 1872</title>
                <author>David Livingstone</author>
                <principal>Adrian S. Wisnicki</principal>
                <principal>Christopher Lawrence</principal>
                <respStmt xml:id="AW">
                    <name>Adrian S. Wisnicki</name>
                    <resp>Transcription</resp>
                    <resp>TEI Encoding</resp>
                    <resp>Editorial Decisions</resp>
					<resp>Proofing</resp>
					<resp>Encoding Review</resp>
                </respStmt>
				<respStmt xml:id="CL">
					<name>Christopher Lawrence</name>
					<resp>Final proofing</resp>
				</respStmt>
                <respStmt xml:id="HB">
                    <name>Heather F. Ball</name>
                    <resp>Transcription</resp>
                    <resp>TEI Encoding</resp>
                    <resp>Editorial Decisions</resp>
					<resp>Proofing</resp>
					<resp>Quality Control and Integration</resp>
                </respStmt>
                <respStmt xml:id="EC">
                    <name>Erin Cheatham</name>
                    <resp>Transcription</resp>
                    <resp>TEI Encoding</resp>
					<resp>Proofing</resp>
                </respStmt>
				<respStmt xml:id="AK">
					<name>Ashanka Kumari</name>
					<resp>Transcription</resp>
					<resp>TEI Encoding</resp>
					<resp>Proofing</resp>
				</respStmt>
            </titleStmt>
            <publicationStmt>
                <authority>Livingstone Online</authority>
                <publisher>University of Maryland Libraries</publisher>
                <pubPlace>College Park, MD, USA</pubPlace>
                <date>2016</date>
				<idno type="LEAP-ID">liv_015005</idno>
            </publicationStmt>
            <sourceDesc>
                <msDesc>
                    <msIdentifier>
                        <country>United Kingdom</country>
                        <settlement>Blantyre</settlement>
                        <repository>David Livingstone Centre</repository>
                        <idno type="shelfmark">Cat 1115</idno>
                        <altIdentifier>
                            <idno type="ccnumber">Journals, 011</idno>
                        </altIdentifier>
                    </msIdentifier>
                    <physDesc>
                        <handDesc>
                            <handNote xml:id="U"><label>Unknown Hand</label> This hand is unknown
                                but thought not David Livingstone's.</handNote>
                        </handDesc>
                    </physDesc>
                </msDesc>
                <bibl type="sourceMetadata">
                    <title type="alternative">Unyanyembe Journal (1870 Field Diary Segment), 28 January 1866-5 March 1872</title>
                    <author xml:id="DL">David Livingstone</author>
                    <date type="composition" from="1866-01-28" to="1872-03-05">28 January 1866-5 March 1872</date>
                    <placeName type="compositionPlace">Unyanyembe</placeName>
                </bibl>
            </sourceDesc>
        </fileDesc>
        <profileDesc>
            <langUsage>
                <language ident="en">English</language>
                <language ident="la">Latin</language>
                <language ident="grk">Greek</language>
				<language ident="nym">Nyamwezi</language>
				<language ident="fa">Persian</language>
				<language ident="swh">Swahili</language>
                <language ident="und">Undetermined</language>
            </langUsage>
        </profileDesc>
        <revisionDesc>

	<!-- Break out 1870 FD segment -->
			<change when="2016-10-04" who="#AW">Review and Revision</change>

    <!-- Integration, 0620-0731 -->
            <change when="2015-03-15" who="#HB">Quality Control and Integration</change>

    <!-- 0620-0626, 0645-0659 -->
			<!-- Final review -->
			<change when="2015-10-23" who="#CL">Proofing</change>
			<change when="2015-09-04" who="#CL">Proofing</change>
			<change when="2015-04-09" who="#AW">Coding Review</change>
            <!-- Integration -->
            <change when="2015-02-10" who="#HB">Quality Control and Integration</change>
            <!-- 0648-0659 -->
            <change when="2015-01-25" who="#EC">Proofing</change>
			<change when="2015-01-18" who="#AK">Transcription and TEI Encoding</change>
            <!-- 0620-0626, 0645-0647 -->
            <change when="2015-01-25" who="#AK">Proofing and additional TEI Encoding</change>
            <change when="2015-01-19" who="#EC">Transcription and TEI Encoding</change>

        </revisionDesc>
    </teiHeader>

    <text>
       	<body>
			<div>

    <!-- ec, ak, hb -->

<pb facs="liv_000019_0620" n="0620"/>
<lb/><fw n="614"><add place="inspace" rend="gray left" hand="#U">614</add></fw>
<lb/><gap extent="1" unit="words"/>
<lb/><p><note place="marginleft"><date when="1870-07-23">July <lb/>23<hi rend="sup">d</hi> <lb/>1870</date></note> The <term type="ailment">sores</term> on my feet laid me up
<lb/>as irritable <term type="ailment">eating ulcers</term> - if the foot were
<lb/>put to the ground a discharge of bloody <foreign xml:lang="grk">ichor</foreign>
<lb/>flowed and the same discharge happened
<lb/>every night with considerable pain that
<lb/>prevented sleep - the wailing of the <orgName>slaves</orgName>
<lb/>is one of the night sounds of a <orgName>slave</orgName> camp
<lb/>they eat through everything muscle tendon
<lb/>bone and often lame permanently if they
<lb/>do not kill the poor things - medicines 
<lb/>have very little effect - their periodicity
<lb/>seems to say that they are allied to <term type="ailment">Fever</term>
<lb/>The <orgName>Arabs</orgName> make a <term type="medicament">salve of <term type="insect">Bees</term> wax and 
<lb/>sulphate of copper</term> and this applied hot
<lb/>and held on by a bandage affords support
<lb/>but the necessity of letting the <foreign xml:lang="grk">ichor</foreign>
<lb/>escapes renders it a painful remedy. 
<lb/>I had <term type="ailment">three ulcers</term> and no medicine the 
<lb/><orgName>native</orgName> plan of support by means of a 
<lb/>stiff leaf or bit of calabash was too irritating 
<lb/>they continued to eat in and enlarge 
<lb/>in spite of everything - the vicinity was 
<lb/><note place="marginleft"><date when="1870-09-06"><choice><abbr>Sept<hi rend="sup">r</hi></abbr><expan>September</expan></choice> <lb/>6<hi rend="sup underline">th</hi></date></note> hot and the pain increased with the size
<lb/>I was at last advised to try <term type="medicament">Malachite
<lb/>rubbed down with water on a stone and 
<lb/>applied with a feather</term> - this was the 
<lb/>only thing that had any beneficial effect
<lb/><term type="medicament">Copper rubbed down</term> in the same way is
<lb/>a remedy of good repute but <term type="medicament">malachite</term>
<lb/>alone proved beneficial in my case
<lb/><note place="marginleft"><date when="1870-09-26">26<hi rend="sup underline">th</hi></date></note> I have been able now to report the 
<lb/><term type="ailment">ulcers</term> healing - For eighty days I was 
<lb/>completely laid up by them and it was 
<lb/>long ere the lost substance was replaced
<lb/>they kill many <orgName>slaves</orgName> - and an 
<lb/>epidemic came to us which carried
<lb/><note place="marginleft"><date when="1870-10">October</date></note> off thirty in our small camp - it was 
<lb/><term type="ailment">Choleraic</term> and how many <term type="tribe">Manyema</term>

	<pb facs="liv_000019_0621" n="0621"/>
<lb/><fw n="615"><add place="inspace" rend="gray right" hand="#U">615</add></fw>
<lb/><note place="marginleft"><date when="1870-11"><choice><abbr>Nov.</abbr><expan>November</expan></choice> <lb/>1870</date></note> died of it we could not ascertain - While this 
<lb/>epidemic raged here we heard of <term type="ailment">cholera</term> terribly
<lb/>severe on the way to <placeName><region>the coast</region></placeName></p>
<lb/><p>Another disease called <term type="ailment">Safura</term> or earth eating 
<lb/>attacks great numbers of both <orgName>slaves</orgName> &amp; <orgName>freemen</orgName>
<lb/>on seeing it on the <placeName><region>West coast</region></placeName> I imagined that 
<lb/>it was a mode of suicide adopted by the <orgName>slaves</orgName>
<lb/>and their <orgName><term type="nationality">Portuguese</term> <orgName><term type="occupation">masters</term></orgName></orgName> shared the opinion
<lb/>and punished any one guilty of clay eating
<lb/>but here I found it to be a disease <hi rend="underline">per</hi> <hi rend="underline">se</hi> 
<lb/>and it attacks even rich men at <placeName><geogName type="island">Zanzibar</geogName></placeName>
<lb/>who have none of the reasons that might
<lb/>make <orgName>slaves</orgName> desire to quit life - the earth 
<lb/>of old walls is preferred and to the sufferer
<lb/>it smells and tastes pleasantly - <persName>Muhamad</persName>'s
<lb/>brother was attacked and his wife told him
<lb/>of it on enquiry his brother was ashamed &amp; 
<lb/>denied it but his wife repeated - It is false 
<lb/>he is constantly picking out earth out of the 
<lb/>garden wall or little clods on the surface
<lb/>and eating them - the symptoms are swelling 
<lb/>of the face hands and feet - If the fingernail
<lb/>is squeezed it is bloodless - the patient is 
<lb/>oppressed with breathlessness and easily
<lb/>fatigued - though he is supplied with plenty 
<lb/>of food he constantly picks up dirt and 
<lb/>it appears in his dejections unchanged - 
<lb/>the swelled face feet &amp; hands &amp; bloodlessness
<lb/>continue to the end and many <orgName>slaves</orgName> die of 
<lb/><term type="ailment">Safura</term> - A remedy got from <choice><sic>Muhamads</sic><corr><persName>Muhamad</persName>'s</corr></choice> 
<lb/>father - <term type="medicament">iron scales from smithy</term> - <term type="medicament">sulphate 
<lb/>of copper</term> and the <term type="medicament">strongest vinegar</term> was 
<lb/>allowed to stand a few days and a wine 
<lb/>glassful given morning and evening 
<lb/>It produced profuse vomiting &amp; purging 
<lb/>and <term type="foodstuff">eggs</term> <term type="foodstuff">milk</term> <term type="animal">fish</term> had to be abstained 
<lb/>from for years afterward</p>

	<pb facs="liv_000019_0622" n="0622"/>
<lb/><fw n="616"><add place="inspace" rend="gray left" hand="#U">616</add></fw>
<lb/><p><note place="marginleft"><date when="1870-12"><choice><abbr>Dec<hi rend="sup underline">r</hi></abbr><expan>December</expan></choice> <lb/>1870.</date></note> But the strangest disease I have seen in 
<lb/>this country seems really to be broken <w>hearted<supplied>-</supplied>
<lb break="no"/><add place="marginleft">-</add>ness</w>, and it attacks <orgName>freemen</orgName> who have
<lb/>been captured and made <orgName>slaves</orgName> - My
<lb/>attention was drawn to it when the elder
<lb/>brother of <persName>Syde bin Habib</persName> was killed in <placeName><region>Rua</region></placeName>
<lb/>by a night attack when a spear was pitched 
<lb/>through his tent into his side - <persName>Syde</persName> then
<lb/>vowed vengeance for the blood of his 
<lb/>brother and assaulted all he could find
<lb/>killing the elders and making the young 
<lb/>men <orgName>captives</orgName> - He had secured a very large
<lb/>number and they endured the chains 
<lb/><choice><sic>untill</sic><corr>until</corr></choice> they saw the broad river <placeName><geogName type="river">Lualaba</geogName></placeName> 
<lb/>roll between them and their free homes 
<lb/><del type="strikethrough">they</del> then lost heart - twenty one were 
<lb/>unchained as being now safe but all ran
<lb/>away at once while eight <add place="above">with many others</add> still in chains
<lb/>died in three days after crossing - they 
<lb/>ascribed their only pain to the heart, and 
<lb/>placed the hand correctly on the spot though
<lb/>many think that the organ stands high
<lb/>up under the breast bone - some expressed
<lb/>surprise to me that they should die seeing 
<lb/>they had plenty to eat and no work - one 
<lb/>fine boy of about 12 years was carried 
<lb/>and when about to expire was kindly
<lb/>laid down on the side of the path and 
<lb/>a hole dug to deposit the body - he too
<lb/>said he had nothing the matter with
<lb/>him except pain in his heart - as it
<lb/>attacks only the <orgName>free who are captured</orgName>
<lb/>and never <orgName>slaves</orgName> it seems to be really <del type="strikethrough">a</del> 
<lb/>broken hearts</p>

	<pb facs="liv_000019_0623" n="0623"/>
<lb/><fw n="617"><add place="inspace" rend="gray right" hand="#U">617</add></fw>
<lb/><p><note place="marginleft"><date when="1870-12"><choice><abbr>Dec <hi rend="sup underline">r</hi></abbr><expan>December</expan></choice> <lb/>1870.</date></note> <term type="foodstuff_plant">Rice</term> sown on <date when="1870-10-19">19<hi rend="sup underline">th</hi> October</date> was in ear in 70 days
<lb/>a <term type="animal">leopard</term> killed my <term type="animal">goat</term> and a gun set for
<lb/>him went off at 10 PM - the ball broke both 
<lb/>hind legs and one foreleg yet he had power to
<lb/>spring up and bite a man badly afterwards
<lb/>He was a male 2 <choice><abbr>ft.</abbr><expan>feet</expan></choice> 4 <choice><abbr>in.</abbr><expan>inches</expan></choice> - at whithers and 6 <choice><abbr>ft.</abbr><expan>feet</expan></choice>
<lb/>8 <choice><abbr>in.</abbr><expan>inches</expan></choice> from tip of nose to end of tail - </p>
<lb/><p><space extent="3" unit="words"/><date when="1871-01-01">1<hi rend="sup underline">st</hi> January 1871</date> - Oh Father help
<lb/>me to finish this work to thy honour - still 
<lb/>detained at <placeName><settlement type="village">Bambarre</settlement></placeName> - but a caravan of 
<lb/>500 muskets is reported from <placeName><region>the coast</region></placeName> - 
<lb/><note place="marginleft"><date when="1871-01-27"><choice><abbr>Jany</abbr><expan>January</expan></choice> <lb/>27<hi rend="sup underline">th</hi> <lb/>1871</date></note> It may bring me other men and goods
<lb/><orgName>Safari or caravan</orgName> reported to be near and 
<lb/>my men and goods at <unclear cert="medium"><placeName><settlement type="village">Ujiji</settlement></placeName></unclear></p>
<lb/><p><date when="1871-02-04">February 4<hi rend="sup underline">th</hi></date> 7 <orgName>slaves</orgName> come to me from
<lb/><placeName><region>the coast</region></placeName> and three <foreign xml:lang="nym"><term type="occupation">Pagazi</term></foreign><!--unsure of this term. EC--><!--Couldn't figure out what to tag it as, but it's a Swahili word according to Google -AK--><!-- Fixed. AW --><!-- This has been previously tagged as und as well as occupation, so I will add to list of global edits to fix across. HB --> - I was overjoyed 
<lb/>but did not then know that I had <choice><sic>recieved</sic><corr>received</corr></choice>
<lb/><orgName>slaves</orgName> instead of men - they called <w>them<supplied>-</supplied>
<lb break="no"/>selves</w> <foreign xml:lang="fa"><choice><orig>Laskars</orig><reg>Lascars</reg></choice></foreign> and came without loads -
<lb/>of eight pieces of calico &amp; 7 of <foreign xml:lang="und">Kanike</foreign> I
<lb/>clothed them all gratuitously - on the day of 
<lb/>their arrival one of my worthless lot from
<lb/><placeName><settlement type="city"><choice><orig>Nassik</orig><reg>Nassick</reg></choice></settlement></placeName> who refused to go North for fear
<lb/>of death was killed by the <term type="tribe"><w>Man<subst><del>uy</del><add place="over-text"><choice><orig>yu</orig><reg>y</reg></choice></add></subst>ema</w></term> as he
<lb/>went to buy food - the murderer was caught
<lb/><note place="marginleft"><date when="1871-02-10">10</date></note> the <orgName>slaves</orgName> mutiny and refuse to go North
<lb/>swore that the <term type="occupation">consul</term> had told them not to go
<lb/>forward but to force me back and they
<lb/>had spread this tale all over the country and 
<lb/>that a <bibl>certain letter</bibl> had been sent to me 
<lb/>with orders to return forthwith - they
<lb/>swore so positively that I actually looked 
<lb/>again at to <bibl><persName>Kirk</persName>'s letter</bibl> to see his orders
<lb/>had been rightly understood by me - 
<lb/>But for <persName>Muhamad Bogharib</persName> and fear 
<lb/>of pistol shot they would have gained 
<lb/>their own and their <orgName><orgName>Banian</orgName> <orgName><choice><sic><term type="occupation">masters</term></sic><corr><term type="occupation">masters</term>'</corr></choice></orgName></orgName> 
<lb/>end to baffle me - completely - they <!--Is "they" smudged or is Livingstone marking it out? -AK--><!-- Looks smudged. AW -->

	<pb facs="liv_000019_0624" n="0624"/>
<lb/><fw n="618"><add place="inspace" rend="gray left" hand="#U">618</add></fw>
<lb/><note place="marginleft"><date when="1871-02-11"><choice><abbr>Feby</abbr><expan>February</expan></choice> <lb/>11<hi rend="sup">th</hi> <lb/>1871.</date></note> demanded an advance of one dollar
<lb/>or six dollars a month though this was double
<lb/><orgName>freeman</orgName>'s pay at <placeName><geogName type="island">Zanzibar</geogName></placeName> - their two 
<lb/><term type="occupation">headmen</term> <persName>Shereef</persName> and <persName>Awathe</persName> had refused
<lb/>to come past <placeName><settlement type="village">Ujiji</settlement></placeName> - and were revelling on
<lb/>my goods there - I might have returned 
<lb/>at once and deposed these worthless leaders 
<lb/>but I had a sore longing to finish my work
<lb/>and retire and going back to <placeName><settlement type="village">Ujiji</settlement></placeName> would 
<lb/>probably have occupied five or six months 
<lb/>in which time, I hope my work would be 
<lb/>finished if I went North and got a canoe -
<lb/>I hoped to gain influence over these <orgName>slaves</orgName>
<lb/>in the way, and do all I required but I 
<lb/>never had experience with <orgName><orgName>Banian</orgName> <orgName>slaves</orgName></orgName>
<lb/>before, nor did I <choice><sic>concieve</sic><corr>conceive</corr></choice> it possible for 
<lb/><orgName><term type="nationality">British</term> subjects</orgName> to do all they could to 
<lb/>baffle me by lies and low cunning 
<lb/>so that their <orgName>slave</orgName> trading should not be 
<lb/>injured by my disclosures - </p>
<lb/><p>Went North to <placeName><geogName type="river">Luamo</geogName></placeName> and across
<lb/>it - I was very anxious to embark on it 
<lb/>but was also disinclined to force - the 
<lb/><orgName>slaves</orgName> who are excessively afraid of 
<lb/><term type="tribe"><choice><orig>Manyuema</orig><reg>Manyema</reg></choice></term><!--Not sure if this is a person or a place name? EC--><!--It looks like an alternate spelling of "Manyema," but I'm not sure -AK--><!-- Fixed. AW --> and everything in their 
<lb/>country - so we went on to <placeName><settlement type="village" ref="settlement.xml#sett0017">Mamohela</settlement></placeName> 
<lb/><note place="marginleft"><date when="1871-02-25">25<hi rend="sup underline">th</hi></date></note> and found that it was now known
<lb/>that <placeName><geogName type="river">Lualaba</geogName></placeName> flowed West South West 
<lb/>and that our course was to be West 
<lb/>across this other great bend of the 
<lb/>mighty river - I had to suspend my <!-- geog: Lualaba -->
<lb/>judgment so as to be prepared to 
<lb/>find it after all perhaps the <placeName><geogName type="river">Congo</geogName></placeName> - 
<lb/>No one knew anything about it 
<lb/>except that when at <placeName><settlement type="village"><persName>Kasongo</persName>'s</settlement></placeName> <measure>nine 
<lb/>days West</measure> and by South it came 
<lb/>sweeping round and flowed North 
<lb/>and North and by East - </p>

	<pb facs="liv_000019_0625" n="0625"/>
<lb/><fw n="619"><add place="inspace" rend="gray right" hand="#U">619</add></fw>
<lb/><p><note place="marginleft"><date when="1871-02"><choice><abbr>Feby</abbr><expan>February</expan></choice> <lb/>1871</date></note> <persName>Katomba</persName> presented a young <foreign xml:lang="und"><term type="animal">Soko</term></foreign> or <term type="animal"><choice><orig>gorillah</orig><reg>gorilla</reg></choice></term>
<lb/>that had been caught while its mother was 
<lb/>killed - she sat 18 inches high had fine
<lb/>long black hair all over which was pretty
<lb/>so long as it was kept in order by her dam - 
<lb/>she was the least mischievous of all the 
<lb/><term type="animal">monkey</term> tribe I have seen - seemed to know 
<lb/>that in me she had a friend and came &amp;
<lb/>sat quietly on the mat beside me - In 
<lb/>walking the first thing observed is that 
<lb/>she does not tread on the palms of her hands 
<lb/>but on the backs of the second line of 
<lb/>bones of the hands - In doing this the 
<lb/>nails do not touch the ground nor do the 
<lb/>knuckles - she uses the arms thus supported 
<lb/>crutch fashion and hitches herself along
<lb/>between them - occasionally one hand
<lb/>is put down before the other and <w>alter-
<lb break="no"/>nates</w> with the feet - or she walks upright
<lb/>and holds up a hand to any one to carry
<lb/>her - if refused she turns her face down
<lb/>and makes grimaces of the most bitter 
<lb/>human weeping - wringing her hands &amp;
<lb/>sometimes adding a fourth hand or foot
<lb/>to make the appeal more touching - with 
<lb/>grass or leaves she draws them around 
<lb/>her to make a nest - and resents anyone 
<lb/>meddling with her property - she began in 
<lb/>a very business like way to unloose her 
<lb/>string using the thumbs not fingers in 
<lb/>the usual <term type="animal">monkey</term> fashion and when
<lb/>one interfered with the operation she 
<lb/>struck out with her hand in a way 
<lb/>that <choice><orig>shewed</orig><reg>showed</reg></choice> that an adult could give a 
<lb/>very severe slap - they apportion parts 
<lb/>of the forests to certain companies 
<lb/>as <term type="animal">street dogs</term> do in <placeName><settlement type="city">Cairo</settlement></placeName> &amp; <placeName><settlement type="city">Istanbul</settlement></placeName>

	<pb facs="liv_000019_0626" n="0626"/>
<lb/><fw n="620"><add place="inspace" rend="gray left" hand="#U">620</add></fw>
<lb/><note place="marginleft"><date when="1871-02"><choice><abbr>Feby</abbr><expan>February</expan></choice> <lb/>1871</date></note> and intruders from other societies are very
<lb/>promptly expelled with well slapped checks - 
<lb/>and sometimes bitten - When seen in the 
<lb/>forests they sometimes walk erect with the 
<lb/>hands on the head as if to steady the loins 
<lb/>but when they see man they take to all fours 
<lb/>and rarely attack except when molested they
<lb/>resent spears but do not touch women 
<lb/>who have none - When stabbed he pulls the 
<lb/>spear out yet never uses it against his 
<lb/>enemy - stuffs leaves into a wound to 
<lb/>staunch the flow of blood - to me he seems 
<lb/>very ugly - a baudy legged - pot bellied - low
<lb/>browed villain without a particle of the 
<lb/>gentlemen in him - one newly killed is 
<lb/>perfectly appalling - He would do to sit at 
<lb/>the <orgName>Royal Academy</orgName> in a portrait of Satan
<lb/>a statue intended for the Lord of all evil in 
<lb/>the <placeName><settlement type="city">Nineveh</settlement></placeName> marbles is not half so ugly
<lb/>as <foreign xml:lang="und"><term type="animal">Soko</term></foreign> yet he has a good character 
<lb/>from the <orgName>natives</orgName> "<foreign xml:lang="und"><term type="animal">Soko</term></foreign> is a man" they
<lb/>say "We trouble <foreign xml:lang="und"><term type="animal">Soko</term></foreign> but he never resents
<lb/>it" - We hear him drumming on hollow
<lb/>trees and at once go to try &amp; kill him - 
<lb/>he hears our drumming and never comes 
<lb/>to injure man - "he does not steal from 
<lb/>our gardens but is content with his own 
<lb/><term type="plant_foodstuff">wild fruits</term>" - when drum is beaten by 
<lb/><foreign xml:lang="und"><term type="animal">Soko</term></foreign> his yelping as music is like that 
<lb/>of <term type="animal">spaniels</term> when whipped or giving tong
<lb/>His nest is a poor contrivance with no
<lb/>more skill <choice><orig>shewn</orig><reg>shown</reg></choice> in contrivance than
<lb/>the nest of our <term type="animal">Cushat dove</term> - here he sits
<lb/>in <seg type="weather">pelting rain</seg> with his arms over his 
<lb/>head - the <orgName>natives</orgName> call it his house and 
<lb/>laugh at him for being such a fool and 
<lb/>after building it not to go beneath 
<lb/>for shelter - !</p>
<lb/><gap extent="1" unit="words"/>
		</div>

    <!-- ec, ak, hb, aw, cl, hb -->

        <div>

<!--	<pb facs="liv_000019_0645" n="0645"/>
<lb/><fw n="645"><add place="margintop" rend="gray right" hand="#U">645</add></fw>
<lb/><head><note place="marginleft"><bibl>Private <lb/><choice><abbr>Mem</abbr><expan>Memorandum</expan></choice></bibl></note> Retrospect written in <placeName><region><term type="tribe"><choice><orig>Manyuema</orig><reg>Manyema</reg></choice></term> country</region></placeName> to be 
<lb/>inserted in journal left at <placeName><settlement type="village">Ujiji</settlement></placeName> -</head> 
<lb/><p>I often ponder over my missionary career 
<lb/>among the <term type="tribe">Bakwains</term> or <term type="tribe">Bakwaina</term> and 
<lb/>though conscious of many imperfections 
<lb/>not a single pang of regret arises in the review
<lb/>of my conduct except that I did not feel it to be 
<lb/>my duty while spending all my energy in teaching 
<lb/>the <orgName>heathen</orgName> to devote a special portion of my time 
<lb/>to play with my children - But generally I was 
<lb/>so much exhausted by the mental and manual 
<lb/><add place="marginleft">labour</add> of the day that in the evening there was no fun
<lb/>left in me - I did not play with my little ones 
<lb/>when I had them and they soon sprang up
<lb/>in my absences, and left me conscious that 
<lb/>I had none to play with - I was too <w>conscien<supplied>-</supplied>
<lb break="no"/>-tious</w> in punishing when they were half grown
<lb/>in <placeName><country>England</country></placeName> - and now think that <persName>Solomon</persName>'s
<lb/>counsels which guided me more than my
<lb/>own good sense were never intended for 
<lb/>the stern spirits of Western or Northern nations 
<lb/>He that spareth the rod hateth his child" - Let not 
<lb/>thy soul spare for his crying" He made me 
<lb/>severe when my whole nature said forbear 
<lb/>The women punish children in <placeName><region>the East</region></placeName> &amp; 
<lb/>theirs are feminine strokes - <persName>Solomon</persName>'s
<lb/>sayings are to be taken as <del type="strikethrough">equivalent to</del>
<lb/><unclear cert="low">spice</unclear> to every one that asketh of thee and from 
<lb/>him that would borrow of thee turn not thou
<lb/>away - joined with the duty of "providing for 
<lb/><choice><sic>ones</sic><corr>one's</corr></choice> own" - Full and explicit injunctions to 
<lb/>practise liberality but joined with the understood
<lb/>duty of common sense - I never felt a single
<lb/>pang at having left the <orgName>Missonary Society</orgName> 
<lb/>I acted for my Master and believe that all
<lb/>ought to devote their special faculties to him
<lb/>I regretted that unconscientious men took occasion
<lb/>to prevent many from sympathizing with me</p>-->

	<pb facs="liv_000019_0646" n="0646"/>
<lb/><fw n="646"><add place="inspace" rend="gray left" hand="#U">646</add></fw>
<lb/><gap extent="1" unit="words"/>
<lb/><p>It has been somewhat difficult to 
<lb/>ascertain the <orgName>cannibalism</orgName> of the <term type="tribe"><choice><orig>Manyuema</orig><reg>Manyema</reg></choice></term> <!--Still not sure how to tag this -AK--><!-- Fixed. AW --> 
<lb/>by reasonable evidence - If I had believed 
<lb/><unclear cert="medium">all</unclear> tenth part of the tales of <orgName><orgName>native</orgName> <term type="occupation">traders</term></orgName>
<lb/>and even of the adjacent tribes I might
<lb/>never have entered the country - but having 
<lb/>come and being anxious to give a <bibl>true 
<lb/>report</bibl> on the matter any mind has veered
<lb/>from scepticism to faith and back again <!-- Is scepticism a British variant on skepticism, or a misspell? HB -->
<lb/>to doubt of all but a modified use of human
<lb/>flesh as charms - and then to the opinion 
<lb/>that in some districts of <placeName><settlement type="village">Bambarre</settlement></placeName> human
<lb/>flesh is devoured in horrible nocturnal
<lb/>ogres in the dark forests - I gave a large 
<lb/>sum to be privately invited to witness 
<lb/>one of these feasts, and though sufficient 
<lb/>to be a strong temptation to <term type="tribe"><choice><orig>Manyuema</orig><reg>Manyema</reg></choice></term>, <!--unsure of this term here. EC-->
<lb/>it lay in a village for many months 
<lb/>in <seg type="weather">rain</seg> - there being no lack of food in
<lb/>the country the only reason for the horrible 
<lb/>custom I could discover was a 
<lb/>depraved taste for meat in the state which
<lb/>we call high - the body is said to be kept
<lb/>for three days slightly covered over with 
<lb/>soil in the forest - <seg type="weather">in this climate</seg> this
<lb/>causes putridity and then cooked in
<lb/>large pots with <term type="plant_foodstuff">bananas</term> and <term type="plant_foodstuff">plantains</term>
<lb/>the men gorge themselves with the disgusting 
<lb/>mess - Human flesh they say requires but 
<lb/>little <term type="foodstuff">salt</term> as it is saltish - the hands
<lb/>and feet are tidbits - the first <term type="occupation">traders</term>
<lb/><date from="1867" to="1868">three of four years ago</date>, say that dead <!-- Not sure of date here so pls review. HB -->
<lb/><orgName>slaves</orgName> were openly purchased from 
<lb/>them - now they are ashamed of a 
<lb/>practice which all strangers denounce 
<lb/>but it is still common to devour 
<lb/>the dead in <placeName><settlement type="village">Bambarre</settlement></placeName> - Women are 
<lb/>debarred from partaking of human flesh -</p>

	<pb facs="liv_000019_0647" n="0647"/>
<lb/><fw n="647"><add place="inspace" rend="gray right" hand="#U">647</add></fw>
<lb/><p rend="no-indent">Three <orgName>slaves</orgName> belonging to our camp were exhumed
<lb/>by night - the foot marks <choice><orig>shewed</orig><reg>showed</reg></choice> that the body
<lb/>stealers were men and not beasts - When the 
<lb/>matter was complained of to the <term type="occupation">chief</term> he said 
<lb/>that <term type="animal">hyaenas</term> had done it but neither <term type="animal">hyaenas</term> 
<lb/>nor <term type="animal">leopards</term> came near us - all the <term type="animal">goats</term>
<lb/>stand unbound in the midst of out huts and no
<lb/>animal comes near them - some said that 
<lb/>people in the vicinity were guilty of stealing our
<lb/>dead - but they were innocent - they were 
<lb/>threatened with reprisals of their living children
<lb/>if they stole our dead - <persName>Posho</persName>'s wife died, and 
<lb/>in <term type="tribe"><choice><orig>Banyamwezi</orig><reg>Nyamwezi</reg></choice></term> fashion she was thrown
<lb/>away about <measure>200 yards</measure> from the camp <w>un-
<lb break="no"/>-buried</w> - the threat was effectual neither men
<lb/>nor <term type="animal">hyaenas</term> touched her body though we 
<lb/>watched for seven or eight days - A very 
<lb/>fine fair woman far gone in pregnancy 
<lb/>was killed close to our camp by the sons of 
<lb/><persName>Moenekuss</persName> because she belonged to a <term type="occupation">chief</term>
<lb/>who killed their elder brother - Her blood
<lb/>stained all the path - and her body was 
<lb/>hid in the forest for a feast - Another <orgName>slave</orgName>
<lb/>was killed and dismembered for the same
<lb/>purpose - it is this custom that prevents 
<lb/>the people of one district going into other districts 
<lb/>they say that they will be killed and eaten - a man
<lb/>came from <placeName>Kasangañgazi</placeName> to trade and was killed 
<lb/>by <persName>Kandawara</persName> the old brother of the late <persName>Moenekuss</persName>
<lb/>and no one will ever punish except by war - 
<lb/>A woman was killed near to us, and the 
<lb/>young man who did the deed went home and 
<lb/>boasted of what he had done - her relatives came 
<lb/>in great numbers to demand justice and a fight 
<lb/>would have ensued in which the guilty one 
<lb/>would probably escape - we advised them to 
<lb/>demand the culprit alone - His father &amp; he
			    
    <!-- ak, ec, hb -->
			    
<pb facs="liv_000019_0648" n="0648"/>
<lb/><fw n="648"><add place="inspace" rend="gray left" hand="#U">648</add></fw>
<lb/>offered the grandmother, and said if we
<lb/>wished to kill anyone she would do as well
<lb/>as any other! The murderer escaped - He
<lb/>said that he thought the woman killed meant
<lb/>to bewitch - The foregoing refers to <placeName><settlement type="village">Bambarre</settlement></placeName>
<lb/>alone, in other districts graves appear -
<lb/>here none are seen. A <term type="occupation">chief</term> <measure>about a day
<lb/>distant</measure> killed eleven persons when we
<lb/>were away - <persName>Monanyembo</persName> as he was called
<lb/>became a nuisance and <persName>Muhamad</persName> sent
<lb/><orgName>a party</orgName> to punish him - He soon afterwards
<lb/>came and brought two <term type="animal">goats</term> - one he gave
<lb/>to <persName>Muhamad</persName> - The other to <persName>Moenekuss</persName>' sons
<lb/>acknowledging that he had killed their
<lb/>elder brother - on these occasions they reveal
<lb/>each other's deeds and it transpired from
<lb/><persName>Monanyembo</persName>'s statements that old <persName><w>Kanda-
<lb break="no"/>-wara</w></persName> in addition to the <term type="occupation">trader</term> from <placeName><settlement type="village"><w>Kasang-
<lb break="no"/>-añgazi</w></settlement></placeName> <add place="below">^</add> <add place="above">killed</add> three women and a child for no
<lb/>other reason than to eat the bodies = They
<lb/>disclose a horrid state of bloodthirsty
<lb/>callousness - the people over the hill
<lb/><placeName><geogName type="hill">Kanyima</geogName></placeName> on our <choice><abbr>N.N.E</abbr><expan>North North East</expan></choice> - killed a person
<lb/>when hoeing his field - If a cultivator
<lb/>is alone he is almost sure of being
<lb/>slain - the <foreign xml:lang="und"><term type="animal">Soko</term></foreign> is not so bad as man - <!--Is "Soko" a person or an occupation? EC--><!-- Fixed. AW --><!-- Added foreign tag as per new practice. HB -->
<lb/>women often lay down their babies to
<lb/>sleep under a shady tree while they <w>con-
<lb break="no"/>-tinual</w> hoeing - <foreign xml:lang="und"><term type="animal">Soko</term></foreign> stalks the child &amp;
<lb/>runs up a tree with it evidently amused
<lb/>with its screaming - a wise woman
<lb/>runs off at once and brings a bunch
<lb/>of small <term type="plant_foodstuff">bananas</term> which he is very
<lb/>fond <choice><sic>off</sic><corr>of</corr></choice> - lays it on the ground
<lb/>in his sight and retires a little way
<lb/>off. <foreign xml:lang="und"><term type="animal">Soko</term></foreign> comes down and in lifting
<lb/>up the bait which is heavy drops the child

	<pb facs="liv_000019_0649" n="0649"/>
<lb/><fw n="649"><add place="inspace" rend="gray right" hand="#U">649</add></fw>
<lb/>Men are worse than brutes - This which have
<lb/>often heard on <orgName>native</orgName> testimony seems to be true.</p>
<lb/><p><note place="marginleft"><date when="1871-03-01">1871</date></note><date when="1871-03-01">1<hi rend="sup underline">st</hi> March 1871</date>. I was to start <date when="1871-03-01">today</date>
<lb/>from <placeName><settlement type="village" ref="settlement.xml#sett0017">Mamohela</settlement></placeName> but the <orgName>Arabs</orgName> begged me
<lb/>to take seven of their men going to buy
<lb/>"<foreign xml:lang="und">Viramba</foreign>" or grass cloths and they had to
<lb/>grind <term type="foodstuff">flour</term>. The offer was gladly accepted
<lb/>for they know a new route West which
<lb/>has lately been opened - Gave <persName>Katomba</persName> <bibl>a
<lb/>note</bibl> empowering him to take a double barrelled
<lb/>gun out of my long detained long box for
<lb/>all his kindness which has been very
<lb/>great - supplying me on every occasion
<lb/>with the finest <term type="plant_foodstuff">maize flour</term> which I
<lb/>could obtain nowhere else - <term type="plant_foodstuff">nuts</term> - <term type="plant_foodstuff">bananas</term>
<lb/><term type="foodstuff">meat</term> and never begging any return - 
<lb/>He promised to carry the young <foreign xml:lang="und"><term type="animal">Soko</term></foreign> he <!--Not sure if this is the correct tag for this term -AK--><!-- Fixed. AW -->
<lb/>gave me to <placeName><settlement type="village">Ujiji</settlement></placeName> but the poor thing had
<lb/>no <choice><sic>mothers</sic><corr>mother's</corr></choice> call and soon died - I have
<lb/>invariably tried to refund handsomely
<lb/>all the <orgName>Arab</orgName> kindness but <persName>Katomba</persName>'s
<lb/>good will exceeds my ability - one of
<lb/>his sayings is worthy of being recorded
<lb/>for he has travelled further than most
<lb/><orgName>Arabs</orgName> - "If you have a civil friendly
<lb/>tongue and smiling face you may go
<lb/>anywhere in <placeName><bloc>Africa</bloc></placeName> in safety - Do not
<lb/>be in too great a hurry but tell the
<lb/>people your objects frankly and give
<lb/>them time to understand them and no
<lb/>harm will ever befall you"</p>

	<pb facs="liv_000019_0650" n="0650"/>
<lb/><fw n="650"><add place="inspace" rend="gray left" hand="#U">650</add></fw>
<lb/><p><note place="marginleft"><date when="1871-03-02">1871 <lb/>2 March</date></note> Left <placeName><settlement type="village" ref="settlement.xml#sett0017">Mamohela</settlement></placeName> and travelled over fine
<lb/>grassy plains crossing <measure>in six hours</measure>
<lb/>fourteen running rills from <measure><measure>three
<lb/>to ten or fifteen feet broad</measure> and from
<lb/><measure>calf to thigh deep</measure></measure> - Tree covered mountains
<lb/>on both sides - the <orgName>natives</orgName> know the 
<lb/>rills by names and readily tell their
<lb/>courses and which falls into which
<lb/>before all go into the great <placeName><geogName type="river">Lualaba</geogName></placeName>
<lb/>but without one as a <term type="occupation">guide</term> no one
<lb/>can put them in a <bibl>map</bibl>. We came to
<lb/><placeName><settlement type="village"><persName><choice><orig>Monanbunda</orig><reg>Muanampunda</reg></choice></persName>'s villages</settlement></placeName> &amp; spent the
<lb/><note place="marginleft"><date when="1871-03-03">3<hi rend="sup underline">th</hi></date></note> night - our next stage was at <placeName><settlement type="village"><persName>Monangongo</persName></settlement></placeName>
<lb/>a small present of a few strings of
<lb/>beads satisfies but is not asked -
<lb/>I give it invariably as <w>acknowledge<supplied>-</supplied>
<lb break="no"/>ment</w> for lodgings - the <orgName>Arabs</orgName> never
<lb/>do but use the clean houses - pots
<lb/>baskets and leave only a litter of
<lb/>broken food &amp; filth behind them in
<lb/><note place="marginleft"><date when="1871-03-04">4<hi rend="sup underline">th</hi></date></note> the morning = the <term type="occupation">headman</term> of our
<lb/>next stage hid himself in fear as we
<lb/>were near to the scene of <persName>bin Juma</persName>'s
<lb/>unprovoked slaughter of five men
<lb/>for tusks that were not stolen but
<lb/>thrown down - Path lay through dense
<lb/><note place="marginleft"><date when="1871-03-05">5 <hi rend="sup underline">th</hi></date></note> forest and again on <date when="1871-03-05">5<hi rend="sup underline">th</hi></date> our march
<lb/>was in the same dense jungle of lofty
<lb/>trees and vegetation that touch our
<lb/>arms on each side - We came to 
<lb/>some villages among beautiful
<lb/>tree covered hills called <placeName><geogName type="hill"><choice><orig>Basilañge</orig><reg>Bazilange</reg></choice></geogName></placeName>
<lb/>or <placeName><geogName type="hill"><choice><orig>Mobasilange</orig><reg>Bazilange</reg></choice></geogName></placeName> - villages very
<lb/>pretty and standing on slopes - the
<lb/>main street generally lies East &amp;
<lb/>West to allow the bright sun to
<lb/>stream his clear hot rays from

	<pb facs="liv_000019_0651" n="0651"/>
<lb/><fw n="651"><add place="inspace" rend="gray right" hand="#U">651</add></fw>
<lb/><note place="marginleft"><date when="1871-03-05">1871 <lb/>5<hi rend="sup underline">th</hi> <lb/> March</date></note> one end to the other and lick up quickly
<lb/><seg type="weather">the moisture from the frequent showers</seg>
<lb/>which is not drained off by the slopes - 
<lb/>A little verandah is often made in front
<lb/>of the door - Here at dawn the family
<lb/>gathers round a fire and while enjoying
<lb/>the heat needed in the cold that always
<lb/>accompanies the first darting of the
<lb/>light of Sun's rays across the <w>atmos-
<lb break="no"/>-phere</w> inhale the delicious air and talk
<lb/>over their little domestic affairs - the
<lb/><term type="occupation">carriers</term> shaped leaves of the forest all
<lb/>around their village &amp; near their nestlings
<lb/>are bespangled with myriads of <w>dew-
<lb break="no"/>drops</w> - the <term type="animal">cocks</term> crow vigorously &amp;
<lb/>strut and ogle - the <term type="animal">kids</term> gambol and
<lb/>leap on the backs of their <term type="animal">dams</term> quietly
<lb/>chewing the cud - other <term type="animal">goats</term> make believe
<lb/>fighting - thrifty wives often make the
<lb/>heap of grass roots which bake new
<lb/>clay pots and the ashes of which give - 
<lb/><unclear>solid?</unclear> serve as the morning fire - Two
<lb/>birds are killed with one stone - the beauty
<lb/>of this morning scene of peaceful enjoyment
<lb/>is indescribable - Infancy guilds the
<lb/>fairy picture with its own hives and it
<lb/>is probably never forgotten for the young
<lb/>taken up from <term type="occupation"><orgName>Slavers</orgName></term> and treated
<lb/>with all the philanthropic missionary - 
<lb/>care and kindness still revert to the
<lb/>period of infancy as the finest and
<lb/>fairest they have known - they would
<lb/>go back to freedom and enjoyment
<lb/>as fast as would our own sons of
<lb/>the soil and be heedless to the charms
<lb/>of hard work and no play which 
<lb/>we think so much better for them
<lb/>(if not for us)</p>

	<pb facs="liv_000019_0652" n="0652"/>
<lb/><fw n="652"><add place="inspace" rend="gray left" hand="#U">652</add></fw>
<lb/><p><note place="marginleft"><date when="1871-03-05">1871 <lb/>March</date></note> In some cases we found all the villages
<lb/>deserted - the people had fled at our
<lb/>approach in dread of repetitions of the
<lb/>outrages of <orgName><orgName>Arab</orgName> <orgName>slaves</orgName></orgName> - the doors were
<lb/>all shut and a bunch of the <term type="plant">leaves of
<lb/>reeds</term> or of <term type="plant">green reeds</term> placed across
<lb/>them, mean "no entrance here" - A few
<lb/>stray <term type="animal">chickens</term> wander about <add place="below">^</add> <add place="above">wailing</add> having
<lb/>hid themselves while the rest were caught
<lb/>and carried off into the deep forest -
<lb/>the still smoking fires tell the same tale
<lb/>of recent flight from the <term type="occupation"><orgName>slave</orgName> traders</term>
<lb/>Many have found out that I am not
<lb/>one of their number so in various
<lb/>cases they stand up and call out
<lb/>loudly "<foreign xml:lang="und">Boloñgo - Bolongo</foreign>"! <w>Friend-
<lb/>"ship</w>, Friendship" They sell their fine
<lb/>iron bracelets eagerly for a few
<lb/>beads - They seem out of fashion since
<lb/>beads came in but are of the finest 
<lb/>quality of iron and were they nearer
<lb/><placeName><bloc>Europe</bloc></placeName> would be as eagerly sought
<lb/>and bought as <term type="animal">horse</term> shoe nails
<lb/>are for the best gun barrels - I <w>over<supplied>-</supplied>
<lb break="no"/>hear</w> the <term type="tribe">Manyema</term> telling each
<lb/>other that I am the "good one" I have
<lb/>no <orgName>slaves</orgName> and I owe this character
<lb/>to the propagation of a good name by
<lb/>the <orgName><orgName>slaves</orgName> of <placeName><geogName type="island">Zanzibar</geogName></placeName></orgName> who are
<lb/>anything but good themselves -
<lb/>I have seen <orgName>slaves</orgName> belonging to the 
<lb/>seven men now with us slap the
<lb/>cheeks of grown men who had offered
<lb/>food for sale - It was done in sheer
<lb/><choice><sic>wantoness</sic><corr>wantonness</corr></choice> till I threatened to thrash
<lb/>them if I saw it again - but out
<lb/>of my sight they did it still and

	<pb facs="liv_000019_0653" n="0653"/>
<lb/><fw n="653"><add place="inspace" rend="gray right" hand="#U">653</add></fw>
<lb/><note place="marginleft"><date when="1871-03-05">1871 <lb/>March <lb/>5<hi rend="sup underline">th</hi></date></note> and when I complained to the <orgName><term type="occupation">masters</term></orgName>
<lb/>they confessed that all the mischief was
<lb/>done by <orgName>slaves</orgName> - for the <term type="tribe"><choice><orig>Manyuema</orig><reg>Manyema</reg></choice></term> on
<lb/>being insulted lose temper and use their
<lb/>spears on the nasty curs and their vengeance
<lb/>is taken with guns - <orgName>Free men</orgName> behave
<lb/>better than <orgName>slaves</orgName> - the <term type="occupation">bondmen</term> are not
<lb/>responsible - The <term type="tribe"><choice><orig>Manyuema</orig><reg>Manyema</reg></choice></term> are far
<lb/>more beautiful than either the bond or
<lb/>free of <placeName><geogName type="island">Zanzibar</geogName></placeName> - I <choice><sic>over hear</sic><corr>overhear</corr></choice> the
<lb/>remark often - "If we had <term type="tribe"><choice><orig>Manyuema</orig><reg>Manyema</reg></choice></term>
<lb/>wives what beautiful children we
<lb/>should beget." The men are usually <w>hand-
<lb break="no"/>-some</w> and many of the women are very
<lb/>pretty - Hands feet limbs and forms
<lb/>perfect in shape - The colour light brown
<lb/>the orifices of the nose are widened by
<lb/><!--Is this an occupation? -AK--><!-- No. AW -->snuff takers who ram it up as far as
<lb/>they can with the finger &amp; thumb - The teeth
<lb/>are not filed except a small space
<lb/>between the two upper front teeth - </p>
<lb/><p><note place="marginleft"><date when="1871-03-05">5<hi rend="sup underline">th</hi></date></note> Our course was mainly West but we
<lb/>heard <date when="1871-03-05">today</date> that <persName>Muhamad Bogharib</persName>'s
<lb/>people passed us still further to the West
<lb/>with much worry and an immense
<lb/>number of <orgName><orgName>captive</orgName> <term type="tribe"><choice><orig>Manyuema</orig><reg>Manyema</reg></choice></term></orgName> - The
<lb/>ivory did not satiate their greed but
<lb/>they seized women &amp; children and
<lb/>slaughtered men because it could be
<lb/>done without danger - The best men
<lb/>have often the very worst <term type="occupation">attendants</term>
<lb/>but they take their share of the spoil
<lb/>and remark "The <term type="tribe"><choice><orig>Manyuema</orig><reg>Manyema</reg></choice></term> are 
<lb/>bad bad bad" - By the passage West
<lb/>I miss some things promised as 
<lb/>notes of all the rivers crossed &amp;c</p>

	<pb facs="liv_000019_0654" n="0654"/>
<lb/><fw n="654"><add place="inspace" rend="gray left" hand="#U">654</add></fw>
<lb/><p><note place="marginleft"><date when="1871-03-06">1871 <lb/>March <lb/>6<hi rend="sup underline">th</hi></date></note> Passed through large villages with many
<lb/>forges at active work - the forest
<lb/>country beautifully undulating and
<lb/>well watered everywhere. The men
<lb/>followed us in large numbers and my
<lb/><orgName><orgName>Banian</orgName> <orgName>slaves</orgName></orgName> were in terror believing
<lb/>that the men meant to fight - I pointed
<lb/>out that they were without spears "but
<lb/>their spears are hid in the grass said
<lb/>they" We got them to turn peaceably
<lb/>but so many have been maltreated
<lb/>we never know who are friends or
<lb/>who have lost <del type="strikethrough">friends</del> relatives and
<lb/>children by the <term type="occupation"><orgName>slavers</orgName></term> -</p>
<lb/><p><note place="marginleft"><date when="1871-03-07">7<hi rend="sup underline">th</hi></date></note> The <seg type="weather">rain of <date when="1871-03-06">yesterday</date></seg> made the clayey
<lb/>paths in the forests so slippery that the
<lb/>feet of all were sorely fatigued and on
<lb/>coming to <persName>Mangara</persName> an influential
<lb/>and friendly <term type="occupation">chief</term> I resolved to rest 
<lb/>a day. We were near to a remarkable
<lb/>Mountain with its top bent over and
<lb/>called "<placeName><geogName type="mountain">Kimazi</geogName></placeName>" - It has a large cave
<lb/>in its side with a pillar apparently
<lb/>stalagmite in its mouth but we did not
<lb/>climb up to it - Gave a cloth and
<lb/>beads to <persName>Mangara</persName> a good sensible
<lb/>man and he presented a fine fat <term type="animal">goat</term>
<lb/>The house wife whose hut I occupied
<lb/>was overflowing in her kind wishes
<lb/>to serve me when she <choice><sic>recieved</sic><corr>received</corr></choice> a
<lb/>small present and was told that I
<lb/>always paid for my lodging - Wood
<lb/>water fire carefully provided and
<lb/>some <term type="plant_foodstuff">bananas</term> presented in return
<lb/>She was pretty but a woman whose
<lb/>house was nearly opposite was a 
<lb/>perfect queen for stateliness and
<lb/>beauty - she fondled a child

<pb facs="liv_000019_0655" n="0655"/>
<lb/><fw n="655"><add place="inspace" rend="gray right" hand="#U">655</add></fw>
<lb/><note place="marginleft"><date when="1871-03-09">1871 <lb/>March <lb/>9<hi rend="sup underline">th</hi></date></note> belonging to a neighbour though covered
<lb/>with a loathsome <term type="ailment">skin disease</term> in entire
<lb/>ignorance that she was thereby risking
<lb/>the spoiling of her own beautiful skin</p>
<lb/><p>On leaving <placeName><settlement type="village"><persName>Mangara</persName>'s</settlement></placeName> we marched
<lb/><measure>about five hours across</measure> <placeName><geogName type="plain"><choice><orig>Buga</orig><reg>Mbuga</reg></choice></geogName></placeName> or 
<lb/>Prairie covered with grass but without
<lb/>bushes or trees - <seg type="weather">The torrid sun from
<lb/>which we had often been sheltered in the
<lb/>forests was now nearly vertical and sent
<lb/>down his fierce rays without a cloud
<lb/>and sorely fatigued us all</seg> - crossed two
<lb/>streams - one called <placeName><geogName type="river"><choice><orig>Sokoye</orig><reg>Shokoye</reg></choice></geogName></placeName> by bridges &amp;
<lb/>slept at a village on a ridge of woodland
<lb/>overlooking <placeName><settlement type="village"><persName><choice><orig>Kasonga</orig><reg>Kasongo</reg></choice></persName>'s</settlement></placeName> - and <measure>after two
<lb/><note place="marginleft"><date when="1871-03-10">10<hi rend="sup underline">th</hi></date></note> hours</measure> <date when="1871-03-10">this morning</date> came among the
<lb/>numerous villages of this <term type="occupation">chief</term> - We here
<lb/>found a caravan of <orgName>Arabs</orgName> under <persName>Salem
<lb/>Mokadam</persName> who lent a house - <persName>Kasongo</persName> is
<lb/>a good looking young man with nearly 
<lb/><orgName>European</orgName> features but rather small eyes
<lb/>He is clever <subst><del type="strikethrough">as</del><add place="above">and</add></subst> is pronounced good because
<lb/>he eagerly joins the <orgName>Arabs</orgName> in marauding
<lb/>seeing the advantage of fire arms he has
<lb/>bought four muskets - We were now only
<lb/><measure>six miles</measure> from <placeName><geogName type="river">Lualaba</geogName></placeName> and yet <placeName><region>south of
<lb/><placeName><settlement type="village" ref="settlement.xml#sett0017">Mamohela</settlement></placeName></region></placeName> - This great river in fact <!-- geog: Lualaba -->
<lb/>makes a second great sweep to the
<lb/>West of some <measure>130 miles</measure> and there at
<lb/>least <measure>30' of Southing</measure> - but now it comes
<lb/>rolling majestically to the North and again
<lb/>makes even Easting - It is a mighty stream <!-- geog: Lualaba -->
<lb/>with many islands in it, and is never
<lb/>wadeable at any point or at any
<lb/>time of the year - I now wanted to
<lb/>buy a canoe and explore by means
<lb/>of it but my <orgName><orgName>Banian</orgName> <orgName>slave</orgName></orgName> drag
<lb/>was against every effort <unclear>I made</unclear><!--There is some smudging on this page here -AK--></p>

<pb facs="liv_000019_0656" n="0656"/>
<lb/><fw n="656"><add place="inspace" rend="gray left" hand="#U">656</add></fw>
<lb/><p><note place="marginleft"><date when="1871-03-11">1871 <lb/>March <lb/>11<hi rend="sup underline">th</hi></date></note> <persName>Kasongo</persName> had no canoes but said that
<lb/>he knew a man who had one for sale
<lb/>He pretended that it was one of <orgName>his people</orgName>
<lb/>and when I proposed to send men to
<lb/>examine it he gave a <term type="occupation">guide</term> = When
<lb/>they went the <orgName>slaves</orgName> <choice><orig>shewed</orig><reg>showed</reg></choice> that they
<lb/>were as eager for bloodshed as other
<lb/><orgName>slaves</orgName> where no danger has to be <w>en-
<lb break="no"/>-countered</w> for after staying away ten
<lb/>days they came back and reported
<lb/>that they had killed three <term type="tribe"><choice><orig>Manyuema</orig><reg>Manyema</reg></choice></term>
<lb/>and the <term type="occupation">guide</term> given by <persName><choice><orig>Kasonga</orig><reg>Kasongo</reg></choice></persName> had
<lb/>bullet hole through his shoulder -
<lb/>they seem to have been firing at random
<lb/>among the <term type="tribe"><choice><orig>Manyuema</orig><reg>Manyema</reg></choice></term> and hit their
<lb/>best friend - <persName><choice><orig>Kasonga</orig><reg>Kasongo</reg></choice></persName> said little
<lb/>about it save that it was an accident
<lb/>and I would never trust them out
<lb/>of my sight again - The canoe was not
<lb/>for sale so I resolved to go further
<lb/>down the river -</p> <!-- geog: Lualaba -->
<lb/><p>This <orgName>caravan</orgName> at <placeName><settlement type="village"><persName><choice><orig>Kasonga</orig><reg>Kasongo</reg></choice></persName>'s</settlement></placeName> had but
<lb/>little success because they sent
<lb/><orgName>slaves</orgName> to trade and they themselves
<lb/>lay and feasted here - They were the
<lb/><term type="occupation">agents of <orgName>Banians</orgName></term> at <placeName><geogName type="island">Zanzibar</geogName></placeName>
<lb/>without whose money they could
<lb/>neither trade nor share - and towards
<lb/>the <orgName>Banians</orgName> they acted exactly as
<lb/>their <orgName>slaves</orgName> did to them - When they
<lb/>sent <orgName>slaves</orgName> with five frasilahs
<lb/>of beads to trade two &amp; a half
<lb/>Frasilahs disappeared on the
<lb/><choice><sic>on the</sic><corr/></choice> road and very little ivory
<lb/>returned to the lazy <orgName><term type="occupation">masters</term></orgName> -
<lb/>one of the <term type="occupation">traders</term> a <orgName>Muscat Arab</orgName> <!-- Is Muscat a town or city, or just derivation of Arab? HB -->
<lb/>entertained me with a long fierce
<lb/>oration in which I was told again

	<pb facs="liv_000019_0657" n="0657"/>
<lb/><fw n="657"><add place="inspace" rend="gray right" hand="#U">657</add></fw>
<lb/><note place="marginleft"><date when="1871-03-11">1871 <lb/>March</date></note> and again that I should certainly be
<lb/>killed and eaten - The <term type="tribe"><choice><orig>Manyuema</orig><reg>Manyema</reg></choice></term>
<lb/>now wanted a white man to eat -
<lb/>I needed 200 guns for so perilous a 
<lb/>journey - I must not go to die - &amp;c - I told
<lb/>him that I was always thankful for
<lb/>advice if given by one who had knowledge
<lb/>but his vehement threats were the mere
<lb/>dreams of one who had never gone <w>any-
<lb break="no"/>where</w> but sent his <orgName>slaves</orgName> instead of going
<lb/>himself like a man - He was only trying
<lb/>to frighten my people who were cowardly
<lb/>enough already and thereby doing me an
<lb/>injury - said that <persName>Baker</persName> <!--Not sure if this is right... -AK--> had come near
<lb/>to this with but twelve people - "Were these
<lb/><orgName>cannibals</orgName>? shouted the blatant <persName>Amur</persName> - I left
<lb/>him after thanking him for warnings
<lb/>in which it was plain he knew not
<lb/>what he was saying - He never launched
<lb/>forth again but tried to be extra civil -
<lb/>these <term type="occupation">traders</term> are simply <term type="occupation">marauders</term> and
<lb/>their <orgName>slaves</orgName> become worse than <w>them-
<lb break="no"/>-selves</w> in thirst for blood. Each longs to
<lb/>be able to sit at home and tell how
<lb/>much blood he has shed the <term type="tribe"><choice><orig>Manyuema</orig><reg>Manyema</reg></choice></term>
<lb/>as an easy prey - they are so terrified
<lb/>by the loud reports of guns they dash at
<lb/>once into the forest &amp; the women and
<lb/>children are caught -</p>
<lb/><p><persName>Muhamad</persName>'s <term type="occupation">chief man</term> <persName>Hassani</persName>
<lb/>advanced 25 copper rings to <orgName>the people
<lb/>near <persName>Moene Lualaba</persName></orgName> to be paid for
<lb/>they say in ivory which all knew
<lb/>they had not to give - On returning
<lb/>the ivory was demanded and not
<lb/>forthcoming <persName>Hassani</persName> assaulted them
<lb/>for three days and took off a very

	<pb facs="liv_000019_0658" n="0658"/>
<lb/><fw n="658"><add place="inspace" rend="gray left" hand="#U">658</add></fw>
<lb/><note place="marginleft"><date when="1871-03-12">March <lb/>1871 <lb/>12<hi rend="sup">th</hi></date></note> large number of <orgName>captives</orgName> - the same
<lb/><persName>Hassani</persName> promised to me not to begin
<lb/>hostilities but he began little else - the
<lb/>prospect of securing <orgName>slaves</orgName> overpowers
<lb/>everything else and blood blood blood
<lb/>flows in horrid streams. The Lord look
<lb/>on it. All flee from <placeName><region>this bank of the
<lb/><placeName><geogName type="river">Lualaba</geogName></placeName></region></placeName> now and I am prevented from
<lb/>getting a canoe.</p>
<lb/><p>This spot is pretty - much of the <w>undu-
<lb break="no"/>-lating</w> land is cultivated and there are
<lb/>trees enough near the hills &amp; on the ridges
<lb/>to give the scene a beautiful park like
<lb/>appearance - <term type="plant_foodstuff">Rice</term> grows well and
<lb/>food of all kinds is brought to the
<lb/>markets at different points in abundance
<lb/><persName><choice><orig>Kasonga</orig><reg>Kasongo</reg></choice></persName> says that "he has but one
<lb/>tongue and never lies" He is contrast
<lb/>to these <orgName>Arabs</orgName> who are very untruthful
<lb/>the only difference between their so
<lb/>called <term type="occupation">prophet</term> and them is that he
<lb/>lied and forced his countrymen to give
<lb/>up idolatry - they lie because it is
<lb/>ingrained in their constitutions
<lb/>and they prefer falsehood to truth - the
<lb/>impudence of <persName>Muhamad</persName>'s lies is their
<lb/>chief feature. Proceeding to <placeName><settlement type="city">Damascus</settlement></placeName>
<lb/>as a <term type="occupation">trader</term> he heard of <persName><choice><abbr>St.</abbr><expan>Saint</expan></choice> <choice><sic>Pauls</sic><corr>Paul's</corr></choice></persName>
<lb/>translation the like of which had never
<lb/>before it happened entered into the
<lb/>human mind - He at once <choice><sic>concieved</sic><corr>conceived</corr></choice>
<lb/>the idea of a pretended visit to not the
<lb/>third but the seventh heaven - but
<lb/>many <orgName>Moslems</orgName> disbelieve this and say
<lb/>it is not in the <bibl>Koran</bibl> of the <term type="occupation">prophet</term>
<lb/>having no miracle to attest his <w>pro-
<lb break="no"/>phetic</w> mission without shame he

	<pb facs="liv_000019_0659" n="0659"/>
<lb/><fw n="659"><add place="inspace" rend="gray right" hand="#U">659</add></fw>
<lb/><note place="marginleft"><date when="1871-03">1871 <lb/>March</date></note><!--This could be the 13th or 14th, but I'm not sure -AK--><!-- We can ask Anne to check the original. AW --> tried to appropriate that of <persName>Moses</persName> bringing
<lb/>water out of the rock but unconsciously
<lb/>gave it the stamp of all false miracles
<lb/>by pretending performance where it was
<lb/>not needed - no multitude was athirst - He
<lb/>alone had neglected to follow the example
<lb/>of <orgName>his company</orgName> in providing supplies in
<lb/>their skin bottles - <orgName>His followers</orgName> are all
<lb/>faithful liars - religion &amp; morality are quite
<lb/>disjoined. <persName><choice><orig>Kasonga</orig><reg>Kasongo</reg></choice></persName> declared that he did
<lb/>not lie like <orgName>Moslems</orgName> but his goodness
<lb/>consists in helping them against all
<lb/>other <term type="tribe"><choice><orig>Manyuema</orig><reg>Manyema</reg></choice></term> who have ivory - By his
<lb/>guidance <orgName><persName>Hassani</persName>'s party</orgName> slew <orgName>many of the
<lb/>people of <placeName><settlement type="village">Luapanga</settlement></placeName></orgName> called <term type="tribe">Bahika</term> - 
<lb/>The <term type="tribe">Bahika</term> blame <persName><choice><orig>Kasonga</orig><reg>Kasongo</reg></choice></persName> only as the cause 
<lb/>of their losses - I told <persName><choice><orig>Kasonga</orig><reg>Kasongo</reg></choice></persName> that he was
<lb/>safe only so long as many other <term type="tribe"><choice><orig>Manyuema</orig><reg>Manyema</reg></choice></term>
<lb/>were with reach of the <term type="occupation"><orgName>slavers</orgName></term>, They would 
<lb/>yet turn round on him and I would see
<lb/>him in the <orgName>slave</orgName> stick going to <placeName><region>the coast</region></placeName>
<lb/>He laughed - in scepticism - Now they <!-- Again, Brit form of skepticism or misspell? HB -->
<lb/>say we are fighting <persName><choice><orig>Kasonga</orig><reg>Kasongo</reg></choice></persName>'s enemies
<lb/>Marvel not at the matter - There be higher 
<lb/>than they -</p>
<lb/><p><note place="marginleft"><date when="1871-03-15">15<hi rend="sup underline">th</hi></date></note> In conformation of what I write <orgName>some
<lb/>of the party</orgName> here assaulted a village of
<lb/><persName>Kasongo</persName> killed three men &amp; captured women
<lb/>and children - pretended that they did not
<lb/>know them to be <orgName>his people</orgName> - but did not
<lb/>return the <orgName>captives</orgName></p>
<lb/><p><note place="marginleft"><date when="1871-03-21">21<hi rend="sup underline">st</hi></date></note> <persName><choice><orig>Kasonga</orig><reg>Kasongo</reg></choice></persName>'s <choice><sic>brothers</sic><corr>brother's</corr></choice> child died &amp; he asked
<lb/>me to wait over the funeral &amp; then he
<lb/>would give a <term type="occupation">guide</term> to go North to the 
<lb/>great market place of this region -
<lb/><placeName><settlement type="village">Nyangwe</settlement></placeName> - <seg type="weather">cold rain from <choice><abbr>Sou</abbr><expan>South</expan></choice>
<lb/>West detained us again</seg></p>


			</div>
		</body>
    </text>
</TEI>
