<?xml version="1.0" encoding="UTF-8"?>
<?xml-model href="http://livingstoneonline.github.io/LEAP-ODD/leap.rng" type="application/xml" schematypens="http://relaxng.org/ns/structure/1.0"?>
<?xml-model href="http://livingstoneonline.github.io/LEAP-ODD/leap.rng" type="application/xml" schematypens="http://purl.oclc.org/dsdl/schematron"?>
<?xml-stylesheet href="http://livingstoneonline.github.io/LEAP-XSLT/transcription-1871.xsl" type="text/xsl"?>
<!--<?xml-stylesheet href="transcription-1871.xsl" type="text/xsl"?>-->
<TEI xmlns="http://www.tei-c.org/ns/1.0" xml:id="liv_000096">
    <teiHeader>
        <fileDesc>
            <titleStmt>
                <title>Fragment of 1871 Field Diary</title>
				<title type="alternative">Fragment of 1871 Field Diary, 11 August 1871-9 September 1871</title>
                <author>David Livingstone</author>
                <principal>Adrian S. Wisnicki</principal>
                <respStmt xml:id="AW">
                    <name>Adrian S. Wisnicki</name>
                    <resp>Editorial Decisions</resp>
                    <resp>Transcription</resp>
                    <resp>TEI Encoding</resp>
					<resp>Proofing</resp>
					<resp>Editing</resp>
					<resp>Encoding Review</resp>
                </respStmt>	
                <respStmt xml:id="KS">
                    <name>Kathryn Simpson</name>
                    <resp>Transcription</resp>
                    <resp>TEI Encoding</resp>
					<resp>Proofing</resp>
                </respStmt>				
            </titleStmt>
            <publicationStmt>
                <authority>Livingstone Online</authority>
                <publisher>University of Maryland Libraries</publisher>
                <pubPlace>College Park, MD, USA</pubPlace>
                <date>2016</date>
                <idno type="LEAP-ID">liv_000096</idno>
            </publicationStmt>
            <sourceDesc>
                <msDesc>
                    <msIdentifier>
                        <country>United Kingdom</country>
                        <settlement>Edinburgh</settlement>
                        <repository>National Library of Scotland</repository>
                        <idno type="shelfmark">MS. 10703, ff. 36-39</idno>
                        <altIdentifier>
                            <idno type="ccnumber">Field Diaries, 038</idno>
                        </altIdentifier>
                    </msIdentifier>
                    <physDesc>
                        <handDesc>
                            <handNote xml:id="JK"><label>John Kirk</label> This hand is thought
                                to be that of John Kirk.</handNote>						
                            <handNote xml:id="U"><label>Unknown Hand</label> This hand is unknown
                                but thought not David Livingstone's.</handNote>
                        </handDesc>
                    </physDesc>
                </msDesc>
                <bibl type="sourceMetadata">
                    <title type="alternative">Fragment of 1871 Field Diary, 11 August 1871-9 September 1871</title>
                    <author xml:id="DL">David Livingstone</author>
                    <date type="composition" from="1871-08-11" to="1871-09-09">11 August 1871-9 September 1871</date>
                    <placeName type="compositionPlace">Manyema</placeName>
                </bibl>
            </sourceDesc>
        </fileDesc>
        <profileDesc>
            <langUsage>
                <language ident="en">English</language>
				<language ident="und">Undetermined African Language</language>
            </langUsage>
        </profileDesc>
        <revisionDesc>

			<!-- Integration -->
            <change when="2016-09-22" who="#AW">Integration</change>
            <change when="2016-09-22" who="#AW">Data scrubbing and prep for XSL transformation</change>

			<!-- liv_000096_0001 to liv_000096_0004 -->
            <change when="2011-06-11" who="#AW">Initial transcription and TEI encoding</change>
            <change when="2011-08-04" who="#KS">Proofing</change>
            <change when="2011-08-04" who="#AW">Editing</change>

        </revisionDesc>
    </teiHeader>

	<facsimile>
		<surface ulx="0" uly="0" lrx="7216" lry="5412">
			<graphic url="liv_000096_0001_0365_packflat8.tif"/>
			<graphic url="liv_000096_0001_0450_packflat8.tif"/>
			<graphic url="liv_000096_0001_0465_packflat8.tif"/>
			<graphic url="liv_000096_0001_0505_packflat8.tif"/>
			<graphic url="liv_000096_0001_0535_packflat8.tif"/>
			<graphic url="liv_000096_0001_0592_packflat8.tif"/>
			<graphic url="liv_000096_0001_0638_packflat8.tif"/>
			<graphic url="liv_000096_0001_0700_packflat8.tif"/>
			<graphic url="liv_000096_0001_0735_packflat8.tif"/>
			<graphic url="liv_000096_0001_0780_packflat8.tif"/>
			<graphic url="liv_000096_0001_0850_packflat8.tif"/>
			<graphic url="liv_000096_0001_0940_packflat8.tif"/>
			<graphic url="liv_000096_0001_RABL_packflat8.tif"/>
			<graphic url="liv_000096_0001_RABR_packflat8.tif"/>
			<graphic url="liv_000096_0001_RAIL_packflat8.tif"/>
			<graphic url="liv_000096_0001_RAIR_packflat8.tif"/>
			<graphic url="liv_000096_0001_color.tif"/>
			<graphic url="liv_000096_0001_pseudo_0505-0780.tif"/>
			<graphic url="liv_000096_0001_raking_irdiff.tif"/>
			<graphic url="liv_000096_0001_ratio_by_0940.tif"/>
			<graphic url="liv_000096_0001_sharpie_0505-0780.tif"/>
			<zone lrx="3317" lry="4308" ulx="190" uly="1515" xml:id="zliv_000096_0001_8_fig1"/>
			<zone lrx="872" lry="2317" ulx="412" uly="1841" xml:id="zliv_000096_0001_8_fig2"/>
			<zone lrx="1904" lry="3412" ulx="920" uly="2523" xml:id="zliv_000096_0001_8_fig3"/>
			<zone lrx="1285" lry="4237" ulx="555" uly="3649" xml:id="zliv_000096_0001_8_fig4"/>
			<zone lrx="4990" lry="1629" ulx="3736" uly="1431" xml:id="zliv_000096_0001_1_1"/>
			<zone lrx="5014" lry="1815" ulx="3760" uly="1617" xml:id="zliv_000096_0001_1_2"/>
			<zone lrx="6982" lry="1965" ulx="3706" uly="1851" xml:id="zliv_000096_0001_1_3"/>
			<zone lrx="6982" lry="2085" ulx="3706" uly="1971" xml:id="zliv_000096_0001_1_4"/>
			<zone lrx="7012" lry="2199" ulx="3736" uly="2085" xml:id="zliv_000096_0001_1_5"/>
			<zone lrx="7030" lry="2301" ulx="3754" uly="2187" xml:id="zliv_000096_0001_1_6"/>
			<zone lrx="7036" lry="2415" ulx="3760" uly="2301" xml:id="zliv_000096_0001_1_7"/>
			<zone lrx="7042" lry="2505" ulx="3766" uly="2391" xml:id="zliv_000096_0001_1_8"/>
			<zone lrx="7030" lry="2631" ulx="3754" uly="2517" xml:id="zliv_000096_0001_1_9"/>
			<zone lrx="7030" lry="2709" ulx="3754" uly="2595" xml:id="zliv_000096_0001_1_10"/>
			<zone lrx="7048" lry="2799" ulx="3772" uly="2685" xml:id="zliv_000096_0001_1_11"/>
			<zone lrx="7048" lry="2925" ulx="3772" uly="2811" xml:id="zliv_000096_0001_1_12"/>
			<zone lrx="7054" lry="3045" ulx="3778" uly="2931" xml:id="zliv_000096_0001_1_13"/>
			<zone lrx="7054" lry="3159" ulx="3778" uly="3045" xml:id="zliv_000096_0001_1_14"/>
			<zone lrx="7066" lry="3273" ulx="3790" uly="3159" xml:id="zliv_000096_0001_1_15"/>
			<zone lrx="7066" lry="3351" ulx="3790" uly="3237" xml:id="zliv_000096_0001_1_16"/>
			<zone lrx="6078" lry="3277" ulx="5181" uly="2547" xml:id="zliv_000096_0001_1_fig5"/>
		</surface>
		<surface ulx="0" uly="0" lrx="7216" lry="5412">
			<graphic url="liv_000096_0002_0365_packflat8.tif"/>
			<graphic url="liv_000096_0002_0450_packflat8.tif"/>
			<graphic url="liv_000096_0002_0465_packflat8.tif"/>
			<graphic url="liv_000096_0002_0505_packflat8.tif"/>
			<graphic url="liv_000096_0002_0535_packflat8.tif"/>
			<graphic url="liv_000096_0002_0592_packflat8.tif"/>
			<graphic url="liv_000096_0002_0638_packflat8.tif"/>
			<graphic url="liv_000096_0002_0700_packflat8.tif"/>
			<graphic url="liv_000096_0002_0735_packflat8.tif"/>
			<graphic url="liv_000096_0002_0780_packflat8.tif"/>
			<graphic url="liv_000096_0002_0850_packflat8.tif"/>
			<graphic url="liv_000096_0002_0940_packflat8.tif"/>
			<graphic url="liv_000096_0002_RABL_packflat8.tif"/>
			<graphic url="liv_000096_0002_RABR_packflat8.tif"/>
			<graphic url="liv_000096_0002_RAIL_packflat8.tif"/>
			<graphic url="liv_000096_0002_RAIR_packflat8.tif"/>
			<graphic url="liv_000096_0002_color.tif"/>
			<graphic url="liv_000096_0002_pseudo_0505-0780.tif"/>
			<graphic url="liv_000096_0002_raking_irdiff.tif"/>
			<graphic url="liv_000096_0002_ratio_by_0940.tif"/>
			<graphic url="liv_000096_0002_sharpie_0505-0780.tif"/>
			<zone lrx="3532" lry="1272" ulx="214" uly="1116" xml:id="zliv_000096_0002_2_1"/>
			<zone lrx="3526" lry="1440" ulx="208" uly="1284" xml:id="zliv_000096_0002_2_2"/>
			<zone lrx="3514" lry="1554" ulx="196" uly="1398" xml:id="zliv_000096_0002_2_3"/>
			<zone lrx="3514" lry="1680" ulx="196" uly="1524" xml:id="zliv_000096_0002_2_4"/>
			<zone lrx="3514" lry="1836" ulx="196" uly="1680" xml:id="zliv_000096_0002_2_5"/>
			<zone lrx="3502" lry="1938" ulx="184" uly="1782" xml:id="zliv_000096_0002_2_6"/>
			<zone lrx="3502" lry="2040" ulx="184" uly="1884" xml:id="zliv_000096_0002_2_7"/>
			<zone lrx="3508" lry="2160" ulx="190" uly="2004" xml:id="zliv_000096_0002_2_8"/>
			<zone lrx="3502" lry="2280" ulx="184" uly="2124" xml:id="zliv_000096_0002_2_9"/>
			<zone lrx="3502" lry="2394" ulx="184" uly="2238" xml:id="zliv_000096_0002_2_10"/>
			<zone lrx="3508" lry="2532" ulx="190" uly="2376" xml:id="zliv_000096_0002_2_11"/>
			<zone lrx="3514" lry="2664" ulx="196" uly="2508" xml:id="zliv_000096_0002_2_12"/>
			<zone lrx="3514" lry="2754" ulx="196" uly="2598" xml:id="zliv_000096_0002_2_13"/>
			<zone lrx="3508" lry="2904" ulx="190" uly="2748" xml:id="zliv_000096_0002_2_14"/>
			<zone lrx="3514" lry="3030" ulx="196" uly="2874" xml:id="zliv_000096_0002_2_15"/>
			<zone lrx="3520" lry="3144" ulx="202" uly="2988" xml:id="zliv_000096_0002_2_16"/>
			<zone lrx="3520" lry="3264" ulx="202" uly="3108" xml:id="zliv_000096_0002_2_17"/>
			<zone lrx="3514" lry="3378" ulx="196" uly="3222" xml:id="zliv_000096_0002_2_18"/>
			<zone lrx="3502" lry="3528" ulx="184" uly="3372" xml:id="zliv_000096_0002_2_19"/>
			<zone lrx="3508" lry="3624" ulx="190" uly="3468" xml:id="zliv_000096_0002_2_20"/>
			<zone lrx="3526" lry="3732" ulx="208" uly="3576" xml:id="zliv_000096_0002_2_21"/>
			<zone lrx="3520" lry="3864" ulx="202" uly="3708" xml:id="zliv_000096_0002_2_22"/>
			<zone lrx="3514" lry="3996" ulx="196" uly="3840" xml:id="zliv_000096_0002_2_23"/>
			<zone lrx="4864" lry="2238" ulx="3622" uly="2076" xml:id="zliv_000096_0002_7_1"/>
			<zone lrx="4870" lry="2382" ulx="3628" uly="2220" xml:id="zliv_000096_0002_7_2"/>
			<zone lrx="4888" lry="2520" ulx="3646" uly="2358" xml:id="zliv_000096_0002_7_3"/>
			<zone lrx="7062" lry="4039" ulx="3610" uly="1309" xml:id="zliv_000096_0002_7_fig1"/>
		</surface>
		<surface ulx="0" uly="0" lrx="7216" lry="5412">
			<graphic url="liv_000096_0003_0365_packflat8.tif"/>
			<graphic url="liv_000096_0003_0450_packflat8.tif"/>
			<graphic url="liv_000096_0003_0465_packflat8.tif"/>
			<graphic url="liv_000096_0003_0505_packflat8.tif"/>
			<graphic url="liv_000096_0003_0535_packflat8.tif"/>
			<graphic url="liv_000096_0003_0592_packflat8.tif"/>
			<graphic url="liv_000096_0003_0638_packflat8.tif"/>
			<graphic url="liv_000096_0003_0700_packflat8.tif"/>
			<graphic url="liv_000096_0003_0735_packflat8.tif"/>
			<graphic url="liv_000096_0003_0780_packflat8.tif"/>
			<graphic url="liv_000096_0003_0850_packflat8.tif"/>
			<graphic url="liv_000096_0003_0940_packflat8.tif"/>
			<graphic url="liv_000096_0003_RABL_packflat8.tif"/>
			<graphic url="liv_000096_0003_RABR_packflat8.tif"/>
			<graphic url="liv_000096_0003_RAIL_packflat8.tif"/>
			<graphic url="liv_000096_0003_RAIR_packflat8.tif"/>
			<graphic url="liv_000096_0003_color.tif"/>
			<graphic url="liv_000096_0003_pseudo_0505-0780.tif"/>
			<graphic url="liv_000096_0003_raking_irdiff.tif"/>
			<graphic url="liv_000096_0003_ratio_by_0940.tif"/>
			<graphic url="liv_000096_0003_sharpie_0505-0780.tif"/>
			<zone lrx="3555" lry="4491" ulx="190" uly="1658" xml:id="zliv_000096_0003_6_fig1"/>
			<zone lrx="6958" lry="1758" ulx="3724" uly="1614" xml:id="zliv_000096_0003_3_1"/>
			<zone lrx="7060" lry="1896" ulx="3694" uly="1752" xml:id="zliv_000096_0003_3_2"/>
			<zone lrx="7060" lry="1974" ulx="3694" uly="1830" xml:id="zliv_000096_0003_3_3"/>
			<zone lrx="7066" lry="2076" ulx="3700" uly="1932" xml:id="zliv_000096_0003_3_4"/>
			<zone lrx="7078" lry="2184" ulx="3712" uly="2040" xml:id="zliv_000096_0003_3_5"/>
			<zone lrx="7084" lry="2304" ulx="3718" uly="2160" xml:id="zliv_000096_0003_3_6"/>
			<zone lrx="7078" lry="2406" ulx="3712" uly="2262" xml:id="zliv_000096_0003_3_7"/>
			<zone lrx="7072" lry="2562" ulx="3706" uly="2418" xml:id="zliv_000096_0003_3_8"/>
			<zone lrx="7078" lry="2640" ulx="3712" uly="2496" xml:id="zliv_000096_0003_3_9"/>
			<zone lrx="5404" lry="3324" ulx="3680" uly="2556" xml:id="zliv_000096_0003_3_fig2"/>
			<zone lrx="7120" lry="2804" ulx="4908" uly="2620" xml:id="zliv_000096_0003_3_10"/>
			<zone lrx="6948" lry="2908" ulx="5104" uly="2724" xml:id="zliv_000096_0003_3_11"/>
			<zone lrx="7060" lry="3000" ulx="5116" uly="2816" xml:id="zliv_000096_0003_3_12"/>
			<zone lrx="7160" lry="3132" ulx="5216" uly="2948" xml:id="zliv_000096_0003_3_13"/>
			<zone lrx="5356" lry="3516" ulx="3720" uly="3300" xml:id="zliv_000096_0003_3_14"/>
			<zone lrx="5412" lry="3680" ulx="3776" uly="3464" xml:id="zliv_000096_0003_3_15"/>
			<zone lrx="5508" lry="3776" ulx="3808" uly="3560" xml:id="zliv_000096_0003_3_16"/>
			<zone lrx="5528" lry="3888" ulx="3828" uly="3672" xml:id="zliv_000096_0003_3_17"/>
			<zone lrx="5512" lry="4028" ulx="3812" uly="3812" xml:id="zliv_000096_0003_3_18"/>
			<zone lrx="7056" lry="4096" ulx="5416" uly="3004" xml:id="zliv_000096_0003_3_fig3"/>
			<zone lrx="7060" lry="4158" ulx="3808" uly="4014" xml:id="zliv_000096_0003_3_19"/>
			<zone lrx="7048" lry="4254" ulx="3796" uly="4110" xml:id="zliv_000096_0003_3_20"/>
			<zone lrx="7042" lry="4362" ulx="3820" uly="4260" xml:id="zliv_000096_0003_3_21"/>
			<zone lrx="7042" lry="4428" ulx="3820" uly="4326" xml:id="zliv_000096_0003_3_22"/>
			<zone lrx="7048" lry="4518" ulx="3826" uly="4416" xml:id="zliv_000096_0003_3_23"/>
		</surface>
		<surface ulx="0" uly="0" lrx="7216" lry="5412">
			<graphic url="liv_000096_0004_0365_packflat8.tif"/>
			<graphic url="liv_000096_0004_0450_packflat8.tif"/>
			<graphic url="liv_000096_0004_0465_packflat8.tif"/>
			<graphic url="liv_000096_0004_0505_packflat8.tif"/>
			<graphic url="liv_000096_0004_0535_packflat8.tif"/>
			<graphic url="liv_000096_0004_0592_packflat8.tif"/>
			<graphic url="liv_000096_0004_0638_packflat8.tif"/>
			<graphic url="liv_000096_0004_0700_packflat8.tif"/>
			<graphic url="liv_000096_0004_0735_packflat8.tif"/>
			<graphic url="liv_000096_0004_0780_packflat8.tif"/>
			<graphic url="liv_000096_0004_0850_packflat8.tif"/>
			<graphic url="liv_000096_0004_0940_packflat8.tif"/>
			<graphic url="liv_000096_0004_RABL_packflat8.tif"/>
			<graphic url="liv_000096_0004_RABR_packflat8.tif"/>
			<graphic url="liv_000096_0004_RAIL_packflat8.tif"/>
			<graphic url="liv_000096_0004_RAIR_packflat8.tif"/>
			<graphic url="liv_000096_0004_color.tif"/>
			<graphic url="liv_000096_0004_pseudo_0505-0780.tif"/>
			<graphic url="liv_000096_0004_raking_irdiff.tif"/>
			<graphic url="liv_000096_0004_ratio_by_0940.tif"/>
			<graphic url="liv_000096_0004_sharpie_0505-0780.tif"/>
			<zone lrx="3418" lry="1026" ulx="196" uly="936" xml:id="zliv_000096_0004_4_1"/>
			<zone lrx="3418" lry="1122" ulx="196" uly="1032" xml:id="zliv_000096_0004_4_2"/>
			<zone lrx="3400" lry="1242" ulx="178" uly="1152" xml:id="zliv_000096_0004_4_3"/>
			<zone lrx="3394" lry="1356" ulx="172" uly="1266" xml:id="zliv_000096_0004_4_4"/>
			<zone lrx="3394" lry="1458" ulx="172" uly="1368" xml:id="zliv_000096_0004_4_5"/>
			<zone lrx="3394" lry="1560" ulx="172" uly="1470" xml:id="zliv_000096_0004_4_6"/>
			<zone lrx="3394" lry="1668" ulx="172" uly="1578" xml:id="zliv_000096_0004_4_7"/>
			<zone lrx="3394" lry="1788" ulx="172" uly="1698" xml:id="zliv_000096_0004_4_8"/>
			<zone lrx="3388" lry="1920" ulx="166" uly="1830" xml:id="zliv_000096_0004_4_9"/>
			<zone lrx="3388" lry="2052" ulx="166" uly="1962" xml:id="zliv_000096_0004_4_10"/>
			<zone lrx="3382" lry="2142" ulx="160" uly="2052" xml:id="zliv_000096_0004_4_11"/>
			<zone lrx="3388" lry="2256" ulx="166" uly="2166" xml:id="zliv_000096_0004_4_12"/>
			<zone lrx="3388" lry="2388" ulx="166" uly="2298" xml:id="zliv_000096_0004_4_13"/>
			<zone lrx="3376" lry="2490" ulx="154" uly="2400" xml:id="zliv_000096_0004_4_14"/>
			<zone lrx="3376" lry="2634" ulx="154" uly="2526" xml:id="zliv_000096_0004_4_15"/>
			<zone lrx="3382" lry="2730" ulx="160" uly="2622" xml:id="zliv_000096_0004_4_16"/>
			<zone lrx="3376" lry="2838" ulx="154" uly="2730" xml:id="zliv_000096_0004_4_17"/>
			<zone lrx="3376" lry="2958" ulx="154" uly="2850" xml:id="zliv_000096_0004_4_18"/>
			<zone lrx="3370" lry="3042" ulx="148" uly="2934" xml:id="zliv_000096_0004_4_19"/>
			<zone lrx="3382" lry="3150" ulx="160" uly="3042" xml:id="zliv_000096_0004_4_20"/>
			<zone lrx="3370" lry="3240" ulx="148" uly="3132" xml:id="zliv_000096_0004_4_21"/>
			<zone lrx="3370" lry="3414" ulx="148" uly="3306" xml:id="zliv_000096_0004_4_22"/>
			<zone lrx="3364" lry="3522" ulx="142" uly="3414" xml:id="zliv_000096_0004_4_23"/>
			<zone lrx="3388" lry="3606" ulx="166" uly="3498" xml:id="zliv_000096_0004_4_24"/>
			<zone lrx="3400" lry="3720" ulx="178" uly="3612" xml:id="zliv_000096_0004_4_25"/>
			<zone lrx="3406" lry="3816" ulx="184" uly="3708" xml:id="zliv_000096_0004_4_26"/>
			<zone lrx="4740" lry="3446" ulx="3540" uly="3245" xml:id="zliv_000096_0004_5_1"/>
			<zone lrx="4479" lry="3581" ulx="3648" uly="3425" xml:id="zliv_000096_0004_5_2"/>
			<zone lrx="4701" lry="3698" ulx="3507" uly="3542" xml:id="zliv_000096_0004_5_3"/>
			<zone lrx="4851" lry="3788" ulx="3525" uly="3632" xml:id="zliv_000096_0004_5_4"/>
			<zone lrx="5790" lry="3509" ulx="4752" uly="3353" xml:id="zliv_000096_0004_5_5"/>
			<zone lrx="5883" lry="3641" ulx="4680" uly="3458" xml:id="zliv_000096_0004_5_6"/>
			<zone lrx="6702" lry="3743" ulx="4689" uly="3560" xml:id="zliv_000096_0004_5_7"/>
			<zone lrx="7090" lry="3527" ulx="6094" uly="3293" xml:id="zliv_000096_0004_5_8"/>
			<zone lrx="6967" lry="3420" ulx="4777" uly="1309" xml:id="zliv_000096_0004_5_fig1"/>
			<zone lrx="6983" lry="3253" ulx="3499" uly="960" xml:id="zliv_000096_0004_5_fig2"/>
		</surface>
	</facsimile>


	<text>
       	<body>
			<div>

	<gb type="envelope-and-folio"/>

	<pb facs="liv_000096_0001" n="0001"/><!--<milestone unit="page" n="1"/>-->
<lb facs="#zliv_000096_0001_1_1"/><p><add place="above"><unclear cert="low">words</unclear></add> <foreign xml:lang="und">Batulu</foreign> = <add place="above">Husbands</add> <foreign xml:lang="und">Sima</foreign> <add place="above" rend="right gray" hand="U">36</add></p>
<lb facs="#zliv_000096_0001_1_2"/><p><foreign xml:lang="und">Pia</foreign> = <foreign xml:lang="und">Milango</foreign></p>
	<milestone unit="section" rend="line"/>
<lb facs="#zliv_000096_0001_1_3"/><p>to be ordered from <placeName><geogName type="island" ref="geogName.xml#geog0060">Zanzibar</geogName></placeName>
<lb facs="#zliv_000096_0001_1_4"/>a few soft black lead pencils
<lb facs="#zliv_000096_0001_1_5"/>2 <foreign xml:lang="und"><term xml:lang="und" ref="foreign-word.xml#frgn0002">Frasilahs</term></foreign> cowries
<lb facs="#zliv_000096_0001_1_6"/>500 <foreign xml:lang="und">Sungomazi</foreign> neck beads (not cracked)
<lb facs="#zliv_000096_0001_1_7"/>in box with saw dust packing
<lb facs="#zliv_000096_0001_1_8"/>Sardines = Sugar - 50 <choice><abbr>lbs</abbr><expan>pounds</expan></choice> = 25 <choice><abbr>lbs</abbr><expan>pounds</expan></choice> coffee no Tea
<lb facs="#zliv_000096_0001_1_9"/>2 Flour in Tins or waterproof bags = old Tarpaulins
<lb facs="#zliv_000096_0001_1_10"/>Guns flints = Rifles - <figure facs="#zliv_000096_0001_1_fig5" n="5"><figDesc>Residue of a red wax seal.</figDesc></figure>
<lb facs="#zliv_000096_0001_1_11"/>3000 cartridges - <hi rend="double-underline">caps</hi><space dim="horizontal" extent="15" unit="chars"/>63
<lb facs="#zliv_000096_0001_1_12"/>Nautical <choice><abbr>At</abbr><expan>Atlas</expan></choice> / <date when="1872">72</date>
<lb facs="#zliv_000096_0001_1_13"/>(old musical box -) present
<lb facs="#zliv_000096_0001_1_14"/><foreign xml:lang="und">Ghamess Wodrin <space dim="horizontal" extent="1" unit="chars"/>Lagh</foreign> to
<lb facs="#zliv_000096_0001_1_15"/>point out men (good)
<lb facs="#zliv_000096_0001_1_16"/>not to go to <placeName><settlement type="town" ref="settlement.xml#sett0015"><choice><sic>Unyinyembe</sic><corr>Unyanyembe</corr></choice></settlement></placeName></p>

	<pb facs="liv_000096_0002" n="0002"/><!--<milestone unit="page" n="2"/>-->
<lb facs="#zliv_000096_0002_2_1"/><p><space dim="horizontal" extent="8" unit="chars"/><date when="1871-08-11">11<hi rend="sup underline">th</hi></date> <placeName><settlement type="village" ref="settlement.xml#sett0017">Mamohela</settlement></placeName> = rest half a day -
<lb facs="#zliv_000096_0002_2_2"/>ill still but we cannot delay - I do very
<lb facs="#zliv_000096_0002_2_3"/>devoutly thank the Lord for sparing my
<lb facs="#zliv_000096_0002_2_4"/><choice><sic>my</sic><corr/></choice> life three times in 24 hours - <del type="cancelled">No</del> Lor<del>t</del><add place="inline">d</add>
<lb facs="#zliv_000096_0002_2_5"/>is good a stronghold in the day of trouble and
<lb facs="#zliv_000096_0002_2_6"/>he knows them that trust in him -</p>
<lb facs="#zliv_000096_0002_2_7"/><p><date when="1871-08-12">12</date> Remain at <placeName><settlement type="village" ref="settlement.xml#sett0017">Mamohela</settlement></placeName> <choice><abbr>vil</abbr><expan>village</expan></choice> - the camp is
<lb facs="#zliv_000096_0002_2_8"/>all burned off - First rain fell in evening
<lb facs="#zliv_000096_0002_2_9"/>of the <date when="1871-08-11">11<hi rend="sup underline">th</hi></date> Thunder - Laid dust -</p>
<lb facs="#zliv_000096_0002_2_10"/><p><date when="1871-08-13">13<hi rend="sup underline">th</hi></date> on to <placeName><geogName type="river"><choice><orig>Lolindi</orig><reg>Lolinde</reg></choice></geogName></placeName> suffering much - a man
<lb facs="#zliv_000096_0002_2_11"/>brought a Kite nearly full fledged out of
<lb facs="#zliv_000096_0002_2_12"/>its nest on a tree - This is the first breeding
<lb facs="#zliv_000096_0002_2_13"/>case I am sure <choice><sic>off</sic><corr>of</corr></choice> -</p>
<lb facs="#zliv_000096_0002_2_14"/><p><date when="1871-08-14">14<hi rend="sup underline">th</hi></date> over many brisk burns to <choice><abbr>vil</abbr><expan>village</expan></choice> on
<lb facs="#zliv_000096_0002_2_15"/>side of mountain range = a little rain fell
<lb facs="#zliv_000096_0002_2_16"/>after dark - near <placeName><geogName type="river" ref="geogName.xml#geog0040">Luamo</geogName></placeName> it ran in paths
<lb facs="#zliv_000096_0002_2_17"/>&amp; some burns and caused dew -</p>
<lb facs="#zliv_000096_0002_2_18"/><p><date when="1871-08-15">15<hi rend="sup underline">th</hi></date> to <persName ref="people.xml#pers0210">Muanambongo</persName>'s - <foreign xml:lang="und">Golungo</foreign>
<lb facs="#zliv_000096_0002_2_19"/>bush buck with stripes across body &amp; spots
<lb facs="#zliv_000096_0002_2_20"/>along all the side in <del>a</del> <add place="below">^</add> <add place="above">two</add> row<add>s</add></p>
<lb facs="#zliv_000096_0002_2_21"/><p><date when="1871-08-16">16<hi rend="sup underline">th</hi></date> To <placeName><geogName type="river" ref="geogName.xml#geog0040">Luamo</geogName></placeName> very ill with bowels -</p>
<lb facs="#zliv_000096_0002_2_22"/><p><date when="1871-08-17">17<hi rend="sup underline">th</hi></date> cross it and send a message to <persName ref="people.xml#pers0065">Katomba</persName>
<lb facs="#zliv_000096_0002_2_23"/>at <persName ref="people.xml#pers0110">Moenengoi</persName>'s = sent present of food back</p>

	<pb facs="liv_000096_0003" n="0003"/><!--<milestone unit="page" n="3"/>-->
<lb facs="#zliv_000096_0003_3_1"/><p><date when="1871-08-18">18<hi rend="sup underline">th</hi> <choice><abbr>Aug.</abbr><expan>August</expan></choice> 1871</date> on to <persName ref="people.xml#pers0065">Katomba</persName>&amp; welcome <add place="above" rend="gray" hand="#U">37</add> by
<lb facs="#zliv_000096_0003_3_2"/>all the heavily laden ivory Arabs = 3 relays take on
<lb facs="#zliv_000096_0003_3_3"/>the spoil = <placeName><settlement type="village">Kenyengere</settlement></placeName><space dim="horizontal" extent="1" unit="chars"/>attacked and 150 captives
<lb facs="#zliv_000096_0003_3_4"/>taken = about 100 slain - an old feud of <persName ref="people.xml#pers0109">Moenemgoi</persName>'s
<lb facs="#zliv_000096_0003_3_5"/><persName ref="people.xml#pers0002"><choice><abbr>M.</abbr><expan>Muhamad</expan></choice> Bogharib</persName> still at <placeName><settlement type="village" ref="settlement.xml#sett0002">Bambarre</settlement></placeName> with all my letters
<lb facs="#zliv_000096_0003_3_6"/>for <unclear cert="low">now</unclear> unsent! <space dim="horizontal" extent="3" unit="chars"/>No news whatever from <placeName><settlement type="village" ref="settlement.xml#sett0014">Ujiji</settlement></placeName></p>
<lb facs="#zliv_000096_0003_3_7"/><p><date when="1871-08-19">19<hi rend="sup underline">th</hi> <choice><abbr>S.</abbr><expan cert="medium">Sunday</expan></choice></date> - rest - <date when="1871-08-20">20<hi rend="sup double-underline">th</hi></date> <choice><abbr>D<hi rend="sup">o</hi></abbr><expan>Ditto</expan></choice> from weakness - <date when="1871-08-21">21<hi rend="sup underline">st</hi></date> Palms <date when="1871-08-22">22</date> <placeName><settlement type="village" ref="settlement.xml#sett0002">Bam<add place="above"><unclear cert="high">barre</unclear></add></settlement></placeName></p>
	<milestone unit="section" rend="line"/>
<lb facs="#zliv_000096_0003_3_8"/><p><space dim="horizontal" extent="1" unit="chars"/><date when="1871-08-28">28<hi rend="sup underline">th</hi></date> better &amp; thankful = to <persName ref="people.xml#pers0119">Monandenda</persName>'s on the
<lb facs="#zliv_000096_0003_3_9"/><choice><abbr>R</abbr><expan>River</expan></choice> <placeName><geogName type="river">Lombonda</geogName></placeName> = <persName ref="people.xml#pers0065">Katomba</persName>'s <foreign xml:lang="swh"><term xml:lang="swh" ref="foreign-word.xml#frgn0027">safari</term></foreign> has a thousand
	<!--<milestone unit="column">--><cb n="1"/><figure facs="#zliv_000096_0003_3_fig2" n="2"><figDesc>Map.</figDesc></figure>
	<!--<milestone unit="column">--><cb n="2"/>
<lb facs="#zliv_000096_0003_3_10"/><foreign xml:lang="und"><term xml:lang="und" ref="foreign-word.xml#frgn0002">Frasilahs</term></foreign> &amp; <persName ref="people.xml#pers0002">Muhamad</persName><choice><sic>s</sic><corr>'s</corr></choice> 300</p>
	<milestone unit="section" rend="line"/>
<lb facs="#zliv_000096_0003_3_11"/><p><date when="1871-08-29">29</date> ill all night &amp; remain</p>
<lb facs="#zliv_000096_0003_3_12"/><p><date when="1871-08-30">30</date> attendant ill remain at
<lb facs="#zliv_000096_0003_3_13"/><persName ref="people.xml#pers0119">Monandenda</persName>'s <unclear cert="medium"><date when="1871-08-30">6 AM</date></unclear></p>
	<!--<milestone unit="column">--><cb/>
	<!--<milestone unit="column">--><cb n="1"/>
<lb facs="#zliv_000096_0003_3_14"/><p><date when="1871-08-31">31<hi rend="sup underline">st</hi></date> <date when="1871-09-01">1 <choice><abbr>Sept</abbr><expan>September</expan></choice> <choice><abbr>Sat.</abbr><expan>Saturday</expan></choice></date> up
<lb facs="#zliv_000096_0003_3_15"/>half over mountains
<lb facs="#zliv_000096_0003_3_16"/>and sleep in dense forest</p>
<lb facs="#zliv_000096_0003_3_17"/><p><date when="1871-09-02">2<hi rend="sup">d</hi></date> over range &amp; down
<lb facs="#zliv_000096_0003_3_18"/>onto marble capped
	<!--<milestone unit="column">--><cb n="2"/>
<figure facs="#zliv_000096_0003_3_fig3" n="3"><figDesc>Series of calculations.</figDesc></figure>
	<!--<milestone unit="column">--><cb/>
<lb facs="#zliv_000096_0003_3_19"/>hill = 2<del>6</del><add place="inline">7</add> = <placeName><settlement type="village" ref="settlement.xml#sett0012">Nyangwe</settlement></placeName> women expert in
<lb facs="#zliv_000096_0003_3_20"/>diving for oysters = = news of <choice><abbr>killd</abbr><expan>killed</expan></choice> <unclear cert="medium">unclothe them<add place="below">^</add><add place="above">-selves</add></unclear></p>
<lb facs="#zliv_000096_0003_3_21"/><p><date when="1871-09-03">3<hi rend="sup underline">d</hi></date><space dim="horizontal" extent="1" unit="chars"/>Rest <space dim="horizontal" extent="1" unit="chars"/>Equinoctial gales to <placeName><settlement type="village">Lohombo</settlement></placeName></p>
<lb facs="#zliv_000096_0003_3_22"/><p><date when="1871-09-04">4<hi rend="sup">th</hi></date> <choice><abbr>vil</abbr><expan>village</expan></choice> in front of <placeName><settlement type="village">Lohombo</settlement></placeName> - <date when="1871-09-05">5</date> <placeName><settlement type="village">Kasangangazi</settlement></placeName></p>
<lb facs="#zliv_000096_0003_3_23"/><p><date when="1871-09-06">6 <hi rend="sup underline">th</hi></date> Rest <date when="1871-09-07">7 <hi rend="sup underline">th</hi></date> <placeName><settlement type="village">Mamva</settlement></placeName> <date when="1871-09-08">8 <hi rend="sup">th</hi></date> Rest <space dim="horizontal" extent="2" unit="chars"/><date when="1871-09-09">9 <hi rend="sup">th</hi></date> <choice><abbr>Do</abbr><expan>Ditto</expan></choice> <choice><abbr>Do</abbr><expan>Ditto</expan></choice></p>

	<pb facs="liv_000096_0004" n="0004"/><!--<milestone unit="page" n="4"/>-->
<lb facs="#zliv_000096_0004_4_1"/><p><space dim="horizontal" extent="6" unit="chars"/><persName ref="people.xml#pers0064">Kasongo</persName>'s near <placeName><geogName type="river" ref="geogName.xml#geog0033">Lualaba</geogName></placeName> - In writing about the
<lb facs="#zliv_000096_0004_4_2"/>slave trade I have been obliged to use most distressing
<lb facs="#zliv_000096_0004_4_3"/>caution in order not to give those who have never
<lb facs="#zliv_000096_0004_4_4"/>seen it the appearance of plausibility in drawing out
<lb facs="#zliv_000096_0004_4_5"/>from their club sofas "<hi rend="underline">exaggeration</hi>" - <supplied>"</supplied><hi rend="underline">overdrawing</hi>"
<lb facs="#zliv_000096_0004_4_6"/>like <persName ref="people.xml#pers0239">M<hi rend="sup underline">rs</hi> Stowe</persName>'s Uncle Tom's Cabin - The like would
<lb facs="#zliv_000096_0004_4_7"/>be <choice><sic>philosophers</sic><choice><corr>philosopher's</corr><corr>philosophers'</corr></choice></choice> doubt if there be a Hell - but I have
<lb facs="#zliv_000096_0004_4_8"/>been in it twice <space dim="horizontal" extent="4" unit="chars"/>once on the <placeName><geogName type="river" ref="geogName.xml#geog0050">Shire</geogName></placeName> where we
<lb facs="#zliv_000096_0004_4_9"/>had to clear the paddle wheels &amp; chain cable of the
<lb facs="#zliv_000096_0004_4_10"/>dead every morning before we could start
<lb facs="#zliv_000096_0004_4_11"/>and the horrible scenes of crocodiles &amp; carrion are
<lb facs="#zliv_000096_0004_4_12"/>unbearable to be even glanced at by the imagination
<lb facs="#zliv_000096_0004_4_13"/>again - on the <placeName><settlement type="town" ref="settlement.xml#sett0016">Kilwa</settlement></placeName> slave route to <placeName><geogName type="lake" ref="geogName.xml#geog0023">Nyassa</geogName></placeName> -
<lb facs="#zliv_000096_0004_4_14"/><unclear cert="medium">Then</unclear> the Hell scenes I dare <add place="below">^</add> <add place="above">not</add> commit to paper
<lb facs="#zliv_000096_0004_4_15"/>or even think on - I drive them from my
<lb facs="#zliv_000096_0004_4_16"/>thoughts if even they intrude as intrude in
<lb facs="#zliv_000096_0004_4_17"/>part <space dim="horizontal" extent="3" unit="chars"/>they will do on suddenly awaking at
<lb facs="#zliv_000096_0004_4_18"/>dead <space dim="horizontal" extent="9" unit="chars"/>of night - getting up &amp; walking about
<lb facs="#zliv_000096_0004_4_19"/>sometimes <space dim="horizontal" extent="5" unit="chars"/>relieves me <space dim="horizontal" extent="5" unit="chars"/>but writing about
<lb facs="#zliv_000096_0004_4_20"/>them in constrained oppressed style as hinted
<lb facs="#zliv_000096_0004_4_21"/>above <unclear cert="medium">jaded</unclear><space dim="horizontal" extent="9" unit="chars"/>my mind so that I could
<lb facs="#zliv_000096_0004_4_22"/>rather <space dim="horizontal" extent="16" unit="chars"/>think of nothing else or
<lb facs="#zliv_000096_0004_4_23"/><space dim="horizontal" extent="22" unit="chars"/>I could not think <space dim="horizontal" extent="1" unit="chars"/>on
<lb facs="#zliv_000096_0004_4_24"/>necessary things and neglected all my own
<lb facs="#zliv_000096_0004_4_25"/>and family interests - <persName ref="people.xml#pers0142">Lord Palmerston</persName>'s offer of
<lb facs="#zliv_000096_0004_4_26"/>service to me fell <space dim="horizontal" extent="3" unit="chars"/>flat on my ear &amp; heart</p>

<ab>
<lb/><desc>The text that follows is written in John Kirk's hand and lies beneath Livingstone's writing in the lower left-hand corner of the page.</desc>
<lb/><seg rend="large" hand="#JK"><hi rend="diagonal"><date when="1870-12-02">12/2/<choice><abbr>70</abbr><expan>1870</expan></choice></date></hi>
<lb/><persName ref="people.xml#pers0071">John Kirk</persName></seg></ab>

	<pb facs="liv_000096_0004" n="0005"/><!--<milestone unit="page" n="5"/>-->
<lb/><p><figure facs="#zliv_000096_0004_5_fig2" n="2"><figDesc>Series of calculations.</figDesc></figure> <add place="above" rend="right gray" hand="#U">3<gap extent="1" unit="chars"/><supplied cert="high">8</supplied></add></p>
<lb/><p><figure facs="#zliv_000096_0004_5_fig1" n="1"><figDesc>Five lines of text: three in Arabic and two in Nagari. These are not in Livingstone's hand. The Arabic corresponds to the English undertext on this page (“Dr David Livingstone HRM Consul Ujiji &amp; Elsewhere”), and the first two lines can be translated thus: “This is to the most honorable Doctor Livingstone, consul of the Glorious [or Great] Queen, in Ujiji.” The last Arabic line reads simply, “Amen.” However, this is not an absolute translation. “This is to” can also be read as “the one who writes this informs,” while “most honorable” can also be read as “may his glory be eternal.”</figDesc></figure></p>
<lb/><p><desc>The text that follows is written John Kirk's hand and lies beneath Livingstone's writing in the center of the page.</desc>
<lb/><seg rend="large" hand="#JK"><persName ref="people.xml#pers0078">Dr David Livingstone</persName>
<lb/><space extent="1" unit="words"/><choice><abbr>HRM</abbr><expan>His Royal Majesty's</expan></choice> Consul <placeName><settlement type="village" ref="settlement.xml#sett0014">Ujiji</settlement></placeName> &amp; Elsewhere</seg></p>
	<!--<milestone unit="column">--><cb n="1"/>
	<milestone unit="section" rend="line"/>
<lb facs="#zliv_000096_0004_5_1"/><p><choice><abbr>R</abbr><expan>River</expan></choice> <placeName><geogName type="river">Kanayumbe</geogName></placeName>
<lb facs="#zliv_000096_0004_5_2"/><space dim="horizontal" extent="1" unit="chars"/>&amp; islands</p>
	<milestone unit="section" rend="line"/>
<lb facs="#zliv_000096_0004_5_3"/><p><term type="tribe" ref="ethnic-group.xml#ethnic0018">Bagenya</term> peoples
<lb facs="#zliv_000096_0004_5_4"/><space dim="horizontal" extent="2" unit="chars"/>other side <unclear cert="high">R</unclear><gap extent="4" unit="chars" agent="fading"/><supplied cert="high">iver</supplied> <gap extent="8" unit="chars" agent="fading"/><supplied><placeName><geogName type="river" ref="geogName.xml#geog0033">Lualaba</geogName></placeName></supplied></p>
	<!--<milestone unit="column">--><cb n="2"/>
	<milestone unit="section" rend="line"/>
<lb facs="#zliv_000096_0004_5_5"/><p><placeName><region>Kusi</region></placeName> North</p>
<lb facs="#zliv_000096_0004_5_6"/><p><placeName><region>Mhuru</region></placeName> = South</p>
<lb facs="#zliv_000096_0004_5_7"/><p><placeName><region>Liñkanda</region></placeName> West or other side</p>
	<!--<milestone unit="column">--><cb n="3"/>
<lb facs="#zliv_000096_0004_5_8"/><p><placeName><region>Mazimba</region></placeName> East</p>
	<!--<milestone unit="column">--><cb/>

	<pb facs="liv_000096_0003" n="0006"/><!--<milestone unit="page" n="6"/>-->
<lb/><p><figure facs="#zliv_000096_0003_6_fig1" n="1"><figDesc>Series of calculations.</figDesc></figure></p>

	<pb facs="liv_000096_0002" n="0007"/><!--<milestone unit="page" n="7"/>-->
<lb/><p><figure facs="#zliv_000096_0002_7_fig1" n="1"><figDesc>Series of calculations. A note at the top of the page states that these calculations were made in the "camp at 4° 10' Lat Lualaba called Nyangwe."</figDesc></figure> <add place="above" rend="right gray" hand="#U">39</add></p>
<lb facs="#zliv_000096_0002_7_1"/><p rend="gray"><placeName><geogName type="river">Shamikwa</geogName></placeName> <choice><abbr>R</abbr><expan>River</expan></choice> 9 days</p>
<lb facs="#zliv_000096_0002_7_2"/><p rend="gray"><foreign xml:lang="und">Nyengere</foreign> black water</p>
<lb facs="#zliv_000096_0002_7_3"/><p rend="gray"><term type="tribe" ref="ethnic-group.xml#ethnic0004"><choice><orig>Babire</orig><reg>Bira</reg></choice></term> upright hair</p>

	<pb facs="liv_000096_0001" n="0008"/><!--<milestone unit="page" n="8"/>-->
<lb/><p><figure facs="#zliv_000096_0001_8_fig1" n="1"><figDesc>Series of calculations. A note at the top of the page states that these calculations describe the "Total Rainfall in Manyema 1870-71."</figDesc></figure> <add place="above" rend="right gray" hand="#U">5</add></p>
<lb/><p><figure facs="#zliv_000096_0001_8_fig2" n="2"><figDesc>Residue of a red wax seal.</figDesc></figure></p>
<lb/><p><figure facs="#zliv_000096_0001_8_fig3" n="3"><figDesc>Residue of a red wax seal.</figDesc></figure></p>
<lb/><p><figure facs="#zliv_000096_0001_8_fig4" n="4"><figDesc>Residue of a red wax seal.</figDesc></figure></p>

			</div>
       	</body>
	</text>

</TEI>
