<?xml version="1.0" encoding="UTF-8"?>
<!--Converted from a TEI P4 XML file to the LEAP TEI P5 Schema by James Cummings on 2015-03-02-->
<?xml-model href="http://livingstoneonline.github.io/LEAP-ODD/leap.rng" type="application/xml" schematypens="http://relaxng.org/ns/structure/1.0"?>
<?xml-model href="http://livingstoneonline.github.io/LEAP-ODD/leap.rng" type="application/xml" schematypens="http://purl.oclc.org/dsdl/schematron"?>
<?xml-stylesheet type="text/xsl" href="http://livingstoneonline.github.io/LEAP-XSLT/transcription.xsl"?>
<TEI xmlns="http://www.tei-c.org/ns/1.0" xml:id="liv_001440">
	<teiHeader xmlns:tei="http://www.tei-c.org/ns/1.0">
		<fileDesc>
			<titleStmt>
				<title/>
				<author xml:id="DL">David Livingstone</author>
			</titleStmt>
			<publicationStmt>
				<authority>Livingstone Online</authority>
				<pubPlace>London</pubPlace>
				<date>29-01-2010</date>
				<publisher>Wellcome Centre for the History of Medicine, UCL</publisher>
				<idno type="LEAP-ID">liv_001440</idno>
			</publicationStmt>
			<sourceDesc>
				<bibl xml:id="ccnumber">0903</bibl>
			</sourceDesc>
		</fileDesc>
		<profileDesc>
			<langUsage>
				<language ident="en">English</language>
			</langUsage>
		</profileDesc>
		<revisionDesc>
			<change>
				<date>29-01-2010</date>
				<name xml:id="SM">Sharon Messenger</name>Transcribed by Sharon Messenger
			</change>
		</revisionDesc>
	</teiHeader>

	<text xmlns:tei="http://www.tei-c.org/ns/1.0">
		<body xml:lang="en">
			<div>

	<pb n="0001" facs="liv_001440_0001"/><!--pb/@n='01'-->
<lb/><p rend="left"><placeName>Shupanga</placeName> 31<hi rend="underline"><hi rend="sup">st</hi></hi> May </p>
<lb/><p rend="left">1859 </p>
<lb/><p>To The </p>
<lb/><p>Commander of </p>
<lb/><p>Her Majesty<reg>'</reg>s Ship - </p>
<lb/><p>Sir </p>
<lb/><p>I took the liberty 
<lb/>of applying to <persName>Admiral 
<lb/>Sir Frederick Grey</persName> about 
<lb/>the beginning of the present 
<lb/>year for some salt provisions 
<lb/>for our crew and the 
<lb/>Expedition, and hoped that 
<lb/>it would be in the Admiral's 
<lb/>power to send a vessel 
<lb/>with them to the Mouth of 
<lb/>the <placeName>Kongone</placeName> on the 24<hi rend="underline"><hi rend="sup">th</hi></hi>
<lb/>May, but no ship appearing 

	<pb n="0002" facs="liv_001440_0002"/><!--pb/@n='02'-->
<lb/>on that day either the <placeName>Kongone</placeName>
<lb/>or <placeName>Luabo</placeName> mouths of the <placeName>Zambesi</placeName>
<lb/>I conclude that my letter may 
<lb/>may have been detained in the way 
<lb/>or that the service required 
<lb/>all the ships elsewhere. We 
<lb/>buried a bottle on the island 
<lb/>in the entrance to Kongone 
<lb/>harbour ten yards Magnetic 
<lb/>North of a + cut on one 
<lb/>of the supports of what was 
<lb/>the flag staff containing an 
<lb/>appointment for the 30<hi rend="sup"><hi rend="underline">th</hi></hi>
<lb/>of July next in the same 
<lb/>harbour. It contained also 
<lb/>some account of our movements 
<lb/>and of the discovery of a large 
<lb/>inland Lake to which we propose 
<lb/>to return after visiting <placeName>Tette</placeName>. </p>

	<pb n="0003" facs="liv_001440_0003"/><!--pb/@n='03'-->
<lb/><p>The despatches accompaning 
<lb/>this are of importance as 
<lb/>the first information 
<lb/>respecting the New lake to 
<lb/>our own Government<reg>.</reg>
<lb/>It is scarcely necessary to 
<lb/>mention this as any 
<lb/>despatches committed to your 
<lb/>charge will without doubt 
<lb/>be carefully preserved. 
<lb/>What is said in the buried 
<lb/>letter is for your own 
<lb/>private information and 
<lb/>that of the Admiral. We say 
<lb/>little to the Portuguese beyond 
<lb/>the fact of having discovered 
<lb/>a large Lake called <placeName>Shirwa</placeName><reg>.</reg>
<lb/>As yet they have made no 
<lb/>pretensions to a previous knowledge 
<lb/>of it<reg>.</reg>

	<pb n="0004" facs="liv_001440_0004"/><!--pb/@n='04'-->
<lb/>We have had some fever 
<lb/>but of a mild form 
<lb/><persName>D<hi rend="underline"><hi rend="sup">r</hi></hi> Kirk</persName> and I have escaped<reg>.</reg></p>
<lb/><p rend="center">I have the honour to be </p>
<lb/><p rend="center">Sir </p>
<lb/><p rend="center">your most obedient </p>
<lb/><p rend="center">Servant </p>
<lb/><p rend="center"><persName>David Livingstone</persName></p>
<lb/><p rend="center">Consul, </p>
<lb/><p rend="center">commanding <placeName>Zambesi</placeName> Expedition </p>
			
</div>
		</body>
	</text></TEI>