<?xml version="1.0" encoding="UTF-8"?>
<!--Converted from a TEI P4 XML file to the LEAP TEI P5 Schema by James Cummings on 2015-03-02-->
<?xml-model href="http://livingstoneonline.github.io/LEAP-ODD/leap.rng" type="application/xml" schematypens="http://relaxng.org/ns/structure/1.0"?>
<?xml-model href="http://livingstoneonline.github.io/LEAP-ODD/leap.rng" type="application/xml" schematypens="http://purl.oclc.org/dsdl/schematron"?>
<?xml-stylesheet type="text/xsl" href="http://livingstoneonline.github.io/LEAP-XSLT/transcription.xsl"?>
<TEI xmlns="http://www.tei-c.org/ns/1.0" xml:id="liv_000883">
	<teiHeader xmlns:tei="http://www.tei-c.org/ns/1.0">
		<fileDesc>
			<titleStmt>
				<title/>
				<author xml:id="DL">David Livingstone</author>
			</titleStmt>
			<publicationStmt>
				<authority>Livingstone Online</authority>
				<pubPlace>London</pubPlace>
				<date>2009-05-19</date>
				<publisher>Wellcome Centre for the History of Medicine, UCL</publisher>
				<idno type="LEAP-ID">liv_000883</idno>
			</publicationStmt>
			<sourceDesc>
				<bibl xml:id="ccnumber">0399</bibl>
			</sourceDesc>
		</fileDesc>
		<profileDesc>
			<langUsage>
				<language ident="en">English</language>
			</langUsage>
			<handNotes>
				<handNote xml:id="hand01">Scribe: Unknown</handNote>
			</handNotes>
		</profileDesc>
		<revisionDesc>
			<change>
				<date>2009-05-19</date>
				<name xml:id="initials">SM</name>Letter foliated by Sharon Messenger
			</change>
		</revisionDesc>
	</teiHeader>

	<text xmlns:tei="http://www.tei-c.org/ns/1.0">
		<body xml:lang="en">
			<div>

	<pb n="0001" facs="liv_000883_0001"/><!--pb/@n='1r'-->
<lb/><p rend="right"><placeName>Tette</placeName> or <placeName>Nyungwe</placeName> on</p>
<lb/><p><placeName>River 
<lb/>Zambesi.</placeName><placeName>East Africa</placeName></p>
<lb/><p rend="right">2 <hi rend="underline"><hi rend="sup">d.</hi></hi> March 1856 </p>
<lb/><p><persName>Rev<hi rend="underline"><hi rend="sup">d</hi></hi>d</persName> W<hi rend="underline"><hi rend="sup">m</hi></hi> Thompson </p>
<lb/><p>My Dear Sir </p>
<lb/><p>Reached this the 
<lb/>farthest inland station at present occupied 
<lb/>by the Portuguese early this morning, and 
<lb/>though I feel pretty well tired out from 
<lb/>marching through a rough, stoney, bushey 
<lb/>country without path for the last week 
<lb/>or so. It gives me much pleasure to be 
<lb/>again able to address those whom I left 
<lb/>some years ago in the world. When we 
<lb/>came to the <placeName>Zambesi</placeName> below the falls or 
<lb/>rather near its confluence with the <placeName>Kafue</placeName>
<lb/>or <placeName>Bashukulompo</placeName> river we found 
<lb/>ourselves among tsetse, which soon 
<lb/>settled all the oxen. <choice><reg>T</reg><orig>t</orig></choice>he usual mode 
<lb/>of travelling is by canoe and the 
<lb/>thick jungle and hills all along on 
<lb/>both banks of the river make travelling 
<lb/>on foot very tedious. Had I been 

	<pb n="0002" facs="liv_000883_0002"/><!--pb/@n='1v'-->
<lb/>a little richer and had purchased a canoe 
<lb/>I should have been here six weeks ago. But 
<lb/>I am in perfect health and when rested 
<lb/>will probably be ready to forgive my 
<lb/>ancestors for always acting on the principle 
<lb/>of "Man wants but little here below, nor 
<lb/>wants that little long". <choice><reg>T</reg><orig>t</orig></choice>he Portuguese 
<lb/>are as kind here as they were in <placeName>Angola</placeName>
<lb/>and that is saying a great deal. Somehow 
<lb/>or other I had imbibed a sort of prejudice 
<lb/>against them, probably from their obstinate 
<lb/>persistence in the slave trade. But 
<lb/>actual intercourse has fully convinced 
<lb/>me that we are liable to form a very 
<lb/>wrong opinion of the majority from 
<lb/>the contunaceous acts of the few. 
<lb/>I believe I am a good deal indebted to 
<lb/><persName>M<hi rend="sup">r</hi> Duprat</persName> for his kind recommendations<reg>.</reg>
<lb/>I have not met with a single instance 
<lb/>of incivility among them, and many 
<lb/>of them are men of intelligence with 
<lb/>whom it is refreshing to pass an hour<reg>.</reg>
<lb/>It is utterly unlike the everlasting 

	<pb n="0003" facs="liv_000883_0003"/><!--pb/@n='2r'-->
<lb/>"<unclear cert="low">myn naagen, myn authaalder paarde &amp;c &amp; 
<lb/>myn moi dick vrouw</unclear> &amp;c &amp;c </p>
<lb/><p>I cannot give you any precise 
<lb/>information in this note. I believe our 
<lb/>prospects are pretty fair though there will 
<lb/>always be enough of danger in the 
<lb/>enterprise in these parts to make none 
<lb/>but men of pluck engage in it. I think 
<lb/>we have water carriage all the way 
<lb/>by this fine river to within 1º or 2º of 
<lb/>the <placeName>Makololo</placeName>. Near the coast the 
<lb/>fever prevails more than it does inland 
<lb/><choice><sic>until</sic><corr>until</corr></choice> you get into the great valley, then 
<lb/>here and below this there is danger of 
<lb/>being robbed. But on the whole I am 
<lb/>not disposed to think our prospects 
<lb/>dark. Having once been robbed by 
<lb/>a congregation of Christian murderers 
<lb/>one is not timorous of the heathen<reg>.</reg>
<lb/>After resting a few days I intend going 
<lb/>down the river to <placeName>Quillimane</placeName>. Believe 
<lb/>me ever yours Affectionately<reg>.</reg></p>
<lb/><p><persName>David Livingston</persName></p>

	<pb n="0004" facs="liv_000883_0004"/><!--pb/@n='2v'-->
<lb/><p>I enclose the Director's letter 
<lb/>to you. It would be a mercy 
<lb/>to them to have it copied. It was 
<lb/>so hot the ink would not stick, 
<lb/>yet some of it is for them only. </p>
<lb/><p rend="center"><persName>Rev<hi rend="sup"><hi rend="underline">d</hi></hi> William Thompson</persName></p>
<lb/><p rend="center"><placeName>Cape Town</placeName></p>
<lb/><p rend="center"><placeName><hi rend="underline">Cape of Good Hope</hi></placeName></p>
			
</div>
		</body>
	</text></TEI>