<?xml version="1.0" encoding="UTF-8"?>
<!--Converted from a TEI P4 XML file to the LEAP TEI P5 Schema by James Cummings on 2015-03-02-->
<?xml-model href="http://livingstoneonline.github.io/LEAP-ODD/leap.rng" type="application/xml" schematypens="http://relaxng.org/ns/structure/1.0"?>
<?xml-model href="http://livingstoneonline.github.io/LEAP-ODD/leap.rng" type="application/xml" schematypens="http://purl.oclc.org/dsdl/schematron"?>
<?xml-stylesheet type="text/xsl" href="http://livingstoneonline.github.io/LEAP-XSLT/transcription.xsl"?>
<TEI xmlns="http://www.tei-c.org/ns/1.0" xml:id="liv_000884">
	<teiHeader xmlns:tei="http://www.tei-c.org/ns/1.0">
		<fileDesc>
			<titleStmt>
				<title/>
				<author xml:id="DL">David Livingstone</author>
			</titleStmt>
			<publicationStmt>
				<authority>Livingstone Online</authority>
				<pubPlace>London</pubPlace>
				<date>2009-05-19</date>
				<publisher>Wellcome Centre for the History of Medicine, UCL</publisher>
				<idno type="LEAP-ID">liv_000884</idno>
			</publicationStmt>
			<sourceDesc>
				<bibl xml:id="ccnumber">0400</bibl>
			</sourceDesc>
		</fileDesc>
		<profileDesc>
			<langUsage>
				<language ident="en">English</language>
			</langUsage>
			<handNotes>
				<handNote xml:id="hand01">Scribe: Unknown</handNote>
			</handNotes>
		</profileDesc>
		<revisionDesc>
			<change>
				<date>2009-05-19</date>
				<name xml:id="initials">SM</name>Letter foliated by Sharon Messenger
			</change>
		</revisionDesc>
	</teiHeader>

	<text xmlns:tei="http://www.tei-c.org/ns/1.0">
		<body xml:lang="en">
			<div>

	<pb n="0001" facs="liv_000884_0001"/><!--pb/@n='1r'-->
<lb/><p rend="right"><placeName>Tette</placeName> or <placeName>Nyungwé</placeName> on the </p>
<lb/><p rend="right"><placeName>River Zambesi</placeName>, <placeName>Africa</placeName>. </p>
<lb/><p rend="right">2<hi rend="underline"><hi rend="sup">d</hi></hi> March 1856 </p>
<lb/><p><persName>Rev<hi rend="sup"><hi rend="underline">d</hi></hi> D<hi rend="underline"><hi rend="sup">d</hi></hi> Tidman</persName></p>
<lb/><p>My Dear Sir </p>
<lb/><p>Having by the 
<lb/>mercy of God reached the farthest inland 
<lb/>station of the Portuguese this morning 
<lb/>I gladly avail myself of an opportunity 
<lb/>to <placeName>Quillimane</placeName> to advise you (and <persName>M<hi rend="sup">rs</hi>
L.</persName> by the enclosed note) that I am thus far on my way down the river. It 
<lb/>will be gratifying for you to hear that 
<lb/>I have been able to follow without 
<lb/>swerving from my original plan of 
<lb/>"opening a way to the sea on either 
<lb/>the East or West coast from a healthy 
<lb/>locality in the Interior of the continent"<reg>.</reg>
<lb/>Not <choice><sic>untill</sic><corr>until</corr></choice> two months ago was I aware 
<lb/>of the existence of any salubrious point 
<lb/>though I now recollect a reference made 

	<pb n="0002" facs="liv_000884_0002"/><!--pb/@n='1v'-->
<lb/>thereto by <persName>Sebituane</persName>, but I followed out the 
<lb/>other points with the persuasion I was 
<lb/>doing good if only be leading commerce 
<lb/>towards breaking up the old sullen isolation 
<lb/>of heathenism. And now I can announce 
<lb/>not only a shorter path for our use 
<lb/>but if not <choice><sic>aggreiously</sic><corr>agreiously</corr></choice> mistaken a 
<lb/>decidedly healthy locality. By this 
<lb/>fine river flowing through a fine fertile 
<lb/>country we have water conveyance 
<lb/>to with 1º or 2º of the Makololo. <choice><reg>T</reg><orig>t</orig></choice>he 
<lb/>only impediment I know of being 
<lb/>one or two <del type="strikethrough">cataracts</del> rapids not 
<lb/>cataracts and the people in some 
<lb/>parts who are robbers. I have come 
<lb/>thus far with but little loss and 
<lb/>as we are trying to civilize those 
<lb/>whom the worldly wise would call 
<lb/>by no better name and be content 
<lb/>to pay well for getting them shot 
<lb/>we may risk a little without fear 

	<pb n="0003" facs="liv_000884_0003"/><!--pb/@n='2r'-->
<lb/>of bankrupcy. <choice><reg>T</reg><orig>t</orig></choice>he Portuguese have been 
<lb/>amazingly kind. Here they are no less so 
<lb/>than in <placeName>Angola</placeName>, and much of it is owing 
<lb/>I believe to my public spirited friend <persName>Alfredo 
<lb/>Duprat Esquire</persName> at <placeName>Cape Town</placeName>, and to 
<lb/><persName>the Right Reverend Bishop of Angola</persName>. <choice><reg>T</reg><orig>t</orig></choice>he 
<lb/>kind interest which many of my countrymen 
<lb/>have shewn in my work makes me 
<lb/>feel deeply grateful and somewhat ashamed 
<lb/>withal at having done so little to deserve it<reg>.</reg>
<lb/>Many would have done much more than 
<lb/>I could effect and done it better. This is 
<lb/>true on the one hand, but one may 
<lb/>take the comfort of believing that there 
<lb/>is a pretty large sprinkling of clever 
<lb/>people who would not have done so much<reg>.</reg>
<lb/>I am not so elated in having performed 
<lb/>what has not <add place="above">to my knowledge</add> been done before in traversing 
<lb/>the continent, because the end of the 
<lb/>geographical feat is but the beginning 
<lb/>of the missionary enterprise. May God 
<lb/>grant me life to do some more good 
<lb/>to this poor Africa<reg>.</reg></p>

	<pb n="0004" facs="liv_000884_0004"/><!--pb/@n='2v'-->
<lb/><p>I have a report written for you but it 
<lb/>requires copying. I rest a few days here 
<lb/>because I have been on foot through a very 
<lb/>rough stoney country. Oxen all dead by tsetse <anchor xml:id="envelopePosition"/>
and too poor to buy a canoe. With one I could 
<lb/>have been here a month ago. In excellent 
<lb/>health, no fever all the way from <placeName>Linyanti</placeName>. </p>
<lb/><p rend="center">Affectionately yours </p>
<lb/><p rend="center"><persName>David Livingstone</persName></p>
<lb/><p>
<address corresp="#envelopePosition">
<addrLine/>
</address>

<address>
<addrLine><persName>Rev<hi rend="underline"><hi rend="sup">d</hi></hi>D<hi rend="sup"><hi rend="underline">r</hi></hi>Tidman</persName></addrLine>
<addrLine><placeName>Mission House</placeName></addrLine>
<addrLine><placeName>Blomfield St</placeName></addrLine>
<addrLine><placeName><hi rend="underline">London</hi></placeName></addrLine>
</address>
</p>
			
</div>
		</body>
	</text></TEI>