<?xml version="1.0" encoding="UTF-8"?>
<!--Converted from a TEI P4 XML file to the LEAP TEI P5 Schema by James Cummings on 2015-03-02-->
<?xml-model href="http://livingstoneonline.github.io/LEAP-ODD/leap.rng" type="application/xml" schematypens="http://relaxng.org/ns/structure/1.0"?>
<?xml-model href="http://livingstoneonline.github.io/LEAP-ODD/leap.rng" type="application/xml" schematypens="http://purl.oclc.org/dsdl/schematron"?>
<?xml-stylesheet type="text/xsl" href="http://livingstoneonline.github.io/LEAP-XSLT/transcription.xsl"?>
<TEI xmlns="http://www.tei-c.org/ns/1.0" xml:id="liv_002445">
	<teiHeader xmlns:tei="http://www.tei-c.org/ns/1.0">
		<fileDesc>
			<titleStmt>
				<title/>
				<author xml:id="DL">David Livingstone</author>
			</titleStmt>
			<publicationStmt>
				<authority>Livingstone Online</authority>
				<pubPlace>London</pubPlace>
				<date>2008-10-13</date>
				<publisher>Wellcome Centre for the History of Medicine, UCL</publisher>
				<idno type="LEAP-ID">liv_002445</idno>
			</publicationStmt>
			<sourceDesc>
				<bibl xml:id="ccnumber">1848</bibl>
			</sourceDesc>
		</fileDesc>
		<profileDesc>
			<langUsage>
				<language ident="en">English</language>
			</langUsage>
			<handNotes>
				<handNote xml:id="hand01">Scribe: Unknown</handNote>
			</handNotes>
		</profileDesc>
		<revisionDesc>
			<change>
				<date>2008-10-13</date>
				<name xml:id="initials">SM</name>Initial Transcription by Sharon Messenger
			</change>
		</revisionDesc>
	</teiHeader>

	<text xmlns:tei="http://www.tei-c.org/ns/1.0">
		<body xml:lang="en">
			<div>

	<pb n="0001" facs="liv_002445_0001"/><!--pb/@n='01'-->
<lb/><p rend="right"><placeName>Bombay</placeName> 2 Dec <hi rend="underline"><hi rend="sup">r</hi></hi> 1865 </p>
<lb/><p>My Dear <persName>Tom</persName>Mother </p>

	<pb n="0002" facs="liv_002445_0002"/><!--pb/@n='02'-->
<lb/><p>I have too little know 
<lb/>ledge of the German 
<lb/>Universities to say whether 

	<pb n="0003" facs="liv_002445_0003"/><!--pb/@n='03'-->
<lb/>I like them or not. How 
<lb/>would you profit by a 
<lb/>yarn from a 
<w>Hochweldge-<lb break="no"/>boren</w> prediker vomiting 
<lb/>forth Vaterlandch teal 
<lb/>in sounds as Euphorious 
<lb/>as the couping of a cart 
<lb/>of coals. <persName>The Dean of 
<lb/>Ely</persName> said to me lately 
<lb/>"Have you no sons that 
<lb/>we could help on with 
<lb/>their education " If you 
<lb/>suceed well at <placeName>Glasgow</placeName> it might be advisable 
<lb/>to try own English 
<lb/>universities but the 
<lb/>preperation for them 
<lb/>has to be very thorough 
<lb/>I have a little dislike to 
<lb/>being Germanized in 
<lb/>any way. <choice><reg>heir</reg><orig>t</orig></choice><!-- TODO SM: Fix this as this coding doesn't make sense --> theological 
<lb/>views may be pleasure 

	<pb n="0004" facs="liv_002445_0004"/><!--pb/@n='04'-->
<lb/>to drones but never 
<lb/>suit men who are 
<w>deter-<lb break="no"/>mined</w> that well their 
<lb/>part in life. </p>

	<pb n="0005" facs="liv_002445_0005"/><!--pb/@n='08'-->

<lb/><p>I hear his friend 
<lb/><persName>M<hi rend="sup">r</hi> Boyd</persName> occasionally 
<lb/>fourteen buffaloes have 
<lb/>gone off as an experiment 
<lb/>with the tsetse. They are 
<lb/>a slow but sure beast 
<lb/>of burden and as like 
<lb/>the wild African half brother 
<lb/>as can be except the 
<lb/>mass of horn on the fore 
<lb/>head.<!-- mike: how shall we encode ... --><persName>David Livingstone</persName></p>
			
</div>
		</body>
	</text></TEI>