<?xml version="1.0" encoding="UTF-8"?>
<!--Converted from a TEI P4 XML file to the LEAP TEI P5 Schema by James Cummings on 2015-03-02-->
<?xml-model href="http://livingstoneonline.github.io/LEAP-ODD/leap.rng" type="application/xml" schematypens="http://relaxng.org/ns/structure/1.0"?>
<?xml-model href="http://livingstoneonline.github.io/LEAP-ODD/leap.rng" type="application/xml" schematypens="http://purl.oclc.org/dsdl/schematron"?>
<?xml-stylesheet type="text/xsl" href="http://livingstoneonline.github.io/LEAP-XSLT/transcription.xsl"?>
<TEI xmlns="http://www.tei-c.org/ns/1.0" xml:id="liv_000060">
	<teiHeader xmlns:tei="http://www.tei-c.org/ns/1.0">
		<fileDesc>
			<titleStmt>
				<title>Royal College of Surgeons Letter</title>
				<author xml:id="DL">David Livingstone</author>
			</titleStmt>
			<publicationStmt>
				<authority>Livingstone Online</authority>
				<pubPlace>London</pubPlace>
				<date>08-04-10</date>
				<publisher>Wellcome Centre for the History of Medicine, UCL</publisher>
				<idno type="LEAP-ID">liv_000060</idno>
			</publicationStmt>
			<sourceDesc>
				<bibl xml:id="shelfmark">MS0014/7 Letter 223</bibl>
				<bibl xml:id="recipient">Unknown, Prout?</bibl>
				<bibl xml:id="where">57 Sloane Street, London</bibl>
				<bibl xml:id="date">1857-04-07</bibl>
				<bibl xml:id="ccnumber">None</bibl>
			</sourceDesc>
		</fileDesc>
		<profileDesc>
			<langUsage>
				<language ident="en">English</language>
			</langUsage>
			<handNotes>
				<handNote xml:id="hand01">Scribe: Unknown</handNote>
			</handNotes>
		</profileDesc>
		<revisionDesc>
			<change>
				<date>2010-07-06</date>
				<name xml:id="SM">Sharon Messenger</name>Initial Transcription by Sharon Messenger
			</change>
		</revisionDesc>
	</teiHeader>

	<text xmlns:tei="http://www.tei-c.org/ns/1.0">
		<body xml:lang="en">
			<div>

	<pb n="0001" facs="liv_000060_0001"/><!--pb/@n='1r'-->
<lb/><p rend="right"><placeName>57 Sloane St</placeName></p>
<lb/><p rend="right">7 <hi rend="underline"><hi rend="sup">th</hi></hi> April </p>
<lb/><p rend="right">1857 </p>
<lb/><p>Dear Sir </p>
<lb/><p>I went at once 
<lb/>after your call this 
<lb/>morning to the 
<lb/><persName>Lord Mayor</persName>, and 
<lb/><choice><sic>recieved</sic><corr>received</corr></choice> a cheque 
<lb/>for £200. I stated 
<lb/>my wish distinctly 
<lb/>that I want the 

	<pb n="0002" facs="liv_000060_0002"/><!--pb/@n='1v'-->
<lb/>money paid over 
<lb/>to <persName>Messers Coutts &amp; Co-</persName>
<lb/>the Bankers. For 
<lb/>this a committee 
<lb/>must be again 
<lb/>called so in 
<lb/>order to make 
<lb/>the matter plain 
<lb/>I have now 
<lb/>written the <persName>Lord 
<lb/>Mayor</persName> to the same effect. At the 
<lb/>last meeting they 

	<pb n="0003" facs="liv_000060_0003"/><!--pb/@n='2r'-->
<lb/>wished to ascertain 
<lb/>my wishes respecting 
<lb/>the disposal of 
<lb/>the money. I have 
<lb/>said, then my 
<lb/>wishes are that 
<lb/>it be paid to 
<lb/>my account at 
<lb/>the Bankers - 
<lb/>there can be no 
<lb/>mistake now. </p>
<lb/><p>I shall write also to <persName>D<hi rend="sup"><hi rend="underline">r</hi></hi> Tidman</persName> to 
<lb/>the same effect<reg>.</reg>

	<pb n="0004" facs="liv_000060_0004"/><!--pb/@n='2v'-->
<lb/>I called at Coutts to ask 
<lb/>them to <choice><sic>recieve</sic><corr>receive</corr></choice> it. And they are quite agreeable 
<lb/>to do so. </p>
<lb/><p>I now beg you 
<lb/>will accept my 
<lb/>heartfelt thanks 
<lb/>for the kind interest 
<lb/>you have manifested 
<lb/>in the matter </p>
<lb/><p rend="center">and am </p>
<lb/><p rend="center">Your much obliged </p>
<lb/><p rend="center"><persName>David Livingstone</persName></p>
			
</div>
		</body>
	</text></TEI>