<?xml version="1.0" encoding="UTF-8"?>
<!--Converted from a TEI P4 XML file to the LEAP TEI P5 Schema by James Cummings on 2015-03-02-->
<?xml-model href="http://livingstoneonline.github.io/LEAP-ODD/leap.rng" type="application/xml" schematypens="http://relaxng.org/ns/structure/1.0"?>
<?xml-model href="http://livingstoneonline.github.io/LEAP-ODD/leap.rng" type="application/xml" schematypens="http://purl.oclc.org/dsdl/schematron"?>
<?xml-stylesheet type="text/xsl" href="http://livingstoneonline.github.io/LEAP-XSLT/transcription.xsl"?>
<TEI xmlns="http://www.tei-c.org/ns/1.0" xml:id="liv_000056">
	<teiHeader xmlns:tei="http://www.tei-c.org/ns/1.0">
		<fileDesc>
			<titleStmt>
				<title>Letter to Livingstone's Family</title>
				<author xml:id="DL">David Livingstone</author>
			</titleStmt>
			<publicationStmt>
				<authority>Livingstone Online</authority>
				<pubPlace>London</pubPlace>
				<date>2008-08-14</date>
				<publisher>Wellcome Centre for the History of Medicine, UCL</publisher>
				<idno type="LEAP-ID">liv_000056</idno>
			</publicationStmt>
			<sourceDesc>
				<bibl xml:id="custodian">WIHMLL</bibl><!-- Use the C&C abbreviation. i.e. NLS --><!--Mike is this still the code for wellcome?-->
				<bibl xml:id="shelfmark">MS 613/1/1</bibl><!--Mx 10707-->
				<bibl xml:id="folio"/>
				<bibl xml:id="recipient"><!-- everybody in the house, presume family --></bibl>
				<bibl xml:id="where">Claremont Mauritius</bibl>
				<bibl xml:id="date">1856-08-28</bibl>
				<bibl xml:id="ccnumber"/><!-- not in C & C-->
			</sourceDesc>
		</fileDesc>
		<profileDesc>
			<langUsage>
				<language ident="en">English</language>
			</langUsage>
			<handNotes>
				<handNote xml:id="hand01">Scribe: Unknown</handNote>
			</handNotes>
		</profileDesc>
		<revisionDesc>
			<change>
				<date>2008-08-14</date>
				<name xml:id="CO">Caroline Overy</name>Initial Transcription by Caroline Overy
			</change>
			<change>
				<date>2008-09-09</date>
				<name xml:id="CL">Chris Lawrence</name>Proof by Chris Lawrence
			</change>
		</revisionDesc>
	</teiHeader>

	<text xmlns:tei="http://www.tei-c.org/ns/1.0">
		<body xml:lang="en">
			<div>

	<pb n="0001" facs="liv_000056_0001"/><!--pb/@n='1r'-->
<lb/><p rend="right"><placeName>Claremont Mauritius</placeName></p>
<lb/><p>28 <hi rend="underline"><hi rend="sup">th</hi></hi>August 1856.</p>
<lb/><p>My Dear Everybody in the House</p>
<lb/><p>I don't number this 
<lb/>in order to spare you the pain of blushing 
<lb/>black when you see how much I have 
<lb/>written in answer to --<!-- long dash --> I make 
<lb/>ready the enclosures now in consequence 
<lb/>of having missed a mail this morning<reg>.</reg>
<lb/>Another will start in about a fortnight<reg>.</reg>
<lb/>You will see I wrote one at <placeName>Quilimane</placeName>
<lb/>and another at <placeName>Tete</placeName>. At <placeName>Quilimane</placeName>
<lb/>I remained 6 weeks and then H. M. 
<lb/>Brig Frolic came and took me off. 
<lb/><choice><reg>T</reg><orig>t</orig></choice>he Bar of that port is very bad 
<lb/>she was 12 days off the port before 
<lb/>we knew she was there and it was 
<lb/>only by her firing two guns to <choice><sic>recal</sic><corr>recall</corr></choice>

	<pb n="0002" facs="liv_000056_0002"/><!--pb/@n='1v'-->
<lb/>the boats attempting to cross the bar that we 
<lb/>knew of her presence. She is a fine 
<lb/>large ship of 16 guns &amp; 130 men. We came 
<lb/>to <placeName>St Augustine's Bay Madagascar</placeName>
<lb/>to water and thence to this island where 
<lb/>I have been kindly <choice><sic>recieved</sic><corr>received</corr></choice> by <persName>Major 
<lb/>General Hay</persName> who commands the forces 
<lb/>and am now in his house. I wait 
<lb/>for the arrival of the Commodore &amp; 
<lb/>intend after seeing him to proceed to 
<lb/><placeName>Ceylon</placeName>, thence to <placeName>Aden</placeName> up the <placeName>red sea</placeName>
<lb/>to <placeName>Suez</placeName> through the isthmus and 
<lb/>along the <placeName>Mediterraean</placeName> home. <choice><reg>T</reg><orig>t</orig></choice>his 
<lb/>is by far the shortest route from 
<lb/>East Africa. I shall come and see 
<lb/>you as soon as I can but my stay 
<lb/>will be short and incognito. I hate 
<lb/>all fuss, and you will oblige me by 
<lb/>telling no one. I cannot preach 
<lb/>nor speak in public. If I can stop two 

	<pb n="0003" facs="liv_000056_0003"/><!--pb/@n='2r'-->
<lb/>days with you that will be all at first. </p>
<lb/><p><gap extent="19" unit="lines" agent="illgblDel"/>

	<pb n="0004" facs="liv_000056_0004"/><!--pb/@n='2v'-->
<lb/><del type="strikethrough">prayer to God decide for yourselves. 
<lb/>I cannot urge you but do not understand 
<lb/>how you managed to give up your 
<lb/>own connections on <choice><sic>recieving</sic><corr>receiving</corr></choice> the 
<lb/>opinions of others. Anything I thought 
<lb/>my duty I would do it in the face 
<lb/>of all opinions that could be 
<lb/>heaped against me. Unless proof 
<lb/>were given that the knowledge on 
<lb/>which my judgement was formed 
<lb/>was fallacious. No one asserted 
<lb/>in your case that to working people 
<lb/>the new world was worse than the 
<lb/>old<reg>.</reg></del></p>
<lb/><p><choice><reg>T</reg><orig>t</orig></choice>his is a fine island. <choice><reg>T</reg><orig>t</orig></choice>he cultivation 
<lb/>is sugar chiefly. It is the fabulous 
<lb/>scene of the fine tale Paul &amp; Virginia<reg>.</reg>
<lb/>I am very well not quite however<reg>.</reg></p>
<lb/><p rend="center">Affectionately </p>
<lb/><p rend="center">David Livingston </p>
			
</div>
		</body>
	</text></TEI>