<?xml version="1.0" encoding="UTF-8"?>
<!--Converted from a TEI P4 XML file to the LEAP TEI P5 Schema by James Cummings on 2015-03-02-->
<?xml-model href="http://livingstoneonline.github.io/LEAP-ODD/leap.rng" type="application/xml" schematypens="http://relaxng.org/ns/structure/1.0"?>
<?xml-model href="http://livingstoneonline.github.io/LEAP-ODD/leap.rng" type="application/xml" schematypens="http://purl.oclc.org/dsdl/schematron"?>
<?xml-stylesheet type="text/xsl" href="http://livingstoneonline.github.io/LEAP-XSLT/transcription.xsl"?>
<TEI xmlns="http://www.tei-c.org/ns/1.0" xml:id="liv_001247">
	<teiHeader xmlns:tei="http://www.tei-c.org/ns/1.0">
		<fileDesc>
			<titleStmt>
				<title>Letter to John Livingstone</title>
				<author xml:id="DL">David Livingstone</author>
			</titleStmt>
			<publicationStmt>
				<authority>Livingstone Online</authority>
				<pubPlace>London</pubPlace>
				<date>2009-05-19</date>
				<publisher>Wellcome Centre for the History of Medicine, UCL</publisher>
				<idno type="LEAP-ID">liv_001247</idno>
			</publicationStmt>
			<sourceDesc>
				<bibl xml:id="shelfmark">School of Oriental and African Studies Library, University of London, Africa, Wooden Box of L's letters</bibl>
				<bibl xml:id="ccnumber">0726</bibl>
				<bibl xml:id="recipient">John Livingstone</bibl>
				<bibl xml:id="date">18 February 1858</bibl>
				<bibl xml:id="where">50 Albemarle St., London</bibl>
			</sourceDesc>
		</fileDesc>
		<profileDesc>
			<langUsage>
				<language ident="en">English</language>
			</langUsage>
			<handNotes>
				<handNote xml:id="hand01">Scribe: Unknown</handNote>
			</handNotes>
		</profileDesc>
		<revisionDesc>
			<change>
				<date>2009-05-19</date>
				<name xml:id="initials">SM</name>Letter foliated by Sharon Messenger
			</change>
		</revisionDesc>
	</teiHeader>

	<text xmlns:tei="http://www.tei-c.org/ns/1.0">
		<body xml:lang="en">
			<div>

	<pb n="0001" facs="liv_001247_0001"/><!--pb/@n='01'-->
<lb/><p rend="right"><placeName>50 Albemarle St.</placeName></p>
<lb/><p rend="right"><placeName>London</placeName> 18<hi rend="underline"><hi rend="sup">th</hi></hi> Feby </p>
<lb/><p>1858 </p>
<lb/><p>My Dear Brother </p>
<lb/><p>I have been unable 
<lb/><choice><sic>until</sic><corr>untill</corr></choice> this moment to write you 
<lb/>on a very important point to 
<lb/>which I am happy to call your 
<lb/>attention. A friend of mine <persName>M<hi rend="sup">r</hi>
<lb/>James Young</persName> who was the assistant 
<lb/>to the professor of Chemistry at 
<lb/><placeName>University College London</placeName> when 
<lb/>I was there made a discovery 
<lb/>by which he is able to extract 
<lb/>oil from a peculiar kind of 
<lb/>coal - this is name Paraffin 
<lb/>and it is simply gas in a 

	<pb n="0002" facs="liv_001247_0002"/><!--pb/@n='02'-->
<lb/>fluid state. By a very simple 
<lb/>lamp it burns like gas and 
<lb/>is so cheap that one gallon 
<lb/>which in <placeName>London</placeName> sells at 3/8 
<lb/>gives as much light as 22 lbs 
<lb/>of sperma ceti candles. He has 
<lb/>made a large fortune by it and 
<lb/>being a good man he wishes 
<lb/>to do good and is very generous<reg>.</reg>
<lb/>I mentioned you as a suitable 
<lb/>agent in <placeName>Canada</placeName> and he is 
<lb/>willing to employ you and 
<lb/>give you such a percentage 
<lb/>as will make you anxious 
<lb/>to keep Niel at home instead 
<lb/>of sending him abroad. He wants 
<lb/>you to go into the thing with out 
<lb/>any doubt. It will return you 

	<pb n="0003" facs="liv_001247_0003"/><!--pb/@n='03'-->
<lb/>an abundant income. He will 
<lb/>supply all the materials - lamps 
<lb/>oil - vessels &amp;c &amp; you must lay 
<lb/>yourself out for an immense 
<lb/>sale by advertizing it beforehand 
<lb/>for next winter. Write to 
<lb/>him </p>
<lb/><p><persName>James Young Esq.</persName></p>
<lb/><p><placeName>Sardinia Terrace</placeName>
<lb/><placeName>Glasgow</placeName></p>
<lb/><p>and tell him whether you are 
<lb/>willing to engage in it. You 
<lb/>will be able both to benefit 
<lb/>yourself and him by entering 
<lb/>into it heartily - Tell him 
<lb/>freely all your affairs &amp; 
<lb/>what you will or can do<reg>.</reg>
<lb/>Can you devote your entire 
<lb/>time to suppose he sends you 

	<pb n="0004" facs="liv_001247_0004"/><!--pb/@n='04'-->
<lb/>10,000 lamps and some hundreds 
<lb/>of tons of oil. Write at once<reg>.</reg>
<lb/>I shall be off in a week or 
<lb/>ten days. I got a letter from our 
<lb/>cousin John &amp; will send him 
<lb/>a book having the index before 
<lb/>I sail. Our launch was tried yesterday &amp; gave from 8 to 10 
<lb/>knots an hour. We sail in 
<lb/>the "Pearl" - She puts into the 
<lb/><placeName>Zambesi</placeName> then we put our 
<lb/>launch together as she goes out 
<lb/>in three pieces &amp; go up. I am 
<lb/>counsel - £500 only. The Portuguese 
<lb/>are favourable. If you still 
<lb/>think of <placeName>Africa</placeName> for Niel I have 
<lb/>not forgot my promise. You 
<lb/>will hear from me Charles gave 
<lb/>up £750 a year on the west he has 
<lb/>£350 now. Love to <persName>Sarah</persName> &amp; all<reg>.</reg>
<lb/><addSpan spanTo="#p01r-01" place="marginright"><!--addSpan/@place='right hand margin of fol.01'--></addSpan>I was waiting at the Admiralty and 
<lb/>found time for this. Write at once to <persName>Young</persName></p>
<lb/><p><persName>David Livingstone</persName></p><anchor xml:id="p01r-01"/>
			
</div>
		</body>
	</text></TEI>