<?xml version="1.0" encoding="UTF-8"?>
<!--Converted from a TEI P4 XML file to the LEAP TEI P5 Schema by James Cummings on 2015-03-02-->
<?xml-model href="http://livingstoneonline.github.io/LEAP-ODD/leap.rng" type="application/xml" schematypens="http://relaxng.org/ns/structure/1.0"?>
<?xml-model href="http://livingstoneonline.github.io/LEAP-ODD/leap.rng" type="application/xml" schematypens="http://purl.oclc.org/dsdl/schematron"?>
<?xml-stylesheet type="text/xsl" href="http://livingstoneonline.github.io/LEAP-XSLT/transcription.xsl"?>
<TEI xmlns="http://www.tei-c.org/ns/1.0" xml:id="liv_000061">
	<teiHeader xmlns:tei="http://www.tei-c.org/ns/1.0">
		<fileDesc>
			<titleStmt>
				<title>Extract of a Copy of a Letter to William Thompson held in Glasgow University Archives</title>
				<author xml:id="DL">David Livingstone</author>
			</titleStmt>
			<publicationStmt>
				<authority>Livingstone Online</authority>
				<pubPlace>London</pubPlace>
				<date>2008-08-19</date>
				<publisher>Wellcome Centre for the History of Medicine, UCL</publisher>
				<idno type="LEAP-ID">liv_000061</idno>
			</publicationStmt>
			<sourceDesc><!-- Mike: this is a new find. It's an extract of a letter held in SOAS we found in Glasgow Uni archives when we did our raid on Scotland - it will need a new candc no creating -->
				<bibl xml:id="custodian">GLasgow University Archives</bibl>
				<bibl xml:id="shelfmark">MS Gen 539/6</bibl>
				<bibl xml:id="folio"/>
				<bibl xml:id="recipient">[William Thompson]</bibl>
				<bibl xml:id="where">Unknown</bibl>
				<bibl xml:id="date">[1853-10-11]</bibl>
				<bibl xml:id="ccnumber"/><!-- not in C & C-->
			</sourceDesc>
		</fileDesc>
		<profileDesc>
			<langUsage>
				<language ident="en">English</language>
			</langUsage>
			<handNotes>
				<handNote xml:id="hand01">Scribe: Unknown</handNote>
			</handNotes>
		</profileDesc>
		<revisionDesc>
			<change>
				<date>2008-08-19</date>
				<name xml:id="SM">Sharon Messenger</name>Initial Transcription by Sharon Messenger
			</change>
		</revisionDesc>
	</teiHeader>

	<text xmlns:tei="http://www.tei-c.org/ns/1.0">
		<body xml:lang="en">
			<div>

	<pb n="0001" facs="liv_000061_0001"/><!--pb/@n='1r'-->
<lb/><p>Dear Sir, 
<lb/>You fear for the result of my 
<lb/>going alone. I hope I am in 
<lb/>the way of duty; my own 
<lb/>conviction that such is 
<lb/>the case has never wavered. 
<lb/>I am doing something for God. 
<lb/>I have preached the gospel 
<lb/>in many a spot where 
<lb/>the name of Christ has 
<lb/>never been heard, and I 
<lb/>would work till more in 
<lb/>the way of reducing this 
<lb/><hi rend="underline">Batose</hi>language, if I had 
<lb/>not suffered so severely 
<lb/>from fever. Exhaustion 
<lb/>produced vertigo, causing 
<lb/>me, if I looked suddenly 
<lb/>up<fw type="catch" place="marginbottom" rend="right">up</fw>

	<pb n="0002" facs="liv_000061_0002"/><!--pb/@n='2r'-->
<lb/>up, lamost to lose consciousness. 
<lb/>This made me give up some 
<lb/>of my sedentary work; but 
<lb/>I hope God will accept of 
<lb/>what I do. The temperature 
<lb/>in the shade is about 100¨ 
<lb/>fah<hi rend="sup">r</hi>, during the day, and 
<lb/>often 90¨ at nine at night. 
<lb/>But a merry heart doeth 
<lb/>good like a medicine<reg>.</reg></p>
<lb/><p rend="center">Yours faithfully </p>
<lb/><p rend="center">David Livingstone </p>
			
</div>
		</body>
	</text></TEI>