<?xml version="1.0" encoding="UTF-8"?>
<!--Converted from a TEI P4 XML file to the LEAP TEI P5 Schema by James Cummings on 2015-03-02-->
<?xml-model href="http://livingstoneonline.github.io/LEAP-ODD/leap.rng" type="application/xml" schematypens="http://relaxng.org/ns/structure/1.0"?>
<?xml-model href="http://livingstoneonline.github.io/LEAP-ODD/leap.rng" type="application/xml" schematypens="http://purl.oclc.org/dsdl/schematron"?>
<?xml-stylesheet type="text/xsl" href="http://livingstoneonline.github.io/LEAP-XSLT/transcription.xsl"?>
<TEI xmlns="http://www.tei-c.org/ns/1.0" xml:id="liv_001500">
	<teiHeader xmlns:tei="http://www.tei-c.org/ns/1.0">
		<fileDesc>
			<titleStmt>
				<title/>
				<author xml:id="DL">David Livingstone</author>
			</titleStmt>
			<publicationStmt>
				<authority>Livingstone Online</authority>
				<pubPlace>London</pubPlace>
				<date>09-02-2010</date>
				<publisher>Wellcome Centre for the History of Medicine, UCL</publisher>
				<idno type="LEAP-ID">liv_001500</idno>
			</publicationStmt>
			<sourceDesc>
				<bibl xml:id="ccnumber">0959</bibl>
			</sourceDesc>
		</fileDesc>
		<profileDesc>
			<langUsage>
				<language ident="en">English</language>
			</langUsage>
		</profileDesc>
		<revisionDesc>
			<change>
				<date>09-02-2010</date>
				<name xml:id="SM">Sharon Messenger</name>Transcribed by Sharon Messenger
			</change>
		</revisionDesc>
	</teiHeader>

	<text xmlns:tei="http://www.tei-c.org/ns/1.0">
		<body xml:lang="en">
			<div>

	<pb n="0001" facs="liv_001500_0001"/><!--pb/@n='01'-->
<lb/><p><placeName>River Zambesi</placeName></p>
<lb/><p>31<hi rend="underline"><hi rend="sup">st</hi></hi>
<lb/>Oct<hi rend="sup"><hi rend="sup">r</hi>y</hi> 1859 </p>
<lb/><p>My Dear Mother </p>
<lb/><p>It is rather difficult 
<lb/>to write to you for never a word 
<lb/>have I <choice><sic>recieved</sic><corr>received</corr></choice> in answer to 
<lb/>my other letters - but here goes 
<lb/>and it will shew you at least 
<lb/>that you are not forgotten. 
<lb/>We are working hard at what 
<lb/>some can see at a glance 
<lb/>the importance of, while to 
<lb/>others we appear as following 
<lb/>after the glory of discovering 

	<pb n="0002" facs="liv_001500_0002"/><!--pb/@n='02'-->
<lb/>Lakes, mountains, jenny nettles 
<lb/>and puddock stools. In reference 
<lb/>to the latter I always remember a 
<lb/>story told me by the late <persName>D<hi rend="underline"><hi rend="sup">r</hi></hi> Philip</persName>
<lb/>with great glee. When a young 
<lb/>minister in <placeName>Aberdeen</placeName> he visited 
<lb/>an old woman in affliction 
<lb/>and began to talk very fine 
<lb/>to her on the duty of resignation 
<lb/>trusting hoping and all the 
<lb/>rest of it when the old woman 
<lb/>looked up into his face and 
<lb/>said "peer thing, ye ken naething 
<lb/>aboot it." this is what I say to 
<lb/>those who set themselves up to 
<lb/>judge another man's servant<reg>.</reg></p>

	<pb n="0003" facs="liv_001500_0003"/><!--pb/@n='03'-->
<lb/><p>We hope our Good Master 
<lb/>may permit us to do some 
<lb/>good to our fellow men; And 
<lb/>that his great name may 
<lb/>be glorified in our lives &amp; by our deaths. <persName>Charles</persName> is with me - suffers sometimes 
<lb/>from fever but thank 
<lb/>God I have escaped as 
<lb/>yet and I believe we have 
<lb/>found out the cure for that 
<lb/>complaint which has long been 
<lb/>the bane of Africa. We have 
<lb/>opened a large region and are 
<lb/>hoping that the church missionary 
<lb/>society will soon occupy it. 

	<pb n="0004" facs="liv_001500_0004"/><!--pb/@n='04'-->
<lb/>We are hoping too that our work 
<lb/>will cut up a very large section 
<lb/>of the slave trade but our reasons 
<lb/>for so trusting are too long to 
<lb/>tell. May the almighty bless 
<lb/>and keep you and grant you 
<lb/>all the blessings you need. My 
<lb/>love to Tom and all the rest. 
<lb/>I am unable to write to him at 
<lb/>present but hope he is getting on 
<lb/>with his learning and that he 
<lb/>will be fitted thereby for our 
<lb/>saviours service in some way 
<lb/>which he may appoint<reg>.</reg></p>
<lb/><p>Ever Affectionately Yours </p>
<lb/><p><persName>David Livingstone</persName></p>
			
</div>
		</body>
	</text></TEI>