<?xml version="1.0" encoding="UTF-8"?>
<!--Converted from a TEI P4 XML file to the LEAP TEI P5 Schema by James Cummings on 2015-03-02-->
<?xml-model href="http://livingstoneonline.github.io/LEAP-ODD/leap.rng" type="application/xml" schematypens="http://relaxng.org/ns/structure/1.0"?>
<?xml-model href="http://livingstoneonline.github.io/LEAP-ODD/leap.rng" type="application/xml" schematypens="http://purl.oclc.org/dsdl/schematron"?>
<?xml-stylesheet type="text/xsl" href="http://livingstoneonline.github.io/LEAP-XSLT/transcription.xsl"?>
<TEI xmlns="http://www.tei-c.org/ns/1.0" xml:id="liv_000457">
	<teiHeader xmlns:tei="http://www.tei-c.org/ns/1.0">
		<fileDesc>
			<titleStmt>
				<title/>
				<author xml:id="DL">David Livingstone</author>
			</titleStmt>
			<publicationStmt>
				<authority>Livingstone Online</authority>
				<pubPlace>London</pubPlace>
				<date/>
				<publisher>Wellcome Centre for the History of Medicine, UCL</publisher>
				<idno type="LEAP-ID">liv_000457</idno>
			</publicationStmt>
			<sourceDesc>
				<bibl xml:id="shelfmark">0003</bibl>
				<bibl xml:id="date">19-01-2010</bibl>
			</sourceDesc>
		</fileDesc>
		<profileDesc>
			<langUsage>
				<language ident="en">English</language>
			</langUsage>
		</profileDesc>
		<revisionDesc>
			<change>
				<date/>
				<name xml:id="SM">Sharon Messenger</name>Transcribed by Sharon Messenger
			</change>
		</revisionDesc>
	</teiHeader>

	<text xmlns:tei="http://www.tei-c.org/ns/1.0">
		<body xml:lang="en">
			<div>

	<pb n="0001" facs="liv_000457_0001"/><!--pb/@n='01'-->
<lb/><p rend="left"><hi rend="underline">To <persName>Janet Livingston</persName></hi></p>
<lb/><p rend="right">My Dear Sister </p>
<lb/><p>I send you these lines which 
<lb/>I received as a reliquaire from my friend <persName>M<hi rend="sup">r</hi> Banff</persName>. 
<lb/>Accept them as a token of my unabated affection, and 
<lb/>sincere wish that the Christian's exalted hope may 
<lb/>be your portion through life; and though we may not 
<lb/>meet again in Time, that you and all my beloved 
<lb/>relatives and friends, may meet where separation 
<lb/>and sorrow are unknown, to sing the praises of 
<lb/>our dear Redeeemer, who loved &amp; gave himself for us. </p>
<lb/><p rend="center">Your Affectionate Brother </p>
<lb/><p rend="center"><hi rend="underline"><persName>David Livingston</persName></hi></p>
<lb/><p rend="left"><placeName>Ongar,</placeName><placeName>Essex,</placeName> Oct<hi rend="sup">r</hi> 3 <hi rend="sup">d</hi>/58 </p>
			
</div>
		</body>
	</text></TEI>