<?xml version="1.0" encoding="UTF-8"?>
<!--Converted from a TEI P4 XML file to the LEAP TEI P5 Schema by James Cummings on 2015-03-02-->
<?xml-model href="http://livingstoneonline.github.io/LEAP-ODD/leap.rng" type="application/xml" schematypens="http://relaxng.org/ns/structure/1.0"?>
<?xml-model href="http://livingstoneonline.github.io/LEAP-ODD/leap.rng" type="application/xml" schematypens="http://purl.oclc.org/dsdl/schematron"?>
<?xml-stylesheet type="text/xsl" href="http://livingstoneonline.github.io/LEAP-XSLT/transcription.xsl"?>
<TEI xmlns="http://www.tei-c.org/ns/1.0" xml:id="liv_002349">
	<teiHeader xmlns:tei="http://www.tei-c.org/ns/1.0">
		<fileDesc>
			<titleStmt>
				<title>Title</title>
				<author xml:id="DL">David Livingstone</author>
			</titleStmt>
			<publicationStmt>
				<authority>Livingstone Online</authority>
				<pubPlace>London</pubPlace>
				<date>DATE</date>
				<publisher>Wellcome Centre for the History of Medicine, UCL</publisher>
				<idno type="LEAP-ID">liv_002349</idno>
			</publicationStmt>
			<sourceDesc>
				<bibl xml:id="shelfmark">DLC</bibl>
				<bibl xml:id="recipient">Mr Robert Napier</bibl>
				<bibl xml:id="where">Burnbank Road, Hamilton</bibl>
				<bibl xml:id="date">1865-06-24</bibl>
				<bibl xml:id="ccnumber">1756</bibl>
			</sourceDesc>
		</fileDesc>
		<profileDesc>
			<langUsage>
				<language ident="en">English</language>
			</langUsage>
			<handNotes>
				<handNote xml:id="hand01">Scribe: Unknown</handNote>
			</handNotes>
		</profileDesc>
		<revisionDesc>
			<change>
				<date>2007-04-24</date>
				<name xml:id="SM">Sharon Messenger</name>Initial Transcription by Sharon Messenger
			</change>
		</revisionDesc>
	</teiHeader>

	<text xmlns:tei="http://www.tei-c.org/ns/1.0">
		<body xml:lang="en">
			<div>
<lb/><p>

	<pb n="0001" facs="liv_002349_0001"/><!--pb/@n='1r'-->
<lb/><placeName>Burnbank Road</placeName></p>
<lb/><p><placeName>Hamilton</placeName></p>
<lb/><p>24 June 1865</p>
<lb/><p>My dear<persName> M<hi rend="sup"><hi rend="underline">r</hi></hi>Napier</persName></p>
<lb/><p>I thank you 
<lb/>very much for kindly 
<lb/>remembering me 
<lb/>in the Launch and 
<lb/>trial trip. I shall 
<lb/>be unable to avail 
<lb/>myself the pleasure 
<lb/>of seeing the launch 
<lb/>but I should like 
<lb/><!-- TODO SM: Is this an addSpan? If so, it needs to be coded as such. written along left hand side of first page - MH -->mention only to friends who can 
<w>appre-<lb break="no"/>ciate</w> them. I am your 
<lb/><persName>David Livingstone</persName>

	<pb n="0002" facs="liv_002349_0002"/><!--pb/@n='1v'-->
<lb/>the last duty<reg>.</reg> o her yesterday 
<lb/>Tell <persName>M<hi rend="underline">rs</hi> Napier</persName>that the 
<lb/>great change appeared only 
<lb/>an hour before the dose 
<lb/>in quicker breathing. My 
<lb/><persName>sister</persName> said. "I think the 
<lb/>Saviour has come 
<lb/>for your mother. You 
<lb/>can lippon yourself to 
<lb/>him." "Oh yes she said 
<lb/>in a way that only we 
<lb/>Scotch can understand 
<lb/>gave a last look to our 
<lb/>little girl &amp; send " bonnie 
<lb/>wee lassie" closed her 
<lb/>eyes &amp; soon all was still. We are thankful 
<lb/>to believe that she is safe 
<lb/>in the haven of mercy 
<lb/>These little things we </p>
			
</div>
		</body>
	</text></TEI>