<?xml version="1.0" encoding="UTF-8"?>
<!--Converted from a TEI P4 XML file to the LEAP TEI P5 Schema by James Cummings on 2015-03-02-->
<?xml-model href="http://livingstoneonline.github.io/LEAP-ODD/leap.rng" type="application/xml" schematypens="http://relaxng.org/ns/structure/1.0"?>
<?xml-model href="http://livingstoneonline.github.io/LEAP-ODD/leap.rng" type="application/xml" schematypens="http://purl.oclc.org/dsdl/schematron"?>
<?xml-stylesheet type="text/xsl" href="http://livingstoneonline.github.io/LEAP-XSLT/transcription.xsl"?>
<TEI xmlns="http://www.tei-c.org/ns/1.0" xml:id="liv_001988">
	<teiHeader xmlns:tei="http://www.tei-c.org/ns/1.0">
		<fileDesc>
			<titleStmt>
				<title/>
				<author xml:id="DL">David Livingstone</author>
			</titleStmt>
			<publicationStmt>
				<authority>Livingstone Online</authority>
				<pubPlace>London</pubPlace>
				<date>2008-10-13</date>
				<publisher>Wellcome Centre for the History of Medicine, UCL</publisher>
				<idno type="LEAP-ID">liv_001988</idno>
			</publicationStmt>
			<sourceDesc>
				<bibl xml:id="ccnumber">1417</bibl>
			</sourceDesc>
		</fileDesc>
		<profileDesc>
			<langUsage>
				<language ident="en">English</language>
			</langUsage>
			<handNotes>
				<handNote xml:id="hand01">Scribe: Unknown</handNote>
			</handNotes>
		</profileDesc>
		<revisionDesc>
			<change>
				<date>2008-10-13</date>
				<name xml:id="initials">SM</name>Initial Transcription by Sharon Messenger
			</change>
		</revisionDesc>
	</teiHeader>

	<text xmlns:tei="http://www.tei-c.org/ns/1.0">
		<body xml:lang="en">
			<div>

	<pb n="0001" facs="liv_001988_0001"/><!--pb/@n='01'-->
<lb/><p rend="right"><placeName>River Shire</placeName> 26<hi rend="underline"><hi rend="sup">th</hi></hi> Dec<hi rend="sup">r</hi>
<lb/>1863 </p>
<lb/><p>My Dear Tom</p>
<lb/><p>I was very 
<lb/>much concerned to hear of 
<lb/>your illness, but could 
<lb/>only commit you into the 
<lb/>gracious care &amp; keeping 
<lb/>of our merciful creator. 
<lb/><choice><reg>T</reg><orig>t</orig></choice>his you must do for 
<lb/>yourself and then it will 
<lb/>be with you in life 
<lb/>and in death. </p>
			
</div>
		</body>
	</text></TEI>