<?xml version="1.0" encoding="UTF-8"?>
<!--Converted from a TEI P4 XML file to the LEAP TEI P5 Schema by James Cummings on 2015-03-02-->
<?xml-model href="http://livingstoneonline.github.io/LEAP-ODD/leap.rng" type="application/xml" schematypens="http://relaxng.org/ns/structure/1.0"?>
<?xml-model href="http://livingstoneonline.github.io/LEAP-ODD/leap.rng" type="application/xml" schematypens="http://purl.oclc.org/dsdl/schematron"?>
<?xml-stylesheet type="text/xsl" href="http://livingstoneonline.github.io/LEAP-XSLT/transcription.xsl"?>
<TEI xmlns="http://www.tei-c.org/ns/1.0" xml:id="liv_001836">
	<teiHeader xmlns:tei="http://www.tei-c.org/ns/1.0">
		<fileDesc>
			<titleStmt>
				<title/>
				<author xml:id="DL">David Livingstone</author>
			</titleStmt>
			<publicationStmt>
				<authority>Livingstone Online</authority>
				<pubPlace>London</pubPlace>
				<date/>
				<publisher>Wellcome Centre for the History of Medicine, UCL</publisher>
				<idno type="LEAP-ID">liv_001836</idno>
			</publicationStmt>
			<sourceDesc>
				<bibl xml:id="shelfmark">1282</bibl>
				<bibl xml:id="date">19-01-2010</bibl>
			</sourceDesc>
		</fileDesc>
		<profileDesc>
			<langUsage>
				<language ident="en">English</language>
			</langUsage>
		</profileDesc>
		<revisionDesc>
			<change>
				<date>19-01-2010</date>
				<name xml:id="SM">Sharon Messenger</name>Transcribed by Sharon Messenger
			</change>
		</revisionDesc>
	</teiHeader>

	<text xmlns:tei="http://www.tei-c.org/ns/1.0">
		<body xml:lang="en">
			<div>

	<pb n="0001" facs="liv_001836_0001"/><!--pb/@n='01'-->
<lb/><p rend="right"><placeName>Johanna</placeName> 21<hi rend="sup"><hi rend="underline">st</hi></hi> Oct<hi rend="sup">r</hi></p>
<lb/><p>P.S. We went up a few 
<lb/>miles after coming back 
<lb/>to the ship to get ebony 
<lb/>which grows abundantly 
<lb/>on the <placeName>Rovuma</placeName>, and 
<lb/>when returning I saw 
<lb/>a hippopotamus put 
<lb/>his head up right in 
<lb/>our way in a narrow 
<lb/>channel - several 
<lb/>others were a few 
<lb/>yards to the left, and 
<lb/>I said to <persName>D<hi rend="underline"><hi rend="sup">r</hi></hi> Kirk</persName>
<lb/>that fellow seems 
<lb/>waiting for us 

	<pb n="0002" facs="liv_001836_0002"/><!--pb/@n='02'-->
<lb/>the boat went right 
<lb/>over him and he 
<lb/>put up his head a 
<lb/>few yards behind us. 
<lb/>Then in under us 
<lb/>and lifted a big boat 
<lb/>with ten men and 
<lb/>about a ton of ebony 
<lb/>in it - giving it two 
<lb/>tremendous bumps - 
<lb/>as the water began 
<lb/>to flow in we ran 
<lb/>over to a sand bank 
<lb/>with her to see what 
<lb/>damage had been done 

	<pb n="0003" facs="liv_001836_0003"/><!--pb/@n='03'-->
<lb/>the beast followed 
<lb/>and <persName>D<hi rend="sup"><hi rend="underline">r</hi></hi> Kirk</persName> put a 
<lb/>bullet into his ear 
<lb/>which probably gave 
<lb/>him the earache<reg>.</reg>
<lb/>We found that he 
<lb/>had tried to bite 
<lb/>the boat but it was 
<lb/>too broad &amp; slipped 
<lb/>out of his mouth 
<lb/>the tusks cut some 
<lb/>planks like a chisel 
<lb/>&amp; made some holes 
<lb/>besides. We went 
<lb/>next day thinking 
<lb/>to get his head for 

	<pb n="0004" facs="liv_001836_0004"/><!--pb/@n='04'-->
<lb/><persName>M<hi rend="underline"><hi rend="sup">r</hi></hi>Fitch</persName>
<lb/>but he had 
<lb/>left that part and 
<lb/>all his worthy family 
<lb/>had followed him. 
<lb/>We made some repairs 
<lb/>in the ship then 
<lb/>steamed over to 
<lb/><placeName>Mohilla</placeName> in two days 
<lb/>&amp; yesterday 20<hi rend="sup"><hi rend="underline">th</hi></hi> Oct <hi rend="underline"><hi rend="sup">th</hi></hi>
<lb/>came to <placeName>Johanna</placeName>
<lb/>whence this will be sent 
<lb/>by a dhow owned by 
<lb/>a Malagasse man to 
<lb/><placeName>Mayotta</placeName> &amp; I hope it will 
<lb/>reach you safely<reg>.</reg></p>
<lb/><p rend="center"><persName>David Livingstone</persName></p>
			
</div>
		</body>
	</text></TEI>