<?xml version="1.0" encoding="UTF-8"?>
<!--Converted from a TEI P4 XML file to the LEAP TEI P5 Schema by James Cummings on 2015-03-02-->
<?xml-model href="http://livingstoneonline.github.io/LEAP-ODD/leap.rng" type="application/xml" schematypens="http://relaxng.org/ns/structure/1.0"?>
<?xml-model href="http://livingstoneonline.github.io/LEAP-ODD/leap.rng" type="application/xml" schematypens="http://purl.oclc.org/dsdl/schematron"?>
<?xml-stylesheet type="text/xsl" href="http://livingstoneonline.github.io/LEAP-XSLT/transcription.xsl"?>
<TEI xmlns="http://www.tei-c.org/ns/1.0" xml:id="liv_002285">
	<teiHeader xmlns:tei="http://www.tei-c.org/ns/1.0">
		<fileDesc>
			<titleStmt>
				<title>Blantyre Letter to James Hamilton  </title>
				<author xml:id="DL">David Livingstone</author>
			</titleStmt>
			<publicationStmt>
				<authority>Livingstone Online</authority>
				<pubPlace>London</pubPlace>
				<date>2008-06-30</date>
				<publisher>Wellcome Centre for the History of Medicine, UCL</publisher>
				<idno type="LEAP-ID">liv_002285</idno>
			</publicationStmt>
			<sourceDesc>
				<bibl xml:id="ccnumber">1697</bibl>
			</sourceDesc>
		</fileDesc>
		<profileDesc>
			<langUsage>
				<language ident="en">English</language>
			</langUsage>
			<handNotes>
				<handNote xml:id="hand01">Scribe: Unknown</handNote>
			</handNotes>
		</profileDesc>
		<revisionDesc>
			<change>
				<date>2008-06-30</date>
				<name xml:id="SM">Sharon Messenger</name>Initial Transcription by Sharon Messenger
			</change>
		</revisionDesc>
	</teiHeader>

	<text xmlns:tei="http://www.tei-c.org/ns/1.0">
		<body xml:lang="en">
			<div>

	<pb n="0001" facs="liv_002285_0001"/><!--pb/@n='01'-->
<lb/><p rend="right"><placeName>8 Dover St</placeName>
<lb/><placeName>Piccadilly</placeName>4 May 1865  </p>
<lb/><p>My Dear <persName>D<hi rend="underline"><hi rend="sup">r</hi></hi>Hamilton</persName></p>
<lb/><p>Will you kindly 
<lb/>forward this note 
<lb/>to <persName>M<hi rend="sup"><hi rend="underline">r</hi></hi>Brodie</persName>? </p>
<lb/><p>A gentleman called <persName>Robert 
<lb/>Arthington</persName>of 
<lb/><placeName>Leeds</placeName>wishes to 
<lb/>make an effort 
<lb/>to introduce the 
<lb/>bible into <placeName>Angola</placeName>

	<pb n="0002" facs="liv_002285_0002"/><!--pb/@n='02'-->
<lb/>He has been led to 
<lb/>this from reading 
<lb/>my account of 
<lb/>that country. He 
<lb/>seems of a very 
<lb/>ardent temperament 
<lb/>uses the word Hallelujah! in his 
<lb/>letters and is 
<lb/>possessed of 
<lb/>means. I don<reg>'</reg>t 
<lb/>know him at 
<lb/>all more than he 
<lb/>sometimes writes 
<lb/>to me, and in the 
<lb/>course he proposed 
<lb/>to adopt I feared 

	<pb n="0003" facs="liv_002285_0003"/><!--pb/@n='03'-->
<lb/>that he might lose a 
<lb/>deal of money &amp; do 
<lb/>no good. I therefore 
<lb/>advised caution 
<lb/>in dealing with the 
<lb/>Portuguese. This 
<lb/>advice he has 
<lb/>taken in good spirit 
<lb/>and now asks me 
<lb/>to tell him what 
<lb/>salary outfit 
<lb/>passage money &amp;c 
<lb/>ought to be given 
<lb/>to a man who 
<lb/>has been agent for 
<lb/>British &amp; F. Bible 
<lb/>Society who proposed 
<lb/>to settle at <placeName>Loanda</placeName>

	<pb n="0004" facs="liv_002285_0004"/><!--pb/@n='04'-->
<lb/>I advise him now 
<lb/>to apply to <persName>M<hi rend="underline"><hi rend="sup">r</hi></hi>Silva</persName>
<lb/>through your elder 
<lb/>and tell him that 
<lb/>I don<reg>'</reg>t know any 
<lb/>thing of <persName>Silvas</persName> religious 
<lb/>feelings but that 
<lb/>the Portuguese 
<lb/>generally have very 
<lb/>weak religious 
<lb/>convictions and 
<lb/>I have given him 
<lb/><persName>M<hi rend="sup">r</hi> Brodies</persName> card 
<lb/>with the assurance 
<lb/>that he will have 
<lb/>christian sympathy 
<lb/>with him. The 
<lb/>card is gone and 
<lb/><addSpan spanTo="#p01-01" place="marginleft"><!--addSpan/@place='left hand margin'--></addSpan>not knowing <persName>M<hi rend="sup">r</hi>Brodies</persName>address 
<lb/>I venture to trouble you<reg>.</reg>With kind 
<lb/>regards to 
<lb/><persName>M<hi rend="sup"><hi rend="underline">rs</hi></hi>H</persName> &amp; 
<lb/>family 
<lb/><persName>David Livingstone</persName></p><anchor xml:id="p01-01"/><addSpan spanTo="#p02-01" place="marginleft"><!--addSpan/@place='left hand margin'--></addSpan>
<lb/><p><persName>Sir Roderick</persName>had a thousand at 
<lb/>his reception last night<reg>.</reg>
<lb/><anchor xml:id="p02-01"/><addSpan spanTo="#p03-01" place="marginleft"><!--addSpan/@place='left hand margin'--></addSpan>Everybody was there &amp; <persName>D<hi rend="underline"><hi rend="sup">r</hi></hi>Beke</persName>
<lb/>the <unclear cert="low">would</unclear> be source of the <placeName>Nile</placeName> man<reg>.</reg></p><anchor xml:id="p03-01"/>
			
</div>
		</body>
	</text></TEI>