<?xml version="1.0" encoding="UTF-8"?>
<!--Converted from a TEI P4 XML file to the LEAP TEI P5 Schema by James Cummings on 2015-03-02-->
<?xml-model href="http://livingstoneonline.github.io/LEAP-ODD/leap.rng" type="application/xml" schematypens="http://relaxng.org/ns/structure/1.0"?>
<?xml-model href="http://livingstoneonline.github.io/LEAP-ODD/leap.rng" type="application/xml" schematypens="http://purl.oclc.org/dsdl/schematron"?>
<?xml-stylesheet type="text/xsl" href="http://livingstoneonline.github.io/LEAP-XSLT/transcription.xsl"?>
<TEI xmlns="http://www.tei-c.org/ns/1.0" xml:id="liv_000461">
	<teiHeader xmlns:tei="http://www.tei-c.org/ns/1.0">
		<fileDesc>
			<titleStmt>
				<title/>
				<author xml:id="DL">David Livingstone</author>
			</titleStmt>
			<publicationStmt>
				<authority>Livingstone Online</authority>
				<pubPlace>London</pubPlace>
				<date>2008-10-06</date>
				<publisher>Wellcome Centre for the History of Medicine, UCL</publisher>
				<idno type="LEAP-ID">liv_000461</idno>
			</publicationStmt>
			<sourceDesc>
				<bibl xml:id="ccnumber">0007</bibl>
			</sourceDesc>
		</fileDesc>
		<profileDesc>
			<langUsage>
				<language ident="en">English</language>
			</langUsage>
			<handNotes>
				<handNote xml:id="hand01">Scribe: Unknown</handNote>
			</handNotes>
		</profileDesc>
		<revisionDesc>
			<change>
				<date>2008-10-06</date>
				<name xml:id="initials">SM</name>Initial Transcription by Sharon Messenger
			</change>
		</revisionDesc>
	</teiHeader>

	<text xmlns:tei="http://www.tei-c.org/ns/1.0">
		<body xml:lang="en">
			<div>

	<pb n="0001" facs="liv_000461_0001"/><!--pb/@n='1r'-->
<lb/><p>Dear Sir </p>
<lb/><p>As the different courses of 
<lb/>lectures delivered at <placeName>Charing Cross Hospital</placeName> are soon 
<lb/>to terminate for the season, and no clinical 
<lb/>lectures being given there during the summer 
<lb/>months, it was thought desirable that I should 
<lb/>have an opportunity of witnessing the practice &amp; 
<lb/>attending the clinical lectures of some other 
<lb/>hospital - </p>
<lb/><p><placeName>St Bartholomew's</placeName> being the most 
<lb/>eligible for that purpose, both on account 
<lb/>of its situation and other lectures in addition 
<lb/>to the clinical, such as Midwifery &amp; the diseases 
<lb/>of women and children, Medical physics, Botany &amp;c<reg>.</reg>
<lb/><persName>D<hi rend="sup">r</hi> J.B. Bennet</persName>, through whose influence, admission 
<lb/>to the hospital at <placeName>Charing Cross</placeName> was gratuitously 
<lb/>afforded, endeavoured to procure the same 
<lb/>at <placeName>Bartholomew's</placeName> but the authorities there 
<lb/>having taken his request into consideration 
<lb/>resolved that missionary students should not 

	<pb n="0002" facs="liv_000461_0002"/><!--pb/@n='1v'-->
<lb/>now as formerly be admitted <hi rend="underline">gratis</hi>, but that 
<lb/>admission to at least one department of the hospital 
<lb/>should be purchased &amp; if so then all the other 
<lb/>advantages of the hospital are to the thrown open 
<lb/>to them - </p>
<lb/><p>Hoping, that my requesting  <del type="strikethrough">for</del> the fee for 
<lb/>the medical practice, which is the lowest on 
<lb/>the list, will not be considered an <del type="strikethrough">unnecessary</del><add place="above">unnecessary</add>
<lb/>demand on the funds of the society<reg>.</reg></p>
<lb/><p rend="center">I beg leave </p>
<lb/><p rend="center">to subscribe myself </p>
<lb/><p rend="center">yours sincerely </p>
<lb/><p rend="center"><persName>D Livingston</persName></p>
<lb/><p> P.S. the advantages cannot be transferred 
<lb/>nor can we pay the fee for a shorter period 
<lb/>than 9 months<reg>.</reg></p>

	<pb n="0003" facs="liv_000461_0003"/><!--pb/@n='2r'-->
<lb/><p><persName>Rev <hi rend="underline"><hi rend="sup">d</hi></hi> A. Tidman</persName>
<lb/><placeName>Mission House</placeName></p>
			
</div>
		</body>
	</text></TEI>