<?xml version="1.0" encoding="UTF-8"?>
<!--Converted from a TEI P4 XML file to the LEAP TEI P5 Schema by James Cummings on 2015-03-02-->
<?xml-model href="http://livingstoneonline.github.io/LEAP-ODD/leap.rng" type="application/xml" schematypens="http://relaxng.org/ns/structure/1.0"?>
<?xml-model href="http://livingstoneonline.github.io/LEAP-ODD/leap.rng" type="application/xml" schematypens="http://purl.oclc.org/dsdl/schematron"?>
<?xml-stylesheet type="text/xsl" href="http://livingstoneonline.github.io/LEAP-XSLT/transcription.xsl"?>
<TEI xmlns="http://www.tei-c.org/ns/1.0" xml:id="liv_001409">
	<teiHeader xmlns:tei="http://www.tei-c.org/ns/1.0">
		<fileDesc>
			<titleStmt>
				<title>Letter to Sir George Grey Held in Auckland City Archives</title>
				<author xml:id="DL">David Livingstone</author>
			</titleStmt>
			<publicationStmt>
				<authority>Livingstone Online</authority>
				<pubPlace>London</pubPlace>
				<date>2010-04-20</date>
				<publisher>Wellcome Centre for the History of Medicine, UCL</publisher>
				<idno type="LEAP-ID">liv_001409</idno>
			</publicationStmt>
			<sourceDesc>
				<bibl xml:id="shelfmark">CL L30 (5)</bibl>
				<bibl xml:id="ccnumber">0875.3</bibl>
			</sourceDesc>
		</fileDesc>
		<profileDesc>
			<langUsage>
				<language ident="en">English</language>
			</langUsage>
			<handNotes>
				<handNote xml:id="hand01">Scribe: Unknown</handNote>
			</handNotes>
		</profileDesc>
		<revisionDesc>
			<change>
				<date>2010-05-20</date>
				<name xml:id="SM">Sharon Messenger</name>Intial Transcription by Sharon Messenger
			</change>
		</revisionDesc>
	</teiHeader>

	<text xmlns:tei="http://www.tei-c.org/ns/1.0">
		<body xml:lang="en">
			<div>

	<pb n="0001" facs="liv_001409_0001"/><!--pb/@n='1r'-->
<lb/><p rend="center"> Pater Noster </p>
<lb/><p>Baba nato ga adi cu zuru, </p>
<lb/><p>zina raco racara nambire </p>
<lb/><p>Rize cuna ifeézico raco nabxitue </p>
<lb/><p>cubanza cuaco; cudia cuato cuassico </p>
<lb/><p>zonze passi rero; tine reca </p>
<lb/><p>nhamanzaua nato niga iueé cucundua </p>
<lb/><p>na pando zato, ti purumusse cha 
<lb/>cuipa.</p>
<lb/><p rend="center">Signal da cruz </p>
<lb/><p>sa bua zindiquiro ea Santa </p>
<lb/><p>cruzu, ti- purumusse Murango </p>
<lb/><p>biua mato, papando zato: </p>
<lb/><p>zina na Baba na na Muana </p>
<lb/><p>Espititu Santo. </p>
<lb/><p rend="center">Ave Maria </p>
<lb/><p>Ave Maria adazara na graca </p>
<lb/><p>buia ana ineé dineé nhacus'un-</p>
<lb/><p>buanta mi acazi ni - </p>
<lb/><p>mussapo ua mimba muaco - </p>
<lb/><p rend="center">Santa Maria </p>
<lb/><p>Santa Maria Mama ma </p>
<lb/><p>Morungo - teromberere ifeé </p>
<lb/><p>uanhandambi, Sico e areéro </p>
<lb/><p>uaia cufa - Amen Jesu. </p>

	<pb n="0002" facs="liv_001409_0002"/><!--pb/@n='1v'-->
<lb/><p rend="center">Credo </p>
<lb/><p>(Tini ziba Morungo Baba mpamfu 
<lb/>zonse, Nyakotsika ku zuru na 
<lb/>nanze. ) "Pa Jesu christo bozeéka 
<lb/>nache Muana, Moene peéra; a da 
<lb/>sausua na Poncio Pilato, a da 
<lb/>comeédua pa cruzu; a da fa; 
<lb/>adazikua; a da sika mu - 
<lb/>Zinferno; sika iasitta, a da 
<w>ra-<lb break="no"/>muka,</w> a dakuira kuzuru: a da kara 
<lb/>zanja radide ea Morungo Baba" (mpamfu 
<lb/>zonse) Nyamukonza bzose ati 
<lb/>ara-pambure vacupeénia, na va kueéfa. </p>
<lb/><p>Tini zibapa Espirito Santo, 
<lb/>So<!--mike symbol-->c<!--mike symbol-->r<!--mike symbol-->c<!--mike symbol-->to tenija kutandizana pa na 
<lb/>santo: Koombodua pamdambi kuramu 
<lb/>kanco kuanyama. cushira miaca 
<lb/>na miaca iaua Muana. Espirito santo 
<lb/>Amen Jesu. </p>
<lb/><p>Note. The Lord's prayer as taken from the 
<lb/>lips of some blind women was more 
<lb/>defective than the foregoing but words 
<lb/>were supplied by Messrs <persName>Pascoal Candido</persName>, 
<lb/>and <persName>Secard</persName> - "cucumbuca = temptation is 
<lb/>something other altogether. The spelling is according 
<lb/>to the Portuguese mode of writing except in the 
<lb/>creed which I have altered a little. I was anxious 
<lb/>to get the exact words used by the Jesuit Fathers 
<lb/>in order to ascertain whether much change 
<lb/>has taken place in the language. I question 
<lb/>if this can be successfully done except 
<lb/>by the pointed examples which are probably 
<lb/>to be found in the Library at <placeName>Goa.</placeName></p>

	<pb n="0003" facs="liv_001409_0003"/><!--pb/@n='2r'-->
<lb/><p>In the creed the words in brackets were 
<lb/>unknown to the blind women. (I believe 
<lb/>(tini ziba or zina) or know God the Father 
<lb/>Almighty Maker of Heaven &amp; Earth) And 
<lb/>again the word "Almighty" farther on. No one 
<lb/>guesses the derivation of " Sôcôrôcôto" 
<lb/>I add <persName>M<hi rend="underline"><hi rend="sup">r</hi></hi> Candido's</persName> translation of the 
<lb/>Lords Prayer for comparison. </p>
<lb/><p> Baba nato uri kuzuru: 
<lb/>Narissimbua dipozinarako; 
<lb/>Garize kuna ifé. Ziko rano 
<lb/>Nabshitue ku banza cuano, zibodze 
<lb/>naziko momue na ku zuru. 
<lb/>Sima iato iansiko zonze. passane 
<lb/>ifeé eéreéro. Tirikue afe mangana 
<lb/>ato, moniui dashita ifeé na 
<lb/>va- nyamangana ato. Garekue 
<lb/>cuti-reca kugua na ku pumbzika 
<lb/><del type="strikethrough">tipuru</del> Tiperimusseéne zakuipa 
<lb/>bzonze. Amen. </p>
<lb/><p>I add a translation in the 
<lb/>dialect of Senna by <persName>S<hi rend="sup"><hi rend="underline">r</hi></hi> Ferraéo</persName>
<lb/>of that villa. </p>
<lb/><p>Baba mato ari kuzuru; 
<lb/>Barikari na-bire zina rako; 
<lb/>Za kuno kuna ifeé pani kuako 
<lb/>panse pano- ningo ku zuru 
<lb/>kudia kuato kuassiko zonze 
<lb/>ti passe neéro: Terekuirere 
<lb/>mangaua ato ninga ife, </p>

	<pb n="0004" facs="liv_001409_0004"/><!--pb/@n='2v'-->
<lb/><p>tina marika a nyamangauato: 
<lb/>Ukate rekuize kugua munadame, 
<lb/>sono ti purumusse pia kuipapionse 
<lb/>Amen Jesu </p>
<lb/><p>The same with interlinear translation into 
<lb/>Portuguese by <persName>S<hi rend="underline"><hi rend="sup">r</hi></hi> Ferraoá</persName></p>
<lb/><p>Baba nato aru ku zuru; 
<lb/>tai nosso esta em cima; 
<lb/>Barikari na bire zina rako; 
<lb/>fique com louvor o nome tui: 
<lb/>Za kuno kuma ifeá panse paso 
<lb/>Nindi aquicom nosco naterra tui 
<lb/>bapishitue ku banza kuako panse paso 
<lb/>Nindi aquicom nosco naterra tui 
<lb/>bapisitue ku banza kuako panse pano 
<lb/>fac - se a voutade tua naterra aqui 
<lb/>
ningo kuzuru. Kudia kuato 
<w>ku-<lb break="no"/>com</w> em Cima: Comer nosso de 
<lb/>-anziko zouze, ti passe rero 
<lb/>dias todas nosvda 
<w>oji-<lb break="no"/>ti</w> rekuinere mangava ato, 
<lb/>nos despences devidas nossas 
<lb/>ninga ifeá tina marika 
<lb/>como nos nos despencinos 
<lb/>anyamangava ato - Nkate rekuize 
<lb/>osdevidores nossos, Naoános deixe 
<lb/>kugua mundambe, sono ti 
<lb/>cair em culpa Mais nos 
<lb/>purumusse pia kuipa piouse 
<lb/>livrai de mal todo </p>
<lb/><p rend="right">Amen Jesu </p>
<lb/><p rend="center"><placeName>River Shire</placeName> 5 June 1859 </p>
<lb/><p rend="center"><persName>David Livingstone</persName></p>
			
</div>
		</body>
	</text></TEI>