<?xml version="1.0" encoding="UTF-8"?>
<?xml-model href="http://livingstoneonline.github.io/LEAP-ODD/leap.rng" type="application/xml" schematypens="http://relaxng.org/ns/structure/1.0"?>
<?xml-model href="http://livingstoneonline.github.io/LEAP-ODD/leap.rng" type="application/xml" schematypens="http://purl.oclc.org/dsdl/schematron"?>
<?xml-stylesheet href="http://livingstoneonline.github.io/LEAP-XSLT/transcription-final-MS-bonus.xsl" type="text/xsl"?><!-- -->
<TEI xmlns="http://www.tei-c.org/ns/1.0" xml:id="liv_000066">
    <teiHeader>
        <fileDesc>
            <titleStmt>
                <title>Fragment of Field Diary XII</title>
                <title type="alternative">Fragment of Field Diary XII, 24-28 December 1868</title>
				<author>David Livingstone</author>
                <principal>Adrian S. Wisnicki</principal>
                <principal>Megan Ward</principal>
                <respStmt xml:id="AW">
                    <name>Adrian S. Wisnicki</name>
                    <resp>Transcription</resp>
                    <resp>TEI Encoding</resp>
                    <resp>Editorial Decisions</resp>
					<resp>Proofing</resp>
					<resp>Encoding Review</resp>
                </respStmt>
                <respStmt xml:id="HB">
                    <name>Heather F. Ball</name>
                    <resp>Transcription</resp>
                    <resp>TEI Encoding</resp>
                    <resp>Editorial Decisions</resp>
					<resp>Proofing</resp>
                    <resp>Encoding Review</resp>
					<resp>Quality Control and Integration</resp>
                </respStmt>
            </titleStmt>
            <publicationStmt>
                <authority>Livingstone Online</authority>
                <publisher>University of Maryland Libraries</publisher>
                <pubPlace>College Park, MD, USA</pubPlace>
                <date>2017</date>
				<idno type="LEAP-ID">liv_000066</idno>
            </publicationStmt>
            <sourceDesc>
                <msDesc>
                    <msIdentifier>
                        <country>United Kingdom</country>
                        <settlement>London</settlement>
                        <repository>Wellcome Institute for the History of Medicine. Library</repository>
                        <idno type="shelfmark">67551</idno>
                        <altIdentifier>
                            <idno type="ccnumber">Field Diaries, 25b</idno>
                        </altIdentifier>
                    </msIdentifier>
                    <physDesc>
                        <handDesc>
                            <handNote xml:id="U"><label>Unknown Hand</label> This hand is unknown
                                but thought not David Livingstone's.</handNote>
                        </handDesc>
                    </physDesc>
                </msDesc>
                <bibl type="sourceMetadata">
                    <title>Fragment of Field Diary XII</title>
                    <author xml:id="DL">David Livingstone</author>
                    <date type="composition" from="1868-12-24" to="1868-12-28">24-28 December 1868</date>
                </bibl>
            </sourceDesc>
        </fileDesc>
        <profileDesc>
            <langUsage>
                <language ident="en">English</language>
            </langUsage>
        </profileDesc>
        <revisionDesc>
            <change when="2017-06-06" who="#AW">Proofing and finalization</change>
            <change when="2017-06-03" who="#HB">Transcription and TEI encoding</change>
        </revisionDesc>
    </teiHeader>

    <text>
        <body n="dbd7d2">
            <div rend="gray">
			    
    <pb facs="liv_000066_0001" n="0001"/>
<lb/><figure><figDesc>Calculations related to <placeName><geogName type="rivulet">Kivina Rivulet</geogName></placeName> near <placeName><geogName type="mountain">Kalanga Mountain</geogName></placeName>. The calculations continue from the previous page.</figDesc></figure>
<lb/><milestone unit="section" rend="double-line"/>
<lb/><p rend="no-indent"><space extent="2" unit="chars"/><date when="1868-12-24">24<hi rend="sup">th</hi> <choice><abbr>Dec<hi rend="sup underline">r</hi></abbr><expan>December</expan></choice> 1868</date> Five people
<lb/>sick detain us today -</p>
<lb/><milestone unit="section" rend="double-line"/>
<lb/><p><date when="1868-12-25">25<hi rend="sup underline">th</hi></date> Christmas day - we
<lb/>cannot get any food save
<lb/>the coarsest to buy - not
<lb/>a <term type="animal">fowl</term> nor a <term type="animal">goat</term> - <persName><choice><orig>Syde</orig><reg>Said</reg></choice></persName>
<lb/>&amp; <persName>Mpamari</persName> having
<lb/>plenty of copper can buy
<lb/><term type="plant_foodstuff">whey</term> we cannot - March
<lb/><measure>2 <choice><orig>½</orig><reg>1/2</reg></choice> hours <choice><abbr>N E</abbr><expan>Northeast</expan></choice></measure> &amp; over the
<lb/>prolongation of <placeName><geogName type="mountain">Kalanga <choice><abbr>mt</abbr><expan>mountain</expan></choice></geogName></placeName>
<lb/>which is <measure>over 2000 feet above
<lb/><placeName><geogName type="mountain">Lofunso</geogName></placeName></measure> - rocks coarse grey
<lb/>sandstone with boulders of
<lb/>Porphyry - to <placeName><geogName type="mountain">Kapeta</geogName></placeName> or <placeName><geogName type="mountain"><w>Ka<add place="below">sangolo</add></w></geogName></placeName></p>
<lb/><p><choice><sic>a</sic><corr>A</corr></choice> <orgName>trading party</orgName> came to
<lb/>us from <placeName><settlement type="town">Ujiji</settlement></placeName> - &amp; report
<lb/>that two <term type="nationality">English</term> steamers
<lb/>are on <placeName><geogName type="lake">Lake Chow-ambe</geogName></placeName>
<lb/>a <bibl>letter</bibl> came to <placeName><settlement type="town">Ujiji</settlement></placeName> 3
<lb/>months ago from <persName>Abdullah
<lb/>bin Salem</persName> the <orgName><term type="faith">Muhamadan</term>
<lb/><term type="occupation">missionary</term></orgName> at <placeName><region><persName>Mtesa</persName>'s</region></placeName>
<lb/>with this information - a
<lb/>steamer &amp; boat in tow -
<lb/><placeName><geogName type="lake">Tanganyika</geogName></placeName> water goes through
<lb/>at <placeName><geogName type="river">Uviri</geogName></placeName> to <placeName><geogName type="lake">Cowambe</geogName></placeName></p>

    <pb facs="liv_000066_0002" n="0002"/>
<lb/><p rend="no-indent"><date when="1868-12-26">26<hi rend="sup">th</hi> <choice><abbr>Dec<hi rend="sup underline">r</hi></abbr><expan>December</expan></choice> 1868</date> <choice><sic>marched</sic><corr>Marched</corr></choice>
<lb/>up from <placeName><geogName type="river">Kapeta <choice><abbr>R<hi rend="sup">r</hi></abbr><expan>River</expan></choice></geogName></placeName> <measure>2 <choice><orig>½</orig><reg>1/2</reg></choice> <w>hou<supplied cert="high">rs</supplied></w></measure>
<lb/>to top of one of the ridges which
<lb/>run nearly <choice><abbr>N &amp; S</abbr><expan>North &amp; South</expan></choice> - then <measure>3</measure>
<lb/>on this flat top to a roaring
<lb/>rivulet at <placeName><settlement type="village"><add place="above"><placeName><geogName type="river">Kibowe</geogName></placeName></add> villages</settlement></placeName> - no people
<lb/>between though country is
<lb/>very fine and now everything
<lb/>is green and gay with various
<lb/>shades of the same colour
<lb/>passed through patches of <term type="plant"><choice><orig>Brakens</orig><reg>Brackens</reg></choice></term>
<lb/>&amp; <term type="plant">gingers</term> 5 feet high - <seg type="weather">We are in a
<lb/>cloud all day &amp; now &amp; then a
<lb/>drizzle falls which does not
<lb/><choice><orig>shew</orig><reg>show</reg></choice> in the gauge = sun stars
<lb/>appear not</seg> - <unclear cert="medium"><placeName>Tambala</placeName></unclear> next</p>
<lb/><p rend="no-indent"><add place="marginleft"><date when="1868-12-27">27</date></add> <placeName><geogName type="river">Kibowe <choice><abbr>Rr</abbr><expan>River</expan></choice></geogName></placeName> in <placeName><unclear>Kambao</unclear></placeName></p>
<lb/><milestone unit="section" rend="line"/>
<lb/><p rend="no-indent">ʘ <date when="1868-12-27">27<hi rend="sup underline">th</hi></date> Remain over Sunday</p>
<lb/><milestone unit="section" rend="line"/>
<lb/><p rend="no-indent"><date when="1868-12-28">28<hi rend="sup underline">th</hi></date> Am wrong as to day of the
<lb/>month &amp; week but <unclear cert="medium">all</unclear> of the <orgName>Arabs</orgName>
<lb/>insist on this being Sunday
<lb/>five <orgName>slaves</orgName> escaped <date when="1868-12-27">last
<lb/>night</date> - one was beaten sorely
<lb/>for trying to get off by day -</p>
<lb/><p rend="no-indent"><space extent="2" unit="chars"/>March <measure><hi rend="double-underline">3</hi> hours North</measure> - cross
<lb/>5 <choice><abbr>Rts</abbr><expan>Rivulets</expan></choice> - <space unit="words" extent="1"/>2 of them <measure><measure>4 yards wide</measure>
<lb/>&amp; <measure>knee deep</measure></measure> = going to <placeName><geogName type="river">Lofunso</geogName></placeName>
<lb/>Grass covering paths now &amp;
<lb/><term type="plant"><choice><orig>brakens</orig><reg>brackens</reg></choice></term> 5 feet high - water in
<lb/>blobs lies on all the grass all day
<lb/>country <unclear cert="low">lowly</unclear> undulating <choice><abbr><hi rend="underline">w</hi></abbr><expan>with</expan></choice>
<lb/>ranges of hills on each side as far
<lb/>as the eye can reach - all</p>


            </div>
		</body>
    </text>
</TEI>