<?xml version="1.0" encoding="UTF-8"?>
<?xml-model href="http://livingstoneonline.github.io/LEAP-ODD/leap.rng" type="application/xml" schematypens="http://relaxng.org/ns/structure/1.0"?>
<?xml-model href="http://livingstoneonline.github.io/LEAP-ODD/leap.rng" type="application/xml" schematypens="http://purl.oclc.org/dsdl/schematron"?>
<?xml-stylesheet href="http://livingstoneonline.github.io/LEAP-XSLT/transcription-final-MS-bonus.xsl" type="text/xsl"?><!-- -->
<TEI xmlns="http://www.tei-c.org/ns/1.0" xml:id="liv_000073">
    <teiHeader>
        <fileDesc>
            <titleStmt>
                <title>Notes and Calculations for Field Diary XVII</title>
                <title type="alternative">Notes and Calculations for Field Diary XVII, 7-9 April 1873</title>
				<author>David Livingstone</author>
                <principal>Adrian S. Wisnicki</principal>
                <principal>Megan Ward</principal>
                <respStmt xml:id="AW">
                    <name>Adrian S. Wisnicki</name>
                    <resp>Transcription</resp>
                    <resp>TEI Encoding</resp>
                    <resp>Editorial Decisions</resp>
					<resp>Proofing</resp>
					<resp>Encoding Review</resp>
                </respStmt>
                <respStmt xml:id="HB">
                    <name>Heather F. Ball</name>
                    <resp>Transcription</resp>
                    <resp>TEI Encoding</resp>
                    <resp>Editorial Decisions</resp>
					<resp>Proofing</resp>
                    <resp>Encoding Review</resp>
					<resp>Quality Control and Integration</resp>
                </respStmt>
            </titleStmt>
            <publicationStmt>
                <authority>Livingstone Online</authority>
                <publisher>University of Maryland Libraries</publisher>
                <pubPlace>College Park, MD, USA</pubPlace>
                <date>2017</date>
				<idno type="LEAP-ID">liv_000073</idno>
            </publicationStmt>
            <sourceDesc>
                <msDesc>
                    <msIdentifier>
                        <country>United Kingdom</country>
                        <settlement>Blantyre</settlement>
                        <repository>David Livingstone Centre</repository>
                        <idno type="shelfmark">T0317</idno>
                        <altIdentifier>
                            <idno type="ccnumber"></idno>
                        </altIdentifier>
                    </msIdentifier>
                    <physDesc>
                        <handDesc>
                            <handNote xml:id="U"><label>Unknown Hand</label> This hand is unknown
                                but thought not David Livingstone's.</handNote>
                        </handDesc>
                    </physDesc>
                </msDesc>
                <bibl type="sourceMetadata">
                    <title>Notes and Calculations for Field Diary XVII</title>
                    <author xml:id="DL">David Livingstone</author>
                    <date type="composition" from="1873-04-07" to="1873-04-09">7-9 April 1873</date>
                </bibl>
            </sourceDesc>
        </fileDesc>
        <profileDesc>
            <langUsage>
                <language ident="en">English</language>
            </langUsage>
        </profileDesc>
        <revisionDesc>
            <change when="2017-06-06" who="#AW">Proofing and finalization</change>
            <change when="2017-06-05" who="#HB">Transcription and TEI encoding</change>
        </revisionDesc>
    </teiHeader>

    <text>
        <body n="cfd1d0">
            <div rend="gray">
			    
    <pb facs="liv_000073_0001" n="0001"/>
<lb/><figure><figDesc>Several sets of calculations, some oriented horizontally, some vertically.</figDesc></figure>

    <pb facs="liv_000073_0002" n="0002"/>
<lb/><cb n="1"/>
<lb/><p rend="no-indent"><add place="marginleft" hand="#U" rend="vertical">22</add> <space extent="1" unit="words"/><choice><sic>slept</sic><corr>Slept</corr></choice> on bank of the
<lb/>most southern branch of
<lb/>the <placeName><geogName type="river">Monikazi</geogName></placeName> &amp; on</p>
<lb/><p><date when="1873-04-09">9<hi rend="sup underline">th</hi></date> after <measure>two hours</measure>
<lb/>threading its very winding
<lb/>deep channel came to a
<lb/>village where our men
<lb/>crossed it &amp; sent after
<lb/>them = we are all tired
<lb/>by the rushes and <term type="plant">vegetation</term></p>
<lb/>
<lb/>
<lb/><figure><head>Gandochite chief</head><figDesc>Map of Livingstone's travels from <placeName><geogName>Kirira</geogName></placeName> to and across <placeName><geogName type="river">Monikazi River</geogName></placeName>. Includes Livingstone's locations for <date when="1873-04-06">6</date>, <date when="1873-04-07">7</date>, and <date when="1873-04-09">9 April 1873</date>.</figDesc></figure>
<!-- Adrian, not sure if the head for this is the name of the chief, or some geog locational name? HB --><!-- I also don't know. AW -->
<lb/><cb n="2"/>
<lb/><p rend="no-indent"><date when="1873-04-07">7<hi rend="sup underline">th</hi></date> <choice><sic>slept</sic><corr>Slept</corr></choice> on an <term type="insect">ant</term>hill
<lb/>Went on <measure>2 hours</measure> then
<lb/>came to a broad shallow
<lb/>bench on right of the
<lb/><placeName><geogName type="river">Monikazi <choice><abbr>R.</abbr><expan>River</expan></choice></geogName></placeName> had to
<lb/>unload canoes &amp; haul
<lb/>each over into <placeName><geogName type="river">Monikazi</geogName></placeName>
<lb/>which has a thick fringe
<lb/>of <term type="plant">Papyrus</term> - then
<lb/>hearing voices &amp; a drum
<lb/>went East &amp; lost our <unclear cert="low">way</unclear>
<lb/>in stiff grassy prairies
<lb/>which could scarcely be
<lb/>got through = <unclear cert="low">in</unclear> <measure>5 hours</measure>
<lb/>slept on an <term type="insect">ant</term>hill
<lb/>a <term type="animal">lion</term> wandering &amp; roaring
<lb/>in the waste of waters</p>
<lb/><p rend="no-indent"><date when="1873-04-08">8<hi rend="sup underline">th</hi></date> <choice><sic>send</sic><corr>Send</corr></choice> a canoe to
<lb/><choice><abbr>vil</abbr><expan>village</expan></choice> where voices come
<lb/>from for information -
<lb/><term type="plant">Papyrus plants</term> 8 feet
<lb/>long <choice><orig>¼</orig><reg>1/4</reg></choice> in diameter - crown
<lb/>3 feet across horizontally ==
<lb/>got two <term type="occupation">guides</term> but the
<lb/>water <measure><measure>about 15 inches</measure> in
<lb/><add place="marginleft"><figure><figDesc>Calculations oriented upside-down relative to main text.</figDesc></figure></add> spots and <measure>thigh deep</measure></measure> in
<lb/>others caused constant
<lb/>dragging of the large canoe
<lb/>through rushes <space unit="chars" extent="2"/><term type="plant">Papyrus</term>
<lb/><foreign xml:lang="und"><term type="plant_foodstuff">arum</term></foreign> = <term type="plant_foodstuff">wild rice</term> &amp; stiff
<lb/>grasses aquatic = <measure>5 Hours <choice><abbr>E &amp; S.</abbr><expan>East and South</expan></choice></measure></p>
<lb/><cb n="3"/>
<lb/><figure><figDesc>Three columns of calculations.</figDesc></figure>



            </div>
		</body>
    </text>
</TEI>