<?xml version="1.0" encoding="UTF-8"?>
<?xml-model href="http://livingstoneonline.github.io/LEAP-ODD/leap.rng" type="application/xml" schematypens="http://relaxng.org/ns/structure/1.0"?>
<?xml-model href="http://livingstoneonline.github.io/LEAP-ODD/leap.rng" type="application/xml" schematypens="http://purl.oclc.org/dsdl/schematron"?>
<?xml-stylesheet href="http://livingstoneonline.github.io/LEAP-XSLT/transcription-final-MS-bonus.xsl" type="text/xsl"?><!-- -->
<TEI xmlns="http://www.tei-c.org/ns/1.0" xml:id="liv_000050">
    <teiHeader>
        <fileDesc>
            <titleStmt>
                <title>Journal [Second Unyanyembe Journal]</title>
                <title type="alternative">Journal [Second Unyanyembe Journal], 14-24 August 1872</title>
				<author>David Livingstone</author>
				<author>Henry M. Stanley</author>
                <principal>Adrian S. Wisnicki</principal>
                <principal>Megan Ward</principal>
                <respStmt xml:id="AW">
                    <name>Adrian S. Wisnicki</name>
                    <resp>Transcription</resp>
                    <resp>TEI Encoding</resp>
                    <resp>Editorial Decisions</resp>
					<resp>Proofing</resp>
					<resp>Encoding Review</resp>
                </respStmt>
                <respStmt xml:id="HB">
                    <name>Heather F. Ball</name>
                    <resp>Transcription</resp>
                    <resp>TEI Encoding</resp>
                    <resp>Editorial Decisions</resp>
					<resp>Proofing</resp>
                    <resp>Encoding Review</resp>
					<resp>Quality Control and Integration</resp>
                </respStmt>
            </titleStmt>
            <publicationStmt>
                <authority>Livingstone Online</authority>
                <publisher>University of Maryland Libraries</publisher>
                <pubPlace>College Park, MD, USA</pubPlace>
                <date>2017</date>
				<idno type="LEAP-ID">liv_000050</idno>
            </publicationStmt>
            <sourceDesc>
                <msDesc>
                    <msIdentifier>
                        <country>United Kingdom</country>
                        <settlement>Blantyre</settlement>
                        <repository>David Livingstone Centre</repository>
                        <idno type="shelfmark">963</idno>
                        <altIdentifier>
                            <idno type="ccnumber"></idno>
                        </altIdentifier>
                    </msIdentifier>
                    <physDesc>
                        <handDesc>
                            <handNote xml:id="HMS"><label>Henry S. Stanley</label> This hand is thought
                                to be Henry M. Stanley's.</handNote>
                            <handNote xml:id="U"><label>Unknown Hand</label> This hand is unknown
                                but thought not David Livingstone's.</handNote>
                        </handDesc>
                    </physDesc>
                </msDesc>
                <bibl type="sourceMetadata">
                    <title>Journal ("Second" Unyanyembe Journal)</title>
                    <author xml:id="DL">David Livingstone</author>
                    <date type="composition" from="1872-08-14" to="1872-08-24">14-24 August 1872</date>
                </bibl>
            </sourceDesc>
        </fileDesc>
        <profileDesc>
            <langUsage>
                <language ident="en">English</language>
            </langUsage>
        </profileDesc>
        <revisionDesc>
            <change when="2017-06-06" who="#AW">Proofing and finalization</change>
            <change when="2017-06-03" who="#HB">Transcription and TEI encoding</change>
        </revisionDesc>
    </teiHeader>

    <text>
		<body n="cbccc6">
			<div>
			    
    <pb facs="liv_000050_0001" n="0001"/>
	<!-- fron cover external -->

    <pb facs="liv_000050_0002" n="0002"/>
	<!-- page blank -->

			</div>

            <div rend="gray italic" hand="#HMS">

    <pb facs="liv_000050_0003" n="0003"/>
<lb/><p rend="no-indent"><space extent="2" unit="words"/><!-- This seems to be in Stanley's hand, but didn't see an element for him? HB -->From
<lb/><space extent="3" unit="words"/><persName><unclear cert="medium"><choice><abbr>Jn</abbr><expan>John</expan></choice></unclear> F Webb <choice><abbr>Esq</abbr><expan>Esquire</expan></choice></persName>
<lb/><space extent="3" unit="words"/><hi rend="underline"><term type="occupation"><term type="nationality">American</term> Consul.</term></hi></p>
<lb/><p rend="no-indent"><list><item>49</item> <space extent="1" unit="words"/><item>Enfield Carbines</item>
<lb/><space extent="1" unit="chars"/><item>2</item> <space extent="1" unit="words"/><item><persName>Stanley</persName>'s <unclear cert="medium">Breechloaders</unclear> -</item></list></p>
<lb/><p rend="no-indent">These have <add place="below">^</add> <add place="above">been</add> given to <term type="occupation">Soldiers</term> to take
<lb/>to <placeName><settlement type="town">Unyanyembe</settlement></placeName> - from <placeName><geogName type="island">Zanzibar</geogName></placeName></p>
<lb/><p rend="no-indent"><list><item>10 rounds of ball cartridge for each</item>
<lb/><space unit="words" extent="1"/><item>man</item>
<lb/><item>20 caps each</item>
<lb/><space extent="1" unit="chars"/><item>5 Blank Cartridges - 5 each</item></list></p>
<lb/><p rend="no-indent"><space extent="5" unit="words"/><persName>Stanley</persName></p>
            </div>

			<div hand="#DL" rend="brown">
    <pb facs="liv_000050_0004" n="0004"/>
<lb/><p rend="black brown"><space extent="2" unit="chars"/><bibl>Journal of <persName>David Livingstone</persName></bibl>
<lb/>beginning <date when="1872-08-14">14<hi rend="sup underline">th</hi> August 1872</date> at
<lb/><placeName><settlement type="town">Unyanyembe</settlement></placeName> two days after
<lb/>the men procured by <persName>M<hi rend="sup underline">r</hi> Stanley</persName>
<lb/>had arrived</p>
<lb/><p><date when="1872-08-15">15<hi rend="double-underline">th</hi></date> I have prepared the loads for the men
<lb/>and gave each five <foreign xml:lang="und">dotis</foreign> to act as <term type="occupation">carriers</term>
<lb/>For the extra loads we shall get <orgName><term type="tribe"><choice><orig>Banyamwezi</orig><reg>Nyamwezi</reg></choice></term>
<lb/><foreign xml:lang="swh"><term type="occupation">pagazi</term></foreign></orgName>.</p>
<lb/><milestone unit="section" rend="line"/>
<lb/><p rend="no-indent"><metamark/><space extent="3" unit="chars"/><date when="1872-08-16">16<hi rend="sup underline">th</hi></date> <choice><sic>favourable</sic><corr>Favourable</corr></choice> reports of the results of
<lb/>treating <term type="ailment">jungle fever</term> by <term type="medicament"><unclear cert="medium">hipposulphat</unclear> of
<lb/>soda</term> come from <placeName><country>India</country></placeName> - quicker cures
<lb/>than with <term type="medicament">quinine</term> - the <orgName>native</orgName> remedy
<lb/><foreign xml:lang="und"><term type="medicament">Lettagootie</term></foreign> also effectual</p>
<lb/><milestone unit="section" rend="line"/>
<lb/><p rend="no-indent"><space extent="2" unit="chars"/><date when="1872-08-17">17<hi rend="sup underline">th</hi></date> Getting ready and sending for <foreign xml:lang="swh"><term type="occupation">Pagazi</term></foreign></p>
<lb/><p rend="no-indent"><space extent="2" unit="chars"/><date when="1872-08-18">18<hi rend="sup underline">th</hi></date> <choice><sic>go</sic><corr>Go</corr></choice> over to say <choice><orig>Good by</orig><reg>Goodbye</reg></choice> to <persName>Sultan bin Ali</persName> &amp; to
<lb/>others and leave goods for the return journey
<lb/>four bales calico, cartridges full &amp; empty &amp;c</p>
<lb/><milestone unit="section" rend="line"/>
<lb/><p rend="no-indent"><space extent="2" unit="chars"/><date when="1872-08-19">19<hi rend="sup underline">th</hi></date> <foreign xml:lang="swh"><term type="occupation">Pagazi</term></foreign> expected to come <date when="1872-08-19">today</date> also the
<lb/>permission to a <unclear cert="medium"><persName>chiongosi</persName></unclear> to go with us -</p>
<lb/><milestone unit="section" rend="black line"/>
<lb/><p rend="gray black no-indent"><space extent="2" unit="chars"/><date when="1872-08-24">24<hi rend="sup underline">th</hi></date> <choice><sic>delay</sic><corr>Delay</corr></choice> as usual by the want of <foreign xml:lang="swh"><term type="occupation">Pagazi</term></foreign>
<lb/>All those available are collected for the
<lb/>war with <persName>Mirambo</persName> - I have got some but
<lb/>still need seven - one of the soldiers was
<lb/>firing off cartridges contrary to orders
<lb/>and when reproved by <persName><choice><orig>Manna</orig><reg>Mwana</reg></choice> Sera</persName> the
<lb/><term type="occupation">headman</term> he gave him a severe cut on the
<lb/>head 2 inches long &amp; deep and a shot
<lb/>in the forearm - called all hands and
<lb/>made each give him a beating - some were
<lb/>too gentle and I laid my stick on their backs</p>

			</div>

			<div>

    <pb facs="liv_000050_0005" n="0005"/>
<lb/><figure><figDesc>Clipping of printed Chinese text headed "<persName>W.H. Medhurst</persName>, <term type="occupation">Consul</term>. <placeName>British Consulate</placeName>, <placeName>Shanghae</placeName>, <date when="1870-11-08">Nov. 8, 1870</date>."</figDesc></figure>

    <pb facs="liv_000050_0006" n="0006"/>
<lb/><figure><figDesc>Reverse of clipping presented in previous image; consists of various bits of random printed text in English.</figDesc></figure>

    <pb facs="liv_000050_0007" n="0007"/>
	<!-- page blank -->

    <pb facs="liv_000050_0008" n="0008"/>
	<!-- page blank -->

    <pb facs="liv_000050_0009" n="0009"/>
	<!-- page blank -->

    <pb facs="liv_000050_0010" n="0010"/>
	<!-- page blank -->

    <pb facs="liv_000050_0011" n="0011"/>
	<!-- back cover external -->

    <pb facs="liv_000050_0012" n="0012"/>
	<!-- spine -->
           
			
			</div>
		</body>
    </text>
</TEI>