<?xml version="1.0" encoding="UTF-8"?>
<?xml-model href="http://livingstoneonline.github.io/LEAP-ODD/leap.rng" type="application/xml" schematypens="http://relaxng.org/ns/structure/1.0"?>
<?xml-model href="http://livingstoneonline.github.io/LEAP-ODD/leap.rng" type="application/xml" schematypens="http://purl.oclc.org/dsdl/schematron"?>
<?xml-stylesheet href="http://livingstoneonline.github.io/LEAP-XSLT/transcription-final-MS-bonus.xsl" type="text/xsl"?><!-- -->
<TEI xmlns="http://www.tei-c.org/ns/1.0" xml:id="liv_000049">
    <teiHeader>
        <fileDesc>
            <titleStmt>
                <title>Calculations and Geographical and Cultural Notes</title>
                <title type="alternative">Calculations and Geographical and Cultural Notes, 4-6 November 1872, [1872]</title>
				<author>David Livingstone</author>
                <principal>Adrian S. Wisnicki</principal>
                <principal>Megan Ward</principal>
                <respStmt xml:id="AW">
                    <name>Adrian S. Wisnicki</name>
                    <resp>Transcription</resp>
                    <resp>TEI Encoding</resp>
                    <resp>Editorial Decisions</resp>
					<resp>Proofing</resp>
					<resp>Encoding Review</resp>
                </respStmt>
                <respStmt xml:id="HB">
                    <name>Heather F. Ball</name>
                    <resp>Transcription</resp>
                    <resp>TEI Encoding</resp>
                    <resp>Editorial Decisions</resp>
					<resp>Proofing</resp>
                    <resp>Encoding Review</resp>
					<resp>Quality Control and Integration</resp>
                </respStmt>
            </titleStmt>
            <publicationStmt>
                <authority>Livingstone Online</authority>
                <publisher>University of Maryland Libraries</publisher>
                <pubPlace>College Park, MD, USA</pubPlace>
                <date>2017</date>
				<idno type="LEAP-ID">liv_000049</idno>
            </publicationStmt>
            <sourceDesc>
                <msDesc>
                    <msIdentifier>
                        <country>United Kingdom</country>
                        <settlement>Blantyre</settlement>
                        <repository>David Livingstone Centre</repository>
                        <idno type="shelfmark">828a</idno>
                        <altIdentifier>
                            <idno type="ccnumber"></idno>
                        </altIdentifier>
                    </msIdentifier>
                    <physDesc>
                        <handDesc>
                            <handNote xml:id="U"><label>Unknown Hand</label> This hand is unknown
                                but thought not David Livingstone's.</handNote>
                        </handDesc>
                    </physDesc>
                </msDesc>
                <bibl type="sourceMetadata">
                    <title>Calculations and Geographical and Cultural Notes</title>
                    <author xml:id="DL">David Livingstone</author>
                    <date type="composition" from="1872-11-04" to="1872-11-06">4-6 November 1872, [1872]</date>
                </bibl>
            </sourceDesc>
        </fileDesc>
        <profileDesc>
            <langUsage>
                <language ident="en">English</language>
            </langUsage>
        </profileDesc>
        <revisionDesc>
            <change when="2017-06-13" who="#AW">Transcription and TEI encoding</change>
            <change when="2017-06-13" who="#HB">Proofing and TEI encoding</change>
        </revisionDesc>
    </teiHeader>

    <text>
        <body n="d1d4d1">
            <div rend="brown black">
			    
    <pb facs="liv_000049_0001" n="0001"/>
<lb/><figure><figDesc>Sets of calculations.</figDesc></figure>

    <pb facs="liv_000049_0002" n="0002"/>
<lb/><figure><head><placeName><geogName type="river">Lusize</geogName></placeName></head><figDesc>Sets of calculations.</figDesc></figure>

            </div>

            <div rend="gray">		

    <pb facs="liv_000049_0003" n="0003"/>

<cb rend="left" n="1"/>
<lb/><p rend="no-indent"><space extent="1" unit="chars"/><persName>Kizakazaka a
<lb/>Motuta</persName> came to
<lb/><persName>Kasonso</persName> in a
<lb/>friendly way</p>
<lb/><p rend="no-indent"><space extent="1" unit="chars"/><persName><choice><sic>chikwere</sic><corr>Chikwere</corr></choice></persName> is the
<lb/><term type="occupation">head</term> of all <orgName><term type="tribe">Batuta</term>
<lb/><placeName><region>South of <placeName><geogName type="lake">Tanganyika</geogName></placeName></region></placeName></orgName>
<lb/>&amp; <persName><app><rdg>Perembe</rdg><rdg>Terembe</rdg></app></persName> is
<lb/>his son</p>
<lb/><p rend="no-indent"><persName><choice><sic>chikwela</sic><corr>Chikwela</corr></choice></persName> a <term type="occupation"><w>head<supplied>-</supplied>
<lb break="no"/>man</w></term> invaded
<lb/><placeName><region><persName>Chikumbi</persName>'s country</region></placeName>
<lb/>with loss</p>
<lb/><p rend="no-indent"><space extent="2" unit="chars"/><persName>Nkalame</persName> another</p>
<lb/><p rend="no-indent"><space extent="2" unit="chars"/><placeName><geogName type="fountain">Kamakaie</geogName></placeName> hot
<lb/>fountain of <placeName><geogName type="lake">Moero</geogName></placeName> =</p>
<lb/><p rend="no-indent"><space extent="2" unit="chars"/><placeName><geogName type="fountain">Kapessi</geogName></placeName> goes into
<lb/><placeName><geogName type="rivulet">Lovu</geogName></placeName> &amp; <placeName><geogName type="lake">Tanganyika</geogName></placeName></p>
<lb/><p rend="no-indent"><space extent="2" unit="chars"/><foreign xml:lang="und">Kiturussi</foreign> = <seg type="weather">Earthquake</seg></p> <!-- Not sure if earthquake classifies as "weather", but throwing in just in case. HB -->
<lb/><space dim="vertical" unit="lines" extent="11"/>

<lb/><cb rend="right" n="2"/>
<lb/><figure><head>Probably <date when="1872-11-06">6<hi rend="sup underline">th</hi> <choice><abbr>Nov<hi rend="sup underline">r</hi></abbr><expan>November</expan></choice> <choice><abbr>/72</abbr><expan>1872</expan></choice></date></head><figDesc>Set of calculations, also labeled at bottom "<placeName><geogName type=" river">Luazi <choice><abbr>R</abbr><expan>River</expan></choice></geogName></placeName> <date when="1872-11-04">4 <choice><abbr>Nov<hi rend="sup underline">r</hi></abbr><expan>November</expan></choice> <choice><abbr>/72</abbr><expan>1872</expan></choice></date>"</figDesc></figure>
<lb/><space dim="vertical" unit="lines" extent="19"/>

    <pb facs="liv_000049_0004" n="0004"/>
<lb/><ab hand="#U" rend="small"><space extent="8" unit="words"/>828a(1)</ab>

            </div>

		</body>
    </text>
</TEI>