<?xml version="1.0" encoding="UTF-8"?>
<?xml-model href="http://livingstoneonline.github.io/LEAP-ODD/leap.rng" type="application/xml" schematypens="http://relaxng.org/ns/structure/1.0"?>
<?xml-model href="http://livingstoneonline.github.io/LEAP-ODD/leap.rng" type="application/xml" schematypens="http://purl.oclc.org/dsdl/schematron"?>
 <?xml-stylesheet href="http://livingstoneonline.github.io/LEAP-XSLT/transcription.xsl" type="text/xsl"?>
 <!--Converted from a TEI P4 XML file to the LEAP TEI P5 Schema by James Cummings on 2015-03-02--><!--TEI encoding revised and standardized by Adrian S. Wisnicki, 2015-2016-->
         <TEI xmlns="http://www.tei-c.org/ns/1.0" xml:id="liv_002323"><!-- LP61 -->
	<teiHeader>
		<fileDesc>
			<titleStmt>
				<title>Letter to William Sunley</title>
                <title type="alternative">Letter to William Sunley, 2 June 1865</title>
				<author xml:id="DL">Livingstone, David, 1813-1873</author>
			</titleStmt>
			<publicationStmt>
				<authority>Livingstone Online</authority>
				<pubPlace>London</pubPlace>
				<date>2005-05-04</date>
				<publisher>Wellcome Centre for the History of Medicine, UCL</publisher>
				<idno type="LEAP-ID">liv_002323</idno>
			</publicationStmt>
			<sourceDesc>
				<bibl xml:id="ccnumber">Letters, 1732</bibl>
				<bibl xml:id="recipient"><persName>Sunley, William, ?-1886</persName></bibl>
				<bibl xml:id="date"><date when="1865-06-02">2 June 1865</date></bibl>
				<bibl xml:id="where">Burnbank Road, Hamilton</bibl>
				<bibl xml:id="shelfmark">Wellcome Institute for the History of Medicine. Library; 7329 61</bibl><!--1865-06-02--><!--Original:1865-06-02-->
				<bibl xml:id="extent">4 pages</bibl>
			</sourceDesc>
		</fileDesc>
		<revisionDesc>
			<change>
				<date>2005-05-04</date>
				<name xml:id="CO">Caroline Overy</name>Initial Transcription
			</change>
			<change>
				<date>2006-02-14</date>
				<name xml:id="JB">Janet Browne</name>first proof
			</change>
			<change>
				<date>2006-02-21</date>
				<name xml:id="CL">Chris Lawrence</name>second proof
			</change>
			<change>
				<date>2005-03-01</date>
				<name xml:id="SM">Sharon Messenger</name>final proof
			</change>
		</revisionDesc>
	</teiHeader>

	<text>
		<body>
			<div>

	<pb n="0001" facs="liv_002323_0001"/><!--pb/@n='1'-->
<!--Hand 01 54 top left--><!--Hand 02 67519 top right-->
<lb/><p rend="right">Burnbank Road</p>
<lb/><p rend="right">Hamilton 2 June</p>
<lb/><p rend="right"><space extent="1" unit="words"/>1865</p>
<lb/><p rend="no-indent">My Dear Sunley</p>
<lb/><p>I fear that you 
<lb/>will feel yourself 
<lb/>sadly bored by 
<lb/>letters pouring in on 
<lb/>you from all sides, 
<lb/>I have written you 
<lb/>by way of India - 
<lb/>by Sir Thomas 
<lb/><unclear cert="high">Maclear </unclear> at the 
<lb/>Cape &amp; now by D<hi rend="sup underline">r</hi> 
<lb/>Meller who kindly 
<lb/>takes charge of this 

	<pb n="0002" facs="liv_002323_0002"/><!--pb/@n='2'-->
<lb/>on his way to his con-
<lb break="no"/>-sulate in Madagascar 
<lb/>My object is to ask 
<lb/>you to assist me 
<lb/>to get 20 or 25 natives 
<lb/>of Johanna as carriers  
<lb/>on my next trip. 
<lb/>I intended to take 
<lb/>Belooches but <choice><abbr>Col.</abbr><expan>Colonel</expan></choice>
<lb/>Rigby dissuades me 
<lb/>from so doing. I 
<lb/>would take Johanna 
<lb/>men entirely and if 
<lb/>you can say trust 
<lb/>to getting them or not 
<lb/>as the case may be 
<lb/>write to me care of 
<lb/>G.M. Stewart Esq 

	<pb n="0003" facs="liv_002323_0003"/><!--pb/@n='3'-->
<lb/>at Mess<hi rend="sup underline">rs</hi> Remmington 
<lb/>&amp; Co. Bombay. 
<lb/>I have only £500 from 
<lb/>Foreign Office - £500 
<lb/>from <choice><abbr>Royal Geo. Soc<hi rend="sup">y</hi></abbr><expan>Royal Geographical Society</expan></choice>
<lb/>and £1000 from a 
<lb/>private friend. &amp; 
<lb/>am not disposed to 
<lb/>be illiberal within 
<lb/>my means. I propose 
<lb/>£1 per month for 
<lb/>common men 
<lb/>as it is not skilled 
<lb/>labour, and more 
<lb/>such as you would 
<lb/>direct for headmen 
<lb/>and a cook. If 
<lb/>you can manage 
<lb/>this for me and  

	<pb n="0004" facs="liv_002323_0004"/><!--pb/@n='4'-->
<lb/><!--illegible note underneath letter June 2nd rec...-->let me know that 
<lb/>you can before I 
<lb/>leave Bombay I 
<lb/>would ask the 
<lb/>man of war that 
<lb/>takes me over to 
<lb/>come to you. I am 
<lb/>doubtful if I can 
<lb/>bring my steamer 
<lb/>across again. &amp; 
<lb/>will go up <unclear cert="low">Rovuma</unclear>
<lb/>in boats. I would  
<lb/>need an engagement 
<lb/>for 20 months or 
<lb/>so. Hoping this 
<lb/>may find you in 
<lb/>good health. I am &amp;c</p>
<lb/><p rend="no-indent">David Livingstone</p>
			
</div>
		</body>
	</text></TEI>