<?xml version="1.0" encoding="UTF-8"?>
<?xml-model href="http://livingstoneonline.github.io/LEAP-ODD/leap.rng" type="application/xml" schematypens="http://relaxng.org/ns/structure/1.0"?>
<?xml-model href="http://livingstoneonline.github.io/LEAP-ODD/leap.rng" type="application/xml" schematypens="http://purl.oclc.org/dsdl/schematron"?>
 <?xml-stylesheet href="http://livingstoneonline.github.io/LEAP-XSLT/transcription.xsl" type="text/xsl"?>
 <!--Converted from a TEI P4 XML file to the LEAP TEI P5 Schema by James Cummings on 2015-03-02--><!--TEI encoding revised and standardized by Adrian S. Wisnicki, 2015-2016-->
         <TEI xmlns="http://www.tei-c.org/ns/1.0" xml:id="liv_002385"><!-- LP62 -->
	<teiHeader>
		<fileDesc>
			<titleStmt>
				<title>Letter to William C. Oswell</title>
                <title type="alternative">Letter to William C. Oswell, 7 August 1865</title>
				<author xml:id="DL">Livingstone, David, 1813-1873</author>
			</titleStmt>
			<publicationStmt>
				<authority>Livingstone Online</authority>
				<pubPlace>London</pubPlace>
				<date>2005-04-29</date>
				<publisher>Wellcome Centre for the History of Medicine, UCL</publisher>
				<idno type="LEAP-ID">liv_002385</idno>
			</publicationStmt>
			<sourceDesc>
				<bibl xml:id="ccnumber">Letters, 1790</bibl>
				<bibl xml:id="recipient"><persName>Oswell, William C., 1818-1893</persName></bibl>
				<bibl xml:id="date"><date when="1865-08-07">7 August 1865</date></bibl>
				<bibl xml:id="where">50 Albemarle St., London</bibl>
				<bibl xml:id="shelfmark">Wellcome Institute for the History of Medicine. Library; 7329 62</bibl><!--1865-08-07--><!--Original:1865-08-07-->
				<bibl xml:id="extent">4 pages</bibl>
			</sourceDesc>
		</fileDesc>
		<revisionDesc>
			<change>
				<date>2005-04-29</date>
				<name xml:id="SM">Sharon Messenger</name>Initial Transcription
			</change>
			<change>
				<date>2006-02-14</date>
				<name xml:id="JB">Janet Browne</name>first proof
			</change>
			<change>
				<date>2006-02-21</date>
				<name xml:id="CL">Chris Lawrence</name>second proof
			</change>
			<change>
				<date>2006-03-01</date>
				<name xml:id="CO">Caroline Overy</name>final proof
			</change>
		</revisionDesc>
	</teiHeader>

	<text>
		<body>
			<div>

	<pb n="0001" facs="liv_002385_0001"/><!--pb/@n='1'-->
<!--Hand 01 55 top left--><!--hand 02 63002 top right--><!--headed notepaper-->
<lb/><p rend="right">50, ALBEMARLE <choice><abbr><hi rend="smallcaps">S<hi rend="sup">T</hi></hi></abbr><expan>Street</expan></choice></p>
<lb/><p rend="right">W.</p><!--end of headed paper-->
<lb/><p rend="right">7 August 1865</p>
<lb/><p rend="no-indent">My Dear Oswell</p>
<lb/><p>I send you a 
<lb/>proof of what I 
<lb/>mean as a sort 
<lb/>of answer to <unclear cert="medium">Lacenda</unclear>
<lb/>It is to be a postscript 
<lb/>to the Preface 
<lb/>&amp; M<hi rend="sup">r</hi>  Murray 
<lb/>thinks I have put 
<lb/>it pretty well 
<lb/>return it with 

	<pb n="0002" facs="liv_002385_0002"/><!--pb/@n='2'-->
<lb/>corrections as soon 
<lb/>as you can. I 
<lb/>enclose the King 
<lb/>of Portugal's speech 
<lb/>and mean to add 
<lb/>a sentence to the 
<lb/>effect that I 
<lb/>have seen it &amp; 
<lb/>my opinion 
<lb/>remains 
<w>un-<lb break="no"/>altered.</w> I have 
<lb/>this moment 
<lb/>arrived from 

	<pb n="0003" facs="liv_002385_0003"/><!--pb/@n='3'-->
<lb/>Newstead - (Monday 
<lb/>noon) with M<hi rend="sup">r</hi> &amp; 
<lb/>M<hi rend="sup">rs</hi> Webb. They 
<lb/>come for advice</p>
<lb/><p>My kind love 
<lb/>to M<hi rend="sup underline">rs</hi> Oswell &amp; 
<lb/>her chicks. I 
<lb/>send this to 
<lb/>Forest House 
<lb/>in case you are 
<lb/>still there. Agnes 
<lb/>&amp; I propose to 
<lb/>start this day 

	<pb n="0004" facs="liv_002385_0004"/><!--pb/@n='4'-->
<lb/>week for Paris 
<lb/>13<hi rend="sup underline">th</hi> I to be at 
<lb/>Marseilles on 20<hi rend="sup">th</hi></p>
<lb/><p rend="no-indent">Ever Affectionately 
<lb/>Yours</p>
<lb/><p>David Livingstone</p><!--MH Hand 03 written at right angles-->
<lb/><p rend="no-indent"><unclear cert="low">protected</unclear> with the 
<lb/>view of preventing</p>
			
</div>
		</body>
	</text></TEI>