<?xml version="1.0" encoding="UTF-8"?>
<?xml-model href="http://livingstoneonline.github.io/LEAP-ODD/leap.rng" type="application/xml" schematypens="http://relaxng.org/ns/structure/1.0"?>
<?xml-model href="http://livingstoneonline.github.io/LEAP-ODD/leap.rng" type="application/xml" schematypens="http://purl.oclc.org/dsdl/schematron"?>
 <?xml-stylesheet href="http://livingstoneonline.github.io/LEAP-XSLT/transcription.xsl" type="text/xsl"?>
 <!--Converted from a TEI P4 XML file to the LEAP TEI P5 Schema by James Cummings on 2015-03-02--><!--TEI encoding revised and standardized by Adrian S. Wisnicki, 2015-2016-->
         <TEI xmlns="http://www.tei-c.org/ns/1.0" xml:id="liv_002393"><!-- LP64 -->
	<teiHeader>
		<fileDesc>
			<titleStmt>
				<title>Letter to Wilbraham Taylor</title>
                <title type="alternative">Letter to Wilbraham Taylor, [12 August 1865?]</title>
				<author xml:id="DL">Livingstone, David, 1813-1873</author>
			</titleStmt>
			<publicationStmt>
				<authority>Livingstone Online</authority>
				<pubPlace>London</pubPlace>
				<date>2005-02-10</date>
				<publisher>Wellcome Centre for the History of Medicine, UCL</publisher>
				<idno type="LEAP-ID">liv_002393</idno>
			</publicationStmt>
			<sourceDesc>
				<bibl xml:id="ccnumber">Letters, 1798</bibl>
				<bibl xml:id="recipient"><persName>Taylor, Wilbraham, 1816-1895</persName></bibl>
				<bibl xml:id="date"><date when="1865-08-12">[12 August 1865?]</date></bibl>
				<bibl xml:id="where">48 Euston Square, London</bibl>
				<bibl xml:id="shelfmark">Wellcome Institute for the History of Medicine. Library; 7329 64</bibl><!--1865-08-12--><!--Original:1865-08-12-->
				<bibl xml:id="extent">3 pages</bibl>
			</sourceDesc>
		</fileDesc>
		<revisionDesc>
			<change>
				<date>2005-02-10</date>
				<name xml:id="CO">Caroline Overy</name>Initial Transcription
			</change>
			<change>
				<date>2006-02-14</date>
				<name xml:id="JB">Janet Browne</name>first proof
			</change>
			<change>
				<date>2006-02-21</date>
				<name xml:id="CL">Chris Lawrence</name>second proof
			</change>
			<change>
				<date>2006-03-01</date>
				<name xml:id="SM">Sharon Messenger</name>final proof
			</change>
		</revisionDesc>
	</teiHeader>

	<text>
		<body>
			<div>

	<pb n="0001" facs="liv_002393_0001"/><!--pb/@n='1'-->
<!--Hand 01 57 top left--><!--Hand 02 63318 top right-->
<lb/><p rend="right">48 Euston Square</p>
<lb/><p rend="right">Aug<hi rend="sup underline">st</hi> 12 - 1865</p>
<lb/><p rend="no-indent">My Dear Taylor</p>
<lb/><p>I cannot come - 
<lb/>and must say 
<lb/>Good bye to you 
<lb/>the <unclear cert="low">Worm buckles</unclear>
<lb/>&amp; Bevans on paper.</p>
<lb/><p rend="no-indent">I am off on 
<lb/>monday next 
<lb/>to Paris &amp; will 
<lb/>meet the steamer 
<lb/>which sails from 

	<pb n="0002" facs="liv_002393_0002"/><!--pb/@n='2'-->
<lb/>Southampton today 
<lb/>at Marseilles on 
<lb/>20<hi rend="sup underline">th</hi> A blessing 
<lb/>on you all 
<lb/>from the Highest</p>
<lb/><p rend="no-indent">David Livingstone</p>

	<pb n="0003" facs="liv_002393_0003"/><!--pb/@n='3'-->
<!--<note type="editorial" anchored="true">envelope</note>--><!--Hand 03 Livingstone 57 in pencil--><!--Hand 04 63318 top center-->
<lb/><p>Wilbraham Taylor</p><!--MH esq missing torn envelope-->
<lb/><p rend="center">Hadleigh Hurst</p>
<lb/><p rend="center">near Barnet</p>
<lb/><p>D L</p>
			
</div>
		</body>
	</text></TEI>