<?xml version="1.0" encoding="UTF-8"?>
<?xml-model href="http://livingstoneonline.github.io/LEAP-ODD/leap.rng" type="application/xml" schematypens="http://relaxng.org/ns/structure/1.0"?>
<?xml-model href="http://livingstoneonline.github.io/LEAP-ODD/leap.rng" type="application/xml" schematypens="http://purl.oclc.org/dsdl/schematron"?>
 <?xml-stylesheet href="http://livingstoneonline.github.io/LEAP-XSLT/transcription.xsl" type="text/xsl"?>
<TEI xmlns="http://www.tei-c.org/ns/1.0" xml:id="liv_001195">
    <teiHeader>
        <fileDesc>
            <titleStmt>
            	<title>Letter to [John Kirk 2]</title>
            	<title type="alternative">Letter to [John Kirk 2], 28 January 1858</title>
				<author>David Livingstone</author>
                <principal>Adrian S. Wisnicki</principal>
                <principal>Christopher Lawrence</principal>
                <respStmt xml:id="AW">
                    <name>Adrian S. Wisnicki</name>
                    <resp>Coding review</resp>
                </respStmt>
				<respStmt xml:id="BL">
					<name>Blaze Livingston</name>
					<resp>Revision</resp>
				</respStmt>
                <respStmt xml:id="AD">
                    <name>Amzie Dunekacke</name>
                    <resp>Transcription</resp>
                    <resp>Encoding</resp>
                </respStmt>
            </titleStmt>	
            <publicationStmt>
                <authority>Livingstone Online</authority>
                <publisher>University of Maryland Libraries</publisher>
                <pubPlace>College Park, MD, USA</pubPlace>
                <date>2016</date>
                <idno type="LEAP-ID">liv_001195</idno>
            </publicationStmt>
            <sourceDesc>
                <msDesc>
                    <msIdentifier>
                        <country>United States</country><!-- Change as needed -->
                        <settlement>Washington D.C.</settlement><!-- Change as needed -->
                    	<repository>Smithsonian Institution. Libraries. Joseph F. Cullman 3rd Library of Natural History</repository>
                    	<idno type="shelfmark">M084</idno><!-- Change as needed -->
                        <altIdentifier>
                        	<idno type="ccnumber">Letters, 0679</idno><!-- This the CC number; change, as appropriate -->
                        </altIdentifier>
                    </msIdentifier>
                    <physDesc>
                        <handDesc>
                            <handNote xml:id="U"><label>Unknown Hand</label> This hand is unknown but thought not David Livingstone's.</handNote>
                        </handDesc>
                    </physDesc>
                </msDesc>
                <bibl type="sourceMetadata">
                	<title>Letter to [John Kirk 2], 28 January 1858</title><!-- Change -->
                    <author xml:id="DL">David Livingstone</author>
                    <date type="composition" when="1858-01-28">28 January 1858</date><!-- Change -->
                	<placeName type="compositionPlace">Manchester</placeName><!-- Change -->
                    <persName type="addressee">John Kirk 2</persName><!-- Change -->
                </bibl>
            </sourceDesc>
        </fileDesc>
        <profileDesc>
            <langUsage>
                <language ident="en">English</language>
				<!-- See LEAP encoding manual sect. 20 for language abbreviations. English should be first,
				then add all other languages, as appropriate, in alphabetical order. -->
            </langUsage>
        </profileDesc>
        <revisionDesc>
			<change when="2017-01-13" who="#AW">Coding Review</change>
			<change when="2017-01-13" who="#BL">Coding Review</change>
			<change when="2016-11-03" who="#BL">Revision</change>
            <change when="2016-06-25" who="#AD">Initial transcription and XML encoding</change>
			<!-- Note that @who initials are taken from <respStmt> above -->
			<!-- Most recent <change> should always be placed first -->
        </revisionDesc>
    </teiHeader>

    <text>
        <body>
            <div>
               
	<pb facs="liv_001195_0001" n="0001"/>
<lb/><p rend="no-indent"><space extent="3" unit="chars"/><placeName>Manchester</placeName> <add place="inline"><hi rend="red" hand="#U">6</hi></add>
<lb/><space extent="1" unit="words"/><date when="1858-01-28">28th January
<lb/><space extent="1" unit="words"/><space extent="2" unit="chars"/>1858</date></p>
<lb/>
<lb/><p rend="no-indent">My Dear Sir</p><!-- Change line info as appropriate -->
<lb/><p><space extent="1" unit="chars"/>Your salary
<lb/>will commence
<lb/>on the <date when="1858-02-01">1<hi rend="sup underline">st</hi> February</date>
<lb/>and should you
<lb/>want more than
<lb/>a quarter's advance</p><!-- could be "quarter's advance, but would need second opinion. #BL-->
<lb/>
<lb/><cb rend="vertical"/><ab>I shall be in <placeName><settlement type="city">London</settlement></placeName> on <date when="1858-01-30">Saturday</date></ab>

	<pb facs="liv_001195_0002" n="0002"/>
<lb/><p rend="no-indent">I shall feel obliged
<lb/>if you let me
<lb/>know - <choice><sic>Dont</sic><corr>Don't</corr></choice>
<lb/>leave your
<lb/>friends in any
<lb/>hurry on account
<lb/>of that. If you 
<lb/>can get your
<lb/>things better
<lb/>where you are
<lb/>than in <placeName><settlement type="city">London</settlement></placeName>

	<pb facs="liv_001195_0003" n="0003"/>
<lb/>by all means do so -
<lb/>and you can 
<lb/>remit the money
<lb/>afterwards - We
<lb/>must get all 
<lb/>into <unclear cert="low">trim</unclear> by 
<lb/>the <date when="1858-02-15">15<hi rend="sup underline">th</hi></date></p>
<lb/><p>Anything that
<lb/>I can get for 
<lb/>you please let 
<lb/>me know

	<pb facs="liv_001195_0004" n="0004"/>
<lb/>and if possible
<lb/>I shall do my
<lb/>best to comply
<lb/>with your
<lb/>wishes - the
<lb/>amount of luggage
<lb/>has to be limited
<lb/>but we shall try
<lb/>and make each 
<lb/>other as comfortable
<lb/>as possible.</p>
<lb/><closer><salute>I am &amp;c</salute> <signed><persName>David Livingstone</persName></signed></closer><!-- End of name on page 1 --> 

<!--page breaks not showing up correctly--><!--Pagebreaks seem fine to me. #BL-->

            </div>
        </body>
    </text>

</TEI>
