<?xml version="1.0" encoding="UTF-8"?>
<?xml-model href="http://livingstoneonline.github.io/LEAP-ODD/leap.rng" type="application/xml" schematypens="http://relaxng.org/ns/structure/1.0"?>
<?xml-model href="http://livingstoneonline.github.io/LEAP-ODD/leap.rng" type="application/xml" schematypens="http://purl.oclc.org/dsdl/schematron"?>
 <?xml-stylesheet href="http://livingstoneonline.github.io/LEAP-XSLT/transcription.xsl" type="text/xsl"?>
 <!--Converted from a TEI P4 XML file to the LEAP TEI P5 Schema by James Cummings on 2015-03-02--><!--TEI encoding revised and standardized by Adrian S. Wisnicki, 2015-2016-->
         <TEI xmlns="http://www.tei-c.org/ns/1.0" xml:id="liv_001739">
	<teiHeader>
		<fileDesc>
			<titleStmt>
				<title>Letter to Arthur Tidman</title>
                <title type="alternative">Letter to Arthur Tidman, 25 February 1862</title>
				<author>Livingstone, David, 1813-1873</author>
			</titleStmt>
			<publicationStmt>
				<authority>Livingstone Online</authority>
				<pubPlace>College Park, MD, USA</pubPlace>
				<publisher>University of Maryland Libraries</publisher>
				<date>2016</date>
				<idno type="LEAP-ID">liv_001739</idno>
			</publicationStmt>
			<sourceDesc>
				<bibl xml:id="shelfmark">University of London. School of Oriental and African Studies; CWM/LMS/Livingstone Wooden Box, item 113</bibl>
				<bibl xml:id="ccnumber">Letters, 1189</bibl>
				<bibl xml:id="recipient"><persName>Tidman, Arthur, 1792-1868</persName>; </bibl>
				<bibl xml:id="date"><date when="1862-02-25">25 February 1862</date></bibl>
				<bibl xml:id="where">HMS Exploring Ship "Pioneer"</bibl>
			</sourceDesc>
		</fileDesc>
		<profileDesc>
			<langUsage>
				<language ident="en">English</language>
			</langUsage>
		</profileDesc>
		<revisionDesc>
			<change>
				<date>2013-02-15</date>
				<name xml:id="KB">Karen Brown</name>Initial transcription and XML encoding.
      
			</change>
			<change>
				<date>2013-03-13</date>
				<name xml:id="KC">Kelley Cotter</name>Proofreading.
      
			</change>
			<change>
				<date>2013-06-19</date>
				<name xml:id="HFB">Heather F. Ball</name>Additional encoding.
      
			</change>
			<change>
				<date>2016-10-15</date>
				<name xml:id="AM">Anne Martin</name>Final Review.
      
			</change>
		</revisionDesc>
	</teiHeader>

	<text>
		<body>
			<div>

	<pb n="0001" facs="liv_001739_0001"><!--pb/@n='1'--></pb>
<lb/><p rend="right"><placeName><choice><abbr>H.M.</abbr><expan>Her Majesty's</expan></choice> Exploring Ship Pioneer</placeName>,</p>
<lb/><p rend="right"><space extent="2" unit="chars"/><placeName><geogName type="river">Zambesi</geogName></placeName> <date when="1862-02-25">25<hi rend="sup underline">th</hi> <choice><abbr>Feby</abbr><expan>February</expan></choice> 1862</date></p>
<lb/>
<lb/><p><hi rend="underline">Private</hi></p>
<lb/><p><space extent="2" unit="chars"/><persName>Rev<hi rend="sup underline">d</hi> D<hi rend="sup double-underline">r</hi> Tidman</persName></p>
<lb/><p rend="center"><space extent="1" unit="words"/><space extent="3" unit="chars"/>My Dear Sir</p>
<lb/><p><space extent="3" unit="words"/><space extent="2" unit="chars"/>While thankfully <w>acknow<supplied>-</supplied><lb break="no"/>ledging</w> your letter of <date when="1861-07-05">5<hi rend="sup underline">th</hi> July last</date>, I confess that
<lb/>the statements respecting the treatment endured
<lb/>by the <term type="tribe">Makololo</term> <term type="occupation">missionaries</term> are perfectly
<lb/>astounding, yet, though far from supposing
<lb/>myself to be proof against misrepresentation
<lb/>I cannot <choice><sic>concieve</sic><corr>conceive</corr></choice> how I could have been
<lb/>so grievously misled as you imagine - If
<lb/>you allow me to state a few particulars
<lb/>connected with our visit I may possibly
<lb/>appear not altogether unreasonable in
<lb/>withholding my assent to the statements so
<lb/>generally <choice><sic>recieved</sic><corr>received</corr></choice>, even should the opinion
<lb/>that the mission ought to be abandoned not
<lb/>be modified -</p>
<lb/><p><persName>Sekeletu</persName> was labouring under a <term type="ailment">skin
<lb/>disease</term> when we arrived which we did not <!-- Does the general disease have to be coded as well, or no? HB 6-19-13 -->
<lb/>then know but now believe to be <term type="ailment">leprosy</term> -
<lb/>He was shut up apart from <orgName>his people</orgName> and
<lb/>with the exception of his mother and a near
<lb/>relative, no one was admitted to his presence
<lb/>save <persName>D<hi rend="sup underline">r</hi> Kirk</persName> and myself. He was low<supplied>-</supplied></p>

	<cb rend="vertical"/><ab>
<lb/><persName>M<hi rend="sup underline">rs</hi> Livingstone</persName> joined me in good health on <date when="1862-02-01"><unclear cert="medium"><choice><abbr>Thu</abbr><expan>Thursday</expan></choice></unclear> 1<hi rend="sup underline">st</hi> <unclear cert="high"><choice><abbr>currt</abbr><expan>current</expan></choice></unclear></date>. I thank you</ab>


	<pb n="0002" facs="liv_001739_0002"><!--pb/@n='2'--></pb>
<lb/><p rend="no-indent">spirited enough in the belief that the disease had
<lb/>been inflicted by <choice><sic>witch craft</sic><corr>witchcraft</corr></choice> for which some
<lb/>influential <term type="occupation">headmen</term> had been executed, but
<lb/>he treated us with exactly the same <choice><sic>cordialty</sic><corr>cordiality</corr></choice>
<lb/>as he did in former years when I was alone
<lb/>He was by no means popular, and was believed
<lb/>by many to be more deformed by the disease
<lb/>than we found him to be - Some had talked
<lb/>openly of deposing him - which was equivalent
<lb/>to killing him - but from both well and <w>ill-
<lb break="no"/>affected</w> we <choice><sic>recieved</sic><corr>received</corr></choice> the unvarying testimony
<lb/>that <persName>M<hi rend="sup underline">r</hi> <supplied>Helmore</supplied></persName> and <persName>M<hi rend="sup underline">rs</hi> Helmore</persName> had been highly valued
<lb/>by <del type="cancelled">both</del> <term type="occupation">chief</term> and people. The subject tribes
<lb/>are by no means so tongue-tied there as they
<lb/>are under <persName>Mosilikatze</persName>, yet not at <placeName><settlement type="town">Sesheke</settlement></placeName> and
<lb/><placeName><region>Linyanti</region></placeName> alone did they speak well of our
<lb/>departed friend but on the <placeName><region>East coast</region></placeName>
<lb/>utterance was given occasionally to expressions
<lb/>respecting <persName>Helmore</persName> which were particularly
<lb/>gratifying - <persName>D<hi rend="sup underline">r</hi> Kirk</persName> who alone of our
<lb/>company understands Sichuana <choice><sic>recieved</sic><corr>received</corr></choice> the
<lb/>very same impressions that I did - <unclear cert="medium"><persName>Moboka</persName></unclear>
<lb/>the son of a man who escaped execution in
<lb/>the witchcraft affair by flight to <unclear cert="low"><placeName><geogName>Lechulathebe</geogName></placeName></unclear>
<lb/>had certainly no great love for <persName>Sekeletu</persName> - Yet
<lb/>he spoke of <persName>M<hi rend="sup underline">r</hi> Helmore</persName> <choice><sic>recieving</sic><corr>receiving</corr></choice> supplies of
<lb/><term type="foodstuff">meat</term> whenever he asked - and when nearly
<lb/>insensible the <term type="occupation">chief</term> asked him if he wished
<lb/><term type="foodstuff">meat</term> and <persName>M<hi rend="sup underline">r</hi> <choice><abbr>H</abbr><expan>Helmore</expan></choice></persName> shook his head &amp; smiled. The
<lb/>difference of social position to which you
<lb/>refer was not viewed by the <term type="tribe">Makololo</term> as
<lb/>the <term type="occupation">missionaries</term> may have looked upon it -</p>

	<cb rend="vertical"/><ab>
<lb/>very heartily for your kind wishes and <bibl>letter</bibl> and also for the <bibl>Report</bibl></ab>

	<pb n="0003" facs="liv_001739_0003"><!--pb/@n='3'--></pb>
<lb/><p rend="no-indent">for in speaking kindly of <persName>Helmore</persName>, they often
<lb/>remarked "he was just like you a man with
<lb/>a heart" i-e. a kind man.</p>
<lb/><p>It was also very painfully apparent that no
<lb/>feelings of respect were entertained towards
<lb/><persName>M<hi rend="sup underline">r</hi> Price</persName>. I have refrained from saying a
<lb/>word to anyone on this point but yourself -
<lb/>Thus, while <persName>Helmore</persName> was represented as <choice><sic>recieving</sic><corr>receiving</corr></choice>
<lb/>supplies of <term type="foodstuff">meat</term> "<persName>Price</persName> might ask long enough
<lb/>before he got any." And <persName>Helmore</persName> was said to
<lb/>have declared after the death of his wife "that
<lb/><persName>Price</persName> being a child might return, but he (<choice><abbr>H.</abbr><expan>Helmore</expan></choice>)
<lb/>never would go back, but proceed onward
<lb/>as soon as I came whether his elders had
<lb/>sent him." The question was put repeatedly
<lb/>Why was <persName>Helmore</persName> not taken to the <placeName><region>Highlands</region></placeName> - <!-- geog: Shire Highlands -->
<lb/>and the answer was just what I gave you -
<lb/>It is notorious that only two influential men
<lb/><del type="strikethrough">in the tribe</del> object to the whole tribe removing
<lb/>thither and the general belief was that had
<lb/>he lived a little longer <persName>M<hi rend="sup underline">r</hi> <choice><abbr>H.</abbr><expan>Helmore</expan></choice></persName> would have led
<lb/>them to the <placeName><region>South East</region></placeName>. We never heard a syllable
<lb/>to his disadvantage but we overheard one man
<lb/>tell another <add place="below">^</add> <add place="above">who had come from <placeName><settlement type="town"><choice><orig>Tette</orig><reg>Tete</reg></choice></settlement></placeName></add> that having gone to <persName>M<hi rend="sup underline">r</hi> <choice><abbr>P.</abbr><expan>Price</expan></choice></persName>'s <choice><orig>waggon</orig><reg>wagon</reg></choice>
<lb/>while the latter was at a meal he was kicked
<lb/>away, and he added "Had <persName>Sekeletu</persName> not been
<lb/>there by -- I would have fought with him -"
<lb/>Some remarks made at a public meeting
<lb/>at <placeName><settlement type="city">Cape Town</settlement></placeName> <add place="below">^</add> <add place="above">about binding a man to his <choice><orig>waggon</orig><reg>wagon</reg></choice> wheel &amp;c</add> and fortunately unreported
<lb/>in the <bibl>papers</bibl> - and a statement about using
<lb/>his revolver with the <term type="tribe">Makololo</term> made at the
<lb/><orgName>Royal Observatory</orgName> before going into the country
<lb/>at all lead me to make some abatement</p>

    <!-- Perpendicular text in lefthand margin is duplicate of lines on previous page HB 6-20-13 -->
	<cb rend="vertical"/><ab>
<lb/><supplied cert="high">I</supplied> beg you not to think that I in the least consider <del type="strikethrough"><gap extent="2" unit="chars"/></del> <add place="below">^</add> <add place="above"><persName>Price</persName></add> unfit for his office - greater
<lb/>experience will no doubt enable him to get on better - Ever affectionately Yours
<lb/><seg rend="right"><space extent="10" unit="words"/><persName>David Livingstone</persName></seg></ab>



	<pb n="0004" facs="liv_001739_0004"><!--pb/@n='4'--></pb>
<lb/><p rend="no-indent">as to the colouring without questioning <persName>M<hi rend="sup underline">r</hi> <choice><abbr>P.</abbr><expan>Price</expan></choice></persName>'s
<lb/>veracity. It was abundantly evident that he
<lb/>had failed to secure the respect of either <term type="occupation">chief</term>
<lb/>or <orgName>people</orgName>. This is no justification of any
<lb/>wrong the <term type="tribe">Makololo</term> may have committed,
<lb/>but it is remarkable, if they <choice><sic>recieved</sic><corr>received</corr></choice> no
<lb/>provocation, that they should <choice><orig>shew</orig><reg>show</reg></choice> so
<lb/>much rapacity towards <persName>M<hi rend="sup underline">r</hi> Price</persName>, and leave
<lb/>my goods safely in my <choice><orig>waggon</orig><reg>wagon</reg></choice> &amp; in their
<lb/>huts though the boxes are unlocked.</p>
<lb/><p>As to the further prosecution of this mission
<lb/>I am very glad to see in your <bibl>Report</bibl> since
<lb/>I began this <bibl>letter</bibl> that you still look hopefully
<lb/>forward. I grieve over the loss this
<lb/>country has sustained in the departure of
<lb/>our brother to his rest. Nine <term type="people">Englishmen</term>
<lb/>have died in that country since the discovery
<lb/>of <placeName><geogName type="lake">Lake Ngami</geogName></placeName> - One perished by trying to save
<lb/>a <term type="animal">duck</term> in the <placeName><geogName type="river">Zouga</geogName></placeName> - Another, with his <term type="occupation">servant</term>,
<lb/>was lost under suspicion of foul play - Another
<lb/>ran madly under the feet of an <term type="animal">elephant</term> -
<lb/>and others blew themselves up with gunpowder
<lb/>the tenth, with his wife, lies at <placeName><region>Linyanti</region></placeName> &amp;
<lb/>of the whole he alone had an object worth
<lb/>risking his life for. There, without a tree
<lb/>within a hundred yards to mark the spot, he
<lb/>rests from his labours, as good and as
<lb/>devoted a <term type="occupation">missionary</term> as ever left <placeName><country>England</country></placeName>.
<lb/>I collected a few bones &amp; placed <choice><sic>him</sic><corr>them</corr></choice> over his
<lb/>head - there is not a stone in the country - but
<lb/>these will soon vanish and his memory
<lb/>will remain only in men's hearts - I still
<lb/>feel convinced that a flourishing mission might
<lb/>be established <del type="cancelled">there</del> by a judicious <term type="occupation">missionary</term></p>

	<cb rend="vertical"/><ab>	
<lb/>I was only one day there &amp; went over from <placeName><settlement type="town">Sesheke</settlement></placeName> only for my medicine box</ab>


	<pb n="0005" facs="liv_001739_0005"><!--pb/@n='5'--></pb>
<lb/><p rend="no-indent">P.S. It has occurred to me to add that the
<lb/>treatment we <choice><sic>recieved</sic><corr>received</corr></choice> was not the effect
<lb/>of presents as each of the men from
<lb/><placeName><settlement type="town"><choice><orig>Tette</orig><reg>Tete</reg></choice></settlement></placeName> had a load of his own and they
<lb/>would not carry much for us or their
<lb/><term type="occupation">chief</term>. We abstained from complaining
<lb/>of this as it would have caused
<lb/>the confiscation of all their <w>hard<supplied>-</supplied>
<lb break="no"/>earned</w> property. We gave <persName>Sekeletu</persName>
<lb/>comparatively little &amp; may have appeared
<lb/>stingy.</p>
<lb/><p>The want of <term type="animal">horses</term> was <choice><sic>severly</sic><corr>severely</corr></choice>
<lb/>felt by <persName>M<hi rend="sup underline">r</hi> Helmore</persName> - It is not
<lb/>likely that I should have recommended
<lb/>them to one who knew the country
<lb/>so well but he was seen at one
<lb/>of the watering places in the Desert
  
  

	<pb n="0006" facs="liv_001739_0006"><!--pb/@n='6'--></pb>
<lb/>by <persName>M<hi rend="sup underline">r</hi> Baldwin</persName> whom I met at
<lb/>the falls and had been vainly trying
<lb/>to get <term type="foodstuff">meat</term> several nights by
<lb/>waiting at the water - <persName>M<hi rend="sup underline">r</hi> <choice><abbr>B.</abbr><expan>Baldwin</expan></choice></persName> rode
<lb/>out &amp; killed a couple of <term type="animal">giraffes</term>
<lb/>for them - I always had <term type="animal">horses</term>
<lb/>either my own or <choice><sic><persName>M<hi rend="sup underline">r</hi> Oswell</persName>s</sic><corr><persName>M<hi rend="sup underline">r</hi> Oswell</persName>'s</corr></choice></p>
<lb/><p rend="right"><persName><choice><abbr>D.</abbr><expan>David</expan></choice> Livingstone</persName></p>
			
</div>
		</body>
	</text></TEI>