<?xml version="1.0" encoding="UTF-8"?>
<?xml-model href="http://livingstoneonline.github.io/LEAP-ODD/leap.rng" type="application/xml" schematypens="http://relaxng.org/ns/structure/1.0"?>
<?xml-model href="http://livingstoneonline.github.io/LEAP-ODD/leap.rng" type="application/xml" schematypens="http://purl.oclc.org/dsdl/schematron"?>
 <?xml-stylesheet href="http://livingstoneonline.github.io/LEAP-XSLT/transcription.xsl" type="text/xsl"?>
 <!--Converted from a TEI P4 XML file to the LEAP TEI P5 Schema by James Cummings on 2015-03-02--><!--TEI encoding revised and standardized by Adrian S. Wisnicki, 2015-2016-->
         <TEI xmlns="http://www.tei-c.org/ns/1.0" xml:id="liv_000794">
	<teiHeader>
		<fileDesc>
			<titleStmt>
				<title>Letter to William Thompson</title>
                <title type="alternative">Letter to William Thompson, 17 September 1853</title>
				<author>Livingstone, David, 1813-1873</author>
			</titleStmt>
			<publicationStmt>
				<authority>Livingstone Online</authority>
				<pubPlace>College Park, MD, USA</pubPlace>
				<publisher>University of Maryland Libraries</publisher>
				<date>2016</date>
				<idno type="LEAP-ID">liv_000794</idno>
			</publicationStmt>
			<sourceDesc>
				<bibl xml:id="shelfmark">University of London. School of Oriental and African Studies; CWM/LMS/Livingstone Wooden Box, item 76</bibl>
				<bibl xml:id="ccnumber">Letters, 0315</bibl>
				<bibl xml:id="recipient"><persName>Thompson, William, 1811-1889</persName>; </bibl>
				<bibl xml:id="date"><date when="1853-09-17">17 September 1853</date></bibl>
				<bibl xml:id="where">Sekeletu's Town</bibl>
			</sourceDesc>
		</fileDesc>
		<profileDesc>
			<langUsage>
				<language ident="en">English</language>
			</langUsage>
			<langUsage>
				<language ident="und">Undetermined</language>
			</langUsage>
		</profileDesc>
		<revisionDesc>
			<change><!-- Pages 0001 to 0004 -->
				<date>2012-05-09</date>
				<name xml:id="AJS">AJ Schmitz</name>Initial transcription and XML encoding.
      
			</change>
			<change>
				<date>2013-03-10</date>
				<name xml:id="MS">Matthew Stumpf</name>Proofreading.
      
			</change>
			<change>
				<date>2013-07-02</date>
				<name xml:id="HFB">Heather F. Ball</name>Additional proofreading and XML encoding.
      
			</change>

			<change><!-- Pages 0009 to 0010 -->
				<date>2013-03-14</date>
				<name>Matthew Stumpf</name>Initial transcription and XML encoding.
      
			</change>
			<change>
				<date>2013-10-06</date>
				<name xml:id="AM">Anne Martin</name>Proofreading.
      
			</change>
			<change>
				<date>2013-12-05</date>
				<name>Heather F. Ball</name>Additional encoding.
      
			</change>
			<change>
				<date>2016-07-14</date>
				<name>Anne Martin</name>Final Review.
      
			</change>
		</revisionDesc>
	</teiHeader>

	<text>
		<body>
			<div>

	<pb n="0001" facs="liv_000794_0001"><!--pb/@n='0001'--></pb>
<lb/><p rend="right"><space extent="6" unit="words"/><space extent="2" unit="chars"/><placeName><settlement type="town"><persName>Sekeletu</persName>'s Town</settlement></placeName> <date when="1853-09-17">17<hi rend="sup underline">th</hi> September
<lb/><space extent="11" unit="words"/>1853</date></p>
<lb/>
<lb/><p rend="no-indent"><space extent="1" unit="words"/>My dear Man</p><!-- "Copied" is written in the space after the salutation in an unknown hand HB 7-2-13 -->
<lb/><p><space extent="3" unit="words"/><space extent="1" unit="chars"/>Your letters are "necessarily brief" So you say. and 
<lb/>I am bound to believe the <persName>Right Reverend Father William Capeton</persName>
<lb/>seeing her hath <choice><sic>recieved</sic><corr>received</corr></choice> two <term type="occupation">students</term> from <placeName><settlement type="town">Hankey</settlement></placeName> into his 
<lb/>ghostly care. Ah, mine are necessarily long. long winded or 
<lb/>flatulent, as a follower of <persName>Esculapius</persName> expresseth it, the reason
<lb/>whereof lieth in an immense sheet of paper which must be 
<lb/>filled for Nature abhorreth a vacuum, and want of time to shorten them</p>
<lb/><p>The <orgName>Directors</orgName> and you are wonderful men. The former 
<lb/>decline to write concerning certain <bibl>minutes of <orgName>committee</orgName></bibl> though 
<lb/>informed that no meeting will take place till such writing 
<lb/>has been <choice><sic>recieved</sic><corr>received</corr></choice>. And they at same time cooly tell me that 
<lb/>they hope I shall derive counsel assistance &amp;c &amp;c. from the <orgName><w>com-
<lb break="no"/>-mittee</w></orgName> of which no meeting can take place. Then you if I recollect 
<lb/>aright twitted me about our <orgName>Committee</orgName> being defunct and 
<lb/>yet presume the matter of a companion will come before it. 
<lb/>But who will go? I am gone. No matter my compassion 
<lb/>can follow. The <orgName>Directors</orgName> requested <persName>Ashton</persName> to leave the 
<lb/><placeName><settlement type="village">Kuruman</settlement></placeName> and settle with a tribe as I had done. He refused. 
<lb/>Subsequently <persName>M<hi rend="sup">r</hi> Freeman</persName> proposed in <orgName>Committee</orgName> held at 
<lb/><placeName><settlement type="village">Kuruman</settlement></placeName> that <persName>Ashton</persName> should go to <placeName><settlement type="village">Borigelong</settlement></placeName>. 
<lb/>He refused by saying "It would be like taking <persName>M<hi rend="sup">rs</hi> Ashton</persName>
<lb/>to her grave" "Then you must take the entire charge 
<lb/>of the printing press (<persName>M<hi rend="sup">r</hi> Moffat</persName> had till then done the 
<lb/><del type="strikethrough">printing</del> press work) and leave <persName>M<hi rend="sup">r</hi> <choice><abbr>M.</abbr><expan>Moffat</expan></choice></persName> to devote his 
<lb/>entire time to Translation." This you will <choice><sic>percieve</sic><corr>perceive</corr></choice> settled 
<lb/>him at <placeName><settlement type="village">Kuruman</settlement></placeName>. <persName>M<hi rend="sup">r</hi> Moffat</persName> is the only man willing 
<lb/>to go, but would it be advisable for him to do so. No 
<lb/>certainly. But here I am after my <del type="cancelled">eight</del> 8<hi rend="sup underline">th</hi> attack of 
<lb/><term type="ailment">fever</term>. The last very severe being accompanied with large 
<lb/>discharges of blood. It has made me quite thin, but as I 
<lb/>am becoming old and <choice><sic>skinney</sic><corr>skinny</corr></choice> per process of time that 
<lb/>does not matter much. I never laid by. but <term type="ailment">vertigo</term> from 
<lb/>exhaustion compelled me to give up some of my sedentary 
<lb/>work. By the way it now glances <choice><sic>accross</sic><corr>across</corr></choice> my mind 
<lb/>that the Daguerrotype portraits entrusted to <persName>M<hi rend="sup underline">rs</hi> De Somit</persName>
<lb/>had not in <date when="1852-11">November last</date> been delivered. I blame myself<!-- Does "last" get included in the date tag as it is indicative of the year, or left out? HB 7-2-13 -->

	<pb n="0002" facs="liv_000794_0002"><!--pb/@n='0002'--></pb>
<lb/>severely for entrusting them to a young man through his 
<lb/>mother. She of course good woman wished to oblige but 
<lb/>what thousands of gracious mothers have striven to make 
<lb/>their sons appear obliging. Every one else understanding it 
<lb/><del type="cancelled">w</del>as merely <del type="cancelled">an</del> efforts to make silk purses out of <term type="animal">sow</term>'s ears 
<lb/>though too much given to jesting tonight I am really very 
<lb/>sorry for the loss I fear <persName>M<hi rend="sup underline">rs</hi> <choice><abbr>L</abbr><expan>Livingstone</expan></choice></persName> has sustained. She feels it <!-- Unsure what "L" is abbreviation for HB 7-2-13 --> <!-- have assumed it is Mrs Livingstone AM -->
<lb/>very keenly and I can not repair the loss. Please retain 
<lb/>the medal in <placeName><settlement type="city">Cape Town</settlement></placeName> till you hear from me. It is not 
<lb/>likely I shall ever come your way again - Here one of your <!-- There are markings in the left margin of this line HB 7-2-13 -->
<lb/>questions holds up its <unclear cert="low">plury</unclear> at me "Unless you discover a good 
<lb/>way to the sea either to the East or West how are we in future to send 
<lb/>men to the region of the Lake or to the parts beyond? For <placeName><settlement type="village">Lobale</settlement></placeName>"? <!-- geog: Lake Ngami -->
<lb/>"<hi rend="underline">In future</hi>" The dear man! how many has he sent in time 
<lb/>past? "Unless you discover a good" &amp;c. An indifferent one will do 
<lb/>for those who have any pluck in them and for those who have 
<lb/>none the old overland route may be safely recommended 
<lb/>for they will discover some important &amp; very large field of 
<lb/>labour a long way <placeName><region>South of the <placeName><geogName type="river">Orange River</geogName></placeName></region></placeName> in which they 
<lb/>will be associated with a <orgName>Wesleyan</orgName> - A <orgName>church of <placeName><country>England</country></placeName></orgName> 
<lb/><term type="occupation">clergyman</term>, A <orgName><term type="nationality">Dutch</term> <term type="occupation">Predicant</term></orgName> and a <orgName><orgName>Government</orgName> <term type="occupation">school 
<lb/>master</term></orgName>, each of whom consideres the 10 shanties and 8 <term type="occupation">shopkeeper</term>'s
<lb/>houses as his "sphere of labour" involving the most <choice><orig>excrutiating</orig><reg>excruciating</reg></choice> responsi<add place="below">bility</add></p>
<lb/><p>I was delayed long at <placeName><settlement type="village">Kuruman</settlement></placeName> by the <orgName>Boers</orgName> and want 
<lb/>of people for all feared to go North. but having got over these 
<lb/>difficulties we made very good progress till we came into <choice><abbr>Lat.</abbr><expan>Latitude</expan></choice>
<lb/>19° 16' South. There all <orgName>my people</orgName> were knocked down by <term type="ailment">fever</term>
<lb/>except one <term type="tribe">Bakwain</term> lad. I managed the hospital and he the <term type="animal">oxen</term> 
<lb/>and by God<supplied>'</supplied>s mercy none were cut off. When we were able to 
<lb/>move Northwards. the poor <term type="tribe">Bakwain</term> lad took it too. I had to 
<lb/>drive and cut a path too for keeping more to the Eastward in order 
<lb/>to avoid the <term type="insect">Tsetse</term> we traveled through a densely wooded country 
<lb/>in which the axe was in constant operation. But for 
<lb/>two <orgName>bushmen</orgName> who managed the loose <term type="animal">oxen</term> and otherwise assisted 
<lb/>we could not have moved. Some were still so weak we had to 
<lb/>lift them out and into the <choice><orig>waggon</orig><reg>wagon</reg></choice>. When we came near the <placeName><geogName type="river">Chobe</geogName></placeName>
<lb/>the <choice><sic>ajacent</sic><corr>adjacent</corr></choice> country was flooded for 15 miles out. <choice><sic>Vallies</sic><corr>Valleys</corr></choice> appeared 
<lb/>like large deep rivers with <term type="animal">hippopotami</term> in them. We tried 
<lb/>long <add place="below">^</add> <add place="above">in vain</add> to get a ford through one large river called <placeName><geogName type="river">Sanshureh</geogName></placeName>
<lb/>our <orgName>bushmen</orgName> decamped too. So I took a small pontoon kindly 
<lb/>presented by <choice><abbr>Mssrs</abbr><expan>Messieurs</expan></choice> <persName>Welch</persName> and <persName>Codrington</persName> and the strongest of my 
<lb/>weak crew. crossed the <placeName><geogName type="river">Sanshureh</geogName></placeName>. <choice><orig>½</orig><reg>1/2</reg></choice> a mile wide and went 
<lb/>North to find the <placeName><geogName type="river">Chobe</geogName></placeName> &amp; people. We waded among reed and high 
<lb/>grass for three days trying to obtain a passage in to the <placeName><geogName type="river">Chobe</geogName></placeName>
<lb/>through the dense masses of reed &amp;c which line its banks

    

	<pb n="0003" facs="liv_000794_0003"><!--pb/@n='0003'--></pb>
<lb/>On the fourth day we obtained our object, launched the pontoon and 
<lb/>after passing along about 20 miles we reached a <placeName><settlement type="village"><term type="tribe">Makololo</term> village</settlement></placeName> 
<lb/>In their figurative language they said I "had come upon them as if 
<lb/>I had dropped out of a cloud yet I came riding on the back of a 
<lb/><term type="animal">hippopotamus</term>" A rumour had reached the <term type="tribe">Makololo</term> previously 
<lb/>and two <orgName>parties</orgName> had been sent out in search of us. All our difficulties 
<lb/>were now at an end. Canoes were soon sent down by the <term type="occupation">chief</term> 
<lb/>our <choice><orig>waggon</orig><reg>wagon</reg></choice>s &amp;c. were transported <choice><sic>accross</sic><corr>across</corr></choice> the country &amp; river &amp; 
<lb/>after proceeding North in order to avoid the flooded lands on the 
<lb/>other side, we turned <choice><abbr>S.W.</abbr><expan>South West</expan></choice> &amp; reached the town. Our reception was 
<lb/>far more flattering than I could have anticipated. The <term type="occupation">chief</term> just over 
<lb/>18 years of age said he rejoiced to obtain another father instead of <persName><unclear cert="medium">Sebitoane</unclear></persName>
<lb/>and repeated<supplied cert="high">ly</supplied> requested me to name whatever I wished and he would <choice><orig>shew</orig><reg>show</reg></choice> 
<lb/>his affection by giving it. <term type="animal">cattle</term>, ivory, &amp;c &amp;c and he seemed distressed 
<lb/>when I refused to name anything - He is not equal in appearance 
<lb/>or abilities to his father but there is nothing weak or childish in his 
<lb/>conduct or conversation, and several executions which have taken 
<lb/>place on account of conspiracy, <choice><orig>shew</orig><reg>show</reg></choice> that he is not destitute of 
<lb/><persName>Sebitoane</persName>'s energy. He is afraid to learn to read at present "lest it 
<lb/>should change his heart and make him content with one wife" 
<lb/>as in the case of <persName>Sechele</persName>. I like a frank objection - one cannot 
<lb/>get a hold on a "<foreign xml:lang="und">Ya Mynheer</foreign>" They are too oily. I have just 
<lb/>returned from a nine weeks tour through the country in search of 
<lb/>a suitable location for a mission. Went up the <placeName><geogName type="river">Barotse River</geogName></placeName> or 
<lb/>as it is universally called by the <term type="tribe">Makalaka</term> - the <orgName><orgName>aboriginal</orgName> inhabitants</orgName> 
<lb/>- the <orgName>black race</orgName> of whom I spoke - the <placeName><geogName type="river">Leeamb</geogName></placeName> or "the River." <!-- Cannot find special character in map for long emphasis on y in Leeamby HB 9-1-13 -->
<lb/>reached the confluence of the <placeName><geogName type="river">Loeti</geogName></placeName> with its light coloured water
<lb/>also that of the <placeName><geogName type="river">Leeba</geogName></placeName> or <placeName><geogName type="river">Lonta</geogName></placeName>. <placeName><geogName type="river">Londa</geogName></placeName> is the proper nam<supplied cert="high">e</supplied>
<lb/>because it comes from <placeName><settlement type="town">Londa</settlement></placeName> the capital of a large state. The 
<lb/>confluence of the <placeName><geogName type="river">Londa</geogName></placeName> and <placeName><geogName type="river"><choice><sic>Leeamby</sic><corr>Leeambye</corr></choice></geogName></placeName> is in 14° 11' South
<lb/>this is a point of great importance for the <placeName><geogName type="river"><choice><sic>Leeamby</sic><corr>Leeambye</corr></choice></geogName></placeName>. twins 
<lb/>thence away to the East <choice><abbr>N.</abbr><expan>North</expan></choice> East. The <placeName><geogName type="river">Londa</geogName></placeName> about 150 yards 
<lb/>wide. (the <placeName><geogName type="river"><choice><sic>Leeamby</sic><corr>Leeambye</corr></choice></geogName></placeName> about 250 <supplied cert="high">yards</supplied> beyond it) The <placeName><geogName type="river">Londa</geogName></placeName> coming from 
<lb/>the <choice><abbr>N.</abbr><expan>North</expan></choice> &amp; by <choice><abbr>W.</abbr><expan>West</expan></choice> or <choice><abbr>N.N.W.</abbr><expan>North North West</expan></choice> is. I dream yet to form part 
<lb/>of our way West. Conveyance by water is of great importance 
<lb/>with 6 <term type="occupation">paddlers</term> we went 44 miles of Latitude in one day of 10<choice><orig>½</orig><reg>1/2</reg></choice>
<lb/>hours and taking into account the windings of the river and 
<lb/>our course being what <term type="occupation">sailors</term> term a 2<choice><orig>½</orig><reg>1/2</reg></choice> point one the actual 
<lb/>distance must have been upwards of 50 Geographical miles 
<lb/>The river is one of very great beauty &amp; breadth. It is often more 
<lb/>than a mile broad with islands 3 or four miles long in it. 
<lb/>These are covered with sylvan <term type="plant">vegetation</term>. The rounded masses 
<lb/>of which seem to recline on the bosom of the water. The 
<lb/><term type="insect">Tsetse</term> spoils the most beautiful and healthful spots. I must 
<lb/>reserve details. but after a laborious search have not 
<lb/>found a spot I could pronounce salubrious. We must 
<lb/>brave the <term type="ailment">fever</term>. It is God not the Devil that rules our <!-- Not sure if this "fever" is meant metaphorically, but coded as ailment just in case HB 9-1-13 -->
<lb/>destiny. Surely we may when <orgName><orgName>slave</orgName> <term type="occupation">traders</term></orgName> do. I met 

    

	<pb n="0004" facs="liv_000794_0004"><!--pb/@n='0004'--></pb>
<lb/><add place="above"><orgName>Arabs</orgName></add> from <placeName><geogName type="island"><unclear cert="medium">Zanzibar</unclear></geogName></placeName> subjects of the <persName>Imam of <placeName><settlement type="city">Muscat</settlement></placeName></persName>, who could 
<lb/>write readily. And <term type="people">Portuguese</term> from the Farthest <term type="occupation">trading</term> station 
<lb/>inland on the <placeName><region>West</region></placeName>. The latter probably through the influence of 
<lb/>the <bibl><persName>Chevalier Du Pratt</persName>'s letter</bibl> and passport <choice><orig>shewed</orig><reg>showed</reg></choice> me every civility 
<lb/>An intrigue with an <term type="occupation">underchief</term> who had pretentions to the 
<lb/><term type="occupation">chieftainship</term> enabled the latter to drive a brisk <orgName><term type="occupation">trade</term> in <orgName>slaves</orgName></orgName> 
<lb/>in the <placeName><region>Northern half of the <placeName><region><term type="tribe">Makololo</term> country</region></placeName></region></placeName>. Nothing was done 
<lb/>here. to encourage them to call again. A stockade was erected 
<lb/>in the <placeName><region><term type="tribe">Barotse</term> country</region></placeName>, a flagstaff for the <term type="nationality">Portuguese</term> banner 
<lb/><del type="strikethrough">erected</del><add place="above">set up</add>. A small cannon given to the <term type="occupation">pretender</term> who it is supposed 
<lb/>gave authority for the prosecution of the <orgName><orgName>slave</orgName> <term type="occupation">trade</term></orgName> contrary 
<lb/>to the orders of the <term type="occupation">chief</term>. The conduct on the part of the <term type="occupation">merchant</term> 
<lb/>was very silly for no sooner was the intrigue known, than the 
<lb/>chief conspirators were cut off and their bodies tumbled into the River <!-- Does River need to be coded somehow? HB 9-1-13 -->
<lb/>On my remonstrating against bloodshed the answer given was "We are 
<lb/>still <orgName>Boers</orgName>. We are not yet taught." They would have expelled the 
<lb/><orgName><orgName>slave</orgName> <term type="occupation">merchant</term></orgName> too. but refrained on my representing that their 
<lb/>doing so might injure me in the <placeName><region>West</region></placeName> and their departure is 
<lb/>to take place soon. I go Westward as soon as the rains commence 
<lb/>I have preached in many spot<supplied cert="high">s</supplied> where the name of <persName>Christ</persName> was never 
<lb/>heard before. This is matter for gratitude. Hope the <bibl>gospel</bibl> will yet 
<lb/>be established in these savage lands. I travelled in a company of 160 
<lb/>in 33 canoes. From the <term type="occupation">chief</term> downwards all strove to <choice><orig>shew</orig><reg>show</reg></choice> kindness 
<lb/>Nine weeks intimate intercourse - hearing their conversation, anecdotes 
<lb/>quarrelling, roaring dancing, singing and murdering, have imparted 
<lb/>a greater disgust at <orgName>heathenism</orgName> than I ever had before. And on <w>com<supplied>-</supplied> 
<lb break="no"/>parison</w> with <orgName>Southern tribes</orgName> a firm belief that <term type="occupation">missionaries</term> 
<lb/>effect a great deal more than they are aware of even when there are no conversions
	<cb rend="vertical"/>
<lb/><space extent="1" unit="words"/>I am sorry you cannot be furnished 
<lb/>with a correct sketch of the country which 
<lb/>I have seen I have used the last bit 
<lb/>of tracing paper for the <orgName>Directors</orgName> -- <bibl>2 letters 
<lb/>for <placeName><country>America</country></placeName> per <persName>Captain Holmes</persName> - a packet for 
<lb/><persName>D<hi rend="sup">r</hi> Tidman</persName>, 4 <term type="nationality">English</term><space dim="horizontal" extent="7" unit="chars"/> &amp; one <term type="nationality">Canadian</term> letter</bibl></p>

	<ab/>
<lb/><p><hi rend="underline">Prepaid</hi></p>
<lb/><p rend="center"><space extent="3" unit="words"/><persName>The Rev. <choice><abbr>W.</abbr><expan>William</expan></choice> Thompson</persName></p>
<lb/><p rend="right"><space extent="3" unit="words"/><placeName>Church Square</placeName></p>
<lb/><p rend="right"><space extent="4" unit="words"/><space extent="2" unit="chars"/><placeName><settlement type="city">Cape Town</settlement></placeName></p><!-- NOTE that there are two sets of writings that run perpendicular to the above address information. One looks to be a date, the other postage charges(?) but they look to be from another hand AJ -->

<!-- The remainder of this transcription is commented out for the moment, as there are no corresponding pages in the original letter AM -->



<!--	<pb n="0006" facs="liv_000794_0006"><!-\-pb/@n='0006'-\-></pb>

	<pb n="0007" facs="liv_000794_0007"><!-\-pb/@n='0007'-\-></pb>

	<pb n="0008" facs="liv_000794_0008"><!-\-pb/@n='0008'-\-></pb>

	<pb n="0009" facs="liv_000794_0009"><!-\-pb/@n='0009'-\-></pb>


	<ab><!-\- This text follows the end of the next page -\->
<lb/>if those who blame you want
<lb/>him now let them come down 
<lb/>with the dust &amp; send for him
	</ab>
<lb/><p>I heartily approve of your conduct in the case 
<lb/>of <persName>Sechele</persName> He entertained the project for many 
<lb/>years but always <choice><sic>recieved</sic><corr>received</corr></choice> my decided veto 
<lb/>on it. Again and again have I said, "your 
<lb/>duty lies among your own countrymen and 
<lb/>not to be stared at as a wild beast, or as the 
<lb/>children of strange towns do to me" When I met
<lb/>him at <placeName><settlement type="village">Kuruman</settlement></placeName> he had made up his
<lb/>mind to go with others All I could say was 
<lb/>you need not think of the <term type="occupation">governor</term> he is
    
  	

	<pb n="0010" facs="liv_000794_0010"><!-\-pb/@n='0010'-\-></pb>
<lb/>gone to punish <persName>Moshesh</persName>. "But I will go to the <persName>Queen</persName>"
<lb/>could say nothing about her, and as he appeared 
<lb/>to be going at the expense of others did not feel 
<lb/>at liberty to object further than by telling him
<lb/>the difficulty <add place="below">^</add> <add place="above">I had</add> in getting ammunition. He 
<lb/>was perfectly aware of my sentiments about 
<lb/>going to <placeName><country>England</country></placeName>. I have always been opposed 
<lb/>to exhibiting real or supposed converts prize <term type="animal">cattle</term> 
<lb/>fashion. Whatever he may be now I have not the shade 
<lb/>of the shadow of a doubt that during the 2<choice><orig>¾</orig><reg>3/4</reg></choice> years 
<lb/>before his admission he was sincere &amp; most consistent</p>
			-->
</div>
		</body>
	</text></TEI>