<?xml version="1.0" encoding="UTF-8"?>
<?xml-model href="http://livingstoneonline.github.io/LEAP-ODD/leap.rng" type="application/xml" schematypens="http://relaxng.org/ns/structure/1.0"?>
<?xml-model href="http://livingstoneonline.github.io/LEAP-ODD/leap.rng" type="application/xml" schematypens="http://purl.oclc.org/dsdl/schematron"?>
 <?xml-stylesheet href="http://livingstoneonline.github.io/LEAP-XSLT/transcription.xsl" type="text/xsl"?>
 <!--Converted from a TEI P4 XML file to the LEAP TEI P5 Schema by James Cummings on 2015-03-02--><!--TEI encoding revised and standardized by Adrian S. Wisnicki, 2015-2016-->
         <TEI xmlns="http://www.tei-c.org/ns/1.0" xml:id="liv_000659">
	<teiHeader>
		<fileDesc>
			<titleStmt>
				<title>Letter to Robert Moffat 1</title>
                <title type="alternative">Letter to Robert Moffat 1, November 1848</title>
				<author>Livingstone, David, 1813-1873</author>
			</titleStmt>
			<publicationStmt>
				<authority>Livingstone Online</authority>
				<pubPlace>College Park, MD, USA</pubPlace>
				<publisher>University of Maryland Libraries</publisher>
				<date>2016</date>
				<idno type="LEAP-ID">liv_000659</idno>
			</publicationStmt>
			<sourceDesc>
				<bibl xml:id="shelfmark">University of London. School of Oriental and African Studies; CWM/LMS/Africa/Odds - Livingstone, Box 4-20</bibl>
				<bibl xml:id="ccnumber">Letters, 0191</bibl>
				<bibl xml:id="recipient"><persName>Moffat, Robert 1, 1795-1883</persName>; </bibl>
				<bibl xml:id="date"><date when="1848-11">November 1848</date></bibl>
				<bibl xml:id="where">Kolobeng</bibl>
			</sourceDesc>
		</fileDesc>
		<profileDesc>
			<langUsage>
				<language ident="en">English</language>
			</langUsage>
			<langUsage>
				<language ident="tn">Tswana</language>
			</langUsage>
            <handNotes>
                <handNote xml:id="U">Scribe: Unknown</handNote>
            </handNotes>
		</profileDesc>
		<revisionDesc>
			<change>
				<date>2013-01-12</date>
				<name xml:id="JM">Jared McDonald</name>Initial transcription and XML encoding.
            
			</change>
			<change>
				<date>2013-01-09</date>
				<name xml:id="HFB">Heather F. Ball</name>Proofreading and additional XML encoding.
            
			</change>
			<change>
				<date>2016-06-29</date>
				<name xml:id="AM">Anne Martin</name>Final Review.
            
			</change>
		</revisionDesc>
	</teiHeader>

	<text>
		<body>
			<div>

	<pb n="0001" facs="liv_000659_0001"><!--pb/@n='1r'--></pb>
<lb/><p rend="right"><space extent="3" unit="words"/><placeName><settlement type="village">Kolobeng</settlement></placeName> <date when="1848-11"><choice><abbr>Nov</abbr><expan>November</expan></choice> 1848</date></p>
<lb/>
<lb/><p>My dear Father</p>
				<lb/><p><space extent="3" unit="words"/><space extent="1" unit="chars"/>We gladly welcomed our friend
<lb/><persName>Paul</persName> back again after his visit to the <placeName><settlement type="village">Kuruman</settlement></placeName>
<lb/>and the etceteras he brought were as welcome as he
<lb/>We had <choice><sic>recieved</sic><corr>received</corr></choice> a most gloomy view of the state
<lb/>of <placeName><settlement type="village">Kuruman</settlement></placeName> from <persName>Motseabona</persName> felt quite sad
<lb/>over it. Everybody talking of leaving &amp; many actually
<lb/>left. You too among the talkers of learning. we
<lb/>really did not know what to make of it. I was
<lb/>on the point of offering you this house
<lb/>in order that you might go on undisturbed in 
<lb/>your translations. Anxiety to see some little
<lb/>fruit from our labours among the <term type="tribe">Bakwains</term>
<lb/>was the only thing in my mind that <w>pre<supplied>-</supplied><lb break="no"/>-vented</w>. And after all, the mountain in labour
<lb/>brought forth a ridiculous <term type="animal">mouse</term>. <persName>Paul</persName> gave
<lb/>such a glowing account of the numbers 
<lb/>&amp; state of your young people we felt
<lb/>quite cheered. Above all to see <persName><unclear cert="medium">Sebube</unclear></persName> come
<lb/>forward &amp; choose a station for himself is 
<lb/>quite exhilarating. I felt inclined at once
<lb/>to go over &amp; help him with his house
<lb/>but thought afterwards it would be better not
<lb/>Let all the praise of the commencement be given

	

	<pb n="0002" facs="liv_000659_0002"><!--pb/@n='1v'--></pb>
<lb/>to whom it is due &amp; all the disgrace of attempting 
<lb/>to hinder his settlement <hi rend="sup">rest</hi> on the head which could tell
<lb/>you with tears &amp; groans that he <hi rend="underline">always</hi> assisted <orgName>native</orgName>
<lb/><term type="occupation">teachers</term>. <persName>Sebube</persName> will tell you of his message to
<lb/>the <term type="tribe"><unclear cert="medium">Wuketse</unclear></term> not to <choice><sic>recieve</sic><corr>receive</corr></choice> him. fortunately his
<lb/>influence is there as almost everywhere else 
<lb/>somewhere about the degree zero.</p>
<lb/>
<lb/><p>We delayed the Baptism of <persName>Sechele</persName> for two
<lb/>months after his formal application. As
<lb/>he had for a long time previous professed
<lb/>firm belief in the truth of <orgName>Christianity</orgName> &amp; his
<lb/>general conduct seemed to be influenced by
<lb/>this <choice><sic>beliefe</sic><corr>belief</corr></choice> we did not feel so much hesitancy
<lb/>as we should have done had there been mo<del type="strikethrough">re</del>
<lb/>previous indications of change. He was
<lb/>tested in the interval by <orgName>his own people</orgName>
<lb/>in several ways &amp; by the renowned <term type="occupation">chief</term> 
<lb/><persName>Moshesh</persName> in a way that might have influenced
<lb/>one who was insincere at heart. He had sent
<lb/>some men with Karosses about four or
<lb/>five months previously in order to purchase a
<lb/><term type="animal">horse</term>. <persName>Moshesh</persName> <choice><sic>recieved</sic><corr>received</corr></choice> the <term type="occupation">messengers</term> very
<lb/>kindly and as I gave them a note to the
<lb/><term type="occupation">missionaries</term> requesting any members who
<lb/>might feel disposed, to act kindly towards them
<lb/>&amp; for their spiritual good the poor fellows

	

	<pb n="0003" facs="liv_000659_0003"><!--pb/@n='2r'--></pb>
<lb/>were well taken care of. <persName>Moshesh</persName> gave them about
<lb/>ten head of &amp; <term type="animal">cattle</term> &amp; two <term type="animal">horses</term>. A great deal for
<lb/>poor people in this country &amp; sent a private
<lb/>message to the <term type="occupation">chief</term> that whatever he wished whether
<lb/>guns gunpowder <term type="animal">horses</term> or <term type="animal">cattle</term> he must apply to
<lb/>him &amp; he would supply them, &amp; tell him to allow
<lb/>his people to believe if they like but he (<persName>Sechele</persName>) must
<lb/>never believe. I am a king said <persName>Moshesh</persName> "I <choice><sic>wont</sic><corr>won't</corr></choice>
<lb/>put myself under the authority of another (<choice><abbr>viz.</abbr><expan cert="high">videlicet</expan></choice> God)
<lb/>I have my kingdom as well as He. &amp; people would
<lb/>laugh at me if I believed &amp; put myself under the
<lb/>power of another. tell <persName>Sechele</persName> that." <persName>Sechele</persName>
<lb/>told me although it was a private message &amp; added
<lb/><foreign xml:lang="tn">ki le ka nyatsa gore ga a itse se o se <unclear cert="medium">buan</unclear>
<lb/>ka a re <persName>Morimo</persName> ki khose ka ana</foreign>. I should
<lb/>not like this private message to get wind. The
<lb/>answer seemed satisfactory to us. We were
<lb/>happy to have <persName>Paul</persName> with us In <choice><sic>recieving</sic><corr>receiving</corr></choice> him
<lb/>many of the people were shedding tears of sorrow
<lb/>for what do you think? That he was so
<lb/>far left to himself as <del type="strikethrough">to allow himself</del> to drink
<lb/>the brains of men. It seemed water, said one
<lb/>to me. I expected to see something <foreign xml:lang="tn">tala</foreign> in it
<lb/><foreign xml:lang="tn">Ka na ba rosa yalo</foreign> send another <foreign xml:lang="tn">na <unclear cert="low">reñ</unclear></foreign>? They
<lb/>in general believe the satanic suggestions of wicked
<lb/>persons who tell them that baptism is being
<lb/>caused to drink men's brains &amp; the Lord's supper
<lb/>a scene of impurity. They love darkness rather

	

	<pb n="0004" facs="liv_000659_0004"><!--pb/@n='2v'--></pb>
<lb/>than light. The youngest child be desired to be called
<lb/><persName>Setefano</persName> in allusion to his hope of being the first
<lb/>among the <placeName><region>Interior</region></placeName> <term type="occupation">chiefs</term> who will embrace the <bibl>gospel</bibl>
<lb/>He endures a good deal of trial from his people
<lb/>at present. We have no rain - one good shower
<lb/>alone this year while around us the rains
<lb/>have been abundant. The <placeName><geogName type="river">Kolobeñ</geogName></placeName> gets smaller
<lb/>&amp; smaller. <subst><del>But</del><add place="over-text">It</add></subst> has not run into the watercourse <!-- Cannot remember how to code when DL writes over another word, as with the case of "It" (it was written over "But") HB 10-23-13 --> <!-- Coded AM -->
<lb/>for the last three weeks. The people say
<lb/>to him, "There is <persName>Mosielele</persName>, he has plenty of rain
<lb/>&amp; he hates the word. Our <term type="occupation">chief</term> loves it we have
<lb/>none" - This is the fourth year of scarcity. They
<lb/>had always abundance of <term type="plant_foodstuff">corn</term> <choice><orig>untill</orig><reg>until</reg></choice> the Word
<lb/>came.- Last year at this time we could not
<lb/>make our water course contain its water
<lb/>but two dry seasons following each other seems
<lb/>too much for it- If the prince of the power
<lb/>of the air has no hand in it we feel unkindly
<lb/>towards the old rogue. We are cutting <term type="plant_foodstuff">corn</term> -
<lb/>seem to have a pretty fair crop. The friends
<lb/>who send the chairs would be pleased if they
<lb/>knew they came just two days before his
<lb/>baptism &amp; their first use was on that occasion
<lb/>&amp; one of them by the wife he has retained
<lb/>the gun gave great satisfaction, but two
<lb/>months nearly have elapsed before he could
<lb/>bring himself to fire with it. He told me he
<lb/>did not know what to do with it. It was

	

	<pb n="0005" facs="liv_000659_0005"><!--pb/@n='3r'--></pb>
<lb/>2<hi rend="sup">d</hi> sheet <!-- Not sure if I should be encapsulating this line within p tags, or if it should be coded as an above line tag HB 10-23-13 -->
<lb/>too fine to shoot out of it <foreign xml:lang="tn">hela</foreign>. He intended to keep
<lb/>it till he got a <choice><orig>waggon</orig><reg>wagon</reg></choice> &amp; then he would shoot
<lb/>with it occasionally &amp; then put it into its bed.
<lb/>But a big <term type="animal">buffalo</term> made a mistake yesterday
<lb/>and came blundering through the town. He
<lb/>fired the first shot into it. It is now loaded
<lb/>in both barrels. He wonders who made the different
<lb/>parts &amp; as there are three names for conjecture
<lb/><choice><abbr>viz.</abbr><expan cert="high">videlicet</expan></choice> <persName>Tipping</persName> <persName><unclear cert="medium">Lawden</unclear></persName> &amp; <persName>Parker</persName> it is supposed
<lb/>one made the stock another the lock &amp; a third
<lb/>the barrel - The gun accoutrements are welcome
<lb/>have you no finished common musket <del type="strikethrough">hammers</del><add place="above">cocks</add>
<lb/>the percussion are not at present so useful as
<lb/>these would be. I have completely failed in
<lb/>all attempts to make a screw <add place="above">thread</add> in the inside
<lb/>of the part of the tumbler which projects. The <unclear cert="medium">taps</unclear>
<lb/>have a portion tapering at the point which only
<lb/>scrapes &amp; before the real screw comes into
<lb/>operation it is either down to the bottom
<lb/>or broken Can you give me any hint or
<lb/>instruction on the point - Any finished
<lb/>pans.? Time is everything here.*</p>
<lb/><p>Can you provide us with <choice><orig>1/2</orig><reg>1/2</reg></choice> muid of good
<lb/><term type="plant_foodstuff">seed corn</term> for next sowing. That we have
<lb/>is mixed with Bengal &amp;c. The seeds are
<lb/>very welcome indeed. None of my <term type="plant_foodstuff">beans</term> did</p>
<lb/><cb rend="vertical"/>
<lb/><note place="marginleft">* and any new ideas you may have acquired on putting fire into a <unclear cert="low">pan</unclear></note>


	<pb n="0006" facs="liv_000659_0006"><!--pb/@n='3v'--></pb>
<lb/><p rend="no-indent">Yours come on splendidly. The <term type="plant_foodstuff">scotch Kale</term> was
<lb/>excellent at <placeName><settlement type="village">Mabotsa</settlement></placeName> but the two plants preserved
<lb/>for seed were planted close to each other &amp; a curious
<lb/>interchange was the result - The <term type="plant_foodstuff">kale</term> gave its breadth
<lb/>of leaf to the <term type="plant_foodstuff">turnips</term> &amp; contented itself with becoming
<lb/>a "<term type="plant">thistle</term>" with a short stalk The <term type="plant_foodstuff">turnips</term> are now
<lb/>things with leaves like <term type="plant_foodstuff">bananas</term> &amp; enormous
<lb/>branching inedible roots - A few seem to have
<lb/>escaped the contagion but I doubt whether
<lb/>they will be worth propagation</p>
<lb/><p>Of <persName>M<hi rend="sup">r</hi> <choice><sic>Oswel</sic><corr>Oswell</corr></choice></persName>'s seeds the <term type="plant_foodstuff">custard apple</term> did best
<lb/>we have six growing rigorously - many
<lb/>more came up but were devoured by insects
<lb/>several <term type="plant_foodstuff"><choice><sic>beat</sic><corr>beet</corr></choice> roots</term> &amp; a plant called <term type="plant_foodstuff">Bringale</term>
<lb/>have come on but these are all</p>
<lb/><p>If you can procure <term type="animal">sheep</term> as cheap
<lb/>as the last but at some future time you
<lb/>will oblige us by them. But <hi rend="underline">no more</hi>
<lb/><term type="animal">goats</term>. They are very useful in payment
<lb/>but a skin disease unusually fatal these
<lb/>two last years renders it improfitable for us
<lb/>to keep them any time on our hands
<lb/>The <term type="animal">sheep</term> do extremely well &amp; we can pay
<lb/>with them. <term type="animal">heifers</term> will always be 
<lb/>welcome <add place="above">preferred indeed to every thing else</add>. We can get 9 or 10 <term type="animal">sheep</term> in

	

	<pb n="0007" facs="liv_000659_0007"><!--pb/@n='4r'--></pb>
<lb/>exchange for one - It will be well to avoid
<lb/>spending any<del type="cancelled">thing</del> money <choice><sic>on on</sic><corr>on</corr></choice> our behalf for some
<lb/>months or till next year<supplied cert="high">'</supplied>s salary comes due
<lb/>except for <term type="animal"><choice><sic>hiefers</sic><corr>heifers</corr></choice></term> &amp; <term type="plant_foodstuff">Tea</term> - We shall want
<lb/>but little besides If you can procure good <term type="plant_foodstuff">tea</term>
<lb/>for us we shall remember you every time
<lb/>we drink it - If you cannot get what we like best
<lb/>the next best although inferior must do. Although
<lb/>it should be like rotten hay &amp; we say, so we do not
<lb/>dream of attaching blame to you because you
<lb/>are not the <term type="occupation"><term type="plant_foodstuff">Tea</term> dealer</term> --- As for the <term type="foodstuff"><unclear cert="medium">Ham</unclear></term>
<lb/>We never doubted your kind intentions in
<lb/>sending it - &amp; our remarks had a reference to
<lb/>the future rather than the past - We never
<lb/>dreamed of sending back anything bought for us
<lb/>never having once looked on you as the <term type="occupation">dealers</term></p>
<lb/><p>We are not <orgName>Mahometans</orgName> either. We are glad
<lb/>you admire the cap. We shall send that perhaps.</p>
<lb/><p>What in the world has become of <persName>Robert III</persName>
<lb/>we are exceedingly anxious to learn - <persName>Mary</persName> is
<lb/>afraid he has been in the <orgName>commando</orgName> against
<lb/>the <orgName><choice><sic>boers</sic><corr>Boers</corr></choice></orgName>. I imagine he would be employed in
<lb/>some way at the time perhaps as <term type="occupation">aide camp</term>
<lb/>or what not for what will not <unclear cert="medium">conjecture</unclear>
<lb/>conjure up. The worst of conjecture is its
<lb/>indefiniteness to those who have but little of the
<lb/>imaginative &amp; excitable in their composition

	

	<pb n="0008" facs="liv_000659_0008"><!--pb/@n='4v'--></pb>
<lb/>I am very glad of the musket. Have you never <choice><sic>recieved</sic><corr>received</corr></choice>
<lb/>the powder ordered? You must not forget that one
<lb/>of the <unclear cert="medium">bellows</unclear> must come this way. I intend
<lb/>giving that we now have to <persName>Paul</persName> when settled with
<lb/><persName>Makhatla</persName> which use will I feel sure meet your
<lb/>approbations - as soon as we plough we shall
<lb/>make the attempt to fix him there -- <persName>Paul</persName> is
<lb/>preparing - I felt favourable to the proposition
<lb/>that <persName>Sebube</persName> &amp; <persName>Paul</persName> join at the <term type="tribe"><unclear cert="low">Bañuaketse</unclear></term> at first
<lb/>But on reflection came <add place="below">^</add> <add place="above">to</add> the conclusion that
<lb/>we ought to attempt introducing the <bibl>gospel</bibl> into
<lb/>both places &amp; if both are as favourably <choice><sic>recieved</sic><corr>received</corr></choice>
<lb/>as <persName>Sebube</persName> has been - each may in time be
<lb/>furnished with an <term type="occupation">associate</term>. <persName>Sebube</persName> does 
<lb/>not seem to need any energy from <persName>Paul</persName> &amp;
<lb/>I do not expect soon to find one better adapted
<lb/>for commencing a station than <persName>Paul</persName>
<lb/>If <persName>Paul</persName> is not allowed to remain in the
<lb/>prosecution of his work we shall then think
<lb/>the way open for <del type="cancelled"><persName>Paul</persName></del> <add place="above">him</add> to go over to the <term type="tribe"><unclear cert="low">Bañuaketse</unclear></term>
<lb/>the attempt would have been made sooner had we
<lb/>not been engaged in removing hither &amp;c. This has
<lb/>caused more than 12 months delay. a long time to some
<lb/>this may appear but no portion of my life passed 
<lb/>quicker &amp; though I have not done all I wished
<lb/>verily I have not been idle. It <choice><sic>occurrs</sic><corr>occurs</corr></choice> to me at

	

	<pb n="0009" facs="liv_000659_0009"><!--pb/@n='5r'--></pb>
<lb/><add place="inspace">3<hi rend="sup">d</hi></add> 
<lb/>this moment that as on earth when employed in what
<lb/>we enjoy. The time passes so quickly we do not <choice><sic>percieve</sic><corr>perceive</corr></choice> its course
<lb/>so the employments of heaven will completely saturate
<lb/>the periods of <unclear cert="medium">direction</unclear> &amp; in the opposite state existence
<lb/>will drag on heavily, there will be no employment
<lb/>to disturb the everlasting ennui of prolonged eternal
<lb/>despair What a wearisome time <persName>Judas</persName> has spent 
<lb/>since he went to his own place. What a 
<lb/>mercy to be allowed to spend our lives in labour
<lb/>for him whom we shall yet see in glory. A
<lb/>great mercy indeed that he makes that labour
<lb/>pleasant</p>
<lb/><p>Many thanks for the gun aparatus. Have 
<lb/>you none of more greater finish. We want time
<lb/>very much to drill holes especially. The two
<lb/>loading rods have been bought by <persName>Sechele</persName>. I have
<lb/>got wherewithal to pay for them. He is anxious
<lb/>to pay for the double barrel &amp; gun &amp; will do so soon for
<lb/>he has sent to the <term type="tribe">Bamangwato</term> in expectation
<lb/>of ivory. It has been promised. If successful
<lb/>the little rifle will be bought about same time
<lb/><persName><choice><abbr>S.</abbr><expan>Sechele</expan></choice></persName> does not know what to say about his
<lb/>gun he is so pleased with it. Among the 
<lb/>multitude of words expressions of gratitude to <persName>Tipping</persName>
<lb/><persName>Lawden</persName> <persName>Parker</persName> you &amp; myself are not <unclear cert="medium">wanting</unclear>

	<pb n="0010" facs="liv_000659_0010"><!--pb/@n='5v'--></pb>
<lb/>and the <unclear cert="low">overuling</unclear> Providence which protected in its
<lb/>way is duly acknowledged. I think you would be
<lb/>pleased by his expressions in prayer. He has a
<lb/>great deal of opposition to bear with &amp; you need to
<lb/>remember him that he may be established with
<lb/>truth. We teach a little English to him <persName>Paul</persName> &amp;
<lb/><persName><unclear cert="medium">Mabaloe</unclear></persName> &amp; a few others, but have only one
<lb/><term type="nationality">English</term> <unclear cert="low">Burner</unclear>. Can you furnish us with
<lb/>some &amp; a few <bibl><term type="nationality">English</term> Testaments</bibl> if you
<lb/>have them. We were glad of the books sent
<lb/>lately. I had the impression that you had handed
<lb/>over the book department to <persName>M<hi rend="sup">r</hi> Ashton</persName>
<lb/>Our schools have diminished since we <choice><sic>recieved</sic><corr>received</corr></choice> the
<lb/><term type="occupation">chief</term> or rather since the wives were dismissed 
<lb/>&amp; so has the attendance on the services - <persName>Mokhatla</persName>'s
<lb/>lock was done extremely well. I seldom hit giving
<lb/>the pans so much fire ---- ------ </p>
<lb/><p>The weather is excessively warm - From
<lb/>93º to 95 in the coolest part we can find
<lb/>in the shady parts of our house - I worked
<lb/>unders some <term type="plant">mimosas</term> as long as I could but
<lb/>the heat gave me <term type="ailment">headache</term> - A complaint
<lb/>I never knew till lately so we built a smithy
<lb/><persName>Mary</persName> is more troubled than formerly by the
<lb/>pains peculiar to her condition - I never
<lb/>looked to the clouds so much in my life as I have
<lb/>done these few months past

	

	<pb n="0011" facs="liv_000659_0011"><!--pb/@n='6r'--></pb>
<lb/><persName>Mary</persName> desires me to say that she did not send <term type="plant_foodstuff">sugar</term>
<lb/>by <persName>Motsealeona</persName> because she did not possess full <w>con<supplied>-</supplied><lb break="no"/>-fidence</w> in his honesty. If the trouble of drying
<lb/><term type="plant_foodstuff">quinces</term> is not greater than that of preserving them
<lb/>we should prefer them so.. She will send <term type="plant_foodstuff">sugar</term> by
<lb/>next opportunity. <persName>Sebube</persName> is here on <term type="animal">horse</term>back.
<lb/>I have read with great pleasure the <bibl>Broadmead lectures</bibl>
<lb/>by <persName>Foster</persName> - Have you his works selected from
<lb/>the <bibl>Eclectic</bibl> - I shall send the former out
<lb/>some day. <persName><unclear cert="medium">Leelong</unclear></persName> gives an outline of
<lb/>the present state of organic Chemistry - as
<lb/>an appendix Agricultural chemistry which
<lb/>is excellent. You must remember
<lb/>it in some of your journeys.</p>
				<lb/><p rend="no-indent"><space extent="2" unit="chars"/>Any word of vaccine virus?</p>
				<lb/><p rend="center"><space extent="1" unit="chars"/>Affectionately yours</p>
				<lb/><p rend="right"><space extent="2" unit="chars"/><persName><choice><abbr>D</abbr><expan>David</expan></choice> <choice><orig>Livingston</orig><reg>Livingstone</reg></choice></persName></p>
<lb/><p rend="no-indent">Love &amp; kind salutations to <persName>M<hi rend="sup">rs</hi> <choice><abbr>M</abbr><expan>Moffat</expan></choice></persName> <persName>Ann</persName>
<lb/>&amp; <persName>M<hi rend="sup">r</hi> Hamilton</persName>. <persName>Mary</persName> desires me to
<lb/>transmit thanks for <unclear cert="low">Cheeron</unclear> <choice><sic>recieved</sic><corr>received</corr></choice>
<lb/>&amp;c. The <term type="faith">christian</term> treasury is excellent - we
<lb/>thank you for perusal Be sure &amp; read them
<lb/>before you send them I was much ashamed
<lb/>when I knew of was put in mind that you
<lb/>never read the <bibl>Echo</bibl> &amp; the shame returned the
<lb/>other day when a number of that ill fated work
<lb/>stared me in the face</p>

	<pb n="0012" facs="liv_000659_0012"><!--pb/@n='6v'--></pb>
<lb/><ab><add place="inline" hand="#U"><placeName><settlement type="village">Kolobeng</settlement></placeName>
<lb/><date when="1848-11"><choice><abbr>Nov</abbr><expan>November</expan></choice> 1848</date></add></ab>

	<cb rend="vertical"/>
<lb/><ab><persName>Rev<hi rend="sup underline">d</hi> R. Moffat</persName>
	<lb/><space extent="1" unit="words"/><space extent="1" unit="chars"/><hi rend="underline"><placeName><settlement type="village">Kuruman</settlement></placeName></hi></ab>
			
</div>
		</body>
	</text></TEI>