<?xml version="1.0" encoding="UTF-8"?>
<?xml-model href="http://livingstoneonline.github.io/LEAP-ODD/leap.rng" type="application/xml" schematypens="http://relaxng.org/ns/structure/1.0"?>
<?xml-model href="http://livingstoneonline.github.io/LEAP-ODD/leap.rng" type="application/xml" schematypens="http://purl.oclc.org/dsdl/schematron"?>
 <?xml-stylesheet href="http://livingstoneonline.github.io/LEAP-XSLT/transcription.xsl" type="text/xsl"?>
 <!--Converted from a TEI P4 XML file to the LEAP TEI P5 Schema by James Cummings on 2015-03-02--><!--TEI encoding revised and standardized by Adrian S. Wisnicki, 2015-2016-->
         <TEI xmlns="http://www.tei-c.org/ns/1.0" xml:id="liv_000911">
	<teiHeader>
		<fileDesc>
			<titleStmt>
				<title>Letter to William Thompson</title>
                <title type="alternative">Letter to William Thompson, 8, 12 August 1856</title>
				<author>Livingstone, David, 1813-1873</author>
			</titleStmt>
			<publicationStmt>
				<authority>Livingstone Online</authority>
				<pubPlace>College Park, MD, USA</pubPlace>
				<publisher>University of Maryland Libraries</publisher>
				<date>2016</date>
				<idno type="LEAP-ID">liv_000911</idno>
			</publicationStmt>
			<sourceDesc>
				<bibl xml:id="shelfmark">University of London. School of Oriental and African Studies; CWM/LMS/Livingstone Wooden Box, item 100</bibl>
				<bibl xml:id="ccnumber">Letters, 0424</bibl>
				<bibl xml:id="recipient"><persName>Thompson, William, 1811-1889</persName>; </bibl>
				<bibl xml:id="date"><date from="1856-08-08" to="1856-08-12">8, 12 August 1856</date></bibl>
				<bibl xml:id="where">At sea-Port Luis</bibl>
			</sourceDesc>
		</fileDesc>
		<profileDesc>
			<langUsage>
				<language ident="en">English</language>
			</langUsage>
            <handNotes>
                <handNote xml:id="U">Scribe: Unknown</handNote>
            </handNotes>
		</profileDesc>
		<revisionDesc>
			<change>
				<date>2013-06-20</date>
				<name xml:id="JL">Justin Livingstone</name> Initial transcription and XML encoding.
            
			</change>
			<change>
				<date>2013-09-02</date>
				<name xml:id="HFB">Heather F. Ball</name> Proofreading and additional XML encoding.
            
			</change>
			<change>
				<date>2016-10-07</date>
				<name xml:id="AM">Anne Martin</name> Final Review.
            
			</change>
		</revisionDesc>
	</teiHeader>

	<text>
		<body>
			<div>

	<pb n="0001" facs="liv_000911_0001"><!--pb/@n='1r'--></pb>
				<lb/><p rend="right"><space extent="1" unit="chars"/><placeName><region>At Sea.</region> <choice><abbr>H. M.</abbr><expan>Her Majesty's</expan></choice> Brig Frolic</placeName></p>
				<lb/><p rend="right"><space extent="2" unit="chars"/><space extent="2" unit="chars"/><date when="1856-08-08">8<hi rend="sup underline">th</hi> August 1856</date></p>
<lb/><p rend="no-indent">My dear Friend</p>
				<lb/><p><space dim="horizontal" extent="2" unit="words"/><space extent="2" unit="chars"/>I could not have been
<lb/>more surprised by your own personal
<lb/>appearance at <placeName><settlement type="town"><choice><orig>Quilimane</orig><reg>Quelimane</reg></choice></settlement></placeName> than I was
<lb/>by that of <persName>George Fleming</persName> on the <date when="1856-07-10">10<hi rend="sup">th</hi></date> <unclear cert="medium">Ult.</unclear>
<lb/>and when I witnessed all the kind
<lb/>preparations you had made for my
<lb/>comfort in travel it appeared like
<lb/>a scene we see in dreaming. <del type="cancelled">and</del>
<lb/>I had begun to fancy <bibl>my letters</bibl> contained
<lb/>an order forthwith to return whence
<lb/>I had come. On perusal however
<lb/>I found that I am somewhat to blame
<lb/>in not stating explicitly my intention
<lb/>to go from <placeName><settlement type="town"><choice><orig>Tette</orig><reg>Tete</reg></choice></settlement></placeName> to <placeName><settlement type="town"><choice><orig>Quilimane</orig><reg>Quelimane</reg></choice></settlement></placeName> soon <!-- Adrian, would you supply the current spellings of these places? ie Tette spelt Tete. Also, both these places are cities now, but they were presumably towns then. Justin 2013-07-17--> <!-- the modern spellings are Tete/Quelimane, but in his time might have been Tette and Quilimine, therefore I am using orig/reg in both cases (and other occurrences of these towns throughout the document AM -->
<lb/>after the dispatch of <bibl>my letters</bibl> and
<lb/>thence proceed to <placeName><country>England</country></placeName>. I had

    

	<pb n="0002" facs="liv_000911_0002"><!--pb/@n='1v'--></pb>
<lb/>mentioned my plans so often I <w>un-
<lb break="no"/>-fortunately</w> took it for granted that all
<lb/>my friends knew them perfectly. And
<lb/>when the <placeName><settlement type="town"><choice><sic>Tett</sic><corr>Tete</corr></choice></settlement></placeName> packet left I intended to
<lb/>proceed down the river in a few days
<lb/>afterwards. Indeed I fully expected to
<lb/>overtake it at <placeName><settlement type="town"><choice><orig>Quilimane</orig><reg>Quelimane</reg></choice></settlement></placeName> but my
<lb/>good friend <persName>Major T. A. d'A Sicard</persName>
<lb/>the <term type="occupation">commandant</term> of <placeName><settlement type="town"><choice><orig>Tette</orig><reg>Tete</reg></choice></settlement></placeName> generously
<lb/>advised me to remain <choice><orig>untill</orig><reg>until</reg></choice> the
<lb/>beginning of the healthy season in
<lb/>the <placeName><geogName type="delta">Delta</geogName></placeName> <choice><abbr>viz.</abbr><expan cert="high">videlicet</expan></choice><date when="1856-04">April</date>. I was not <!-- geog: Zambezi delta -->
<lb/>without need of rest for our <term type="animal">cattle</term>
<lb/>having all been killed by <term type="insect">Tsetse</term>
<lb/>I had a severe spell of trudging on
<lb/>foot and had become tired 
<lb/>and thin enough. My men got
<lb/>food from the worthy <persName>Major</persName><!-- persName: Major d'A Sicard -->
<lb/>and employment in carrying
<lb/>wood &amp; in canoe work also

    

	<pb n="0003" facs="liv_000911_0003"><!--pb/@n='2r'--></pb>
<lb/>about 16 came down with me to <placeName><settlement type="town">Senna</settlement></placeName>
<lb/>eight returned thence to <placeName><settlement type="town"><choice><orig>Tette</orig><reg>Tete</reg></choice></settlement></placeName> and eight
<lb/>came to <placeName><settlement type="town"><choice><orig>Quilimane</orig><reg>Quelimane</reg></choice></settlement></placeName> but were glad
<lb/>to go back too for there was a famine
<lb/>in the land which cut off thousands
<lb/>My <term type="occupation">head man</term> named <persName>Sekwebu</persName>
<lb/>I have taken with me - a sensible
<lb/>worthy <orgName>heathen</orgName>, but for whose tact
<lb/>and knowledge of the <placeName><geogName type="river">Zambesi</geogName></placeName> language <!-- Is there a better way to code Zambesi as DL is talking about the language not the geog. feature? HB 9-2-13 -->
<lb/>I might not have been here today
<lb/>The rest about 110 are to remain
<lb/>at <placeName><settlement type="town"><choice><orig>Tette</orig><reg>Tete</reg></choice></settlement></placeName> <choice><sic>till</sic><corr>until</corr></choice> I return to take them
<lb/>to their own land again. Such was
<lb/>my plan but a short time before 
<lb/>the arrival of the Frolic I got <bibl>a letter
<lb/>from the <orgName>Directors</orgName></bibl> by way of <placeName><country><w><choice><orig>Mosam</orig><reg>Mozam</reg></choice>-
<lb break="no"/>bique</w></country></placeName> in which I am told that "they
<lb/>are restricted in their power of aiding
<lb/>plans connected only remotely with
<lb/>the spread of the <bibl>gospel</bibl>." and they
<lb/>add that even though certain

    

	<pb n="0004" facs="liv_000911_0004"><!--pb/@n='2v'--></pb>
<lb/>obstacles (<term type="ailment">fever</term>, <term type="insect">tsetse</term> &amp;c.) should prove
<lb/>surmountable "the financial circumstances
<lb/>of the <orgName>society</orgName> are not as such as to afford
<lb/>any ground of <gap extent="2" unit="chars" agent="blotting"/> hope that it would 
<lb/>be in a position within any definite
<lb/>period to undertake untried, remote
<lb/>and difficult fields of labour." I had
<lb/>imagined in my simplicity that both
<lb/>my preaching conversation and
<lb/>travel were as nearly connected with
<lb/>the spread of the <bibl>gospel</bibl> as the <orgName>Boers</orgName>
<lb/>would allow them to be. The plan
<lb/>of opening up a path from either
<lb/>the <placeName><region>East</region></placeName> or <placeName><region>West coast</region></placeName> for the
<lb/>teeming population of the <placeName><region>Interior</region></placeName>
<lb/>was submitted to their judgement
<lb/>and secured their formal approbation
<lb/>I have been seven times in peril
<lb/>of my life from <orgName>savage men</orgName>
<lb/>while laboriously and without

    

	<pb n="0005" facs="liv_000911_0005"><!--pb/@n='3r'--></pb>
<lb/>swerving pursuing that plan, and 
<lb/>never doubted but that I was in the
<lb/>path of duty. Indeed so clearly did
<lb/>I <choice><sic>percieve</sic><corr>perceive</corr></choice> that I was performing
<lb/>good service to the cause of Christ    
<lb/>I wrote to my brother that I would
<lb/>perish rather than fail in my
<lb/>enterprise. I shall not boast of what
<lb/>I have done but the wonderful
<lb/>mercies I have <choice><sic>recieved</sic><corr>received</corr></choice> will constrain
<lb/>me to follow out the work in spite
<lb/>of the veto of the <orgName>Board</orgName>. If it is
<lb/>according to the will of God means
<lb/>will be provided from other quarters</p>
<lb/><p>I <choice><sic>recieved</sic><corr>received</corr></choice> all the articles sent
<lb/>in charge of <persName>Captain Peyton</persName> and
<lb/><persName>George Fleming</persName> as noted in the
<lb/>lists which accompanied them
<lb/>Some, as the clothing for myself

    

	<pb n="0006" facs="liv_000911_0006"><!--pb/@n='3v'--></pb>
<lb/>bedding stockings &amp;c. were most
<lb/>welcome and did not come certainly
<lb/>before they were needed. Some
<lb/>woolen articles and others which
<lb/>would spoil by keeping I directed
<lb/>to be sold and others as the desk
<lb/>and work box I left at <placeName><settlement type="town"><choice><orig>Quilimane</orig><reg>Quelimane</reg></choice></settlement></placeName>
<lb/>for future use. The money <choice><abbr>viz.</abbr><expan cert="high">videlicet</expan></choice>
<lb/>fifty sovereigns and 500 <term type="nationality">Spanish</term>
<lb/>dollars I took with me. I have
<lb/>some debts against me up the river
<lb/>for clothing &amp;c. of which though my
<lb/>kind friends there refused to give
<lb/>a formal account I consider
<lb/>myself bound to repay by bringing
<lb/>articles which I know they require
<lb/>As I could not settle my affairs
<lb/>at once I leave it for a future
<lb/>time. About 18 tusks belonging

    

	<pb n="0007" facs="liv_000911_0007"><!--pb/@n='4r'--></pb>
<lb/>to <persName>Sekeletu</persName> are left also in charge of
<lb/><persName>Colonel Galdino José Nunes</persName> in
<lb/>whose house I lived at <placeName><settlement type="town"><choice><orig>Quilimane</orig><reg>Quelimane</reg></choice></settlement></placeName>
<lb/>with orders to sell them in case
<lb/>of my death and remit the proceeds
<lb/>to <persName>Sekeletu</persName>. The money from
<lb/>you I reserve for oceanic use. The
<lb/>dollars are said to be worth 4/2 or 4/1
<lb/>only, at the <placeName><country>Mauritius</country></placeName><!-- Is it possible to code this as an island rather than a country? Justin 2013-07-18--> though you
<lb/>gave I hear 4/6 for them. Rather
<lb/>than part with them at such a loss 
<lb/>I shall <add place="above">if not needed as passage money</add> <add place="below">^</add> keep them for the <placeName><geogName type="river">Zambesi</geogName></placeName>
<lb/>again. I suppose all goes down
<lb/>to my account with the <orgName>society</orgName>.
<lb/>I prefer the overland passage to
<lb/>that by the <placeName><region>Cape</region></placeName> because I have
<lb/>a chance of a free passage from
<lb/>one of the <orgName>companies</orgName>. <choice><abbr>P. O. O.</abbr></choice> I believe <!-- Not sure of expansion for this, or if we just leave uncoded HB 9-2-13 -->
<lb/>and none from the common
<lb/>vessels which pass your way

    

	<pb n="0008" facs="liv_000911_0008"><!--pb/@n='4v'--></pb>
<lb/>I wish to come back without any
<lb/>delay in <placeName><country>England</country></placeName>.</p>
<lb/><p>I was happy to see <persName>Ralph</persName>'s name
<lb/>among those who <choice><sic>recieved</sic><corr>received</corr></choice> prizes
<lb/>at the college. Hope he will profit
<lb/>largely by the mental discipline he
<lb/>now enjoys and become fit to serve
<lb/>our great Creator in his day and
<lb/>generation. How are the other two 
<lb/>little <orgName>Hottentots</orgName> <persName>Jessie</persName> &amp; <persName>Willie</persName>? If they
<lb/>lag behind <persName>Ralph</persName> and I am obliged to
<lb/>write about them in a book I shall give
<lb/>them <orgName>Boer</orgName> names as having no
<lb/><persName>Wardlaw</persName> blood in them. "My Dear 
<lb/>Wife" you say, and I knew not you
<lb/>had one. Of course I fell into a quandary
<lb/>as to who had taken charge of you,
<lb/>if she had a long nose or red hair,
<lb/>or squinted, but I was obliged at last
<lb/>to <choice><sic>recieve</sic><corr>receive</corr></choice> the compliments with thanks
<lb/>though only from as yet an abstract idea</p>

	<pb n="0009" facs="liv_000911_0009"><!--pb/@n='5r'--></pb>
<lb/><p rend="no-indent"><date when="1856-08-12">12<hi rend="sup underline">th</hi> August</date>.</p>
<lb/><p>We came into <placeName><settlement type="town">Port <unclear cert="medium"><hi rend="sup">s</hi></unclear> <choice><orig>Luis</orig><reg>Louis</reg></choice></settlement></placeName>, <placeName><geogName type="island">Mauritius</geogName></placeName>
<lb/>this afternoon, a lovely island it seems
<lb/>but not nearly so <choice><sic>fertile looking</sic><corr>fertile-looking</corr></choice>, as
<lb/>the banks of the <placeName><geogName type="river">Zambesi</geogName></placeName> (inland)
<lb/>I cannot of course give any notice
<lb/>of my future but may tomorrow 
<lb/>I intend to live on board <add place="below">^</add> <add place="above">Frolic</add> till I sail 
<lb/>homewards. for I had a little touch
<lb/>of my <orgName>African</orgName> <term type="ailment">fever</term> yesterday &amp; the 
<lb/>purer the air the better. I shall
<lb/>visit <persName>Mr Lebrun</persName> when I can &amp; see
<lb/>his <term type="tribe">Malagassi</term>. At <placeName><settlement type="town"><choice><abbr>St</abbr><expan>Saint</expan></choice> Augustine's
<lb/>Bay</settlement></placeName> we saw many of them. They
<lb/>resemble closely the better classes of
<lb/><term type="tribe">Makololo</term> and many words in
<lb/>their tongue <choice><orig>shew</orig><reg>show</reg></choice> them to be true <orgName>negroes</orgName> 
<lb/>The <term type="people">French</term> are causing them to
<lb/>emigrate to <placeName><region>Bourbon</region></placeName> by promise <!-- this probably isn't how I should code Bourbon. I think DL is talking about Ile Bourbon, now known as Reunion. So it should perhaps be coded as an island? Justin 2013/10/29-->
<lb/>of wages &amp; facilities for returning
<lb/>It seems all fair and above board

    

	<pb n="0010" facs="liv_000911_0010"><!--pb/@n='5v'--></pb>
<lb/>work for they had an <term type="occupation">official</term> of
<lb/>the <orgName><term type="nationality">French</term> <choice><abbr>Gov<hi rend="underline">t</hi></abbr><expan>Government</expan></choice></orgName> aboard to see that none
<lb/>but <orgName>free men</orgName> were taken</p>
<lb/><p>Respecting <persName>George Fleming</persName> I suppose
<lb/>it will be best to settle with him in
<lb/><placeName><settlement type="city">Cape Town</settlement></placeName> for besides not having
<lb/>more money than I may need supposing
<lb/>I get not a free passage the agreement
<lb/>does not specify what was to be given
<lb/>supposing he was required to do no
<lb/>more than has happened. Here he has
<lb/><term type="occupation">able seaman</term>'s pay as <term type="occupation"><choice><sic>Captains</sic><corr>Captain's</corr></choice> servant</term>
<lb/><add place="above">He serves me too</add> He came to <placeName><settlement type="town"><choice><orig>Quilimane</orig><reg>Quelimane</reg></choice></settlement></placeName> with another
<lb/>man of colour who left us at
<lb/><placeName><settlement type="town"><choice><abbr>St</abbr><expan>Saint</expan></choice> Augustine's Bay</settlement></placeName>. He would have
<lb/>found no difficulty in going to <placeName><settlement type="town">Tete</settlement></placeName> as
<lb/>it is all fair sailing though against
<lb/>the stream. Whatever you think
<lb/>proper to give please put it to my
<lb/>account I have full confidence
<lb/>in your discretion. I only feel

    

	<pb n="0011" facs="liv_000911_0011"><!--pb/@n='6r'--></pb>
<lb/>sorry that my not noticing my plans
<lb/>in the <placeName><settlement type="town"><choice><orig>Tette</orig><reg>Tete</reg></choice></settlement></placeName> packet should have caused 
<lb/>so much anxiety and perplexity</p>
<lb/><p>I send <bibl>letters</bibl> for the <placeName><settlement type="village">Kuruman</settlement></placeName>
<lb/>along with this. <persName>Sekwebu</persName>'s mind seems
<lb/>affected by the marvels he sees. The
<lb/>steamer which took us into the Port <!-- geog: Port Louis -->
<lb/>was a terrible apparition to him, All
<lb/>are very kind to him. One who went
<lb/>to <placeName><settlement type="city">Loanda</settlement></placeName> became <term type="ailment">insane</term> also but
<lb/>recovered in a few days as I hope
<lb/><persName>Sekwebu</persName> will, Remember me
<lb/>kindly to <persName>Captain Holmes</persName> and
<lb/>thank him for a <bibl>letter of <w>recommenda<supplied>-</supplied><lb break="no"/>tion</w></bibl> he kindly sent for <persName>M<hi rend="sup">r</hi> Azevedo</persName>
<lb/>- that gentleman was not at <placeName><settlement type="town"><choice><orig>Quilimane</orig><reg>Quelimane</reg></choice></settlement></placeName>
<lb/>but I met him three days beyond
<lb/>near his estate and with his <choice><sic>well known</sic><corr>well-known</corr></choice>
<lb/>benevolence he lent me a covered boat

    

	<pb n="0012" facs="liv_000911_0012"><!--pb/@n='6v'--></pb>
<lb/>which was extremely acceptable to me suffering
<lb/>from a raging <term type="ailment">fever</term>. Is your sister married too</p>
<lb/><p rend="center">Ever Affectionately yours</p>
				<lb/><p rend="right"><space extent="3" unit="chars"/><persName>David Livingstone</persName></p>

<lb/><cb rend="vertical center"/>
<lb/><ab><persName>Rev.<hi rend="sup">d</hi> <choice><abbr>W<hi rend="sup underline">m</hi></abbr><expan>William</expan></choice> Thompson</persName>
	<lb/><space extent="1" unit="words"/><space extent="1" unit="chars"/><placeName><settlement type="city">Cape Town</settlement></placeName>
	<lb/><space extent="1" unit="words"/><placeName><region><hi rend="underline">Cape of Good Hope</hi></region></placeName></ab>

<cb rend="upside-down center"/>
<lb/><ab><add place="inspace" hand="#U">To be returned after
<lb/>perusal to <persName>Rev Thompson</persName>-
<lb/><date when="1856-09-18">18<hi rend="sup underline">th</hi> <choice><abbr>Sept</abbr><expan>September</expan></choice> 1856</date></add></ab>

			
</div>
		</body>
	</text></TEI>