<?xml version="1.0" encoding="UTF-8"?>
<?xml-model href="http://livingstoneonline.github.io/LEAP-ODD/leap.rng" type="application/xml" schematypens="http://relaxng.org/ns/structure/1.0"?>
<?xml-model href="http://livingstoneonline.github.io/LEAP-ODD/leap.rng" type="application/xml" schematypens="http://purl.oclc.org/dsdl/schematron"?>
 <?xml-stylesheet href="http://livingstoneonline.github.io/LEAP-XSLT/transcription.xsl" type="text/xsl"?>
 <!--Converted from a TEI P4 XML file to the LEAP TEI P5 Schema by James Cummings on 2015-03-02--><!--TEI encoding revised and standardized by Adrian S. Wisnicki, 2015-2016-->
         <TEI xmlns="http://www.tei-c.org/ns/1.0" xml:id="liv_000808">
	<teiHeader>
		<fileDesc>
			<titleStmt>
				<title>Letter to William Thompson</title>
                <title type="alternative">Letter to William Thompson, 11, 17 October 1853</title>
				<author>Livingstone, David, 1813-1873</author>
			</titleStmt>
			<publicationStmt>
				<authority>Livingstone Online</authority>
				<pubPlace>Portsmouth, UK</pubPlace>
				<publisher>University of Maryland Libraries</publisher>
				<date>2016</date>
				<idno type="LEAP-ID">liv_000808</idno>
			</publicationStmt>
			<sourceDesc>
				<bibl xml:id="shelfmark">University of London. School of Oriental and African Studies; CWM/LMS/Livingstone Wooden Box, item 78</bibl>
				<bibl xml:id="ccnumber">Letters, 0328</bibl>
				<bibl xml:id="recipient"><persName>Thompson, William, 1811-1889</persName>; </bibl>
				<bibl xml:id="date"><date from="1853-10-11" to="1853-10-17">11, 17 October 1853</date></bibl>
				<bibl xml:id="where">Linyanti</bibl>
			</sourceDesc>
		</fileDesc>
		<profileDesc>
			<langUsage>
				<language ident="en">English</language>
			</langUsage>
            <handNotes>
                <handNote xml:id="U">Scribe: Unknown</handNote>
            </handNotes>
		</profileDesc>
		<revisionDesc>
			<change>
				<date>2012-10-04</date>
				<name xml:id="DC">Danielle Cyphert</name>Initial transcription and XML encoding.
            
			</change>
			<change>
				<date>2012-07-27</date>
				<name xml:id="JM">Jared McDonald</name>Proofreading
            
			</change>
			<change>
				<date>2012-10-30</date>
				<name xml:id="HFB">Heather F. Ball</name> second XML editing.
            
			</change>
			<change>
				<date>2012-10-30</date>
				<name xml:id="AM">Anne Martin</name>Final Review.
            
			</change>
		</revisionDesc>
	</teiHeader>

	<text>
		<body>
			<div>

	<pb n="0001" facs="liv_000808_0001"><!--pb/@n='1r'--></pb>
<lb/><p rend="right"><space extent="4" unit="words"/><space extent="2" unit="chars"/><date when="1853-10-11">11<hi rend="sup underline">th</hi> October 1853</date> - <placeName><settlement type="village">Linyanti</settlement></placeName></p>
<lb/>
<lb/><p>My dear Man</p>
<lb/><p><space extent="3" unit="words"/><space extent="1" unit="chars"/>I sent you a few days ago <bibl>a long letter</bibl> per
<lb/>a <persName>M<hi rend="sup">r</hi> Francis Thompson</persName> who came up as far as the <placeName><geogName type="river">chobe</geogName></placeName> in
<lb/>company with a <term type="occupation">trader</term> <persName>M<hi rend="sup">r</hi> Chapman</persName> and since I sent off the
<lb/><bibl>packet</bibl> I find I have had time to transcribe the enclosed <bibl>paper</bibl>
<lb/>which I have taken the liberty to believe you will not object
<lb/>to read. It contains the marrow of a much longer one
<lb/>carefully written for the same destination but it was penned
<lb/>on our way here and though it contains a much fuller
<lb/>view than this. Many points are now out of date and
<lb/>will be much more so before reaching <persName>Dr Vaughan</persName>
<lb/>I had given up the idea of sending it at all, till the idea of an
<lb/>abbreviation struck my mind and now I fear that the
<lb/>haste evident in its composition &amp; writing will render it
<lb/>unfit for the pages of a <bibl>Review</bibl>. However I send it and
<lb/>my object in enclosing it to you is to request you to
<lb/>note any passages you may see to be out of date by the
<lb/>time you get it and signify the same to the <persName>D<hi rend="sup">r</hi></persName>. Is this <!-- persName: Dr Vaughan -->
<lb/>too much to ask? Well, I shall not send you the next
<lb/>but will just tell you it is much better than this
<lb/>indeed if it were not my own child I would say it is a very
<lb/>good one. So good I may perhaps keep it to myself
<lb/>altogether. It is on <orgName>missions</orgName>. The privilege of being allowed
<lb/>to engage in them. Their future &amp;c &amp;c. I wrote it in the
<lb/>weary way <choice><sic>accross</sic><corr>across</corr></choice> the desert and if it never does aught
<lb/>else it has comforted my own mind.</p>
<lb/><p>The second <bibl>paper</bibl> about which I told you and which
<lb/><persName>Mr Cameron</persName> <del type="strikethrough">told you</del><add place="above">said</add> would be published will not trouble
<lb/>you. I meant it to be a continuation of the same subject
<lb/>believing the one would not be complete without the

<!-- There is an annotation saying "Paper on Missions" perpendicular to the text in the lefthand margin marking out the last 4 lines, that is not in Livingstone's hand-->

	<pb n="0002" facs="liv_000808_0002"><!--pb/@n='1v'--></pb>
<lb/><choice><sic>the</sic><corr/></choice> other. This it seems is not admissable in a <bibl>Review</bibl>.
<lb/>Much of the <bibl>article</bibl> will be otherwise employed, and as doing 
<lb/>good was my object I am quite satisfied. I think I have
<lb/>the same object in the present <bibl>article</bibl>. It is a misfortune
<lb/>to be so far from proofsheets, one could make the composition
<lb/>so much more smooth and perhaps telling. If I ever send
<lb/>that I have by me at present it will be my last.</p>
<lb/><p rend="no-indent">As I am on the subject of literature I may say you are a
<lb/>very fine <term type="occupation">Editor</term>. The only <bibl>letter</bibl> of any pretensions in your
<lb/><bibl>report</bibl> has "what is the <hi rend="underline">result</hi> of these <hi rend="underline">effects</hi>"? and about <choice><orig>½</orig><reg>1/2</reg></choice>
<lb/>a dozen "<choice><sic>addmitting's</sic><corr>admitting's</corr></choice>" spanned onto one <unclear cert="high">trektow</unclear> of a sentence
<lb/>like <orgName>African</orgName> <term type="animal">oxen</term>. You will shelter yourself by saying
<lb/>you promised to give the <bibl>manuscripts</bibl> to the printer. Ah very
<lb/>well. <space dim="horizontal" extent="4" unit="words"/><add place="inline" hand="#U" rend="gray"><date when="1853-10-11">11 October 1853</date></add></p>
<lb/><p><add place="inline" hand="#U" rend="gray">[</add> Your friend <persName>Anderson</persName> has reached the <placeName><geogName>Lake</geogName></placeName> This <!-- The opening bracket on this line and date in preceding line are written in either a different or later hand HB 10/30/12 -->
<lb/>will be a useful path for <term type="occupation">traders</term> to this <placeName><geogName>Lake</geogName></placeName>. But all our
<lb/><placeName><region>southern coast</region></placeName> <add place="below">^</add> <add place="above"><choice><abbr>viz</abbr><expan>videlicet</expan></choice> of <placeName><region><persName>Sebituane</persName>'s country</region></placeName></add> is infested by <term type="insect">tsetse</term> except one small
<lb/>strip and a better path than to <placeName><geogName type="bay">Walwich Bay</geogName></placeName> must
<lb/>be made I have lost eight <term type="animal">oxen</term> by <orgName>my people</orgName> allowing
<lb/>the <term type="animal">cattle</term> to wander once. I find the watch given me
<lb/>by the <orgName><choice><abbr>Geo.</abbr><expan cert="high">Geographical</expan><abbr>Soc.</abbr><expan>Society</expan></choice></orgName> an excellent one and have corrected
<lb/>several errors in Longitude by its means, but send
<lb/>my observations to <persName>M<hi rend="sup">r</hi> Maclear</persName> for verification before
<lb/>publishing them. It is probable the <placeName><geogName>Lake</geogName></placeName> is wrong
<lb/>as we never attempted or could attempt to establish its
<lb/>Longitude. We never had watches worth anything
<lb/>you very kindly say you <unclear cert="medium">fear</unclear> for the result of my
<lb/>going in here alone. I hope I am in the way of duty
<lb/>my own conviction that such is the case has never
<lb/>wavered. I am doing something for God. I have <term type="occupation">preached</term>
<lb/>the <bibl>gospel</bibl> in many a spot where the name of <persName>Christ</persName>
<lb/>has never been heard, and would work still more
<lb/>in the way of reducing the <term type="tribe">Barotsé</term> language - if <!--There is an annotation perpendicular to text in lefthand margin that is not in Livingstone's hand, covering the last 7 lines-->

	<pb n="0003" facs="liv_000808_0003"><!--pb/@n='2r'--></pb>
<lb/>I had not suffered severely from <term type="ailment">fever</term>. Exhaustion produced
<lb/><term type="ailment">vertigo</term>, causing me if I looked suddenly up <del type="strikethrough">to</del> almost to lose
<lb/>consciousness - this made me give up some of my sedentary
<lb/>work. But I hope God will accept of what I can do. The
<lb/>temperature in the shade is about 100° <choice><abbr>Fahr.</abbr><expan>Fahrenheit</expan></choice> during the day &amp;
<lb/>often 90° at 9 <choice><sic>oclock</sic><corr>o'clock</corr></choice> at night. But a merry heart doeth
<lb/>good like a medicine. If I allowed my mind to dwell
<lb/>constantly on the miserable degradation - wickedness &amp;
<lb/>sad prospects of the <orgName>people</orgName> here I might become melancholy
<lb/>and soon die. But we have a fair world and all the
<lb/>wonderful works of our father in it and I believe we
<lb/>ought to allow our minds to dwell on the beautiful more
<lb/>than on the evil. I am never low spirited. It might be
<lb/>different if I had a crusty companion. I have experience
<lb/>in the matter. And my thoughts never <unclear cert="low">torn</unclear> with any
<lb/>longing except for my family. I think we are immortal
<lb/><choice><abbr>till</abbr><expan>until</expan></choice> our work is done not on this platform <add place="below">^</add> <add place="above">only</add> but on the
<lb/><unclear cert="medium">pestilential</unclear> plains of the glorious <placeName><geogName type="river">Leeambye</geogName></placeName>. <add place="inline" hand="#U" rend="gray">]</add></p>
<lb/><p>Remember me to <persName>Miss Thompson</persName> &amp; the young ones
<lb/>I think this goes by <placeName><geogName>Walwich Bay</geogName></placeName>. If the <bibl>packet</bibl> should
<lb/>reach you by this route, a small bag of seeds for
<lb/>the <orgName>Botanic garden</orgName> accompanies it. They were
<lb/>collected in the way here. I contemplate going to
<lb/><placeName><settlement type="town">Loanda</settlement></placeName> as soon as the rains begin. They moderate
<lb/>the temperature. The dry dust with which the winds
<lb/>are now loaded produces <term type="ailment">fever</term>. Your <bibl>letters</bibl> are miserably
<lb/>short. <space dim="horizontal" extent="5" unit="words"/><space extent="2" unit="chars"/>David <choice><orig>Livingston</orig><reg>Livingstone</reg></choice></p>
<lb/><p>In my other <bibl>paper</bibl> I give a hint to <persName>M<hi rend="sup">r</hi> John Pears</persName> or <persName>Pearson</persName>
<lb/>who wrote a letter in the <bibl><term type="nationality">British</term> Banner</bibl>. "A <orgName>number of church
<lb/>members</orgName> proceeding to the funeral of a friend in the vicinity of <placeName><settlement type="village">Cradock</settlement></placeName>
<lb/>observed the foot prints of <unclear>eight</unclear> <term type="tribe">Bechuanas</term> who had travelled
<lb/>about 600 miles in search of employment a few years before
<lb/>and were now returning home with the fruits of their honest
<lb/>industry. After the funeral these <orgName>Christians</orgName> armed themselves

<!--There is an annotation perpendicular to the text in top lefthand margin that is not in Livingstone's hand, covering the 1st 13 lines of the page-->

	<pb n="0004" facs="liv_000808_0004"><!--pb/@n='2v'--></pb>
<lb/>and in the belief that these <term type="tribe">Bechuanas</term> were <orgName>Caffres</orgName> followed their trail
<lb/>found them sitting quietly behind some bushes and shot down seven
<lb/>of them unchallenged &amp; unresisting. The <w>eig<gap extent="3" unit="chars" agent="blotting"/></w> was taken prisoner &amp; it
<lb/>was then found they were peaceable <term type="occupation">labourers</term>. This bloody affair
<lb/>was published in the <bibl>Papers</bibl> &amp; no more notice taken of it
<lb/>These <orgName>Boers</orgName> pass uncensured to the table of the Lord. They eat &amp;
<lb/>wipe their mouths &amp; say we have done no wickedness.
<lb/>Can the <persName>Rev<hi rend="sup">d</hi> John Pears</persName> give us any further information
<lb/>on this subject" We suppose these people were <term type="tribe">Bakwains</term><!-- Text interrupted by postal information; continues after break at bottom of page HB 10/30/12 -->
<lb/>many of them having gone to work in that direction
<lb/>and never returned. Their wives are still waiting for them
<lb/>this would have been out of date now.</p>
<lb/><p>I have left a page for your remarks in <persName>D<hi rend="sup">r</hi>
<lb/>Vaughan</persName>'s note. Although intended for <orgName>colonists</orgName> I
<lb/>cannot permit its publication in the colony. It is utterly <!-- geog: Cape Colony -->
<lb/>useless to speak to them except through the <bibl>press of <placeName><bloc>Europe</bloc></placeName></bibl></p>
	<ab rend="upside-down"><!--This section of the letter is spread over two sides of the page-->
<lb/>The gentleman who takes
<lb/>this <persName>M<hi rend="sup">r</hi> Chapman</persName> goes
<lb/>by <placeName><geogName>Walwich Bay</geogName></placeName>
<lb/>and will deliver the
<lb/><bibl>letters</bibl> to you without
<lb/>the expense of postage
<lb/>through the colony
<lb/>He has not been <w>success<supplied>-</supplied><lb break="no"/>ful</w> in trade - Various
<lb/>causes prevented
<lb/>The seeds will be delivered
<lb/>either to you or to the
<lb/><orgName>Botanic garden</orgName>
<lb/>This is the <date when="1853-10-17">17<hi rend="sup underline">th</hi>October</date>
<lb/>rains made an attempt
<lb/>to begin last night
<lb/>Will you send <unclear cert="medium"><persName>Hoffmeyr</persName>'s</unclear>
<lb/>letter to my old lodgings
</ab>
<!--there is an annotation here that is not in Livingstone's hand-->
	<ab rend="vertical">
<lb/><persName>Rev<hi rend="sup underline">d</hi> <choice><abbr>W.</abbr><expan>William</expan></choice> Thompson</persName>
<lb/><space extent="2" unit="words"/><space extent="1" unit="chars"/><placeName>Church Square</placeName>
<lb/><space extent="3" unit="words"/><space extent="2" unit="chars"/><hi rend="underline"><placeName><settlement type="city"><hi rend="underline">Cape Town</hi></settlement></placeName></hi></ab>

			
</div>
		</body>
	</text></TEI>