<?xml version="1.0" encoding="UTF-8"?>
<?xml-model href="http://livingstoneonline.github.io/LEAP-ODD/leap.rng" type="application/xml" schematypens="http://relaxng.org/ns/structure/1.0"?>
<?xml-model href="http://livingstoneonline.github.io/LEAP-ODD/leap.rng" type="application/xml" schematypens="http://purl.oclc.org/dsdl/schematron"?>
 <?xml-stylesheet href="http://livingstoneonline.github.io/LEAP-XSLT/transcription.xsl" type="text/xsl"?>
 <!--Converted from a TEI P4 XML file to the LEAP TEI P5 Schema by James Cummings on 2015-03-02--><!--TEI encoding revised and standardized by Adrian S. Wisnicki, 2015-2016-->
         <TEI xmlns="http://www.tei-c.org/ns/1.0" xml:id="liv_000592">
	<teiHeader>
		<fileDesc>
			<titleStmt>
				<title>Letter to Robert Moffat 1</title>
                <title type="alternative">Letter to Robert Moffat 1, 5 September 1845</title>
				<author>Livingstone, David, 1813-1873</author>
			</titleStmt>
			<publicationStmt>
				<authority>Livingstone Online</authority>
				<pubPlace>College Park, MD, USA</pubPlace>
				<publisher>University of Maryland Libraries</publisher>
				<date>2016</date>
				<idno type="LEAP-ID">liv_000592</idno>
			</publicationStmt>
			<sourceDesc>
				<bibl xml:id="shelfmark">University of London. School of Oriental and African Studies; CWM/LMS/Africa/Odds - Livingstone, Box 4-07</bibl>
				<bibl xml:id="ccnumber">Letters, 0130</bibl>
				<bibl xml:id="recipient"><persName>Moffat, Robert 1, 1795-1883</persName>; </bibl>
				<bibl xml:id="date"><date when="1845-09-05">5 September 1845</date></bibl>
				<bibl xml:id="where">Mabotsa</bibl>
			</sourceDesc>
		</fileDesc>
		<profileDesc>
			<langUsage>
				<language ident="en">English</language>
			</langUsage>
		</profileDesc>
		<revisionDesc>
			<change>
				<date>2012-08-30</date>
				<name xml:id="MS">Matthew Stumpf</name>Initial transcription and XML encoding.
            
			</change>
			<change>
				<date>2012-11-01</date>
				<name xml:id="JM">Jared McDonald</name>Proofreading
            
			</change>
			<change>
				<date>2012-06-17</date>
				<name xml:id="HFB">Heather F. Ball</name>Additional encoding.
            
			</change>
			<change>
				<date>2016-06-10</date>
				<name xml:id="AM">Anne Martin</name>Final Review
            
			</change>
		</revisionDesc>
	</teiHeader>

	<text>
		<body>
			<div>

	<pb n="0001" facs="liv_000592_0001"><!--pb/@n='1r'--></pb>
<lb/><p rend="right"><space extent="2" unit="words"/><space extent="3" unit="chars"/><placeName><settlement type="village">Mabotsa</settlement></placeName> <date when="1845-09-05">5 <choice><abbr>Sept</abbr><expan>September</expan></choice> 1845</date></p>
<lb/><p rend="no-indent"><space extent="1" unit="chars"/>My Dear Father</p><!-- There is handwriting other than DL's on the upper part of this page HB 6-17-13 -->
<lb/><p><space extent="3" unit="words"/>The present note must be as 
<lb/>hurried as any of yours. <persName>Mebaloe</persName> goes out on 
<lb/>Monday in order to bring home his wife 
<lb/>before he is required for <term type="occupation">thatching</term> and as 
<lb/>I have returned here on <term type="animal">horse</term>back and go 
<lb/>again tomorrow there is no time for <w>corresp<supplied>-</supplied><lb break="no"/>onding</w> Everything you sent so far as we 
<lb/>have been able to ascertain has come safely 
<lb/>and we thank you heartily for the whole 
<lb/>I heard at <placeName><settlement type="village">Chonuane</settlement></placeName> that <persName>Mary</persName> had <term type="ailment">headache</term>
<lb/>&amp; when the <orgName>Griqua</orgName> <term type="occupation">messenger</term> came I did not 
<lb/>require any pressing to accept the invitation 
<lb/>she was better before I came but I mean 
<lb/>to purchase a <term type="animal">horse</term> so as to come here 
<lb/><choice><sic>oftener</sic><corr>more often</corr></choice>. The walls are three feet high, this 
<lb/>is to be the level of the floor, the outside 
<lb/>to be raised for some distance around the 
<lb/>house in order to avoid damp. We 
<lb/>are 19 in all &amp; hope soon to get up 
<lb/>our tabernacle. The <term type="animal">heifer</term> which came 
<lb/>from <persName><unclear cert="medium">Obonyeñ</unclear></persName> &amp; any others you can <w>con<supplied>-</supplied><lb break="no"/>veniently</w> procure shall be glad of by
<lb/><persName>Mebaloe</persName>. <persName>M<hi rend="sup">r</hi> Milligan</persName> promised to bring 
<lb/>me a dozen

	

	<pb n="0002" facs="liv_000592_0002"><!--pb/@n='1v'--></pb>
<lb/>the children here come to be taught by <persName>Mary</persName> at 
<lb/>the house. <persName>Sechele</persName> acquired a perfect <w>know<supplied>-</supplied><lb break="no"/>ledge</w> of the alphabet, large small &amp; mixed 
<lb/>in two days. I try to get breakfast before 
<lb/>sun-rise &amp; keep school in the <foreign xml:lang="und">Kotla</foreign> as soon 
<lb/>after as possible so as to have all set agoing 
<lb/>in good time in the morning. I am extremely 
<lb/>sorry at having involved you in the unpleasant 
<lb/>affair with <persName>Edwards</persName>. It was entirely by a 
<lb/>mistake on my part. The appearance of 
<lb/>the man &amp; his communication produced 
<lb/>a sort of bewilderment and as we were 
<lb/>on the power of starting for <placeName><persName>Sechele</persName>'s</placeName> I  
<lb/>was willing to give him a frank statement 
<lb/>before we did so &amp; in doing so wrote with 
<lb/>more hurry than such a matter required 
<lb/>I read over yours hurriedly &amp; thought that 
<lb/>the paper was official and it was not 
<lb/>till a <unclear cert="low">&amp;c perusal</unclear> of yours convinced me
<lb/>I was wrong that I knew the error I 
<lb/>had made.  He however takes it 
<lb/>for granted that you have informed me 
<lb/>of everything for he begins his note by 
<lb/>"you have been informed that I applied &amp;c" 
<lb/>but he has not the <choice><sic>engenuity</sic><corr>ingenuity</corr></choice> to allow anything 

	

	<pb n="0003" facs="liv_000592_0003"><!--pb/@n='2r'--></pb>
<lb/>If he can make a peg of it on which to hang 
<lb/>an accusation, and by the way I may mention 
<lb/>that I have nothing to do with his application 
<lb/>for advice. The form in which he now 
<lb/>puts his absence from the ordinances &amp; station 
<lb/>we left this as he informed me in his note 
<lb/>in order to submit the affairs to a <orgName>committee</orgName> 
<lb/>of the <choice><orig>bretheren</orig><reg>brethren</reg></choice>. I do not feeling willing 
<lb/>to allow him to make turn rounds as he has 
<lb/>done in the affair. The charges as he now 
<lb/>puts them are <hi rend="underline">false</hi> Not one of them 
<lb/>has he put in a plain straightforward way 
<lb/>so I <choice><sic>dont</sic><corr>don't</corr></choice> see what I can do except 
<lb/>give a fair straightforward narration of 
<lb/>all that I know on the subject. It 
<lb/>will be <unclear cert="low">prolix</unclear> but these "charges" <choice><sic>dont</sic><corr>don't</corr></choice><w>con<supplied>-</supplied><lb break="no"/>tain</w> a tithe of the differences . . there is 
<lb/>not a word about the "dishonest <w>dishonour<supplied>-</supplied><lb break="no"/>able</w> mischievious conduct". "The going to 
<lb/><orgName>natives</orgName>" in the garden. The employing <persName>Mebaloe</persName>
<lb/>privately &amp;c &amp;c and by the way you need 
<lb/>not suspect the <orgName>Directors</orgName> will imagine 
<lb/>my declining to have <persName>Mokoteri</persName> in on 
<lb/>your account. My declining to employ 
<lb/>not only one but everyone I shall

	

	<pb n="0004" facs="liv_000592_0004"><!--pb/@n='2v'--></pb>
<lb/>attribute to one of the proper causes <choice><abbr>viz.</abbr><expan cert="high">videlicet</expan></choice>
<lb/>that there is not the least probability of my 
<lb/><choice><sic>recieving</sic><corr>receiving</corr></choice> that cooperation without which 
<lb/>my single efforts would be futile. Send 
<lb/><persName><unclear cert="medium">Paul</unclear></persName> to <persName>Poe</persName> and whatever your motives 
<lb/>may be in reality. Before twelve months 
<lb/>pass over you may have as I have 
<lb/>had from my beloved coadjutor all 
<lb/>manner of motives kindly laid at your 
<lb/>door. Unfortunately <bibl>my letters</bibl> for <placeName><country>England</country></placeName>
<lb/>are at <placeName><persName>Sechele</persName></placeName>. I shall leave that for 
<lb/>the <orgName>Directors</orgName> <supplied cert="high">to</supplied> open. Please peruse it &amp; 
<lb/>tell me what you think of it, I thought 
<lb/>at one time that I ought not to say a 
<lb/>word about <persName>M<hi rend="sup">r</hi> <choice><abbr>E.</abbr><expan>Edwards</expan></choice></persName> <choice><orig>untill</orig><reg>until</reg></choice> the <orgName>committee</orgName> 
<lb/>had decided. And that has made me delay 
<lb/><persName>Mokoteri</persName>'s affair longer than I intended 
<lb/>or wished. The subject of my <unclear cert="high">leaving</unclear>
<lb/>&amp; of <persName>Mebaloe</persName> &amp; of others are so connected 
<lb/>dovetailed I found I could not write 
<lb/>without taking them in. I hope your 
<lb/>promise to present <bibl>my former letters</bibl> does not 
<lb/>apply to this. If it does you may stop <unclear cert="medium">that</unclear>
<lb/>till you think proper

	

	<pb n="0005" facs="liv_000592_0005"><!--pb/@n='3r'--></pb>
<lb/>2<hi rend="sup">d</hi> sheet. <persName>M<hi rend="sup">r</hi> Lemue</persName> seems rather sulky in his 
<lb/>answers to what I wrote - does not wish to 
<lb/>say anything more on the subject. I did not 
<lb/>wish him to begin. "<persName>M<hi rend="sup">r</hi> Langa</persName> thinks the 
<lb/>ideas of <persName>M<hi rend="sup">r</hi> <supplied><choice><abbr>E</abbr><expan>Edwards</expan></choice></supplied></persName> &amp; <persName>M<hi rend="sup">rs</hi> <choice><abbr>E</abbr><expan>Edwards</expan></choice></persName> are very much exaggerated 
<lb/>&amp; that they <choice><sic>dont</sic><corr>don't</corr></choice> seem to <choice><sic>percieve</sic><corr>perceive</corr></choice> <add place="below">^</add> <add place="above">to</add> what their <w>con<supplied>-</supplied><lb break="no"/></w>duct will lead."</p>
<lb/><p>We are very happy to hear that <persName>Robert</persName> tries to 
<lb/>improve. What he does is very commendable but 
<lb/>he seems to want a <term type="occupation">guide</term> in his studies, <bibl>his letter</bibl> 
<lb/>indicates considerable mental activity. We thank 
<lb/>you for the perusal. Many of his thoughts 
<lb/>would vanish as many of ours have as soon 
<lb/>as he breathed this pure atmosphere. the 
<lb/>lack of the material for mechanical operations 
<lb/>he does not know. But nothing is like the 
<lb/><term type="occupation">preaching</term> of the word. Dogged perserverance 
<lb/>at this is infinitely prefer<add place="above">r</add>able to <term type="occupation">doctoring</term> 
<lb/><term type="occupation">tinkering</term> or anything else. You have but a 
<lb/>small quantity of iron in the <placeName><region><placeName><settlement type="village">Kuruman</settlement></placeName>
<lb/>district</region></placeName>, none at all I imagine in <placeName><region>Griqua<w><supplied>-</supplied><lb break="no"/>land</w></region></placeName>. Copper has been worked very 
<lb/>extensively at <placeName><settlement type="village">Chonuane</settlement></placeName>, enormous <unclear cert="low">amounts</unclear>
<lb/>the labours of extraction have been. There 
<lb/>is abundance of iron ore here but would 
<lb/><persName>Robert</persName> like to be <persName>M<hi rend="sup">r</hi> <choice><abbr>E</abbr><expan>Edwards</expan></choice></persName>'s <term type="occupation">mechanic</term> 

	

	<pb n="0006" facs="liv_000592_0006"><!--pb/@n='3v'--></pb>
<lb/>If he came out as an <term type="occupation"><choice><orig>artizan</orig><reg>artisan</reg></choice></term> I for one should 
<lb/>bitterly regret it and then who is to support him 
<lb/>in his <choice><sic>journies</sic><corr>journeys</corr></choice>? and his <hi rend="underline">wife</hi> too! But it is unfair 
<lb/>to criticise. they are the dreams - amiable speculations 
<lb/>of one who seems quite on the right side Let us 
<lb/>pray that he may be guided into the right path for 
<lb/>the Redeemer<supplied cert="high">'</supplied>s glory. And that he may yet 
<lb/>become instrumental in more good to <placeName><bloc>Africa</bloc></placeName>
<lb/>than his young heart has <del type="strikethrough">yet</del><add place="above">ever</add> <choice><sic>concieved</sic><corr>conceived</corr></choice></p>
<lb/><p rend="no-indent">Poor little <persName>Helen</persName>. We <choice><sic>dont</sic><corr>don't</corr></choice> think your decision 
<lb/>wrong in her affair But we <choice><sic>cant</sic><corr>can't</corr></choice> keep wishing 
<lb/>what was beyond all our powers to effect 
<lb/>that she had fallen into other connections 
<lb/>We thank you for all you have sent and that 
<lb/>most heartily thank you for the consolation 
<lb/>in the barren <term type="animal">cow</term> case. <choice><sic>Dont</sic><corr>Don't</corr></choice> forget the 
<lb/>noting down the gun locks &amp; everything else 
<lb/>requiring payment. If you do I shall give 
<lb/>you a return of as strong consolation for 
<lb/>I <choice><sic>dont</sic><corr>don't</corr></choice> keep note. If there are <choice><sic>anythings</sic><corr>any things</corr></choice> in 
<lb/>the barrels which you <persName>M<hi rend="sup">r</hi> Ashton</persName> or <persName>Hamilton</persName>
<lb/>need <choice><sic>dont</sic><corr>don't</corr></choice> spare them Take what you 
<lb/>want. I have not a moment<supplied cert="high">'</supplied>s leisure 
<lb/>to answer theirs which I <choice><sic>recieved</sic><corr>received</corr></choice> and for 
<lb/>which thank them through you

	

	<pb n="0007" facs="liv_000592_0007"><!--pb/@n='4r'--></pb>
<lb/>In regard to the head chest at <placeName><settlement type="village">Philipolis</settlement></placeName> you have said 
<lb/>&amp; done enough. We must now leave it to time 
<lb/>which <choice><sic>effects</sic><corr>affects</corr></choice> such mighty changes in our 
<lb/>world. <persName>Inglis</persName> may chuckle but to me it 
<lb/>is no<del type="strikethrough">w</del> mystery how he got information. When 
<lb/>we were sitting in <orgName>committee</orgName> a <bibl>report</bibl> was made 
<lb/>to <unclear cert="medium"><persName>Hume</persName></unclear> regularly of our proceedings could that 
<lb/>tongue keep a secret? We have our justification 
<lb/>we are all willing that proper subjects be 
<lb/>engaged. The <term type="tribe">Mokoteri</term> was not a proper subject 
<lb/>at that time Can we be blamed for taking 
<lb/>time <add place="above">to</add> ascertain the latter fact more fully by 
<lb/>our <choice><orig>bretheren</orig><reg>brethren</reg></choice> taking silent observations of 
<lb/>him without his knowing it?</p>
<lb/><p>We shall feel obliged if you furnish our 
<lb/>accounts at your convenience. We wish it 
<lb/>lest we run too deep into the mind ere we 
<lb/>are aware. We must excercise the bump 
<lb/>of caution in order that it may grow bigger 
<lb/><persName>Mary</persName> says if you come do so <unclear cert="high">in</unclear> December 
<lb/>I put it down from her mouth, I <choice><sic>dont</sic><corr>don't</corr></choice>
<lb/>know her reasons. The <term type="plant">vine</term> cuttings &amp;c
<lb/>are very acceptable. Our <term type="plant_foodstuff">peaches</term> are in 
<lb/>blossom, but the <term type="plant_foodstuff">figs</term>, it was too much 
<lb/>for their constitution - many have died 

	

	<pb n="0008" facs="liv_000592_0008"><!--pb/@n='4v'--></pb>
<lb/>I mean to plant (How did the dried <term type="plant_foodstuff">figs</term> in the jar do)  
<lb/>a hedge of hackey down, but <choice><sic>dont</sic><corr>don't</corr></choice> need the shears 
<lb/><unclear cert="low">O</unclear> I mean to do many things but time <supplied cert="high">is</supplied> so difficult 
<lb/>to be killed by some. expires always sooner 
<lb/>then I want it. <persName>M<hi rend="sup">r</hi> Oswal</persName> says all the 
<lb/>features of the <placeName><region><term type="tribe">Bamangwato</term> country</region></placeName> are 
<lb/><term type="nationality">Indian</term> the bushes trees &amp;c. are exactly <!-- Should Indian be coded here? HB 6-17-13 -->
<lb/>similar. <term type="tribe">Mahatla</term> hackey <unclear cert="low">dorn</unclear> <term type="plant">Rose</term> or
<lb/>as he calls it black wood &amp; wood <term type="plant_foodstuff">apple</term> 
<lb/>that which I brought out are plentiful 
<lb/>in <placeName><country>India</country></placeName>. (<persName>M<hi rend="sup">r</hi> <choice><abbr>E</abbr><expan>Edwards</expan></choice></persName> has taken a specimen of 
<lb/><term type="plant">Rose</term> wood to <placeName><settlement type="village">Graham's Town</settlement></placeName>) they saw 
<lb/>&amp; measured <persName><unclear cert="low">Hume</unclear></persName>'s big tree 51 feet in 
<lb/>circumference <persName>Cumming</persName> is gone to the 
<lb/>range of hills <choice><abbr>E</abbr><expan>East</expan></choice><choice><abbr>E</abbr><expan>East</expan></choice> <choice><abbr>N</abbr><expan>North</expan></choice> of the <term type="tribe">Bakaa</term>. I did
<lb/>not hear of the "long white man" We have 
<lb/>heard that <persName>Charles</persName> <choice><sic>recieved</sic><corr>received</corr></choice> the ten pounds 
<lb/>safely. The previous Five I sent by 
<lb/>another route are not mentioned. My 
<lb/>Father<supplied cert="high">'</supplied>s family are all in a state of 
<lb/>poor health. My sister's constitution 
<lb/>seems broken up by <term type="ailment">Typhus Fever</term>. Not
<lb/>the one you saw but she too has suffered 
<lb/>from the same cause &amp; has <term type="ailment">palpitations of 
<lb/>the heart</term>. <persName>Charles</persName>'s college term expired 
<lb/>last month to <unclear cert="low">country</unclear> or something else comes next</p>
			
</div>
		</body>
	</text></TEI>