<?xml version="1.0" encoding="UTF-8"?>
<?xml-model href="http://livingstoneonline.github.io/LEAP-ODD/leap.rng" type="application/xml" schematypens="http://relaxng.org/ns/structure/1.0"?>
<?xml-model href="http://livingstoneonline.github.io/LEAP-ODD/leap.rng" type="application/xml" schematypens="http://purl.oclc.org/dsdl/schematron"?>
 <?xml-stylesheet href="http://livingstoneonline.github.io/LEAP-XSLT/transcription.xsl" type="text/xsl"?>
 <!--Converted from a TEI P4 XML file to the LEAP TEI P5 Schema by James Cummings on 2015-03-02--><!--TEI encoding revised and standardized by Adrian S. Wisnicki, 2015-2016-->
         <TEI xmlns="http://www.tei-c.org/ns/1.0" xml:id="liv_000810">
	<teiHeader>
		<fileDesc>
			<titleStmt>
				<title>Letter to Arthur Tidman</title>
                <title type="alternative">Letter to Arthur Tidman, 8 November 1853</title>
				<author>Livingstone, David, 1813-1873</author>
			</titleStmt>
			<publicationStmt>
				<authority>Livingstone Online</authority>
				<pubPlace>College Park, MD, USA</pubPlace>
				<publisher>University of Maryland Libraries</publisher>
				<date>2016</date>
				<idno type="LEAP-ID">liv_000810</idno>
			</publicationStmt>
			<sourceDesc>
				<bibl xml:id="shelfmark">University of London. School of Oriental and African Studies; CWM/LMS/Livingstone Wooden Box, item 79</bibl>
				<bibl xml:id="ccnumber">Letters, 0330</bibl>
				<bibl xml:id="recipient"><persName>Tidman, Arthur, 1792-1868</persName>; </bibl>
				<bibl xml:id="date"><date when="1853-11-08">8 November 1853</date></bibl>
				<bibl xml:id="where">Linyanti</bibl>
			</sourceDesc>
		</fileDesc>
		<profileDesc>
			<langUsage>
				<language ident="en">English</language>
			</langUsage>
		</profileDesc>
		<revisionDesc>
			<change>
				<date>2012-09-09</date>
				<name xml:id="MS">Matthew Stumpf</name>Initial transcription and XML encoding.
      
			</change>
			<change>
				<date>2012-09-11</date>
				<name xml:id="JM">Jared McDonald</name>Proofreading
      
			</change>
			<change>
				<date>2013-06-19</date>
				<name xml:id="HFB">Heather F. Ball</name>Additional encoding.
      
			</change>
			<change>
				<date>2016-09-17</date>
				<name xml:id="AM">Anne Martin</name>Final Review.
      
			</change>
		</revisionDesc>
	</teiHeader>

	<text>
		<body>
			<div>

	<pb n="0001" facs="liv_000810_0001"><!--pb/@n='1r'--></pb>
<lb/><p rend="right"><space extent="5" unit="words"/><placeName><settlement type="village">Linyanti</settlement></placeName> <date when="1853-11-08">8<hi rend="sup underline">th</hi> November 
<lb/><space extent="8" unit="words"/>1853</date></p><!-- Wanted to code this as two sep lines with p brackets, but Oxygen wouldn't let me...better way? HB 6-19-13 -->
<lb/><p><persName>Rev<hi rend="sup underline">d</hi> D<hi rend="sup underline">r</hi> Tidman</persName></p>
<lb/><p rend="right"><space extent="1" unit="words"/>Dear Sir</p>
<lb/><p><space extent="5" unit="words"/>By a letter dated September last 
<lb/>I informed you of my intention to proceed Westward in 
<lb/>order to open up a way to the coast. I was then waiting 
<lb/>for rains and as these have now commenced I leave 
<lb/>this on the 10<hi rend="sup underline">th</hi> <choice><abbr>currt</abbr><expan>currently</expan></choice>. I have altered my mind with 
<lb/>respect to the route which I intend to try. We sent 
<lb/>men to the Westward in order to examine if there is any 
<lb/>strip of country free of <term type="insect">tsetse</term> in that direction - their 
<lb/>report was unfavourable. I then resolved to go on 
<lb/>the trail of the <term type="tribe">Mambari</term> but the <orgName><term type="occupation"><orgName>slave</orgName> merchant</term></orgName> 
<lb/>signalized his departure by seizing two men and 
<lb/>a woman as <orgName>slaves</orgName>. The <term type="tribe">Makololo</term> assembeled <w>im- 
<lb break="no"/>mediately</w> and compelled him to unchain the captives 
<lb/>This affair made me alter my resolution <add place="below">^</add> <add place="above">again</add> for if I 
<lb/>followed his footsteps the different <orgName>tribes</orgName> through which 
<lb/>we have to pass would naturally believe me to be 
<lb/>of the same <orgName>clan</orgName>. Indeed knowing what my 
<lb/>precursors had done, I should not feel very respectable 
<lb/>to myself. I therefore intend going up the river 
<lb/><placeName><geogName type="river">Leeambye</geogName></placeName> to the point at which we turned in 
<lb/><date when="1853-08">August</date> and then ascend the <placeName><geogName type="river">Leeba</geogName></placeName> to the people 
<lb/>called <term type="tribe">Balonda</term> and proceed westward <del type="strikethrough">on foot</del>
<lb/>by land. The <term type="occupation">chief</term> has lent me his own canoe 
	
	

	<pb n="0002" facs="liv_000810_0002"><!--pb/@n='1v'--></pb>
<lb/>and as I was unable to take a <term type="animal">horse</term> to the <placeName><region><term type="tribe">Barotse</term>
<lb/>country</region></placeName> on account of the <term type="insect">tsetse</term> at this season biting by 
<lb/>night as well as by day <persName>Sekeletu</persName> placed four riding <term type="animal">oxen</term> 
<lb/>at my service, These are now in that country so I hope 
<lb/>to get on. I go in the canoe from this down the <placeName><geogName type="river">Chobe</geogName></placeName>
<lb/>to the confluence. Then up the <placeName><geogName type="river">Leeambye</geogName></placeName> and <placeName><geogName type="river">Leeba</geogName></placeName> till 
<lb/>we reach the falls reported to exist on that river. The canoe 
<lb/>will be sent back and we must do the best we can 
<lb/>beyond. I leave in company with <orgName><term type="tribe">Barotse</term> people</orgName> 
<lb/>alone. The people we brought from <placeName><settlement type="village">Kuruman</settlement></placeName> have 
<lb/>been rendered useless by <term type="ailment">fever</term>, so I send them 
<lb/>back. I am again through God's mercy and kindness 
<lb/>quite recovered from the effects of that disease. I 
<lb/>think I am getting rid of <term type="ailment">intermittent</term> too and <!-- Is this an ailment? HB 6-19-13 -->
<lb/>if spared will impart some knowledge of <persName>Christ</persName>
<lb/>to many who never before heard his blessed name 
<lb/>There are many and very large tribes in the direction 
<lb/>in which we go. All are sitting in darkness and 
<lb/>the shadow of death. I hope God will in mercy 
<lb/>permit me to establish the <bibl>gospel</bibl> somewhere 
<lb/>in this region, and that I may live to see 
<lb/>the double influence of the spirit of commerce 
<lb/>and <term type="faith">Christianity</term> employed to stay the bitter fountain 
<lb/>of <orgName>African</orgName> misery</p>
<lb/><p>In the <bibl>sketch</bibl> enclosed in my last I neglected 
<lb/>to mention that the ridges noted therein only <choice><orig>shew</orig><reg>show</reg></choice> 
<lb/>the commencement of lands not usually inundated 
<lb/>There are very large tracts of country beyond these which 
<lb/>are annually flooded either wholly or partially. The 

	

	<pb n="0003" facs="liv_000810_0003"><!--pb/@n='2r'--></pb>
<lb/><placeName><geogName type="river">Leeambye</geogName></placeName> is not the only source of the waters of inundation 
<lb/>the reports of intelligent <orgName>natives</orgName> lead me to believe that 
<lb/>the <placeName><geogName type="river">Bashukulompo</geogName></placeName> or <placeName><geogName type="river">Maninché</geogName></placeName> river - The <placeName><geogName type="river">Loeti</geogName></placeName> - the <placeName><geogName type="river">Kabompo</geogName></placeName>
<lb/>the <placeName><geogName type="river">Makoma</geogName></placeName> and <placeName><geogName type="river">Leeambye</geogName></placeName> are all branches, (of one 
<lb/>river), leaving and returning to the parent stream in 
<lb/>a remarkably level country <figure><figDesc>sketch map including <placeName><geogName type="river"><choice><abbr>R</abbr><expan>River</expan></choice> Zambesi</geogName></placeName> <placeName><geogName type="river"><choice><abbr>R</abbr><expan>River</expan></choice> Chobe</geogName></placeName> <placeName><geogName type="river"><choice><abbr>R</abbr><expan>River</expan></choice> Leeba</geogName></placeName> <placeName><geogName type="river">Loeti</geogName></placeName> <placeName><geogName type="river">Kabompo</geogName></placeName> <placeName><geogName type="river">Makoma</geogName></placeName> <placeName><geogName type="river"><choice><abbr>R</abbr><expan>River</expan></choice> Maninché</geogName></placeName> <placeName><region>Londa</region></placeName> <placeName><region><term type="tribe">Barotse</term></region></placeName> <placeName><settlement type="village">Sesheké</settlement></placeName></figDesc></figure>
<lb/>this ideal sketch 
<lb/>will perhaps enable 
<lb/>you to understand 
<lb/>my meaning. the 
<lb/>dotted lines at the 
<lb/>top may be the 
<lb/>situation of an immense river or of very numerous 
<lb/>branches each pouring out vast quantities of water 
<lb/>you will <choice><sic>percieve</sic><corr>perceive</corr></choice> also that the country is peculiar 
<lb/>and will require a modification perhaps of our pla<gap extent="2" unit="chars" agent="hole"/><supplied cert="high">n</supplied>
<lb/>of operation therein. In no other country is ther<gap extent="1" unit="chars" agent="hole"/><supplied cert="high">e</supplied>
<lb/>such a large surface of land annually inundated as 
<lb/>in this</p>
<lb/><p>My <bibl>letter</bibl> of <date when="1853-09">September</date> contained three enclosures 
<lb/>for <persName>M<hi rend="sup underline">rs</hi> <choice><orig>Livingston</orig><reg>Livingstone</reg></choice></persName>. It contained full information 
<lb/>respecting the visit to the <term type="tribe">Barotse</term>, this opportunity 
<lb/>of transmitting <bibl>letters</bibl> was unexpected but though I had 
<lb/>written fully before I thought it well to let you 
<lb/>know of the alteration of my plans. and that I 
<lb/>am on the point of starting</p>
<lb/><p rend="center"><space extent="2" unit="words"/><space extent="3" unit="chars"/>I am</p>
<lb/><p rend="center"><space extent="3" unit="words"/><space extent="2" unit="chars"/>Affectionately Yours</p>
<lb/><p rend="center"><space extent="5" unit="words"/><persName>David <choice><orig>Livingston</orig><reg>Livingstone</reg></choice></persName></p>
<lb/><p rend="no-indent"><choice><abbr>P.S.</abbr><expan>Postscript</expan></choice>
<lb/>As <placeName><settlement type="village">Sesheké</settlement></placeName> is only about 7 days on foot from the <placeName><geogName type="river">Maninché</geogName></placeName>

	<pb n="0004" facs="liv_000810_0004"><!--pb/@n='2v'--></pb>
<lb/>and the falls of <placeName><geogName type="waterfall">Mosioatunya</geogName></placeName> may be avoided by sailing down 
<lb/>that river into the <placeName><geogName type="river">Zambesi</geogName></placeName> this may be a good path down to 
<lb/>the <placeName><region>East Coast</region></placeName>. I mention this in case of my being cut off.</p>
<lb/><p rend="right"><space extent="10" unit="words"/><persName><choice><abbr>D.L.</abbr><expan>David Livingstone</expan></choice></persName></p><!-- there are three instances of bibliographical information here in another hand(s) MS -->


	<ab rend="vertical">
<lb/><hi rend="underline">Care of <persName>Rev<hi rend="sup">d</hi> <choice><abbr>W.</abbr><expan>William</expan></choice> Thompson</persName></hi>
<lb/><space extent="5" unit="words"/><hi rend="underline"><placeName><settlement type="city">Cape Town</settlement></placeName></hi>
<lb/><hi rend="double-underline">Prepaid</hi>
<lb/><space extent="2" unit="words"/><persName>Rev<hi rend="sup underline">d</hi> D<hi rend="sup underline">r</hi> Tidman</persName>
<lb/><space extent="4" unit="words"/><placeName>Mission House</placeName>
<lb/><space extent="4" unit="words"/><space extent="3" unit="chars"/><placeName>Blomfield St.</placeName>
<lb/><space extent="5" unit="words"/><space extent="2" unit="chars"/><placeName><hi rend="double-underline">London</hi></placeName></ab>

			
</div>
		</body>
	</text></TEI>