<?xml version="1.0" encoding="UTF-8"?>
<?xml-model href="http://livingstoneonline.github.io/LEAP-ODD/leap.rng" type="application/xml" schematypens="http://relaxng.org/ns/structure/1.0"?>
<?xml-model href="http://livingstoneonline.github.io/LEAP-ODD/leap.rng" type="application/xml" schematypens="http://purl.oclc.org/dsdl/schematron"?>
 <?xml-stylesheet href="http://livingstoneonline.github.io/LEAP-XSLT/transcription.xsl" type="text/xsl"?>
 <!--Converted from a TEI P4 XML file to the LEAP TEI P5 Schema by James Cummings on 2015-03-02--><!--TEI encoding revised and standardized by Adrian S. Wisnicki, 2015-2016-->
         <TEI xmlns="http://www.tei-c.org/ns/1.0" xml:id="liv_000835">
	<teiHeader>
		<fileDesc>
			<titleStmt>
				<title>Letter to Roderick I. Murchison</title>
                <title type="alternative">Letter to Roderick I. Murchison, 24 December 1854</title>
				<author>Livingstone, David, 1813-1873</author>
			</titleStmt>
			<publicationStmt>
				<authority>Livingstone Online</authority>
				<pubPlace>London</pubPlace>
				<date>2007-05-16</date>
				<publisher>Wellcome Centre for the History of Medicine, UCL</publisher>
				<idno type="LEAP-ID">liv_000835</idno>
			</publicationStmt>
			<sourceDesc>
				<bibl xml:id="shelfmark">Royal Geographical Society (Great Britain); Archives, DL 2/6/3</bibl>
				<bibl xml:id="ccnumber">Letters, 0355</bibl>
				<bibl xml:id="recipient"><persName>Murchison, Roderick I., 1792-1871</persName>; </bibl>
				<bibl xml:id="date"><date when="1854-12-24">24 December 1854</date></bibl>
				<bibl xml:id="where">Pungo Adongo, Angola</bibl>
			</sourceDesc>
		</fileDesc>
		<profileDesc>
			<langUsage>
				<language ident="en">English</language>
			</langUsage>
			<handNotes>
				<handNote xml:id="hand01" medium="pencil_ink">Scribe: Unknown</handNote>
				<handNote xml:id="hand02" medium="pen_ink">Scribe: Unknown</handNote>
				<handNote xml:id="hand03" medium="pencil_ink">Scribe: archivist</handNote>
			</handNotes>
		</profileDesc>
		<revisionDesc>
			<change>
				<date>2007-05-16</date>
				<name xml:id="CO">Caroline Overy</name>Initial Transcription by
			</change>
			<change>
				<date>2007-06-21</date>
				<name xml:id="CL">Christopher Lawrence</name>Proof by Chris Lawrence
			</change>
			<change>
				<date>2007-08-15</date>
				<name xml:id="JB">Janet Browne</name>Proof by Janet Browne
			</change>
		</revisionDesc>
	</teiHeader>

	<text>
		<body xml:lang="en">
			<div>

	<pb n="0001" facs="liv_000835_0001"/><!--pb/@n='1r'-->
<fw corresp="#hand03"/>
<lb/><p rend="no-indent"><add place="inspace" rend="left"><!-- HAND Attribute? --><!--DL's hand-->N<hi rend="sup underline">o</hi> I. 
<lb/>with a Note</add></p>
<lb/>
<lb/><p rend="no-indent"><add place="inspace" hand="#hand02">1. <hi rend="underline">Journey from the Confluence of <add place="above">the</add> Leeba &amp; Leeambye 
<lb/><space extent="2" unit="chars"/>to Loanda</hi></add></p>
<lb/>
<lb/><p rend="no-indent"><space extent="4" unit="words"/><space extent="2" unit="chars"/><placeName>Pungo Andongo</placeName>, Angola.</p>
<lb/><p rend="no-indent"><space extent="6" unit="words"/>24<hi rend="sup underline">th</hi> December 1854</p>
<lb/>
<lb/><p rend="no-indent"><persName>Sir Roderick Impey Murchison</persName></p>
<lb/><p rend="no-indent"><space extent="5" unit="words"/><space extent="1" unit="chars"/>Sir</p>
<lb/><p rend="no-indent"><space extent="6" unit="words"/>I have been in the 
<lb/>habit of addressing my letters for the Royal 
<lb/>Geographical Society to the care of <persName>Lieut<hi rend="sup underline">t</hi>
<lb/>Colonel Steele</persName>, but from some notices 
<lb/>which I have seen in the <del type="strikethrough" hand="#hand02">News</del>papers since 
<lb/>my arrival in <placeName>Angola</placeName>, I conclude that, that 
<lb/>gentleman has gone to the seat of war 
<lb/>in the East. On that account, and knowing 
<lb/>the interest which you take in such 
<lb/>matters, I beg you will allow me the 
<lb/>liberty of sending my communications 
<lb/>on Geography to you.</p>
<lb/><note n="x" anchored="true" place="marginleft"><del type="strikethrough" hand="#hand02"><add hand="#hand01">x Note 
<lb/>See Journal 
<lb/>vol xxiv page 291</add></del></note>
<!--TRANSC: The note is blockStruck but the indicator remains in the text. Unable to code at present time--> 
<lb/><p> In my last letter<add place="inline" hand="#hand01">,</add> dated <del type="strikethrough" hand="#hand02">October</del> <add place="above" hand="#hand02">20<hi rend="sup">th</hi> September,</add> 1853 x
<lb/>I reported my return to the town of <persName>Sekeletu</persName>
<lb/>on the river <placeName>Chobé</placeName> after having visited 
<lb/>the country of <term type="tribe">the Barotsé</term>, and the river 
<lb/><placeName>Leeambye</placeName> or <placeName>Zambesi</placeName> as far North as 
<lb/>its confluence with the <placeName>Leeba</placeName>. I enclosed 
<lb/>also, a sketch of the river with the Latitudes 
<lb/>and Longitudes of the different points 
<lb/>at which I had made observations, </p>


	<pb n="0002" facs="liv_000835_0002"/><!--pb/@n='1v'-->
<lb/><p rend="no-indent"><add place="inspace" rend="left gray" hand="#hand01">2</add> and mentioned my intention of proceeding 
<lb/>to <placeName>Loanda</placeName> in order if possible to open 
<lb/>a path whereby commercial intercourse 
<lb/>might be maintained with the West 
<lb/>coast as a means of ameliorating the 
<lb/>condition of the people in the Interior<add place="inline" hand="#hand02">.</add>
<lb/><del type="overwritten" hand="#hand02">t</del><add place="over-text" hand="#hand02">T</add>he present communication is intended 
<lb/>to convey a sketch of the journey from 
<lb/>the point at which my last terminated 
<lb/>viz. the confluence of the <placeName>Leeba</placeName> and 
<lb/><placeName>Leeambye</placeName>, Lat. 14° 11′ 3″ South<del type="overwritten" hand="#hand02">.</del><add place="over-text" hand="#hand02">;</add> Long.
<lb/>23° 40′ 30″ East.* to <placeName>Loanda</placeName>, the 
<lb/><del type="strikethrough" hand="#hand01"> <add place="marginleft" hand="#hand02">This position is 
<lb/>slightly altered 
<lb/>from that in 
<lb/>Vol XXIV p302</add></del> 
<lb/>capital of the Portuguese possessions 
<lb/>in Western Africa.</p>
<lb/><p><persName>Sekeletu</persName>, who by the abdication of 
<lb/>his sister, now possesses the chieftainship<add place="inline" hand="#hand01">,</add>
<lb/>and the principal men of the tribe<add place="inline" hand="#hand01">,</add> 
<lb/>entered cordially into the project of 
<lb/>opening a new road for commercial 
<lb/><add place="marginleft" hand="#hand01">Insert</add> <add place="marginleft" hand="#hand02">from sheet 
<lb/>II. 2<hi rend="sup">d</hi>Sheet</add>
<lb/>purposes. <del type="strikethrough" hand="#hand02">Men<add place="inline" hand="#hand01">,</add> oxen and canoes were 
<lb/>generously furnished. <del type="strikethrough" hand="#hand01">Also</del> <subst><del type="overwritten" hand="#hand01">f</del><add place="over-text" hand="#hand01">F</add></subst>our 
<lb/>elephants'<add place="inline" hand="#hand01">-</add> tusks <add place="above" hand="#hand01">were also entrusted to me for sale for the purpose of</add> <del type="strikethrough" hand="#hand01">by which to</del> test<add place="inline" hand="#hand01">ing</add> the 
<lb/>difference <add place="below" hand="#hand01" corresp="#del1v-1">between</add> <del type="strikethrough" hand="#hand01">of</del> <add place="above" hand="#hand01">the</add> prices <add place="below">^</add> <add place="above" hand="#hand01">given</add> <del xml:id="del1v-1" type="cancelled" hand="#hand01"><!--TRANSC: This word moved to earlier in line by arrow-->between</del> <add place="inline" hand="#hand01">by</add> the <subst><del type="overwritten" hand="#hand01"><choice><reg>C</reg><orig>c</orig></choice></del><add place="over-text" hand="#hand01">C</add></subst>ape <add place="inline" hand="#hand01">traders,</add>
<lb/>and other white <del type="strikethrough" hand="#hand01">traders</del> <add place="above" hand="#hand01">men</add><del type="overwritten" hand="#hand01">,</del><add place="over-text" hand="#hand01">;</add> and <del type="strikethrough" hand="#hand01">which</del>
<lb/>I subsequently disposed of <add place="below">^</add> <add place="above" hand="#hand01">them</add> <del type="strikethrough" hand="#hand01">with that 
<lb/>object in view and</del> for <del type="strikethrough" hand="#hand01">his</del> <add place="above" hand="#hand01"><persName>Skeletu's</persName></add> advantage 
<lb/>at <placeName>Cassangé</placeName></del><reg>.</reg> Taking leave of the 

	<pb n="0003" facs="liv_000835_0003"/><!--pb/@n='2r'-->
<lb/>chief and principal men on the banks of the <add place="inspace" rend="gray" hand="#hand01">3</add> 
<lb/><placeName>Chobé</placeName><add place="inline" hand="#hand01">,</add> my company consisting of none but 
<lb/><term type="tribe"> <add place="above" hand="#hand02">men of</add> Zambesi<del type="strikethrough" hand="#hand02">ans</del></term> and these chiefly <term type="tribe">Barotsé</term>, we 
<lb/>descended that tortuous river to its junction 
<lb/>with the <placeName>Leeambye</placeName>, <del type="strikethrough" hand="#hand02">then entering it</del> <add place="above" hand="#hand02">which</add> we <add place="inline" hand="#hand02">ascended,</add>
<lb/><del type="strikethrough" hand="#hand02">visited</del> <add place="above" hand="#hand02">visiting</add><placeName>Sesheké</placeName><add place="inline" hand="#hand01">,</add> and the different villages on 
<lb/>its banks, at each of which orders had 
<lb/>previously been issued "that we must not 
<lb/>be allowed to become hungry". On reaching 
<lb/>the country of the <term type="tribe">Barotsé</term>, we learned that 
<lb/>a foray had been made by one of the 
<w>under-<lb break="no"/>chiefs,</w> and <add place="below">^</add> <add place="above" hand="#hand02">that</add> several villages had been destroyed 
<lb/>in the very direction we intended to take. 
<lb/>Having demanded the return of the prisoners 
<lb/>as the only means of ensuring our safety<add place="inline" hand="#hand01">,</add>
<lb/>I succeeded in getting eighteen into my 
<lb/>charge, <add place="below">^</add> <add place="above" hand="#hand01">and</add> these were restored to their relatives<add place="inline" hand="#hand01">,</add>
<lb/>as we approached their different habitations 
<lb/>in our progress up the river. As we had 
<lb/>previously seen, the <placeName>Leeambye</placeName> makes a 
<lb/>sharp bend away to the Eastward<add place="inline" hand="#hand01">,</add> from 
<lb/>the confluence of the <placeName>Leeba</placeName>, and <del type="strikethrough" hand="#hand02">comes</del> <add place="inline" hand="#hand02">flows</add>
<lb/>from <del type="strikethrough" hand="#hand02">the</del> East to <del type="strikethrough" hand="#hand02">the</del> West. But the 
<lb/><placeName>Leeba</placeName> comes from the North, so we 
<lb/>supposed that by ascending it we should 
<lb/>approach the source of the <placeName>Coanza</placeName>. And 
<lb/>by descending <add place="above" hand="#hand02">the latter</add> <del type="strikethrough" hand="#hand02">it</del> might at last reach 
<lb/><placeName>Loanda</placeName>. We discovered afterwards 

	<pb n="0004" facs="liv_000835_0004"/><!--pb/@n='2v'-->
<lb/><add place="inspace" rend="left gray" hand="#hand01">4</add> that the Portuguese map, which represents 
<lb/>the <placeName>Coanza</placeName> <add place="above" hand="#hand02">as</add> <del type="strikethrough" hand="#hand02">a</del>rising in the East, is erroneous. 
<lb/>With the above impression however, we 
<lb/>ascended the <placeName>Leeba</placeName><add place="inline" hand="#hand01">,</add> <add place="above" hand="#hand02">for 40</add> <del type="strikethrough" hand="#hand02">forty</del> or 50 miles<del type="overwritten" hand="#hand02">.</del><add place="over-text" hand="#hand02">;</add>
<lb/><del type="strikethrough" hand="#hand02">And</del> <add place="above" hand="#hand02">when</add> a cataract preventing farther progress 
<lb/>in canoes, we remained a few days 
<lb/>waiting for a party which had been 
<lb/>detached at the confluence, before commencing 
<lb/>the journey on ox back. <del type="overwritten" hand="#hand02"><choice><reg>T</reg><orig>t</orig></choice></del><add place="over-text" hand="#hand02">T</add>he party <del type="strikethrough" hand="#hand02">having left</del> <add place="inline" hand="#hand02">was sent from</add>
<lb/>the junction, with five captives belonging 
<lb/>to <persName>Masiko</persName>, a <term type="tribe">Barotsé</term> chief who lives 
<lb/>East of that point, &amp; proceeded in the 
<lb/>same direction during five days. <del type="strikethrough" hand="#hand02">But</del>
<lb/><del type="overwritten" hand="#hand02">t</del><add place="over-text" hand="#hand02">T</add>wo of the prisoners being little girls, 
<lb/>shorter marches than usual were 
<lb/>made<add place="inline" hand="#hand02">;</add> &amp; the actual distance may 
<lb/>therefore be not more than eighty miles. 
<lb/><del type="overwritten" hand="#hand02"><choice><reg>T</reg><orig>t</orig></choice></del><add place="over-text" hand="#hand02">T</add>hough travelling Eastward thus far, 
<lb/>the<del type="strikethrough" hand="#hand02">y</del> <add place="above" hand="#hand02">party</add> did not again come near the <placeName>Leeambye</placeName>. 
<lb/>From this, and the fact that we could 
<lb/>get no more information about it 
<lb/>in the North, it may fairly be inferred 
<lb/>that this noble river <add place="below">^</add> <add place="above" hand="#hand02">the <placeName>Leeambye</placeName></add> holds an Easterly 
<lb/>and Westerly course for a considerable 
<lb/>distance beyond where we left it.</p>
<lb/><p><del type="overwritten" hand="#hand02"><choice><reg>T</reg><orig>t</orig></choice></del><add place="over-text" hand="#hand02">T</add>he party having returned together 
<lb/>with an embassy of <persName>Masiko's</persName> principal 
<lb/>men, bearing a present and friendly</p>

	<pb n="0005" facs="liv_000835_0005"/><!--pb/@n='3r'-->
<lb/><p rend="no-indent"><hi rend="underline">2<hi rend="sup">d</hi> sheet</hi> <fw corresp="#hand03"/> <space extent="8" unit="words"/><add place="inspace" rend="gray" hand="#hand01">5</add> 
<lb/>message, we left the river and proceeded</p>
<lb/><p rend="no-indent">N.N.W. through a portion of the country 
<lb/>called <placeName>Londa</placeName>; the paramount chief of which 
<lb/>is well known to the Portuguese by the title 
<lb/>of <persName>Matiamvo</persName>. <del type="overwritten" hand="#hand02">t</del><add place="over-text" hand="#hand02">T</add>he inhabitants, <del type="strikethrough" hand="#hand02">or</del> <add place="above" hand="#hand02">called</add><term type="tribe">Balonda</term>
<lb/>belong to the true <choice><sic>wooly</sic><corr>woolly</corr></choice>-headed negro race, 
<lb/>and differ remarkably from the <term type="tribe">Bechuanas</term>
<lb/>and other tribes in the South, in their treatment 
<lb/>of females, and <add place="below">^</add> <add place="above" hand="#hand02">in the</add> practice of idolatry. <del type="overwritten" hand="#hand02"><choice><reg>T</reg><orig>t</orig></choice></del><add place="over-text" hand="#hand02">T</add>hey 
<lb/>swear by their mothers, and never desert 
<lb/>them<del type="overwritten" hand="#hand02"><unclear cert="low">&amp;</unclear></del><add place="over-text" hand="#hand02">; they</add> allow the women a place and voice 
<lb/>in their public assemblies, and frequently 
<lb/>elevate them to the chieftainship. Near 
<lb/>every village we observed an idol, consisting 
<lb/>either of an image formed of grass and 
<lb/>clay, intended to represent a lion or alligator, 
<lb/>or a block of wood, on the top of which 
<lb/>the human face was rudely carved. In cases 
<lb/>of sickness or of non-success in hunting, 
<lb/>offerings are made and drums beat before 
<lb/>the<del type="overwritten" hand="#hand02">m</del><add place="over-text" hand="#hand02">se</add> <add place="below">^</add> <add place="above" hand="#hand02">idols,</add> during whole nights. <del type="overwritten" hand="#hand02"><choice><reg>T</reg><orig>t</orig></choice></del><add place="over-text" hand="#hand02">T</add>he <term type="tribe">Bechuanas</term>
<lb/>on the contrary, swear by their fathers, - glory 
<lb/>in the little bit of beard which distinguishes 
<lb/>them from the sex which they despise, - And, 
<lb/>though they have some idea of a future 
<lb/>state, it exerts but little influence on 
<lb/>their conduct. <del type="overwritten" hand="#hand02"><choice><reg>T</reg><orig>t</orig></choice></del><add place="over-text" hand="#hand02">T</add>heir supreme good is a cow, 
<lb/>and they never pray.</p>

	<pb n="0006" facs="liv_000835_0006"/><!--pb/@n='3v'-->
<lb/><p rend="no-indent"><add place="inspace" rend="left gray" hand="#hand01">6</add> The first <placeName>Londa</placeName> chief of importance 
<lb/>whom we visited<add place="inline" hand="#hand01">,</add> is called <persName>Shinté</persName> or 
<lb/><persName>Kabompo</persName>. His town stands on Latitude 
<lb/>13° South. <add place="marginleft">(13° 0′ 21″)</add> We were <choice><sic>recieved</sic><corr>received</corr></choice> in what 
<lb/>they consider grand style. <del type="overwritten" hand="#hand02"><choice><reg>T</reg><orig>t</orig></choice></del><add place="over-text" hand="#hand02">T</add>he old chief 
<lb/>sat under a species of <hi rend="underline" corresp="#hand01">ficus indica</hi>, on 
<lb/>a raised seat, having some hundreds 
<lb/>of women behind him, all decked out 
<lb/>in their best, and that best was a  
<lb/>profusion of red baize. Some drums 
<lb/>and primitive <del type="strikethrough" hand="#hand02">pianos</del> <add place="above" hand="#hand02">instruments</add> made of wood, 
<lb/>were powerfully beaten<del type="overwritten" hand="#hand02">.</del><add place="over-text" hand="#hand02">;</add> and different 
<lb/>bands of men,- each numbering about 
<lb/>50 or 80 persons,- well armed with large 
<lb/>bows and iron-headed arrows, short 
<lb/>broad swords and guns,- rushed yelling 
<lb/>towards us from different quarters. 
<lb/>As they all screwed up their faces so 
<lb/>as to look very <del type="strikethrough" hand="#hand02">savage and serious</del> <add place="below">^</add> <add place="above" hand="#hand02">fierce &amp; savage</add><add place="inline" hand="#hand01">,</add> I 
<lb/>supposed they were trying whether 
<lb/>they could not make us take to our 
<lb/>heels. But they knelt down and made 
<lb/>their obeisance to <persName>Shinté</persName>, which in 
<lb/>all this country consists in rubbing 
<lb/>dust on the upper and front part 
<lb/>of the arms, and <choice><sic>accross</sic><corr>across</corr></choice> the chest. 
<lb/>When several hundreds had arrived, 
<lb/>speeches were delivered, in which my 

	<pb n="0007" facs="liv_000835_0007"/><!--pb/@n='4r'-->
<lb/>history so far as they could extract it from <add place="inspace" rend="gray" hand="#hand01">7</add>  
<lb/>my companions, was given. "<del type="overwritten" hand="#hand02"><choice><reg>T</reg><orig>t</orig></choice></del><add place="over-text" hand="#hand02">T</add>he Bible containing 
<lb/>a message of peace", "the return of two captives 
<lb/>to <persName>Shinté</persName>",- "the opening of a new path for trade" 
<lb/>&amp;c. &amp;c. were all described. "Perhaps he is fibbing, 
<lb/>perhaps not<del type="strikethrough" hand="#hand02">"</del>; they rather thought he was.<add place="inline" hand="#hand02">"</add>
<lb/>"But as they were good hearted, and not 
<lb/>at all like the <term type="tribe">Balo-bale</term>, or people of <persName>Sekeletu</persName>, 
<lb/>and had never done any evil to any one, 
<lb/><persName>Shinté</persName> had better treat him well and send 
<lb/>him on his way". <del type="overwritten" hand="#hand02"><choice><reg>T</reg><orig>t</orig></choice></del><add place="over-text" hand="#hand02">T</add>he women occasionally 
<lb/>burst forth with a plaintive ditty, but 
<lb/>I could not distinguish whether it was 
<lb/>in praise of the speakers or of themselves. 
<lb/>And when<!--TODO MH: Resolve how deletions go here--><!-- TODO SM/CO: There is no way for me to do this since I can't recognize which hand is which. You'll have to make sense of the hands. --> the sun became hot, the scene 
<lb/>closed.</p>
<lb/><p><persName>Shinté</persName> came during the night and 
<lb/>hung <add place="below" hand="#hand02" corresp="#del7r-1">around my neck</add> a particular kind of shell, which is 
<lb/>highly valued, <del type="cancelled" xml:id="del7r-1" hand="#hand02"><del type="strikethrough" hand="#hand02">to</del> <add place="above" hand="#hand02">around</add> my neck</del>, as a proof of 
<lb/>the greatest friendship, and <add place="below">^</add> <add place="above" hand="#hand02">he</add> was greatly 
<lb/>delighted with some scriptural pictures which 
<lb/>I shewed him from a Magic Lantern. 
<lb/><del type="overwritten" hand="#hand02"><choice><reg>T</reg><orig>t</orig></choice></del><add place="over-text" hand="#hand02">T</add>he spirit of trade is strong in all Africans, 
<lb/>and the <term type="tribe">Balonda</term> chiefs we visited, all 
<lb/>highly approved of our journey<del type="overwritten" hand="#hand02">, e</del><add place="over-text" hand="#hand02">. E</add>ach 
<lb/>expressed an earnest hope that the projected 
<lb/>path might lead through his town. 
<lb/><persName>Shinté</persName><del type="strikethrough" hand="#hand02">having</del> facilitated our progress 
<lb/>to the next important chief, <add place="below">^</add> <add place="above" hand="#hand02">named</add> <persName>Katema</persName>, &amp; we 

	<pb n="0008" facs="liv_000835_0008"/><!--pb/@n='4v'-->
<lb/><add place="inspace" rend="left gray" hand="#hand01">8</add> We <del type="strikethrough" hand="#hand02">came</del> again <del type="strikethrough" hand="#hand01">to</del> <add place="above" hand="#hand01">reached</add> the <placeName>Leeba</placeName> in Latitude 
<lb/>12° 8′ South and 22° 55′ East Longitude. 
<lb/>It had assumed the same Easterly and Westerly 
<lb/>course as the <placeName>Leeambye</placeName>. After crossing it, 
<lb/>we were obliged to go almost due North, in 
<lb/>consequence of the <placeName>plains of Lobalé</placeName> on our 
<lb/>West, being flooded and impassable. It 
<lb/>happened to be the rainy season, and 
<lb/>never did twenty-four hours pass without 
<lb/>frequent drenching showers. All the streams 
<lb/>were swollen so as to appear considerable 
<lb/>rivers<add place="inline" hand="#hand02">;</add> but as they were generally furnished 
<lb/>with rustic bridges, we may infer 
<lb/>their flow to be perennial. Several 
<lb/>extensive plains were crossed with the 
<lb/>water standing more than a foot deep<del type="overwritten" hand="#hand02">.</del><add place="over-text" hand="#hand02">;</add>
<lb/>and broad <choice><sic>vallies</sic><corr>valleys</corr></choice> also, along which the 
<lb/>water flowed fast towards the <placeName>Leeba</placeName>, <del type="strikethrough">and </del>
<lb/>deep enough to wet our blankets, which 
<lb/>we used as pads on the oxen, instead of 
<lb/>saddles. Both this and the water in 
<lb/>the rivers was so clear, that in using 
<lb/>the <del type="strikethrough" hand="#hand02">rustic</del> bridges over the latter, though 
<lb/>they were submerged breast deep, we 
<lb/>could easily see the sticks on which 
<lb/>to place our feet. <del type="overwritten" hand="#hand02"><choice><reg>T</reg><orig>t</orig></choice></del><add place="over-text" hand="#hand02">T</add>his clearness of 
<lb/>the water, which we observed in the 
<lb/><placeName>Zouga</placeName>, <placeName>Chobé</placeName> and <placeName>Leeambye</placeName>, at the 
<lb/>times of inundation, is the result of 
<lb/>the rains falling on a mat of grass, so </p>

	<pb n="0009" facs="liv_000835_0009"/><!--pb/@n='5r'-->
<lb/><p rend="no-indent"><hi rend="underline">3<hi rend="sup">d</hi> sheet</hi> <space extent="8" unit="words"/><fw corresp="#hand03"/> <add place="inspace" rend="gray" hand="#hand01">9</add></p> 
<lb/><p rend="no-indent">thick, as to prevent the abrasion of the soil. As 
<lb/>the tropical rains cause the <placeName>plains of Lobalé</placeName>
<lb/>to present a similar phenomenon, it may 
<lb/>not be unreasonable to conclude that the 
<lb/>water of inundation of the <placeName>Barotsé</placeName>-valley, and 
<lb/>lower parts of the <placeName>Zambesi</placeName>, is supplied by 
<lb/>copious rains in the North, and as the 
<lb/>natives reported<add place="inline" hand="#hand01">,</add> comes chiefly from <placeName>Lobalé</placeName>.</p>
<lb/><p>We suffered less detention, than might be 
<lb/>expected from the swollen state of the rivers; 
<lb/>for though we had to swim some of them, 
<lb/>all except two boys knew the art; and we 
<lb/>ever stopped to dry our clothes, unless it 
<lb/>were in the afternoons. We got drenched either 
<lb/>by rains or rivers, two or three times everyday; 
<lb/>but the sun was hot and we suffered no 
<lb/>inconvenience. If however, we arrived at 
<lb/>our sleeping place damp, or got our blankets 
<lb/>wet, intermittent fever was sure to follow.</p>
<lb/><p>The more important rivers, or those we 
<lb/>crossed in canoes, were the <placeName>Lokaloeje</placeName><del type="overwritten" hand="#hand02">.</del><add place="over-text" hand="#hand02">,</add><add place="inline" hand="#hand02">(</add>the village 
<lb/>of Soanamolopo about 3 miles N.N.W. of the 
<lb/>ford, stood in Latitude 11° 49′ 42″ South, and 
<lb/>22° 52′ East.<add place="inline" hand="#hand02">):-</add> The <placeName>Lotembwa</placeName>, upwards of 
<lb/>100 yards broad, <add place="below">^</add> <add place="above" hand="#hand02">and</add> one of the principal feeders 
<lb/>of the <placeName>Leeba</placeName>, was crossed in 11° 40′ S. Lat.- 
<lb/><del type="overwritten" hand="#hand02">t</del><add place="over-text" hand="#hand02">T</add>he town of <persName>Katema</persName> stands a short distance 
<lb/>beyond in 11° 35′ 37″ S. Lat. and 22° 47′ East 
<lb/>Longitude. <del type="overwritten" hand="#hand02"><choice><reg>T</reg><orig>t</orig></choice></del><add place="over-text" hand="#hand02">T</add>he <placeName>Lake Dilolo</placeName>, from which 
<lb/>the <placeName>Lotembwa</placeName> takes its rise, is 3′ or 4′ North 

	<pb n="0010" facs="liv_000835_0010"/><!--pb/@n='5v'-->
<lb/><add place="inspace" rend="left gray" hand="#hand01">10</add> of <persName>Katema's</persName> town, <add place="below">^</add> <add place="above" hand="#hand02">and</add> consequently may <add place="below">^</add> <add place="above">be</add> reckoned 
<lb/>in nearly the same Longitude, and between 
<lb/>11° 30′ and 11° 32 S. Lat. We went round 
<lb/>the Western or smaller end of this Lake, <del type="strikethrough" hand="#hand02">there</del> <add place="above" hand="#hand02">where</add>
<lb/>it was not 1/2 a mile broad, but the other 
<lb/>end is said to <add place="below">^</add> <add place="above">be</add> broader (perhaps 6 miles), and 
<lb/>as it has large waves, it is probably deep. 
<lb/>It contains many fish, and we saw marks 
<lb/>of many hippopotami on its banks. Repeated 
<lb/>attacks of intermittent <add place="below">^</add> <add place="above" hand="#hand02">fever</add> had <add place="below">^</add> <add place="above" hand="#hand02">at length</add> made me so weak 
<lb/>and giddy, <add place="below">^</add> <add place="above" hand="#hand02">that</add> I could with difficulty stick on the 
<lb/>ox; and as <persName>Katema</persName> did not appear very 
<lb/>willing to let me sleep at the broad <add place="below">^</add> <add place="above">part,</add> I did 
<lb/>not feel much inclined to press the subject. 
<lb/><del type="overwritten" hand="#hand02"><choice><reg>T</reg><orig>t</orig></choice></del><add place="over-text" hand="#hand02">T</add>he giddiness and confusion of mind were<add place="inline" hand="#hand02">, combined</add>
<lb/>with the excessive cloudiness of the weather, 
<lb/>great annoyances in making observations; 
<lb/>but I took as many as possible at 
<lb/>every important point. After crossing 
<lb/>a water-covered plain beyond <placeName>Dilolo</placeName>, 
<lb/>we came to streams flowing in a totally 
<lb/>different direction from those we had 
<lb/>left. <del type="overwritten" hand="#hand02"><choice><reg>T</reg><orig>t</orig></choice></del><add place="over-text" hand="#hand02">T</add>hese were the feeders of the <placeName>Casai</placeName>
<lb/>(Kasye) or Loké, which we found flowing 
<lb/>N.E. and E.N.E. <del type="overwritten" hand="#hand02"><unclear cert="low">It</unclear></del><add place="over-text" hand="#hand02">The</add> <add place="below">^</add> <add place="above" hand="#hand02">Casai</add> is about 120 
<lb/>yards broad, and flows in a deep valley, 
<lb/>finely wooded and beautifully green. <del type="overwritten" hand="#hand02"><choice><reg>T</reg><orig>t</orig></choice></del><add place="over-text" hand="#hand02">T</add>he 
<lb/>Latitude of the ford was 11° 17′ South. 
<lb/><add place="marginleft" hand="#hand02">The</add> confluence of the <placeName>Chihune</placeName> and <del type="strikethrough" hand="#hand02"><placeName>Chihombo</placeName> (<unclear cert="low">by</unclear></del> the <placeName>Longe</placeName>) 
<lb/>both small streams, the latter however had 
<lb/>canoes on it, is 10° 57′ 31″ <add place="inline" hand="#hand02">S. Lat.</add> <del type="strikethrough" hand="#hand02">Long</del>. 20° 29′ 30″ E. <add place="inline" hand="#hand02">Long.</add>

	<pb n="0011" facs="liv_000835_0011"/><!--pb/@n='6r'-->
<lb/>The <placeName>Chikapa</placeName> <add place="above">(Lat 10° 38′)</add> about 60 yards wide, flowing <add place="inspace" rend="gray" hand="#hand01">11</add> 
<lb/>West Nor-West; and when entering upon Portuguese  
<lb/>territory, the <placeName>Quango</placeName> or <placeName>Coango</placeName> about 150 yards 
<lb/>wide <del type="strikethrough" hand="#hand02">and</del> flow<del type="strikethrough" hand="#hand02">ing</del> <add place="above" hand="#hand02">s</add> nearly due North. <del type="overwritten" hand="#hand02">t</del><add place="over-text" hand="#hand02">T</add>he 
<lb/>Latitude of the ford was 9 ° 50′ 28″. I waited 
<lb/>four days for a lunar observation, but in vain<add place="inline" hand="#hand02">,</add><add place="inline" hand="#hand02">as</add>
<lb/>the sky was always covered with clouds. To 
<lb/>these may at present be added <placeName>Cassange</placeName>, the 
<lb/>farthest inland station of the Portuguese<del type="overwritten" hand="#hand02">.</del><add place="over-text" hand="#hand02">,</add> <del type="strikethrough" hand="#hand02">Here</del> <add place="above" hand="#hand02">where</add>
<lb/>I had a clear sky, and made many observations,- 
<lb/>Lat. 9° 37′ 29″ South, <add place="above" hand="#hand02">Long.</add> 17° 43′ 30″ East.</p>
<lb/><p><del type="overwritten" hand="#hand02"><choice><reg>T</reg><orig>t</orig></choice></del><add place="over-text" hand="#hand02">T</add>he country of the <term type="tribe">Balonda</term> through 
<lb/>which we passed, was both fertile and beautiful<reg>.</reg>
<lb/>Dense forests alternate constantly with open 
<lb/><choice><sic>vallies</sic><corr>valleys</corr></choice> covered with grass resembling fine 
<lb/>English <del type="strikethrough" hand="#hand02">Hay</del> <add place="above" hand="#hand02">meadows</add>. <choice><reg>T</reg><orig>t</orig></choice>he general surface, though 
<lb/>flat, seems covered with waves disposed 
<lb/>lengthways from N.N.E. to S.S.W. <del type="overwritten" hand="#hand02">t</del><add place="over-text" hand="#hand02">T</add>he 
<lb/>crest of each of these earthen billows, is 
<lb/>covered with forest, four or five miles 
<lb/>broad; while the trough about a mile wide, 
<lb/>has generally a stream or bog in the centre 
<lb/><del type="strikethrough" hand="#hand02">and</del> <add place="above" hand="#hand02">with</add> the habitations and gardens of 
<lb/>the inhabitants on the sides. <del type="overwritten" hand="#hand02"><choice><reg>T</reg><orig>t</orig></choice></del><add place="over-text" hand="#hand02">T</add>he forests consist 
<lb/>of lofty evergreen trees, standing close together 
<lb/>and interlaced with great numbers of 
<lb/>gigantic climbers. <del type="overwritten" hand="#hand02"><choice><reg>T</reg><orig>t</orig></choice></del><add place="over-text" hand="#hand02">T</add>he trees covered with 
<lb/>lichens, and the ground with mosses and 
<lb/>ferns, indicate a much more humid 
<lb/>climate, than is to be found in the South. 

	<pb n="0012" facs="liv_000835_0012"/><!--pb/@n='6v'-->
<lb/><add place="inspace" rend="left gray" hand="#hand01">12</add> the only roads through these <add place="below">^</add> <add place="above">dense</add> thickets are small 
<lb/>winding foot-paths<del type="overwritten" hand="#hand02">.</del><add place="over-text" hand="#hand02">;</add> And as an attempt to 
<lb/>stop an ox suddenly, only makes him rush 
<lb/>on, we were frequently caught <add place="below">^</add> <add place="above">by the overhanging climbers,</add> and came 
<lb/>to the ground, <del type="strikethrough" hand="#hand02">crown of the</del> head foremost. 
<lb/><del type="overwritten" hand="#hand02"><choice><reg>O</reg><orig>o</orig></choice></del><add place="over-text" hand="#hand02">O</add>n this account , I never trusted to the 
<lb/>watch alone for longitudes - <add place="above" hand="#hand02">NP.</add><!--CODIC: 2 editorial lines indicating new paragraph--> <add place="marginleft" hand="#hand01">New Para</add><del type="overwritten" hand="#hand02">t</del><add place="over-text" hand="#hand02">T</add>he streams 
<lb/>with which the country is well supplied, differ 
<lb/>remarkably in the directions in which they 
<lb/>flow. <del type="overwritten" hand="#hand02"><choice><reg>M</reg><orig>m</orig></choice></del><add place="over-text" hand="#hand02">M</add>any were flowing southwards; but 
<lb/>a distance of about 20 miles brought us 
<lb/>to streams running North East, and in 
<lb/>much deeper <choice><sic>vallies</sic><corr>valleys</corr></choice>. I suspected that we 
<lb/>were travelling on an elevated table-land, 
<lb/>because the current of the <placeName>Zambesi</placeName> and 
<lb/>other rivers was rapid, and we had large 
<lb/>Cape-Heaths and Rhododendrons, which grow 
<lb/><space extent="2" unit="words"/><add place="inspace" rend="small">together with a wonderful lack of animal life.</add>
<lb/>on elevated positions <add place="below">^</add> <del type="strikethrough" hand="#hand02">But</del> <add place="inline" hand="#hand02">This proved to be the fact for</add> when we were 
<lb/>about 40 miles E.S.E of the <placeName>Quango</placeName>
<lb/>we came upon a sudden descent <add place="below">^</add> <add place="above" hand="#hand02">perhaps <del type="strikethrough">of</del> about 2000 feet,</add> which 
<lb/>to me seemed about the same height as 
<lb/><placeName><del type="overwritten" hand="#hand02">t</del><add place="over-text" hand="#hand02">T</add>able Mountain</placeName> at the Cape. Ninety or one 
<lb/>hundred miles <add place="below">^</add> <add place="above">west</add> from this descent, appear<del type="overwritten" hand="#hand02">ed</del><add place="over-text" hand="#hand02">ed</add>
<lb/>as it were a range of mountains, but 
<lb/>it is only the edge of <del type="strikethrough" hand="#hand02">another</del> <add place="above" hand="#hand02">similar</add> table-land, 
<lb/>identical with that on the margin of 
<lb/>which we stood. <del type="strikethrough" hand="#hand02">And</del><del type="overwritten" hand="#hand02">t</del><add place="over-text" hand="#hand02">T</add>his presents the 
<lb/>same mountainous appearance to a person 
<lb/>coming from the West.- <del type="overwritten" hand="#hand02">t</del><add place="over-text" hand="#hand02">T</add>he intervening 
<lb/>valley is call <placeName>Cassange</placeName>, and through 
<lb/>it flows the <placeName>Quango</placeName> and other rivers.
<lb/><add place="inline" rend="gray" hand="#hand01">Let part of letter dated 20 August 1854 follow here 
<lb/>beginning at the 2nd page as marked.</add> <space extent="2" unit="words"/><add place="inspace" rend="gray" hand="#hand01">13</add></p>

	<pb n="0013" facs="liv_000835_0013"/><!--pb/@n='7r'-->
<lb/><p rend="no-indent"><hi rend="underline">4<hi rend="sup underline">th</hi> sheet</hi> <space extent="10" unit="words"/><fw corresp="#hand03"/> <add place="inspace" rend="gray" hand="#hand01">16</add></p>
<lb/><p>This country as compared with <add place="below">^</add> <add place="above" hand="#hand02">that to</add> the South is 
<lb/>well peopled. We came to villages, every few 
<lb/>miles and often passed as many as ten in a 
<lb/>day. <del type="overwritten" hand="#hand02">s</del><add place="over-text" hand="#hand02">S</add>ome <del type="strikethrough" hand="#hand02">villages</del> were extremely neat; others 
<lb/>were so buried in a wilderness of weeds, <add place="below">^</add> <add place="above" hand="#hand02">that</add> though 
<lb/>sitting on the ox in the middle of the village, 
<lb/>we could see only the tops of houses. <del type="overwritten" hand="#hand02"><choice><reg>T</reg><orig>t</orig></choice></del><add place="over-text" hand="#hand02">T</add>here 
<lb/>is no lack of food, Manioc or the Tapioca 
<lb/>plant is the staff of life, and requires but 
<lb/>little labour for its cultivation. <del type="overwritten" hand="#hand02"><choice><reg>T</reg><orig>t</orig></choice></del><add place="over-text" hand="#hand02">T</add>he seasons 
<lb/>seemed to allow of <del type="strikethrough" hand="#hand02">their</del> planting or reaping 
<lb/>all the year round. <del type="overwritten" hand="#hand02"><choice><reg>T</reg><orig>t</orig></choice></del><add place="over-text" hand="#hand02">T</add>he <term type="tribe">Balonda</term> were all 
<lb/>extremely kind, and indeed, had they been 
<lb/>otherwise, we should have starved; for there 
<lb/>is no game, and all the goods which I had 
<lb/>brought from the Cape, were expended before 
<lb/>we started, except<add place="inline" hand="#hand02">ing</add> a few beads. <add place="above" hand="#hand02">N.P.</add><!-- CODIC: 2 editorial lines indicating new paragraph-->When 
<lb/><del type="strikethrough" hand="#hand02">however,</del> we came near to the Portuguese 
<lb/>possessions, the tribes altered very much 
<lb/>for the worse: <add place="below">^</add> <add place="above" hand="#hand02">and the <term type="tribe">Chiboqui</term> so annoyed us by</add> heavy fines <del type="strikethrough" hand="#hand02"><unclear cert="low">were</unclear></del> levied 
<lb/>on the most frivolous pretences, <add place="inspace" rend="small" hand="#hand02">that we changed 
<lb/>our course from N.W. to N. This did not relive us long for when we came 
<lb/>nearer Cassange, we found our route obstructed by the <unclear cert="low">M'bangala</unclear> who demanded</add> <del type="strikethrough" hand="#hand02">and at 
<lb/>length among the <term type="tribe">Cheeboqui</term></del>, payment of 
<lb/>"a man, an ox, or a gun" <del type="strikethrough" hand="#hand02">was demanded</del>
<lb/>for leave to pass at all. A refusal on 
<lb/>our part was <add place="below">^</add> <add place="above" hand="#hand02">sometimes</add> followed by <del type="strikethrough" hand="#hand02">the</del> <add place="above" hand="#hand02">a</add> whole tribe 
<lb/>surrounding us, brandishing their swords, arrows, 
<lb/>and guns, and tumultuously vociferating 
<lb/>their demands. <del type="overwritten" hand="#hand02"><choice><reg>T</reg><orig>t</orig></choice></del><add place="over-text" hand="#hand02">T</add>he more we yielded, the 

	<pb n="0014" facs="liv_000835_0014"/><!--pb/@n='7v'-->
<lb/><add place="inspace" rend="left gray" hand="#hand01">17</add> <choice><sic>the</sic><corr>notext</corr></choice> more unreasonable the mob became, till 
<lb/>at last, in order not to aid in robbing 
<lb/>ourselves, we ceased speaking after telling 
<lb/>them that they must strike the first blow. 
<lb/>My men who were inured to fighting by 
<lb/><persName>Sebituane</persName>, quietly surrounded the chief and 
<lb/>councillors. <del type="overwritten" hand="#hand02"><choice><reg>T</reg><orig>t</orig></choice></del><add place="over-text" hand="#hand02">T</add>hese felt their danger, and 
<lb/>usually became more amicable. <del type="overwritten" hand="#hand02"><choice><reg>T</reg><orig>t</orig></choice></del><add place="over-text" hand="#hand02">T</add>hey 
<lb/>never disputed the proposition that the 
<lb/>ground they cultivated, alone belonged 
<lb/>to them, and all the rest of the country 
<lb/>to God. <del type="overwritten" hand="#hand02"><choice><reg>T</reg><orig>t</orig></choice></del><add place="over-text" hand="#hand02">T</add>his being the idea in the native 
<lb/>mind, they readily admitted, that they had 
<lb/>no right to demand payment for 
<lb/>treading on the soil of our common Father. 
<lb/>But they pleaded custom; slave traders, 
<lb/>always gave them a slave. <add place="below">^</add> <add place="above"><del type="strikethrough">But</del></add> My companions 
<lb/>being all, <del type="strikethrough" hand="#hand02">the</del> free subjects of <persName>Sekeletu</persName>, had 
<lb/>as good a right to give me, as I had 
<lb/>to give one of them, <add place="below">^</add> <add place="above" hand="#hand02">; and</add> the affair usually 
<lb/>ended by our agreeing to give each 
<lb/>other food in token of friendship. I had 
<lb/>to part with an ox; and their part 
<lb/>of the contract was sometimes fulfilled 
<lb/>by sending <add place="above" hand="#hand02">us</add> two or three pounds of the 
<lb/>meat of our own animal, with <del type="strikethrough" hand="#hand02">so</del>
<lb/>many expressions of regret at having 
<lb/>nothing else to give. It was impossible 
<lb/>to avoid laughing at the coolness 

	<pb n="0015" facs="liv_000835_0015"/><!--pb/@n='8r'-->
<lb/>of the generous creatures. I had paid away <add place="inspace" rend="gray" hand="#hand01">18</add> 
<lb/>my razors, shirts and everything I could dispense 
<lb/><add place="marginleft">with</add>, but though I shewed these extortioners the instruments 
<lb/>and all we had as being perfectly useless to them, 
<lb/>the oxen, men and guns <add place="below">^</add> <add place="above" hand="#hand02">still</add> remained. "You may 
<lb/>as well give what we ask for <add place="below">^</add> <add place="above" hand="#hand02">as</add>we shall get 
<lb/>the whole tomorrow, after we have killed you";- 
<lb/>or "you must go back from whence you came 
<lb/>and say we sent you";- were some of the witticisms, 
<lb/>which, with hunger, were making us all sulky 
<lb/>and savage. If <persName>Sekeletu</persName> had allowed my 
<lb/>companions to bring their shields, I could not 
<lb/>have restrained them; but we never came 
<lb/>into actual collision, and as far as we are 
<lb/>concerned, the way is open for our return. 
<lb/><del type="overwritten" hand="#hand02"><choice><reg>O</reg><orig>o</orig></choice></del><add place="over-text" hand="#hand02">O</add>n the last occasion <add place="below">^</add> <add place="above" hand="#hand02">on which</add> we parted with an ox, 
<lb/>objections were raised against one which 
<lb/>had lost his tail, because they imagined a 
<lb/>charm had been inserted in the stump, which 
<lb/>might injure them, <add place="above" hand="#hand02">and</add> the remaining four 
<lb/><del type="strikethrough" hand="#hand02">which we</del> still <add place="below">^</add> <add place="above" hand="#hand02">in our</add> possess<del type="strikethrough" hand="#hand02">ed</del> <add place="above" hand="#hand02">ion</add> very soon exhibited 
<lb/>the same peculiarity <del type="strikethrough" hand="#hand02">of</del> <add place="inline" hand="#hand02">in</add> their caudal extremities. 
<lb/><add place="inline" hand="#hand02" rend="small">Attempts have frequently been made by the <term type="tribe">Balonda</term> &amp; other distant tribes to 
<lb/>open up commercial intercourses with the Portuguese and these have always been rendered 
<lb/>abortive by the borderers</add></p>
<lb/><p>In order not to tire you with a longer 
<lb/><del type="strikethrough" hand="#hand02">deliberation</del> <add place="above" hand="#hand02">account</add> of vexations, which were making 
<lb/>us misanthropic, and more anxious to pass 
<lb/>than visit a tribe, I may mention, that, 
<lb/>having in the beginning of April reached 
<lb/>the banks of the <placeName>Quango</placeName>, which was 

	<pb n="0016" facs="liv_000835_0016"/><!--pb/@n='8v'-->
<lb/><add place="inspace" rend="left gray" hand="#hand01">19</add> swollen and its muddy waters flowing rapidly, 
<lb/>I had <add place="below">^</add> <add place="above" hand="#hand02">at length</add> made up my mind to part with my 
<lb/>blanket and coat to the ferrymen for a 
<lb/>passage. But a young Portuguese sergeant, 
<lb/><persName>Cypriano De Abreu</persName> made his appearance, 
<lb/>and enabled us to enter Portuguese territory 
<lb/>without farther annoyance. <persName>Senhor Neves</persName>
<lb/>of <placeName>Cassange</placeName> performed a brother's part to 
<lb/>me in the time of need<del type="overwritten" hand="#hand01">.</del><add place="over-text" hand="#hand01">,</add> <del type="strikethrough" hand="#hand01">And</del> <add place="above" hand="#hand01">and</add> indeed, the 
<lb/>Portuguese everywhere exhibited the greatest 
<lb/>kindness all the way to <placeName>Loanda</placeName></p>
<lb/><p rend="no-indent"><add place="inline" hand="#hand02">Insert 20,21,22,23,24</add></p>
<lb/><p><del type="strikethrough" hand="#hand02">I shall not attempt in this letter to 
<lb/>give any account of</del><del type="overwritten" hand="#hand01">t</del><add place="over-text" hand="#hand01">T</add>he <placeName>Province of Angola</placeName>
<lb/><del type="strikethrough" hand="#hand02">farther than, except in parts near the 
<lb/>coast it is one of</del> <add place="above" hand="#hand02">possesses</add> great fertility and beauty; 
<lb/><add place="marginleft" hand="#hand02">and</add> its capabilities both agriculturally and commercially 
<lb/>are of a very high order. Indeed I do not 
<lb/>fear contradiction in asserting it to be the 
<lb/>richest in resources <del type="overwritten" hand="#hand01">in</del><add place="over-text" hand="#hand01">of</add> Western Africa. <del type="strikethrough" hand="#hand02">The</del> <add place="marginright" hand="#hand02"><hi rend="underline">Begin No.2 with this</hi></add><!-- CODIC: paragraph surrounded - editorial-->
<lb/><add place="marginleft" hand="#hand02">The</add> commerce of Angola has been remarkably 
<lb/>neglected by the English for though the city of 
<lb/><placeName>Loanda</placeName> contains a population of eleven thousand 
<lb/>souls clothed chiefly in the produce of 
<lb/>English looms, and though in many parts 
<lb/>of the Interior cheap Glasgow <choice><reg>a</reg><orig>A</orig></choice>nd Manchester 
<lb/>goods constitute the circulating medium, 
<lb/>there is not a single English house established 
<lb/>at the capital. For this anomaly various 
<lb/>reasons are assigned, the most cogent 
<lb/><space extent="6" unit="words"/><add place="inspace" rend="small" hand="#hand02">Continued 5<hi rend="sup">th</hi> Sheet No 1</add>

	<pb n="0017" facs="liv_000835_0017"/><!--pb/@n='9r'-->
<lb/><hi rend="underline">5<hi rend="sup underline">th</hi> sheet</hi> <fw corresp="#hand03"/> <add place="inspace" rend="small" hand="#hand02">Continued from 4<hi rend="sup">th</hi> No 1 &amp; to be inserted with it
<lb/><space extent="3" unit="words"/>in No 2 page 8 together with next page</add> 
<lb/>of these appears to be, that those who first attempted 
<lb/>to <choice><sic>develope</sic><corr>develop</corr></choice> a trade, unfortunately accepted bills 
<lb/>on Rio Janeiro in part payment of their 
<lb/>cargoes, at a time when the increased numbers 
<lb/>and vigilance of our cruizers, caused the 
<lb/>bankruptcy of many houses, both in Rio 
<lb/>and <placeName>Loanda</placeName>. Heavy losses were sustained 
<lb/>and Angola got a bad name in the mercantile 
<lb/>world in consequence. No attempt has ever 
<lb/>been made since. Still, with the same difficulties 
<lb/>and burdens as the English encountered, the 
<lb/>Americans carry on a flourishing trade with 
<lb/><placeName>Loanda</placeName>. <add place="above" hand="#hand02">* note</add> And as a very large proportion 
<lb/>of the goods imported  in other ships are 
<lb/>English manufactures, taken in exchange 
<lb/>for colonial produce which has gone by the 
<lb/>expensive and circuitous route of Lisbon, 
<lb/>i.e. produce on which the expense of port dues, 
<lb/>freight, commission &amp;c. is paid from <placeName>Loanda</placeName>
<lb/>to Lisbon, and again thence to London. 
<lb/>And as the same round of expenses is incurred 
<lb/>on English manufactures, a British merchant 
<lb/>carrying merchandise direct to and from England 
<lb/>and dealing in <placeName>Loanda</placeName> in a liberal spirit, 
<lb/>would almost certainly establish a lucrative 
<lb/>trade</p>
<lb/><p>In connection with this subject I may be 
<lb/>allowed to call your attention to the Rivers 
<lb/><placeName>Casai</placeName> and <placeName>Quango</placeName>. <choice><reg>T</reg><orig>t</orig></choice>hese are reported by 
<lb/>intelligent natives, who profess knowledge of the country 
<lb/>
<lb/><add place="marginleft" rend="small" hand="#hand02">Note * The Americans it is said do not hesitate to 
<lb/>cooperate with slavers, while the 
<lb/>English traders cannot. <hi rend="double-underline">Ed.</hi></add>

	<pb n="0018" facs="liv_000835_0018"/><!--pb/@n='9v'-->
<lb/>and <del type="strikethrough" hand="#hand02">it is</del> <add place="above" hand="#hand02">are</add>  believed by Portuguese traders <del type="strikethrough" hand="#hand02">that they </del> <add place="above" hand="#hand02">to</add> join 
<lb/>somewhere North of <placeName>Cassange</placeName> and form the 
<lb/><placeName>Congo</placeName> or <placeName>Zaire</placeName> of <persName>Capt<hi rend="sup underline">n</hi> Tuckey</persName>. <choice><reg>T</reg><orig>t</orig></choice>he directions 
<lb/>in which I saw those rivers flowing<add place="inline" hand="#hand01">,</add> appear 
<lb/>to favour the idea. <del type="overwritten" hand="#hand01"><choice><reg>T</reg><orig>t</orig></choice></del><add place="over-text" hand="#hand01">T</add>he <placeName>Casai</placeName><add place="inline" hand="#hand01">,</add> according to 
<lb/>the report of <persName>Matiamvo's</persName> people whom we 
<lb/>met<add place="inline" hand="#hand01">,</add> flows East Nor<add place="inline" hand="#hand01">th</add>-East even beyond the 
<lb/>residence of their chief<add place="inline" hand="#hand01">,</add> and as that is a month 
<lb/>or 300 miles from the ford, if it really makes 
<lb/>a large bend round to the N.W. after that we 
<lb/>can form an idea of the great importance 
<lb/>of the attempts of <persName>Commander Bedingfield</persName>
<lb/>and others<add place="inline" hand="#hand01">,</add> to establish licit commerce in the 
<lb/><placeName>Congo</placeName>. It is scarcely possible to estimate 
<lb/>the ultimate effect which success in <add place="inline" hand="#hand01">t</add>his 
<lb/>most laudable efforts would produce. 
<lb/>These rivers drain such a vast extent of 
<lb/>populous slave producing territory, <add place="below">^</add> <add place="above" hand="#hand02">that</add> they 
<lb/>assume features of peculiar interest. <del type="overwritten" hand="#hand01"><choice><reg>T</reg><orig>t</orig></choice></del><add place="over-text" hand="#hand01">T</add>he 
<lb/>influence of the English squadron on the 
<lb/>coast is powerfully felt throughout the 
<lb/>country. Of this I have observed ample 
<lb/>evidence, and no wonder this is the case<add place="inline" hand="#hand01">,</add>
<lb/>for it makes one proud of his countrymen 
<lb/>to witness the zeal and energy with which 
<lb/>the officers of our cruizers apply themselves 
<lb/>to the suppression of the trade in slaves. 
<lb/><space extent="1" unit="words"/><add place="inspace" hand="#hand02">The above to No 2 see preceeding page.</add></p>

	<pb n="0019" facs="liv_000835_0019"/><!--pb/@n='10r'-->
<lb/><p><del type="strikethrough" hand="#hand02">My present intentions <add place="below">^</add> <add place="above">are</add> to return to the <placeName>Zambesi</placeName>
<lb/>by nearly the same route I followed in coming 
<lb/>here. And</del> <del type="overwritten" hand="#hand01">a</del><add place="over-text" hand="#hand01">A</add>fter making any arrangements <add place="below">^</add> <add place="above" hand="#hand02">with <persName>Sekeletu</persName></add> that 
<lb/>may be deemed necessary, <del type="strikethrough" hand="#hand02">try</del> <add place="below">^</add> <add place="above" hand="#hand02">I propose</add>  to descend the 
<lb/><placeName>Leeambye</placeName> to <placeName>Quilimane</placeName>. It may be advisable 
<lb/>in order to avoid the waterfall of <placeName>Mosio <add place="below">^</add> <add place="above">a</add>tunya</placeName>, 
<lb/><add place="marginleft" hand="#hand01">23</add> to cross overland from <placeName>Sesheké</placeName> to the river 
<lb/><placeName>Maninché</placeName> or <placeName>Loengé</placeName> (Bashukulompo R.)<add place="inline" hand="#hand01">,</add> buy 
<lb/>or beg a canoe<add place="inline" hand="#hand01">,</add> and descend <add place="below">^</add> <add place="above">in</add> it to the <placeName>Leeambye</placeName>. 
<lb/><del type="overwritten" hand="#hand01">t</del><add place="over-text" hand="#hand01">T</add>he confluence of the <placeName>Chobe</placeName> is only two days 
<lb/>distant from the waterfall<add place="inline" hand="#hand01">,</add> but the river is 
<lb/>very rocky and dangerous before reaching 
<lb/>that point. I <del type="strikethrough" hand="#hand02">reached</del> <add place="above" hand="#hand02">approached</add> Loanda labouring 
<lb/><!-- CODIC: editorial dividing line--><add place="marginleft" hand="#hand01">20
<lb/>to follow
<lb/>19, sheet 4</add>
<lb/>under <del type="strikethrough" hand="#hand02">disease</del> <add place="below">^</add> <add place="above" hand="#hand02">severe illness</add> and extremely anxious as to 
<lb/>what I should do for the support of my 
<lb/>companions who without exception are the 
<lb/>best I ever travelled with<add place="inline" hand="#hand01">,</add> and who bravely 
<lb/>followed me<add place="inline" hand="#hand01">,</add> though told by the blacks of 
<lb/>every village West of <placeName>Cassange</placeName><add place="inline" hand="#hand01">,</add> that "the white 
<lb/>man was taking them down to the coast for 
<lb/>sale<add place="inline" hand="#hand01">,</add> and they would all be taken on board 
<lb/><add place="marginleft" hand="#hand02">Insert from "Extracts" 
<lb/>14 Jan 1855 - 21</add><!-- editorial dividing line showing last extent of bit to be inserted-->
<lb/>ship, fattened and eaten"<reg>.</reg><del type="strikethrough" hand="#hand02"> I was laid prostrate 
<lb/>for a long time by severe indisposition<add place="inline" hand="#hand01">,</add> and 
<lb/>owe my life, under God, to H. M. Commissioner 
<lb/><persName>Edmund Gabriel Esq<hi rend="sup underline">re</hi></persName><add place="inline" hand="#hand01">,</add> the only Englishman 
<lb/>whom I know in the city. His unwearied 
<lb/>kindnesses and generous hospitality to 
<lb/>both me and my companions, enable me </del>

	<pb n="0020" facs="liv_000835_0020"/><!--pb/@n='10v'-->
<lb/><del type="strikethrough">now to return to my duty with renewed 
<lb/>health and spirits.</del> In order that, should 
<lb/><!-- editorial dividing line showing extent of block deletion--> <add place="marginleft" hand="#hand01">24</add> I succeed in reaching <placeName>Mosambique</placeName> or 
<lb/><placeName>Quilimane</placeName>, I may not <del type="strikethrough" hand="#hand02">have</del> <add place="above" hand="#hand02">suffer</add> the same 
<lb/>dejection of spirits in my approach<add place="inline" hand="#hand01">,</add>
<lb/>I presume to request that any of our 
<lb/>officers who may be on that coast, be 
<lb/>directed to make enquiries respecting my 
<lb/>arrival <add place="below">^</add> <add place="above">towards the end of 1855</add>. I am known to some of 
<lb/>the subjects of the <persName>Imaum of Muscat</persName>
<lb/>by the name of "Naka" (Doctor)<reg>.</reg></p>
<lb/><p>In conclusion I cannot omit 
<lb/>mentioning, the very great courtesy of the 
<lb/>Portuguese Authorities; and as their habitual 
<lb/>politeness was in strict accordance with 
<lb/>the wishes of the Government of Portugal, 
<lb/>it is of the greater value.</p>
<lb/><p><space extent="1" unit="words"/>Begging to be excused for 
<lb/>presuming to make an Alternative 
<lb/>of you in the absence of my friend <add place="inline" hand="#hand01"><persName>Colonel 
<lb/>Steele</persName></add> <space extent="1" unit="words"/>I am Sir, 
<lb/><space extent="3" unit="words"/><space extent="3" unit="chars"/>Your Most Obedient Servant
<lb/><space extent="5" unit="words"/>David Livingston</p><fw corresp="#hand03"/>
			
</div>
		</body>
	</text></TEI>