<?xml version="1.0" encoding="UTF-8"?>
<?xml-model href="http://livingstoneonline.github.io/LEAP-ODD/leap.rng" type="application/xml" schematypens="http://relaxng.org/ns/structure/1.0"?>
<?xml-model href="http://livingstoneonline.github.io/LEAP-ODD/leap.rng" type="application/xml" schematypens="http://purl.oclc.org/dsdl/schematron"?>
 <?xml-stylesheet href="http://livingstoneonline.github.io/LEAP-XSLT/transcription.xsl" type="text/xsl"?>
 <!--Converted from a TEI P4 XML file to the LEAP TEI P5 Schema by James Cummings on 2015-03-02--><!--TEI encoding revised and standardized by Adrian S. Wisnicki, 2015-2016-->
         <TEI xmlns="http://www.tei-c.org/ns/1.0" xml:id="liv_000643">
	<teiHeader>
		<fileDesc>
			<titleStmt>
				<title>Letter to Robert Moffat 1</title>
                <title type="alternative">Letter to Robert Moffat 1, 29 September 1847</title>
				<author>Livingstone, David, 1813-1873</author>
			</titleStmt>
			<publicationStmt>
				<authority>Livingstone Online</authority>
				<pubPlace>College Park, MD, USA</pubPlace>
				<publisher>University of Maryland Libraries</publisher>
				<date>2016</date>
				<idno type="LEAP-ID">liv_000643</idno>
			</publicationStmt>
			<sourceDesc>
				<bibl xml:id="shelfmark">University of London. School of Oriental and African Studies; CWM/LMS/Africa/Odds - Livingstone, Box 4-16</bibl>
				<bibl xml:id="ccnumber">Letters, 0177</bibl>
				<bibl xml:id="recipient"><persName>Moffat, Robert 1, 1795-1883</persName>; </bibl>
				<bibl xml:id="date"><date when="1847-09-29">29 September 1847</date></bibl>
				<bibl xml:id="where">Kolobeng</bibl>
			</sourceDesc>
		</fileDesc>
		<profileDesc>
			<langUsage>
				<language ident="en">English</language>
			</langUsage>
			<langUsage>
				<language ident="und">Undetermined</language>
			</langUsage>
            <handNotes>
                <handNote xml:id="U">Scribe: Unknown</handNote>
            </handNotes>
		</profileDesc>
		<revisionDesc>
			<change>
				<date>2013-01-14</date>
				<name xml:id="KS">Kate Simpson</name>Initial transcription and XML encoding.
            
			</change>
			<change>
				<date>2013-03-11</date>
				<name xml:id="JM">Jared McDonald</name>Proofreading
            
			</change>
			<change>
				<date>2012-12-04</date>
				<name xml:id="HFB">Heather F. Ball</name>Additional encoding.
            
			</change>
			<change>
				<date>2016-06-25</date>
				<name xml:id="AM">Anne Martin</name>Final Review.
            
			</change>
		</revisionDesc>
	</teiHeader>

	<text>
		<body>
			<div>

	<pb n="0001" facs="liv_000643_0001"><!--pb/@n='1r'--></pb>
<lb/><p rend="right"><space extent="5" unit="words"/><placeName><settlement type="village">Kolobeng</settlement></placeName> <date when="1847-09-29">29 <choice><abbr>Sept<hi rend="sup">r</hi></abbr><expan>September</expan></choice> 1847</date></p>
<lb/><p>My Dear Father</p>
				<lb/><p><space extent="3" unit="words"/><space extent="2" unit="chars"/>By the arrival of <persName>Koulter</persName> on his way southwards
<lb/>we are put in possession of another opportunity to inform
<lb/>you how we proceed in this quarter. I need not say
<lb/>I do so with pleasure I only wish you may enjoy
<lb/>as much in the perusal as I do in the writing. We
<lb/>are all at present in tolerable health But the
<lb/>setting in of the hot season seems to try our
<lb/>stamina. <persName>Mary</persName> is troubled with shooting pains
<lb/>in the <term type="bodypart">chest</term>. Had sore <term type="bodypart">eyes</term> but not severely &amp; is
<lb/>now recovered - She got them from the little one
<lb/>Hope we may through the Divine mercy be
<lb/>favoured with health - We have so much to do 
<lb/>it seems desirable we should but we must
<lb/>be resigned to the will of Him who knows what
<lb/>is best for us &amp; His cause. We feel it hot now
<lb/>we have plenty of Hills behind us, sufficient one
<lb/>would think to screen us from the influence of the
<lb/>Southern icebergs - And all burning <placeName><bloc>Africa</bloc></placeName> spread
<lb/>out before us to the <placeName><region>North</region></placeName> But we are within
<lb/>the blessed sound of gurgling waters - they have
<lb/><term type="animal">nightingales</term> in <placeName><country>England</country></placeName> but of all the birds
<lb/>in the world commend me to the merry midnight
<lb/><term type="animal">frogs</term>. You cannot <sic>concieve</sic><corr>conceive</corr> yes you can
<lb/>how delighted we were to hear the sound of
<lb/>waters at night, irrigateable water too. In
<lb/><bibl>my last <supplied>letter</supplied></bibl> I informed you of our removal. <persName>Mebaloe</persName>
<lb/>&amp; I built huts &amp; removed into them <persName>Paul</persName> followed

	

	<pb n="0002" facs="liv_000643_0002"><!--pb/@n='1v'--></pb>
<lb/>&amp; is now roofing his. Your tent has done him good
<lb/>service - Ours is 24 by 12, &amp; a <unclear cert="high">pack</unclear> house has since
<lb/>been added 10 by 12 <choice><abbr>ft</abbr><expan>feet</expan></choice>, <persName>Mebaloe</persName>'s 16 by 12. <persName>Paul</persName><supplied>'</supplied>s 
<lb/>the same size as ours - the town is still in process
<lb/>of building our corner has a touch of the <orgName>European</orgName>
<lb/>for all are square &amp; <persName>Mebaloe</persName> is <term type="occupation">thatcher</term> to all.
<lb/>Even our man Friday alias <persName><unclear cert="medium">Morukewelo</unclear></persName> has
<lb/>got up one of the four cornered sort &amp; declares
<lb/>he will never leave it it is so beautiful - our
<lb/>plan was to get up temporary houses &amp; a temporary
<lb/>meeting house as soon as possible in order that <!-- There are lines in the left margin of this page beginning here and continuing to the bottom HB 6-19-13 -->
<lb/>teaching might go on regularly during the time we
<lb/><choice><sic>we</sic><corr/></choice> should be occupied in <term type="occupation">making gardens</term> <!-- How should this duplicate "we" be coded? HB 6-19-13 --><!-- re-coded AM -->
<lb/>We have now got nearly to the point at which we
<lb/>can with good consciences begin to labour 
<lb/>for the <term type="foodstuff">meat</term> which perisheth - the <term type="occupation">chief</term> without
<lb/>any suggestion from me, told me it was his desire
<lb/>to build a house for God - that I should be at no
<lb/>expense whatever with it - He even thought that
<lb/>we should do nothing in the work but to this <add place="below">^</add> <add place="above">latter</add> we
<lb/>objected as it was for the worsh<supplied cert="high">ip</supplied> of the God of all
<lb/>I think sometimes that he expects God will bless him for 
<lb/>his good work - Yet he expresses himself occasionally
<lb/>quite in the orthodox style. He wished to build a very
<lb/>fine house but we cannot at present spend more 
<lb/>time on it than making it a temporary affair
<lb/>of pole &amp; <term type="plant">reed</term> - He employed all the males in <term type="occupation">cutting <term type="plant">reed</term></term>
<lb/>&amp; sent them a good distance to select the straightest
<lb/>woods they could find - He began it on Saturday
<lb/>morning &amp; met in the walls on Sunday. Many
<lb/>hands make light work here it was not light work
<lb/>to keep them from doing too much. We made it 
<lb/>40 by 15. We found they had cut the beams too short

	

	<pb n="0003" facs="liv_000643_0003"><!--pb/@n='2r'--></pb>
<lb/>for our plans &amp; rather than wait for longer put it up at
<lb/>15 instead of 20. On tuesday it was finished except the closing
<lb/>in at the top but the <term type="plant">reed</term> being deficient they have been off
<lb/><term type="occupation">cutting</term> it today - We shall probably begin to our water cours<supplied cert="high">e</supplied>
<lb/>on Monday next, too late for <term type="plant_foodstuff">corn</term> but we may yet have <term type="plant_foodstuff">maize</term>
<lb/>&amp; <term type="plant_foodstuff">vegetables</term> - Another proposition of the <term type="occupation">chief</term> is that we
<lb/>make an exchange of work - He takes the watercourse
<lb/>&amp; we build him a <orgName>European</orgName> house. We are glad enough
<lb/>to do this for we are but few in number. I intend
<lb/>to give a door, an old one, I may make or sell him
<lb/>a window - We have lost much time in removing 
<lb/>&amp; we have yet to go &amp; get the door frames &amp; <unclear cert="medium">Iron</unclear> in
<lb/>the roof - We shall burn both school &amp; house in
<lb/>order that we may pick out the nails and
<lb/>prevent any <orgName><choice><sic><orig>boor</orig></sic><corr>Boor</corr><reg>Boer</reg></choice></orgName> taking up his abode therein
<lb/>When we returned we found many <orgName><choice><sic><orig>boor</orig></sic><corr>Boor</corr><reg>Boer</reg></choice>s</orgName> on the 
<lb/>place - Some were rather impudent - dogged <persName>Paul</persName>'s
<lb/>wife <choice><orig>untill</orig><reg>until</reg></choice> she hid herself in <persName>Mebaloe</persName>'s house. The latter
<lb/>has more firmness than the former - All of the <orgName><choice><sic><orig>boor</orig></sic><corr>Boor</corr><reg>Boer</reg></choice>s</orgName>
<lb/>made off as soon as possible after we came. I did
<lb/>not shake hands with the fellows as I did when among
<lb/>them in our Eastern Journey I felt like the "<term type="animal">cock</term> on
<lb/>its ain middenhead". One gave <persName>Sechele</persName> a bottle of <term type="foodstuff">brandy</term>.
<lb/>their children employed the<del type="strikethrough">ir</del> time in digging <unclear cert="low">license</unclear> &amp; ran
<lb/>among <persName>Paul</persName>'s children as if equals. - When we came
<lb/>I felt in doubt as whether it was not duty to go immediately
<lb/>with <persName>Paul</persName> &amp; settle him with <persName>Mokhatla</persName>, leaving the 
<lb/>removal <add place="below">^</add> <add place="above">of the <term type="tribe">Bakwains</term></add> to another year. Since hearing of the above
<lb/>named conduct I fear it might be improper. We
<lb/>were subsequently informed that in our absence, <term type="occupation">deputies</term>
<lb/>were sent by the <term type="tribe">Bakaa</term> &amp; <term type="tribe">Makalaka</term> to ask our influence
<lb/>with <persName>Sechele</persName> to grant them liberty to live in his
<lb/>country as independent people. <persName>Sekhome</persName> is now
<lb/>using them in a very tyrannical manner</p>

	<pb n="0004" facs="liv_000643_0004"><!--pb/@n='2v'--></pb>
<lb/><p rend="no-indent">Although living in their land, since he has got guns he
<lb/><choice><sic>compells</sic><corr>compels</corr></choice> them to pay him tribute. (I shall return to him
<lb/>again) Finding us absent they did not disclose their 
<lb/>object in coming publicly but informed the <term type="occupation">chief</term><supplied cert="high">'</supplied>s brother
<lb/>in private, they passed on to the <term type="tribe">Bakhatla</term> &amp; when there
<lb/>were told that I should never return, that I had fled from
<lb/><persName>Sechele</persName> &amp;c &amp;c. The <term type="occupation">messengers</term> told what the <term type="tribe">Bakhatla</term> said 
<lb/>&amp; on leaving stated they would come again if the <term type="tribe">Sekoa</term>
<lb/>returned - One of the <term type="occupation">messengers</term> is the son of <persName><unclear cert="low">Shue</unclear></persName> the <term type="occupation">chief</term> of
<lb/>the <term type="tribe">Bakaa</term>, I knew him very well. <persName><unclear cert="low">Shue</unclear></persName>'s wife knows
<lb/>you. The prospect of these two tribes coming nearer
<lb/>made me think of forming a sort of circuit <unclear cert="medium">north</unclear>
<lb/>them &amp; <term type="tribe">Mokhatla</term> &amp; keeping one of our number always
<lb/>engaged among them. but present engagements
<lb/>prevent us from doing anything but at home.
<lb/>We cannot part with <persName>Mebaloe</persName> - He works so hard
<lb/>he is our right hand. <persName>Paul</persName> has never been accustomed
<lb/>to work but is the best <term type="occupation">theologian</term> by far. We sent
<lb/>a message to <persName>Mokhatla</persName> anent your present but he
<lb/>has not yet made his appearance - It has been 
<lb/>Hurry scurry ever since we came &amp; will be for some
<lb/>time to come. I forgot to mention above that <persName>Sechele</persName> is
<lb/>favourable to the approach of these tribes because they are
<lb/><term type="occupation">manufacturers</term> in wood &amp; iron. <persName>Sekhomi</persName> monopolize<supplied cert="high">s</supplied>
<lb/>all the trade in front of him - He will not allow any
<lb/>one to pass him Southwards - There is a good way
<lb/>to the Lake but he keeps it shut as you will hear
<lb/>by the <orgName>Griquas</orgName>. If <choice><sic>any one</sic><corr>anyone</corr></choice> went past him &amp; opened
<lb/>up the way he would be conferring a benefit on
<lb/>the tribes beyond. When will you go to the Lake?
<lb/>If you <choice><sic>dont</sic><corr>don't</corr></choice> next season I may as a relaxation
<lb/>take a trip in that direction. I should like you
<lb/>to go as you have become in a manner pledged
<lb/>to it - I think it would be well if first visited by

	

	<pb n="0005" facs="liv_000643_0005"><!--pb/@n='3r'--></pb>
<lb/>a <term type="occupation">missionary</term>. The <orgName>Griquas</orgName> will certainly reach it next
<lb/>season. <foreign xml:lang="und">Kañkashi</foreign> is the name for the pole with
<lb/>which they shove off the canoe. I cannot get the word
<lb/>for the paddle whch is used after they have got into deep 
<lb/>water to Row is to <foreign xml:lang="und">hurua go hurua</foreign> <persName>Mokhoro</persName> or
<lb/><persName>Mokoro</persName> - <foreign xml:lang="und">go hurua ka likañkashi</foreign> may perhaps <unclear cert="low">do</unclear>
<lb/>the i final is distinctly sounded. <foreign xml:lang="und">Bara</foreign> means to swim
<lb/>the people on the Lake are great swimmers - <foreign xml:lang="und">Lekaoe</foreign>
<lb/>is the name given to a sort of skiff plaited together
<lb/>&amp; made of <term type="plant">Reed</term> - <foreign xml:lang="und">Licobobo</foreign> &amp; <foreign xml:lang="und">Litugiuana</foreign> mean thicket very dense <!-- This had does not look to be in DL's writing? HB 6-19-13 --> 
<lb/>of both large &amp; small trees - <foreign xml:lang="und">Mopakoana</foreign> a curtain - a Kaross hung
<lb/>up to act as such - A dreamer of dreams is called <foreign xml:lang="und">Tlorolimpe
<lb/>ki gore torolimpe</foreign>. Will that do for Prognosticator - Island is
<lb/>in <foreign xml:lang="und">Sekwaina Sekiri - Setlapized Seori Setlaka sa gare</foreign> has always
<lb/><term type="plant">reed</term> in it but a piece of land with trees on it in a stream is
<lb/>always <foreign xml:lang="und">sekiri</foreign> or <foreign xml:lang="und">seori</foreign> - <foreign xml:lang="und">seori</foreign> can be applied to a promontory
<lb/>&amp; so can <foreign xml:lang="und">setlaka sa gare</foreign> but <foreign xml:lang="und">sekiri</foreign> never. <foreign xml:lang="und">Koñkoñ</foreign> an ignoramus
<lb/>(<foreign xml:lang="und">pelu</foreign> <foreign xml:lang="und">pahu</foreign>, I forget at present) <foreign xml:lang="und">Matlurra</foreign> rough, so is <foreign xml:lang="und">Maguata</foreign>
<lb/><foreign xml:lang="und">Leposa</foreign> to drawl in singing or go largely in walking But I
<lb/>must leave words. I am glad however of the opportunity
<lb/>to send out <foreign xml:lang="und">Kañkashi</foreign> - As likewise a riding <term type="animal">ox</term> which had I
<lb/>been at home I should have sent by <unclear cert="high"><persName>Boe</persName></unclear>. I have had it three
<lb/>years &amp; it has grown large in my possession - It is very tame &amp; 
<lb/>is easy in riding so I think will just <choice><sic>sent</sic><corr>send</corr></choice> you It has some objection
<lb/>in its own mind to the stick being put into its nose but
<lb/>that operation over it is as docile as possible - the boys
<lb/>here chirp to him &amp; he comes out of the <foreign xml:lang="und">kraal</foreign> very familiarly turning
<lb/>his tail to them in order to enjoy what learned folks call titillation
<lb/>I hope you will be kind enough to accept it instead of your old one
<lb/>and whatever you may say think or do with it never think of
<lb/>returning it - A dear brother to whom I gave one returned it
<lb/>after it had got its thigh bone broken by telling his herd that <term type="animal">ox</term>
<lb/>belongs to <persName><choice><orig>Livingston</orig><reg>Livingstone</reg></choice></persName> - I have got a <term type="animal">horse</term> said to have been <persName>M<hi rend="sup">r</hi>
<lb/><choice><sic>Oswel</sic><corr>Oswell</corr></choice></persName>'s Of this I have doubts but it serves to get us <term type="animal">eilands</term> <!-- Is this in fact Oswell, or Oswal as in previous letters? HB 6-19-13 -->

	<pb n="0006" facs="liv_000643_0006"><!--pb/@n='3v'--></pb>
<lb/>if it dies I can get another <term type="animal">ox</term>. So you need not imagine I put myself
<lb/>about by begging you to accept this - We had horns &amp;c for you
<lb/>but all have been left at the <unclear cert="medium"><term type="tribe">Letlotleñ</term></unclear> - It is now too late for
<lb/>seeds - Your <term type="plant_foodstuff">melons</term> will be grown before <persName>Koulter</persName> comes</p>
<lb/><p>We <choice><sic>concieve</sic><corr>conceive</corr></choice> <persName>M<hi rend="sup">r</hi> Hume</persName> is done for here - <persName>M<hi rend="sup">r</hi> Evans</persName> sold a <term type="animal">dog</term> trap which
<lb/>I think I have seen in your garden for 30 or 40 <choice><abbr>lbs</abbr><expan>pounds</expan></choice> of ivory - He called
<lb/>it a <term type="animal">wolf</term> trap - The first time a <term type="animal">wolf</term> got into it the animal <del type="strikethrough">shaked</del><add place="above">shook</add> it
<lb/>to pieces - I suspect <persName>Evans</persName> did not tell this when mentioning
<lb/>how <persName>Sechele</persName> tried to cheat him. We try to obviate the objections
<lb/>which rise up in the <orgName>heathen</orgName> mind by such deeds by admitting
<lb/>that there are bad ones among us - At present they have a 
<lb/>high opinion of the integrity of <term type="occupation">missionaries</term> &amp; we hope we
<lb/>my be assisted to walk so as to maintain a consistency of
<lb/>character. The <choice><sic>pans</sic><corr>pens</corr></choice> you gave me have furnished us
<lb/>with <term type="animal">sheep</term> since we came. We have had <term type="animal">eilands</term> too and being
<lb/>very fat tried to salt for you but all went bad so you
<lb/>must take the <term type="foodstuff"><choice><sic>veill</sic><corr>veal</corr></choice></term> instead of good <persName>Sehuba</persName> - <term type="animal">Buffaloes</term>
<lb/>come occasionally into the town. Two came down our
<lb/>way one morning &amp; we soon made them our own
<lb/>We took a claw hammer of yours by mistake &amp; in using it
<lb/>a few days ago knocked its head off. This is the only article 
<lb/>I know of which should not have come. The reason I used 
<lb/>it after knowing it was yours was it had a smoother face than
<lb/>mine &amp; did not cause the nails to bend so as the others</p>
<lb/><p>I find on application to <persName>Koulter</persName> that he has no loose <term type="animal">oxen</term>
<lb/>And <orgName><persName>Apie</persName>'s party</orgName> have so we shall send the <term type="animal">ox</term> with the
<lb/>latter. The <orgName>party</orgName> with whom <persName>Apie</persName> now is will probably
<lb/>be here next week. <persName>Sechele</persName> has been down to desire me
<lb/>to send you many <foreign xml:lang="und"><unclear cert="low">humerishos</unclear></foreign> - Also to all his Friends among
<lb/>whom he considers <persName>M<hi rend="sup">r</hi> Ashton</persName> - He is anxious for <w>some<supplied>-</supplied><lb break="no"/>one</w> to make gun stocks for him, many of the guns of his
<lb/>people being much damaged &amp; split - <choice><sic>Some one</sic><corr>Someone</corr></choice> he calls
<lb/><persName>Taote esiũ moreki</persName> has sent messages to him to the effect

	

	<pb n="0007" facs="liv_000643_0007"><!--pb/@n='4r'--></pb>
<lb/>that he wishes employment in that line - He offers an <term type="animal">ox</term> &amp; Kaross for
<lb/>each - Our people say it is one <persName>David Dickop</persName> at <placeName><settlement type="village">Likatlong</settlement></placeName>
<lb/>I promised to mention it to you and that you would mention it
<lb/>to the individual if at <placeName><settlement type="village">Kuruman</settlement></placeName></p>
<lb/><p>In riding over here from <placeName><settlement type="village">Chonuane</settlement></placeName> I had the misfortune to
<lb/>lose the stopper of my powder horn - could you lend me an
<lb/>old one till I get one of my own.? I am now without any.
<lb/>When we came here. <persName>Sechele</persName> has all his powder (about 100<choice><abbr>lbs</abbr><expan>pounds</expan></choice>)
<lb/>in his tent. The tent was smeared with fat to make it impervious
<lb/>the floor was covered with dried grass and as he always
<lb/>uses candles in the evenings. The candle stick usually
<lb/>stood at the head of his bed - After drinking <term type="foodstuff">beer</term> one evening
<lb/>he &amp; all his <term type="occupation">attendants</term> got up and went with the <term type="tribe">Kotla</term> leaving
<lb/>the candle burning. The wind blew it over on to the grass.
<lb/>&amp; when the flame ran up the tent it was observed - One of my
<lb/>guns being in the tent. <persName><choice><abbr>S.</abbr><expan cert="high">Sechele</expan></choice></persName> ran in &amp; snatched it up - as he pushed
<lb/>back the flaming tent with one hand it was severely burned
<lb/>The tent was completely consumed but the powder remained
<lb/>untouched it being covered over by some paties. All agreed
<lb/>it was a great deliverance ᅳ We do not know when
<lb/>we shall attain a supply of that article. We do not look for <persName>Cumming</persName>
<lb/>although he has left some ivory with us. He has a <orgName>Hottentot</orgName>
<lb/>woman with him. Got two <term type="tribe">Bakwains</term> to accompany him
<lb/>one of these having gone out to hunt with him was threatened
<lb/>with being shot if he did not find a <term type="animal">buffaloes</term> spoor - the
<lb/>man becoming afraid pointed out the direction in 
<lb/>which he believed the animal went but <persName>Cumming</persName>
<lb/>insisted it had gone another way. He then shot one of
<lb/>his own <term type="animal">dogs</term>. told the man he should do so to him - the
<lb/>latter again pointed out the direction in which the <term type="animal">buffalo</term>
<lb/>went <persName>Cumming</persName> seized him by the throat - beat him with
<lb/>his fists - kicked him on the abdomen &amp; then knocked him
<lb/>down with the <choice><sic>but</sic><corr>butt</corr></choice> end of his gun - this made the blood spout
<lb/>out from his nose &amp; mouth. The two were alone in the field

	

	<pb n="0008" facs="liv_000643_0008"><!--pb/@n='4v'--></pb>
<lb/>A few days afterwards he ordered the <term type="tribe">Bakwains</term> to let his <term type="animal">horses</term> &amp; <term type="animal">cattle</term>
<lb/>alone. He then ordered one of his <orgName>Hottentots</orgName> to tend them - a <term type="animal">horse</term>
<lb/>very soon fell into a <foreign xml:lang="und"><unclear cert="medium">lemena</unclear></foreign> - <persName>Cumming</persName> seized a <foreign xml:lang="und">molala</foreign>
<lb/>in the belief that he had <choice><sic>digged</sic><corr>dug</corr></choice> the pit, one of his <orgName>Hottentots</orgName> held
<lb/>him by the feet and another by the head &amp; <persName>Cumming</persName> beat him
<lb/>till he expired - I asked the man particularly whether he saw
<lb/>the man was actually <persName><hi rend="underline">gonogile</hi></persName> - He said it was midday when
<lb/>the deed was done. The corpse lay there till the evening and then
<lb/>some of the man's friends came &amp; took it away to bury it.
<lb/>All the people fled when they saw the man actually dead - the
<lb/><term type="tribe">Bakwains</term> fled after nightfall - <persName>Cumming</persName> has gone on telling
<lb/>the <orgName>natives</orgName> he is going to his friend <persName><unclear cert="medium">Mosilikatze</unclear></persName> - the <orgName><choice><sic><orig>boors</orig></sic><corr>Boors</corr><reg>Boers</reg></choice></orgName> 
<lb/>have lately attacked some of his outposts and having found he
<lb/>the <term type="tribe">Matibele</term> of a different <choice><sic>metal</sic><corr>mettle</corr></choice> from the <term type="tribe">Bechuana</term> fought
<lb/>and ran away - hoping no doubt to live and fight another day
<lb/>they say they are returning to <placeName><settlement type="village">ipakauya</settlement></placeName> so say the <orgName>natives</orgName>
<lb/><persName>Cumming</persName> does not know of this - If he comes near the
<lb/><term type="tribe">Matibele</term> ten to one if he returns - If he should it will be a
<lb/>marvel to me - <orgName><persName>Donovan</persName>'s party</orgName> died at the 
<lb/><term type="tribe">Macapo</term> or <term type="tribe">Bacapo</term> - <persName>Cumming</persName> was <placeName><region>South East</region></placeName> of them
<lb/>when they (the <term type="tribe">Bakwains</term>) left him. He seems driven away in
<lb/>his wickedness.</p>
<lb/><p>We have been to measure our watercourse today. Had we
<lb/>time we could irrigate a large tract of land but we should
<lb/>require to go along a <unclear cert="low">mar</unclear> of boulders about 200 feet - We
<lb/>prefer to make an effort for a smaller piece because it
<lb/>can be accomplished soon. And if spared &amp; find <hi rend="underline">that</hi> too
<lb/>small we shall try the larger on a future occasion
<lb/>Immense tracts may be irrigated down below easily - We
<lb/>hope the <term type="tribe">Bakwains</term> may irrigate for themselves - and
<lb/>they <unclear cert="medium"><choice><sic>profer</sic><corr>proffer</corr></choice></unclear> willing enough to try when they see how
<lb/>we succeed</p>

	<pb n="0009" facs="liv_000643_0009"><!--pb/@n='5r'--></pb>
<lb/><p rend="no-indent">3<hi rend="sup">d</hi> sheet</p>
<lb/><p rend="no-indent">completely disgusting the <term type="tribe">Motloa</term> a small white <term type="insect">ant</term> very troublesome
<lb/>If the<supplied cert="high">y</supplied> climb up a wall or tree a little of the compound put on
<lb/>the path - they never think of going that way again we
<lb/>have not yet tried the <term type="insect">white ant</term> <foreign xml:lang="und">Masetlaoka</foreign> with it
<lb/>I shall enclose leaves of it &amp; the <foreign xml:lang="und"><unclear cert="low">Mehetolo</unclear></foreign></p>
<lb/><p><del type="cancelled">13</del><date when="1847-10-14">14</date> <persName>Sechele</persName> sent his brother <add place="below">^</add> <add place="above">today</add> with the request that I<!-- I think this 14 is in reference to a date as is the 16 on page 12, but I could just be making it up? ks, 17.1.13-->
<lb/>should give him assistance to establish an evening prayer <!-- There is a line perpendicular to the text beginning in the left margin of this line and continuing to the bottom of the page HB 6-20-13 -->
<lb/>meeting in his house - thinking he meant a private
<lb/>one <add place="below">^</add> <add place="above">with himself</add> I said he ought to pray himself in secret But going
<lb/>up this afternoon in order to encourage him to do so He
<lb/>took me aside and told me he wished to have a social
<lb/>prayer meeting in his own house of his children and
<lb/>all connected with them He added he knew he was living
<lb/>in sin but though he had not given up those with whom
<lb/>he sinned he wished to pray in his family &amp; hoped that
<lb/>some of his people would be brought to believe - As he told 
<lb/>me before that he always prays in secret he said I do not
<lb/>give up that. I pray alone in secret - in the field &amp; in the
<lb/>town. <persName>Paul</persName> &amp; I began &amp; we have arranged that one
<lb/>of us go every evening - always when affected His eyes glisten
<lb/>We wish it <add place="below">^</add> <add place="above">may</add> be the beginning of conversion - His eyes glistened
<lb/>- tonight I suppose you remember when you caught it
<lb/>such little things as these. It will be a hard trial to part with
<lb/>his wives - Three of them are decidedly the best <term type="occupation">scholars</term> - the most
<lb/>friendly. the best in everything of all the <del type="strikethrough">people of</del> <add place="above">women in</add> the Town
<lb/>His love for reading is really striking He has read all our
<lb/>books twice - He is now in the <bibl>Psalms</bibl> - the second
<lb/>reading of the <bibl>testament</bibl> No one ever goes up without 
<lb/>being requested to give him a lesson &amp; he never tires
<lb/>of either reading or explaination|-When <persName><unclear cert="medium">Malhuire</unclear></persName> or
<lb/><persName>Macuire</persName> was here - he &amp; his <orgName>party</orgName> spoke in the most


	<pb n="0010" facs="liv_000643_0010"><!--pb/@n='5v'--></pb>
<lb/>bitter manner against the <bibl>gospel</bibl>. "Why have you a house of
<lb/>instruction in your town?" that is a dwelling house said I. But
<lb/>I have heard you built a school. "You heard truly -" Then your
<lb/>town is done for. We shall get all your people to be <term type="occupation">servants</term>
<lb/>&amp; you will be left with your book in a <foreign xml:lang="und">leshupi, Metse o sengogele
<lb/>nure</foreign>. <unclear cert="medium">Is</unclear> the town gone send <foreign xml:lang="und">Ra chose. Ecoa o sengegele gale, o sencoe
<lb/>o phatlalaricoe ki mekhoa ca bagologolu ba roua - Yana ga gona
<lb/>metse</foreign>. <persName>Sechele</persName> told me that the words of <persName>Macuire</persName> were more
<lb/>bitter than anything he could have <choice><sic>concieved</sic><corr>conceived</corr></choice> but he was only
<lb/>concerned lest some of <orgName>his people</orgName> should believe them
<lb/>some said he who <choice><sic>do</sic><corr>does</corr></choice> not understand. He soundly denied the
<lb/>existence of God. We had been on our previous picture
<lb/>night on the Magicians of Pharoah <del type="strikethrough">through</del><add place="above">throwing</add> down their rods
<lb/>as it is rather a familiar meeting. We were assailed by the
<lb/>question "How could they do that?" I related a story you may
<lb/>remember as having happened at the time of the reformation
<lb/>at <placeName><settlement type="town">St. Andrews</settlement></placeName> or perhaps <placeName><placeName><settlement type="village">Melrose</settlement></placeName> Abbey</placeName> - of a pretended cure
<lb/>of a blind man, &amp; asked how could they do that? It was
<lb/>of course a poser, the explanation of that &amp; a few other
<lb/>tricks of jugglery awakened <choice><sic>breatheless</sic><corr>breathless</corr></choice> attention on 
<lb/>succeeding sabbath our attention was directed to the <add place="above">characteristics <supplied>of the</supplied></add> <bibl>gospel</bibl>
<lb/>of which <persName>Paul</persName> spoke so positively - If we as an angel &amp; <choice><sic>and</sic><corr/></choice> <!-- How to code the double and? HB 7-1-13 --> <!-- Done AM -->
<lb/>then in the evening the <term type="tribe">Baruti</term> of <foreign xml:lang="und">tsieco</foreign> - After <persName>Macuire</persName>
<lb/>came <persName>Sechele</persName> said to me Here is a <foreign xml:lang="und">mopero feti oa tsieco</foreign> 
<lb/>and after telling some of his foolish sayings asked me in
<lb/>the hearing of a great number of <orgName>his people</orgName> "If
<lb/><persName>Macuire</persName> had been alive when <persName>Jesus</persName> was in the world
<lb/>would he not have been <persName>Juda Isekanota</persName>?<supplied>"</supplied> the <orgName>party</orgName>
<lb/>came in a very suspicious manner - We believed they
<lb/>came for plunder - they wished to remain on the opposite
<lb/>side of the stream but <persName>Sechele</persName> insisted on their coming
<lb/>into the town - their <term type="animal">horses</term> were becoming sick
<lb/>dying yet they lingered always appointing a day for


	<pb n="0011" facs="liv_000643_0011"><!--pb/@n='6r'--></pb>
<lb/>departure &amp; yet remaining. then came your packet and
<lb/>as the <bibl>report</bibl> you sent agreed exactly with appearances I
<lb/>went up though it was night &amp; put the <term type="tribe">Bakwains</term> on guard
<lb/>About 80 guns were washed in the morning. the discharging
<lb/>of these frightened <orgName><persName>Macuire</persName>'s people</orgName> sadly <persName>Sechele</persName> then sent
<lb/>for <persName>Macuire</persName> &amp; asked what harm he had done him that he
<lb/>had come waiting for an opportunity to steal his <term type="animal">cattle</term>. Adding
<lb/>if you want to do it - begin now. <persName>Macuire</persName> of course denied
<lb/>any evil intention, except that of going on to some tribe
<lb/>beyond the <term type="tribe">Bamangwato</term> &amp; stealing what he could get
<lb/>He was then asked &amp; what evil have the tribes beyond the
<lb/><term type="tribe">Bamangwato</term>, done you. You are still eating <persName>Sebegoe</persName><supplied>'</supplied>s <term type="animal">cattle</term>
<lb/>He replied he wished to buy a wagon &amp; live <choice><sic>independant</sic><corr>independent</corr></choice> of
<lb/><term type="foodstuff"><term type="animal">game</term> flesh</term> entirely - Plunder was evidently his object
<lb/>but fear operated to prevent him getting any. the <term type="tribe">Mauketse</term>
<lb/>wished to surround him &amp; <orgName>his party</orgName> at night &amp; cut them
<lb/>off But <persName><unclear cert="low">Fosiencu</unclear></persName> prevented that - He who went out
<lb/>to plunder was within a little of leaving his bones among us
<lb/>We thank him who watched over us &amp; shielded us from
<lb/>harm. Very probably the fear which prevented the <w>accomplish<supplied>-</supplied><lb break="no"/>ment</w> of their purposes was imparted by Him whose existence
<lb/>they denied</p>
<lb/><p>Sorry to hear <persName>Robert</persName> comes out without finishing
<lb/>his course of study at College But we hope almost against
<lb/>hope that he may have been permitted to remain - Pity
<lb/>he listens to the foolish advice of <persName>D<hi rend="sup">r</hi> Anandale</persName> - No
<lb/>degree is ever <unclear cert="high">granted</unclear> by <orgName>University college of <choice><abbr>M D</abbr><expan>Medical Doctor</expan></choice></orgName> unless
<lb/>the <term type="occupation">candidate</term> is a graduate in medicine or surgery of some
<lb/>other college (recognized by them) and has passed two years
<lb/>subsquently to the taking of that degree in <choice><sic>an</sic><corr>a</corr></choice> hospital
<lb/>or in public practice of his profession</p>

	<pb n="0012" facs="liv_000643_0012"><!--pb/@n='6v'--></pb>
<lb/><p rend="no-indent">If his head is affected by the racking of a winter session - the
<lb/>summer ought to be spent in preparation for the next one
<lb/>or two medical classes might be attended for profitable exercise
<lb/>but the main attention ought to be directed to lessening the
<lb/>labour of the coming session - the books to be read
<lb/>are well known so there is no difficulty in preparation
<lb/>However it may all turn out for the best yet
<lb/><persName>Sechele</persName> desires me to write for a testament of the <unclear cert="low">minutation</unclear> <placeName><country>Russia</country></placeName>
<lb/>a brownish colour. Perhaps a few of the finer <bibl>testaments</bibl>
<lb/>may be sent by the next opportunity - We have more of any
<lb/>sort &amp; may need them before very long. We were quite
<lb/>in need of the selections before <persName>Boe</persName> came. and are glad
<lb/>of them <persName>Sechele</persName> wishes me to mention a <bibl>testament
<lb/>&amp; selection</bibl> bound together but I have the impression
<lb/>that you parted with all these - Also to ask if you have
<lb/>forgotten the umbrella of which you spoke by <persName>Siloishoe</persName>
<lb/>We left a tripod intended for him - Also all the pictures
<lb/>we selected from your stock <bibl>Isaiah</bibl> is certainly
<lb/>an improvement on <bibl>Proverbs</bibl> - I feel sorry in reading
<lb/>the <term type="occupation">prop<add place="above">h</add>et</term> that you did not spend more time on the <bibl>Proverbs</bibl>
<lb/><bibl><choice><sic>Isia</sic><corr>Isaiah</corr></choice></bibl> has many new words at least new to me <!-- Is this Isaiah actually "Tesia" or something close to that? HB 7-1-13 --> <!-- Isaiah is a book of the bible AM -->
<lb/>I have not yet tried them but will do so in my Eastern
<lb/>trip - <foreign xml:lang="und">Potlaka</foreign> is so common here it seems preferrable
<lb/>to <foreign xml:lang="und">akotsa</foreign> in He that <unclear cert="medium">believeth</unclear> shall not make haste - It
<lb/>means to hurry one or be in a hurry - Perhaps my love for it
<lb/>arises from the meaning they attached to <foreign xml:lang="und">akohu</foreign>
<lb/>To <term type="tribe">Bakwains</term> it means "come hither" again &amp; again have
<lb/>I called to a man working <foreign xml:lang="und">akoha</foreign> be quick as I thought
<lb/>but he would leave off immediately &amp; run to me
<lb/>I have not the smallest doubt but your <bibl>Isaiah</bibl> will bear
<lb/>comparison with any one in the country - the fewness of
<lb/>the typographical errors makes me think you do not</p>

	<pb n="0013" facs="liv_000643_0013"><!--pb/@n='7r'--></pb>
<lb/><p rend="no-indent">4 Sheet</p>
<lb/><p rend="no-indent">regret parting with your old <term type="occupation">assistant</term>. I mean he of captivity
<lb/>notoriety - Perhaps I too shall be honoured with "<unclear cert="low">diversive vile</unclear>"<!-- very unsure about last two words on this line?, ks, 16.1.13 --> <!-- could it be "deviance" rather than "diversive"? AM -->
<lb/>but I feel in the path of duty when I devote a week or two
<lb/>of relaxation to the Eastern tribes. I hope <persName>Jesus</persName> is my shield 
<lb/>and with that hope &amp; the path of duty before me I am not
<lb/>the metal to cower or turn tail at a <orgName><choice><sic>boerish</sic><corr>Boerish</corr></choice></orgName> storm. I should
<lb/>like <persName>Mary</persName> to come too but she is sick of <choice><orig>waggon</orig><reg>wagon</reg></choice> life. It has
<lb/>been hurry scurry ever since we came. I feel very languid &amp; think
<lb/>a trip will do good. I have longed to visit the Eastern tribes
<lb/>for a long time but have been bound hand &amp; foot here - It is 
<lb/>reported we shall have a visit from <persName><sic>Potgeiter</sic><corr>Potgieter</corr></persName> - perhaps I may
<lb/>induce him to stay where he is. <persName>Robert</persName> is rather a consequential
<lb/>sort of gentleman, He <choice><sic>wont</sic><corr>won't</corr></choice> even bestow a look on the <term type="occupation">chief</term>
<lb/>and if any of the people presume to salute him <add place="below">^</add> <add place="above">by touching him</add> he either walks
<lb/>past <add place="below">^</add> <add place="above">scornfully</add> or lifts up a stick to keep them at a distance - you might
<lb/>see him <!-- Not sure what punctuation this is --> lifting up a stick to those he could not strike above
<lb/>the knee; yet he roars out murder if a kid looks at him.
<lb/>Seems to like <term type="people">English</term> better than <term type="tribe">Sichuana</term> and is very fond
<lb/>of his little sister. She is equally delighted with him - Both are
<lb/>favoured with good health - When we ask where <persName>Grandpapa</persName> is
<lb/>he points southward but I think he has but little recollection
<lb/>of <placeName><settlement type="village">Kuruman</settlement></placeName> now.</p>
<lb/><p>My Brother <persName>Charles</persName> will have finished at <orgName>Oberlin</orgName> by next year <!-- Isn't Oberlin a college? If so, how code? HB 7-1-13 -->
<lb/>Is desirous <add place="above">I should</add> <del type="strikethrough">to</del> write the <orgName>Directors</orgName> &amp; introduce him as a 
<lb/><term type="occupation">candidate</term> for <placeName><country>China</country></placeName> - Is "engaged" to a young <orgName>New Englander</orgName> <!-- Should New England be tagged as a region here, or left alone? HB 6-24-13 -->
<lb/>who is very anxious to go as a <term type="occupation">missionary</term>. He does not <!-- I am not sure "He does not" has all requisite letters...should a "d" be supplied or are they all there? HB 6-24-13 -->
<lb/>like the <term type="nationality">American</term> <orgName>board</orgName> on account of its connection <!-- Changed American coding from region to nationality HB 6-24-13 -->
<lb/>with <orgName>slavery</orgName> - Another <orgName>society</orgName> has sprung up which
<lb/>does not <choice><sic>recieve</sic><corr>receive</corr></choice> <term type="occupation">slaveholders</term> money this he would
<lb/>join but it will not be strong enough by the time he
<lb/>has completed his course - I never advised him to
<lb/>become a <term type="occupation">missionary</term>, but when I <choice><sic>recieved</sic><corr>received</corr></choice> a letter
<lb/>which I sent you I proposed to him to think of <placeName><country>China</country></placeName>
<lb/>If I had that letter I should send that as an introduction but
<lb/>it has gone out of the way. All I can do now is give
<lb/>the <orgName>Directors</orgName> a little of his history and if they like they
<lb/>may proceed to examine him as to capability &amp;c as
<lb/>in any other case. But poor fellow He is unmercifully 
<lb/>poor, and how can he come to <placeName><settlement type="city">London</settlement></placeName> as a <term type="occupation">candidate</term>
<lb/>He writes us from <placeName><settlement type="city">Lafayette</settlement></placeName> where he was keeping a 
<lb/>school during the vacation &amp; lodging in a <orgName>baptist</orgName> <term type="occupation">minister</term>'s
<lb/>house - It is to be hoped our good folks will send
	

	<pb n="0014" facs="liv_000643_0014"><!--pb/@n='7v'--></pb>
<lb/>him our <unclear cert="high">£80</unclear> since they do not emigrate themselves but
<lb/>probably the dearth has eaten it up.</p>
<lb/><p>Did your <term type="nationality">a<add place="above">u</add>stralian</term> seeds vegetate? none of my <term type="nationality">English</term><!-- Not sure if Australian and English should be coded as nationalities if they relate to plants, but am leaving any way in case they are HB 7-1-13 -->
<lb/>seeds have come up except <term type="plant_foodstuff">Canteloupe</term> &amp; prize <term type="plant_foodstuff">melons</term> &amp;
<lb/>Prickly <term type="plant_foodstuff">cucumber</term>. Some of <persName>Jeffrie</persName>'s have come to the 
<lb/>surface. We have sandy soil on the surface but
<lb/>a peculiar sort of clay forms a stratum which lies about
<lb/>a foot below and in some places is at the surface
<lb/>The water from the canal runs through the sand along
<lb/>the clay &amp; in several parts comes up to the surface - 
<lb/>Where the sand is a foot in depth everything grows
<lb/>beautifully but where the clay appears grass chokes
<lb/>other <term type="plant">vegetation</term> &amp; water stands for some time after
<lb/>every shower. It needs but little irrigation - I intend
<lb/>to try what boring a hole through the clay to perhaps
<lb/>a lower stratum of sand will do. This lower
<lb/>stratum does exist in some parts I do not know
<lb/>whether it is universal - We gave a small room
<lb/>door to the Town house - It gave so much satisfaction
<lb/>that a novel idea was originated <term type="animal">Rhinoceros</term> not
<lb/>infrequently come by mistake rushing through the
<lb/>town two came lately &amp; an attempt was made to
<lb/>skin one entire &amp; stretch it out for a front door
<lb/>but it would not do.</p>
<lb/><p><placeName>Manyetsa</placeName> If I have taken anything by false accusation
<lb/>as <persName><unclear cert="low">Gachecus</unclear></persName> said - It seems a compound of <foreign xml:lang="und">mano</foreign> &amp;
<lb/><foreign xml:lang="und">ya</foreign>. eat <term type="foodstuff">bread</term> of <unclear cert="medium">devet</unclear> - Have you got this word out
<lb/>your way <foreign xml:lang="und">Ga ki rue Khoma manyetsa</foreign> is the way 
<lb/>it is used as if one should say I do not live by <unclear cert="medium">devet</unclear>
<lb/><foreign xml:lang="und">Ñaro</foreign> is past the thing But I am now very
<lb/>sleepy. If I have <choice><sic>forgot</sic><corr>forgotten</corr></choice> anything you mentioned
<lb/>I shall advert to it again on reperusal of your
<lb/>letter Kind <unclear cert="low">love</unclear> to <persName>Mamary</persName> when she comes
<lb/>also to <persName>M<hi rend="sup">r</hi> Hamilton</persName> &amp; <persName>Ashton</persName>'s We remember
<lb/>them all kindly though we do not write at
<lb/>present All here are well</p>

	<pb n="0015" facs="liv_000643_0015"><!--pb/@n='8r'--></pb>
<lb/><p rend="no-indent">I shall try &amp; find a little <term type="medicament">Strychnia</term> for <persName>Andries</persName> tomorrow
<lb/>morning before <unclear cert="low"><persName>Boe</persName></unclear> goes. We send nothing now
<lb/>because our own <choice><orig>waggon</orig><reg>wagon</reg></choice> will soon go - 
<lb/><date when="1847-10-16">16<hi rend="sup">th</hi></date> the <term type="medicament">Strychnia</term> <choice><orig>⅛</orig><reg>1/8</reg></choice> of a grain once or twice a day <choice><orig>untill</orig><reg>until</reg></choice><!-- I think this 16 is in reference to a date as is the 14 on page 9, but I could just be making it up? ks, 17.1.13-->
<lb/>he feels the muscles of his back twitching  - If this
<lb/>effect is not produced in a week three times a day
<lb/>will be the dose. If <unclear cert="low"><persName>Boe</persName></unclear> remains half an hour
<lb/>I shall mark it up in pills <choice><orig>⅛</orig><reg>1/8</reg></choice> in each - I know
<lb/>you have no time.</p>
<lb/><p rend="no-indent">the leaves of the <term type="insect"><unclear cert="medium">Ant</unclear></term> medicine are dry &amp;
<lb/>crumble now - the enclosed is <term type="medicament">Mehetolo</term> - There is 
<lb/>another plant which dyes the teeth black.</p>
				<lb/><p rend="center"><space extent="1" unit="words"/><space extent="3" unit="chars"/>Affectionately yours</p>
				<lb/><p rend="right"><space extent="2" unit="words"/><space extent="2" unit="chars"/><persName><choice><abbr>D</abbr><expan>David</expan></choice> <choice><orig>Livingston</orig><reg>Livingstone</reg></choice></persName></p>

	<pb n="0016" facs="liv_000643_0016"><!--pb/@n='8v'--></pb>
<lb/><p rend="center"><add place="inline" hand="#U"><persName><choice><orig>Livingston</orig><reg>Livingstone</reg></choice></persName> <date when="1847-09-29">29 <choice><abbr>Sept</abbr><expan>September</expan></choice></date>
<lb/><space extent="2" unit="words"/>/47
<lb/>Contains some words
<lb/>to be referred to</add></p><!-- I do not know how to code swoopy underline here HB 7-1-13 -->
<lb/><p rend="no-indent"><persName>Rev<hi rend="sup underline">d</hi> <choice><abbr>R.</abbr><expan>Robert</expan></choice> Moffat</persName>
	<lb/><space extent="1" unit="words"/><space extent="2" unit="chars"/><placeName><settlement type="village">Kuruman</settlement></placeName></p>
<lb/><!-- series of small calculations, ks, 2.2.13 -->

			
</div>
		</body>
	</text></TEI>