<?xml version="1.0" encoding="UTF-8"?>
<?xml-model href="http://livingstoneonline.github.io/LEAP-ODD/leap.rng" type="application/xml" schematypens="http://relaxng.org/ns/structure/1.0"?>
<?xml-model href="http://livingstoneonline.github.io/LEAP-ODD/leap.rng" type="application/xml" schematypens="http://purl.oclc.org/dsdl/schematron"?>
 <?xml-stylesheet href="http://livingstoneonline.github.io/LEAP-XSLT/transcription.xsl" type="text/xsl"?>
 <!--Converted from a TEI P4 XML file to the LEAP TEI P5 Schema by James Cummings on 2015-03-02--><!--TEI encoding revised and standardized by Adrian S. Wisnicki, 2015-2016-->
         <TEI xmlns="http://www.tei-c.org/ns/1.0" xml:id="liv_000840">
	<teiHeader>
		<fileDesc>
			<titleStmt>
				<title>Letter to Arthur Tidman</title>
                <title type="alternative">Letter to Arthur Tidman, 14 January 1855</title>
				<author>Livingstone, David, 1813-1873</author>
			</titleStmt>
			<publicationStmt>
				<authority>Livingstone Online</authority>
				<pubPlace>College Park, MD, USA</pubPlace>
				<publisher>University of Maryland Libraries</publisher>
				<date>2016</date>
				<idno type="LEAP-ID">liv_000840</idno>
			</publicationStmt>
			<sourceDesc>
				<bibl xml:id="shelfmark">University of London. School of Oriental and African Studies; CWM/LMS/Livingstone Wooden Box, item 86</bibl>
				<bibl xml:id="ccnumber">Letters, 0360</bibl>
				<bibl xml:id="recipient"><persName>Tidman, Arthur, 1792-1868</persName>; </bibl>
				<bibl xml:id="date"><date when="1855-01-14">14 January 1855</date></bibl>
				<bibl xml:id="where">Cassange, Angola, West Africa</bibl>
			</sourceDesc>
		</fileDesc>
		<profileDesc>
			<langUsage>
				<language ident="en">English</language>
			</langUsage>
            <handNotes>
                <handNote xml:id="U">Scribe: Unknown</handNote>
            </handNotes>
		</profileDesc>
		<revisionDesc>
			<change>
				<date>2013-02-23</date>
				<name xml:id="MS">Matthew Stumpf</name>Initial transcription and XML encoding.
            
			</change>
			<change>
				<date>2012-09-11</date>
				<name xml:id="JM">Jared McDonald</name>Proofreading.
            
			</change>
			<change>
				<date>2012-12-04</date>
				<name xml:id="HFB">Heather F. Ball</name>Additional encoding.
            
			</change>
			<change>
				<date>2016-09-25</date>
				<name xml:id="AM">Anne Martin</name>Final Review.
            
			</change>
		</revisionDesc>
	</teiHeader>

	<text>
		<body>
			<div>

	<pb n="0001" facs="liv_000840_0001"><!--pb/@n='1r'--></pb>
				<lb/><p rend="right"><space extent="1" unit="words"/><placeName><settlement type="village">Cassange</settlement></placeName>, <placeName><country>Angola</country></placeName>, <placeName><bloc>West
					<lb/><space extent="1" unit="words"/>Africa</bloc></placeName>, <date when="1855-01-14">14<hi rend="sup underline">th</hi> January 1855</date></p>
<lb/><p rend="no-indent"><persName>Rev<hi rend="sup underline">d</hi> D<hi rend="sup underline">r</hi> Tidman</persName></p>
				<lb/><p rend="center"><space extent="1" unit="words"/><space extent="3" unit="chars"/>Dear Sir</p>
				<lb/><p><space extent="4" unit="words"/><space extent="1" unit="chars"/>As soon as I was 
<lb/>sufficiently recovered from the severe 
<lb/>indisposition which kept me prostrate
<lb/>for a long time after my arrival at  
<lb/><placeName><settlement type="city">Loanda</settlement></placeName>, I wrote you a full account 
<lb/>of the journey concerning which you 
<lb/>have probably <choice><sic>recieved</sic><corr>received</corr></choice> information
<lb/>from other sources. I regretted you 
<lb/>had not <choice><sic>recieved</sic><corr>received</corr></choice> the earliest intelligence
<lb/>directly from my own hand and that 
<lb/>regret was increased on learning a 
<lb/>few days ago at <placeName><settlement type="town">Pungo Andongo</settlement></placeName> that 
<lb/>all <bibl>my letters &amp; maps</bibl> had been lost in 
<lb/>the wreck of the "Forerunner" off <placeName><geogName type="island">Madeira</geogName></placeName>


	<pb n="0002" facs="liv_000840_0002"><!--pb/@n='1v'--></pb>
<lb/>Having left the river <placeName><geogName type="river">Zambesi</geogName></placeName> or <placeName><geogName type="river">Leeambye</geogName></placeName>
<lb/>in <choice><abbr>Lat.</abbr><expan>Latitude</expan></choice> 12° 11' South and <choice><abbr>Long.</abbr><expan>Longitude</expan></choice> 23° 40' East
<lb/>we ascended the <placeName><geogName type="river">Leeba</geogName></placeName> <choice><orig>untill</orig><reg>until</reg></choice> we had the
<lb/>country of <placeName><region>Lobale</region></placeName> on our left and <placeName><region>Londa</region></placeName>
<lb/>on our right. We then left the canoes
<lb/>and travelled <choice><abbr>N.N.W.</abbr><expan>North-Northwest</expan></choice> on <term type="animal">ox</term>back till
<lb/>we reached the Latitude of this place <choice><abbr>viz.</abbr><expan cert="high">videlicet</expan></choice>
<lb/>9° 37' thence proceeding Westwards  
<lb/>we at last reached <placeName><settlement type="city">Loanda</settlement></placeName></p>
<lb/><p>In passing through a part of <placeName><region>Londa</region></placeName>
<lb/>we found the people exceedingly kind and
<lb/>generally anxious that we should succeed 
<lb/>in opening up a new road to the coast 
<lb/>They belong to the <orgName>negro race</orgName> and are
<lb/>more superstitious than any of the <orgName>Southern 
<lb/>tribes</orgName>. They would not eat with us, And 
<lb/>near every village we observed an idol
<lb/>consisting either of a clay figure of a <term type="animal">lion</term> 
<lb/>or <term type="animal">alligator</term>, or a block of wood on 
<lb/>which a human face was rudely carved. 

	

	<pb n="0003" facs="liv_000840_0003"><!--pb/@n='2r'--></pb>
<lb/>In cases of sickness or of failure in any
<lb/>pursuit offerings of food are presented 
<lb/>and drums beat before them during
<lb/>whole nights. The <term type="tribe">Balonda</term> invariably  
<lb/>go armed with short broad-swords, 
<lb/>large bows and arrows and guns, 
<lb/>and seem to possess but little sense 
<lb/>of security in their own country. Cases 
<lb/>of kidnapping of children occurred 
<lb/>while we were passing and these 
<lb/>with persons who flee from one 
<lb/><term type="occupation">chieftain</term> to another are generally sold 
<lb/>to half blood <term type="people">Portuguese</term> who visit 
<lb/>the country as <orgName><term type="occupation"><orgName>slave</orgName> dealers</term></orgName>. The country 
<lb/>appeared to contain a large population 
<lb/>and it abounds in the necessaries of 
<lb/>life. The soil is fertile and the 
<lb/>climate admits of the crops appearing 
<lb/>in all the different stages all the year 
<lb/>round</p>
<lb/><p>The time of our visit was unfortunately
<lb/>
<lb/>
	

	<pb n="0004" facs="liv_000840_0004"><!--pb/@n='2v'--></pb>
<lb/>the season of the heavy rains which
<lb/>appear to follow the course of the Sun 
<lb/>in his progress North, our experience
<lb/>can scarcely be considered a fair criterion 
<lb/>of what may occur during the rest.
<lb/>of the year. perpetual drenchings - a
<lb/>hot sun, (the temperature never under 
<lb/>84° in the shade) quickly drying our  
<lb/>clothing, and frequently sleeping in 
<lb/>damp beds, prevented my forming  
<lb/>a reliable idea of the salubrity of
<lb/>the climate. <orgName>My companions</orgName>, all 
<lb/><orgName>native</orgName> <orgName>Zambesians</orgName> had nearly as 
<lb/>much sickness as myself - intermittent 
<lb/><term type="ailment">fever</term> being the complaint from 
<lb/>which we all suffered most. The  
<lb/>country however is elevated. and 
<lb/>abounding in flowing streams is 
<lb/>moreover of great fertility and beauty.  
<lb/>The time spent in the way was also 

	

	<pb n="0005" facs="liv_000840_0005"><!--pb/@n='3r'--></pb>
<lb/><hi rend="underline">2 sheet</hi>
<lb/>longer than may be required at other
<lb/>seasons, because we had to halt early 
<lb/>in the afternoons in order to allow
<lb/>the men to build little huts for shelter 
<lb/>during the night. The dense tangled 
<lb/>forests however presented an <w>insurmount- 
<lb break="no"/>able</w> obstacle to travelling in <choice><orig>waggons</orig><reg>wagons</reg></choice> 
<lb/>but the plains on our West may 
<lb/>not be similarly obstructed.</p>
<lb/><p>When we came into the vicinity of 
<lb/>the <term type="nationality">Portuguese</term> settlements the <add place="below" hand="#U">^</add> <add place="above" hand="#U"><orgName>native</orgName></add> tribes treated
<lb/>us rather <del type="strikethrough" hand="#U">scurvily</del><add place="above" hand="#U">badly</add>. Some levied heavy 
<lb/>fines on the most frivolous pretences 
<lb/>others demanded payment for leave 
<lb/>to pass at all. I parted with everything 
<lb/>I could dispense with and <orgName>my men</orgName> 
<lb/>gave all their armaments &amp; most of 
<lb/>their clothes either for food. fines or 
<lb/>ferries. but when we explained that 

	

	<pb n="0006" facs="liv_000840_0006"><!--pb/@n='3v'--></pb>
<lb/>we had nothing we could part with besides
<lb/>it did not in the least appease the violence 
<lb/>of the mobs which surrounded us. We
<lb/>must pay either a man, an <term type="animal">ox</term> or a  
<lb/>gun and were looked upon as interlopers 
<lb/>wishing to cheat them out of their dues.  
<lb/>At last on reaching the river <placeName><geogName type="river">Quango</geogName></placeName>
<lb/>by the generous assistance of a young  
<lb/><term type="nationality">Portuguese</term> <term type="occupation">sergeant</term> of militia we entered
<lb/>the territory of <placeName><country>Portugal</country></placeName> and <choice><sic>recieved</sic><corr>received</corr></choice>
<lb/>the kindest treatment from all <orgName>classes</orgName>
<lb/>all the way to <placeName><settlement type="city">Loanda</settlement></placeName></p>
<lb/><p>In that city I arrived nearly knocked
<lb/>up and suffering from <term type="ailment">fever</term> &amp; <term type="ailment">dysentery</term>. 
<lb/><persName>Edmund Gabriel <choice><abbr>Esqr<hi rend="underline">e</hi></abbr><expan>Esquire</expan></choice></persName> Her Majesty's <term type="occupation">commissioner</term>
<lb/>for the suppression of the <orgName><term type="occupation"><orgName>slave</orgName> trade</term></orgName> and 
<lb/>the only <term type="person">Englishman</term> I know in the city 
<lb/>most generously <choice><sic>recieved</sic><corr>received</corr></choice> me and 
<lb/><orgName>my 27 companions</orgName> into his house.  
<lb/>I shall never forget the delicious 

	

	<pb n="0007" facs="liv_000840_0007"><!--pb/@n='4r'--></pb>
<lb/>pleasure of tumbling into his bed after sleeping
<lb/>six months on the ground, nor the unwearied 
<lb/>attention and kindess through a long sickness
<lb/>which <persName>M<hi rend="sup">r</hi> <choice><abbr>G.</abbr><expan>Gabriel</expan></choice></persName> invariably <choice><orig>shewed</orig><reg>showed</reg></choice>. May 
<lb/>God reward him. <space dim="horizontal" extent="5" unit="chars"/><orgName>My companions</orgName> 
<lb/>were struck with awe at the sight of 
<lb/>a city and more especially when taken 
<lb/>on board <choice><abbr>H.M.</abbr><expan>Her Majesty</expan></choice> ships of war. The kindness 
<lb/>of the <term type="occupation">officers</term> of the <unclear cert="low">cruizers</unclear> removed 
<lb/>the last vestige of fear from their minds 
<lb/>for finding them to be all my countrymen
<lb/>they saw the fallacy of the declarations 
<lb/>of the <orgName>negroes</orgName> of every village we 
<lb/>came to <placeName><region>West of <placeName><settlement type="village">Cassange</settlement></placeName></region></placeName> <del type="strikethrough" hand="#U">"</del><add place="above">(</add>That the 
<lb/>white man was taking them to the 
<lb/>sea and would sell them all to be 
<lb/>taken on board ship, fattened and eaten<del type="strikethrough" hand="#U">"</del><add place="above">)</add>.  
<lb/>They were afterwards engaged in discharging 
<lb/>coals from a ship for wages, and 
<lb/>will marvel to the end of their lives 

	

	<pb n="0008" facs="liv_000840_0008"><!--pb/@n='4v'--></pb>
<lb/>at the prodigous quantity of <del type="strikethrough" hand="#U">"</del><add place="above">(</add>stones that 
<lb/>burn<del type="strikethrough" hand="#U">"</del><add place="above">)</add> one ship could contain. They
<lb/>previously <add place="below">^</add> <add place="above">imagined</add> their own little canoes on the
<lb/><placeName><geogName type="river">Zambesi</geogName></placeName> the best vessels, and themselves 
<lb/>the most expert <term type="occupation">sailors</term> in the world.</p>
<lb/><p><persName>His Excellency the Bishop of <placeName><country>Angola</country></placeName></persName>
<lb/>then the acting <term type="occupation">Governor</term> of the <placeName><region>Province</region></placeName>
<lb/><choice><sic>recieved</sic><corr>received</corr></choice> <orgName>my companions</orgName> with great  
<lb/>kindness and assured them of his <w>pro- 
<lb break="no"/>-tection</w> and friendship. as well as desire 
<lb/>to promote commercial intercourse
<lb/>with the country of <persName>Sekeletu</persName>. He also 
<lb/>sent a present of a <term type="animal">horse</term> and handsome 
<lb/>dress for. that <term type="occupation">chief</term>. and <choice><orig>shewed</orig><reg>showed</reg></choice> 
<lb/>very great attention to myself in my 
<lb/>sickness - The <term type="occupation">merchants</term> too of 
<lb/><placeName><settlement type="city">Loanda</settlement></placeName> took the opportunity of our 
<lb/>return to send presents to <persName>Sekeletu</persName>
<lb/>and as they give much more for the 
<lb/>produce of his country than can 

	

	<pb n="0009" facs="liv_000840_0009"><!--pb/@n='5r'--></pb>
<lb/><hi rend="underline">3<hi rend="sup">d</hi> sheet</hi>
<lb/>be, or is done by <term type="occupation">merchants</term> from the
<lb/><placeName><region>Cape Colony</region></placeName> it is to be hoped that 
<lb/>intercourse with either <placeName><settlement type="village">Cassange</settlement></placeName> or
<lb/><placeName><settlement type="city">Loanda</settlement></placeName> will promote the civilization 
<lb/>of the <placeName><region>Interior</region></placeName>.</p>
<lb/><p>I return, because I feel that the 
<lb/>work to which I set myself is only 
<lb/>half accomplished. The way out to  
<lb/>the <placeName><region>Eastern coast</region></placeName> may be less difficult 
<lb/>than I have found that to the <placeName><region>West</region></placeName>.  
<lb/>If I succeed we shall at least have
<lb/>a choice. I intend, God helping me,  
<lb/>to go down the <placeName><geogName type="river">Zambesi</geogName></placeName> or <placeName><geogName type="river">Leeambye</geogName></placeName>
<lb/>to <placeName><settlement type="village">Quilimane</settlement></placeName>. May in order to 
<lb/>avoid the <placeName><geogName type="waterfall">Falls of Mosisatunya</geogName></placeName> and 
<lb/>the rapid &amp; rocky river above that 
<lb/>part, go <choice><sic>accross</sic><corr>across</corr></choice> from <placeName><settlement type="town">Sesheke</settlement></placeName>' 
<lb/>to the <placeName><geogName type="river"><unclear cert="medium">Manimelie-Loenge</unclear></geogName></placeName> or river 
<lb/>of the <placeName><geogName type="river">Bashukulompo</geogName></placeName> and then
<lb/>descend it to the <placeName><geogName type="river">Zambesi</geogName></placeName>. If I 

	

	<pb n="0010" facs="liv_000840_0010"><!--pb/@n='5v'--></pb>
<lb/>I cannot succeed I shall return to 
<lb/><placeName><settlement type="city">Loanda</settlement></placeName> and thence embark for <placeName><country>England</country></placeName>
<lb/>I expected letters at <placeName><settlement type="city">Loanda</settlement></placeName> and feel
<lb/>much disappointed at <choice><sic>recieving</sic><corr>receiving</corr></choice> none 
<lb/>I asked my friends to write to that
<lb/>place, and now suppose they believed 
<lb/>I should never reach it. I shall 
<lb/>feel obliged if you send a letter to  
<lb/><placeName><settlement type="village">Quilimane</settlement></placeName>. I know not whether 
<lb/>I shall reach it. I mean to try.</p>
<lb/><p rend="no-indent"><delSpan spanTo="#del-1" hand="#U"/><!-- Start of a long section scored out in pencil, so I thought it better to use delSpan rather than individual deletions - to be checked AM -->Enclosed in this is a letter for my
<lb/>family. <space extent="4" unit="words"/><add place="inline" hand="#U" rend="gray">End</add></p>
<lb/><p rend="no-indent"><add place="marginleft"><hi rend="underline">Business</hi></add> <space extent="1" unit="words"/><orgName>My companions</orgName>, decidedly the 
<lb/>best I ever travelled with, were given
<lb/>by <persName>Sekeletu</persName> for my assistance without 
<lb/>any idea of remuneration. As wages 
<lb/>are a most effectual means of breaking 
<lb/>up the feudal system and that 
<lb/>form of domestic <orgName>slavery</orgName> which

	<pb n="0011" facs="liv_000840_0011"><!--pb/@n='6r'--></pb>
<lb/>prevails throughout <placeName><bloc>Africa</bloc></placeName> I resolved
<lb/>to give each of them a small payment 
<lb/>in goods. For this purpose I drew
<lb/>on you for £50 by a bill in favour 
<lb/><add place="marginleft" hand="#U" rend="gray">Accepted <date when="1854-09">7 <choice><abbr>Sept</abbr><expan>September</expan></choice> 1854</date></add> of <persName>M<hi rend="sup">r</hi> Gabriel</persName> dated <date when="1854-06-19">19<hi rend="sup underline">th</hi> June 1854</date>
<lb/>It was sent to his <term type="occupation">agents</term> <orgName><persName>M<hi rend="sup underline">rs</hi> Woodhead</persName>
<lb/>and <choice><abbr>Co.</abbr><expan>Company</expan></choice></orgName> <placeName><choice><abbr>N<hi rend="sup underline">o</hi></abbr><expan>Number</expan></choice> 1 James St</placeName> <placeName><settlement type="city">London</settlement></placeName>. Finding 
<lb/>subsequently <add place="below">^</add> <add place="above">the balance of</add> that sum insufficient  
<lb/>for the supply of goods necessary for 
<lb/>the return journey <choice><abbr>viz.</abbr><expan cert="high">videlicet</expan></choice> to purchase 
<lb/>food, reward our friends who <choice><orig>shewed</orig><reg>showed</reg></choice>
<lb/>kindess and conciliate <orgName>our enemies</orgName> 
<lb/>who verily were "no better than they 
<lb/>should be". I afterwards drew £<hi rend="underline">25</hi>
<lb/>in the same way. the Bill was dated 
<lb/><add place="marginleft" hand="#U" rend="gray">£20 Accepted <date when="1855-04-04">3 <choice><abbr>Apl.</abbr><expan>April</expan></choice> 1855</date></add><date when="1854-08-16">16<hi rend="sup underline">th</hi> August 1854</date>. This second bill may 
<lb/>have gone down in the Forerunner 
<lb/>I hope the above may meet your 
<lb/>approbation</p>

	<pb n="0012" facs="liv_000840_0012"><!--pb/@n='6v'--></pb>
<lb/><p>Another matter, for troubling you
<lb/>with which I beg to apologize. As it 
<lb/>may appear very unbusiness like to
<lb/>refer to transactions without positive 
<lb/>dates, I can only plead the destruction 
<lb/>of my papers by the <orgName>Boers</orgName> at <placeName><settlement type="village">Kolobeng</settlement></placeName>
<lb/>Having <choice><sic>recieved</sic><corr>received</corr></choice> according to order <bibl>periodicals 
<lb/>from <persName>James Maclehose</persName></bibl> <term type="occupation">bookseller</term> in  
<lb/><placeName>Buchanan <choice><abbr>St.</abbr><expan>Street</expan></choice></placeName> <placeName><settlement type="city">Glasgow</settlement></placeName>, I requested
<lb/>him to send his account in, to the 
<lb/>best of my recollection, <date when="1851">1851</date>. And when
<lb/>I <choice><sic>recieved</sic><corr>received</corr></choice> it immediately transmitted 
<lb/>a bill in the usual form to <persName>M<hi rend="sup">r</hi> Maclehose</persName>
<lb/>and at the same time advised you 
<lb/>that the sum (£20) might be deducted 
<lb/>from my salary. I heard nothing 
<lb/>more of the above referred to bill 
<lb/>nor had <persName>M<hi rend="sup">r</hi> Thompson</persName> any notice 

	

	<pb n="0013" facs="liv_000840_0013"><!--pb/@n='7r'--></pb>
<lb/><hi rend="underline">4<hi rend="sup underline">th</hi> sheet</hi>
<lb/>of it in <date when="1852">1852</date>. But believing you had
<lb/>paid the amount to <persName>M<hi rend="sup underline">r</hi> Maclehose</persName>
<lb/>I caused it and two other bills, to be
<lb/>deducted from my last account 
<lb/>current with the <orgName>society</orgName> when in 
<lb/><placeName><settlement type="city">Cape Town</settlement></placeName> (<date when="1852">1852</date>). When on my 
<lb/>way to the <placeName><geogName type="river">Zambesi</geogName></placeName> in the end of the 
<lb/>same year a <bibl>letter from a <persName>M<hi rend="sup underline">rs</hi> <choice><abbr>L.</abbr><expan>Livingstone</expan></choice></persName></bibl> informed 
<lb/>me that <persName>M<hi rend="sup underline">r</hi> Maclehose</persName> had told her
<lb/>he had not <choice><sic>recieved</sic><corr>received</corr></choice> the bill of which
<lb/>I speak. Now, as I am quite certain
<lb/>the bill for £20 was sent to <persName>M<hi rend="sup underline">r</hi> Maclehose</persName>'
<lb/><add place="marginleft" hand="#U" rend="gray">It has not been <unclear cert="low">deducted</unclear></add> address I wish to ascertain whether 
<lb/>it was paid to him. If as I suspect
<lb/>the bill and letters were lost I shall 
<lb/>feel obliged if you pay <persName>M<hi rend="sup">r</hi> Maclehose</persName>
<lb/>£20, as that sum was deducted by
<lb/>me from my salary when the account 
<lb/>was last made up in <placeName><settlement type="city">Cape Town</settlement></placeName>

	<pb n="0014" facs="liv_000840_0014"><!--pb/@n='7v'--></pb>
<lb/>Another sum of £20 was deducted at the
<lb/>same time, under the same impression 
<lb/><choice><abbr>viz.</abbr><expan cert="high">videlicet</expan></choice> that a bill in part payment
<lb/>for clothing had been <choice><sic>recieved</sic><corr>received</corr></choice> by a 
<lb/><term type="occupation">merchant</term> and presented to you for
<lb/>payment, and that though your 
<lb/>advice of the same had not yet 
<lb/>(in <date when="1852">1852</date>) come to <persName>M<hi rend="sup">r</hi> Thompson</persName>
<lb/>it would come before I returned 
<lb/>from my present journey. I have 
<lb/>learned from <persName>M<hi rend="sup underline">rs</hi> <choice><abbr>L.</abbr><expan>Livingstone</expan></choice></persName> that I owe
<lb/>something to the same party. I do not 
<lb/>know the present address of this 
<lb/><term type="occupation">merchant</term> but it is probably known 
<lb/>to <persName>M<hi rend="sup underline">rs</hi> <choice><abbr>L.</abbr><expan>Livingstone</expan></choice></persName> and you will favour 
<lb/>me by allowing her the above sum 
<lb/>or any part of it to liquidate the debt 
<lb/>as it is positively deducted from the salary 

	

	<pb n="0015" facs="liv_000840_0015"><!--pb/@n='8r'--></pb>
<lb/>A sum of £10 was deducted also in
<lb/><add place="marginleft" hand="#U" rend="gray">Paid <date when="1852-09-24">24 <choice><abbr>Sept</abbr><expan>September</expan></choice> 1852</date></add> favour of <persName>M<hi rend="sup">r</hi> Snow</persName>, but in his case
<lb/>the date was <date when="1852">1852</date>. I hope he has applied
<lb/>for his money.</p>
<lb/><p>In the case of first two bills of <add place="above">£</add>20
<lb/>each I have had fears that they may 
<lb/>have been lost, and therefore trouble you 
<lb/>before I leave the world of mails and 
<lb/>correspondence</p>
<lb/><p rend="no-indent"><add place="marginleft"><hi rend="underline">Private</hi></add> <space extent="1" unit="words"/>I have been remarkably well treated 
<lb/>by the <term type="people">Portuguese</term>. The <orgName>Government</orgName>
<lb/>did everything in its power to facilitate 
<lb/>my progress through the <placeName><region>Province</region></placeName>, and <!-- geog: -->
<lb/>this I have reason to believe was according 
<lb/>to the wishes of the <orgName>Government of 
<lb/><placeName><country>Portugal</country></placeName></orgName>. I carry a <bibl>letter from the 
<lb/><persName>Bishop of <placeName><country>Angola</country></placeName></persName></bibl> - the head of the 
<lb/><orgName>Provisional government</orgName> to all 

	

	<pb n="0016" facs="liv_000840_0016"><!--pb/@n='8v'--></pb><!-- This entire page has a cancellation line through it HB 12-5-13 -->
<lb/>the <term type="occupation">commandants</term> and <term type="occupation">governors</term> of
<lb/>districts and forts to furnish me 
<lb/>with everything requisite and that I
<lb/>should incur no expense whatever in 
<lb/>their territory. These gentlemen however 
<lb/>had already treated me on the "voluntary 
<lb/>system" with so much politeness and 
<lb/>hospitality I had not the face to present  
<lb/>the <bibl>letter of authority</bibl>, concerning this 
<lb/>courtesy for which I feel abundantly 
<lb/>thankful I may remark that the
<lb/><term type="people">Portuguese</term> in <placeName><bloc>Africa</bloc></placeName> have a good 
<lb/>character for polite hospitality, but I came 
<lb/>amongst them in a peculiar manner.  
<lb/>I came out from behind them. It 
<lb/>would I suspect be a different story 
<lb/>if a <term type="occupation">missionary</term> <add place="below">^</add> <add place="above">had</add> come to <placeName><settlement type="city">Loanda</settlement></placeName> and 
<lb/>wished to go in from thence.</p><anchor xml:id="del-1"/>
<p>I visited several of the "extinct 
<lb/>convents" or as we should say, deserted  

	

	<pb n="0017" facs="liv_000840_0017"><!--pb/@n='9r'--></pb>
<lb/><hi rend="underline">5<hi rend="sup underline">th</hi> sheet</hi>
<lb/>deserted <orgName><term type="occupation">missionary</term> stations</orgName>. The churches
<lb/>are standing in some instances, and would 
<lb/>require <add place="below">^</add> <add place="above">but</add> little to put them into good repair
<lb/><orgName>South American</orgName> <term type="plant_foodstuff">fruit</term> trees <del type="cancelled">stand</del><add place="above">grow</add> in <!-- Not sure if "South American" should be tagged as nationality, country, or region in this case HB 12-5-13 --><!-- I have changed it to orgName - Adrian, is that correct? AM -->
<lb/>the neat gardens which the <term type="occupation">missionaries</term> 
<lb/>laid out - the bedsteads stand in the 
<lb/>dormitories as they left them, and the 
<lb/><del type="strikethrough">big</del> chests in which the breth<del type="strikethrough">e</del>ren  
<lb/>stored their <del type="strikethrough">grub</del><add place="below">^</add> <add place="above" hand="#U" rend="gray">provisions</add>, but there were no 
<lb/><bibl>books</bibl> nor any inscriptions on the 
<lb/>graves which would enable one 
<lb/>to learn something of the dust which 
<lb/>sleeps beneath - but turning to the 
<lb/>people we soon recogn<add place="above">i</add>ze their memorials 
<lb/>in the great numbers who can both
<lb/>read and write. There are very few 
<lb/>of the people of <placeName><settlement type="village">Ambaca</settlement></placeName> who cannot 
<lb/>use the pen, and the sight is not 

	

	<pb n="0018" facs="liv_000840_0018"><!--pb/@n='9v'--></pb>
<lb/>uncommon in that district of a black
<lb/>man sitting in the evening<del type="strikethrough">s</del> with a fire  
<lb/>stick in one hand and a pen in the
<lb/>other writing in a beautiful hand a  
<lb/>petition to a <term type="occupation">commandant</term>. I looked 
<lb/>upon these <choice><sic>relicts</sic><corr>relics</corr></choice> of former times 
<lb/><delSpan spanTo="#del-2" hand="#U"/>with peculiar interest because if the <!-- as in the previous occasion I am replacing a series of individual deletions with the delSpan tag AM -->
<lb/>labours of the <orgName><orgName>Jesuit</orgName> <term type="occupation">missionaries</term></orgName>   
<lb/>who were expelled by the <persName>Marquis of 
<lb/><placeName><settlement type="city">Pombal</settlement></placeName></persName> have so much permanence, 
<lb/>surely those of <orgName>Protestants</orgName> who have the
<lb/>living word behind them, will be no 
<lb/>less abiding. I was informed by 
<lb/>a <term type="occupation">canon</term> of the church whom I lately 
<lb/>met in <placeName><settlement type="town">Pungo Andongo</settlement></placeName>, and who
<lb/>had <del type="strikethrough">lately</del><add place="above">recently</add> returned from a visit to 
<lb/><placeName><country>Portugal</country></placeName> as <term type="occupation">conductor</term> of the <persName>prince of 
<lb/><placeName><country>Congo</country></placeName></persName> that in the <placeName><region><orgName>Congoese</orgName> territory</region></placeName> there 
<lb/>are no fewer than twelve churches

	<pb n="0019" facs="liv_000840_0019"><!--pb/@n='10r'--></pb>
<lb/>and not a single <term type="occupation">priest</term>. This gentleman
<lb/>was a <choice><sic>wooly</sic><corr>woolly</corr></choice> headed black, yet a <term type="occupation">dignitary 
<lb/>of the church</term>, universally respected for his
<lb/>virtues and has had an order conferred 
<lb/>on him by the <persName>King of <placeName><country>Portugal</country></placeName></persName>. We <term type="people">English</term>
<lb/>feel very complacent with ourselves 
<lb/>when we compare our way of treating 
<lb/>people of colour with that of the <term type="people">Americans</term> 
<lb/>but the <term type="people">Portuguese</term> would stare as much 
<lb/>I did to see (as in the case of <persName>Botha</persName>) 
<lb/>a <term type="occupation">judge</term> treating with levity a case of
<lb/>life and death and a <term type="foodstuff">brandy</term> bottle on 
<lb/>the bench beside him <del type="strikethrough">and</del> in full 
<lb/>view of the court. The insalubrity 
<lb/>of the country is the cause why 
<lb/>there are so few <term type="occupation">priests</term> in <placeName><country>Angola</country></placeName>. 
<lb/>Intermittent <term type="ailment">fever</term> is excessively 
<lb/>prevalent and it usually produces 
<lb/>enlargement of the <term type="bodypart">spleen</term> which 

	

	<pb n="0020" facs="liv_000840_0020"><!--pb/@n='10v'--></pb>
<lb/>sooner or later ends fatally.</p>
<lb/><p>Among the benefits conferred on the  
<lb/>country by the <term type="occupation">missionaries</term> may be
<lb/>mentioned <term type="plant_foodstuff">coffee</term>. A few <term type="plant">Mocha seeds</term> 
<lb/>were planted and it has now extended 
<lb/>itself over the whole country. The <term type="people">Portuguese</term>
<lb/>are now in a state of transition from 
<lb/>illicit to licit commerce, the former  
<lb/>being effectually repressed by our <unclear cert="medium">cruizers</unclear>
<lb/>They turn enthusiastically to <term type="plant_foodstuff">coffee</term> <w><del type="strikethrough" hand="#U">p</del><add place="above" hand="#U">P</add>lant-  
<lb break="no"/>-ations</w> of <add place="above" hand="#U">it</add> which <del type="strikethrough">were</del><add place="above">are</add> <choice><sic>dailly</sic><corr>daily</corr></choice> discovered
<lb/>in the forests, and only require to be cleaned 
<lb/>to yield as good quality of <term type="plant_foodstuff">fruit</term> as can 
<lb/>be found in the world. A few months ago 
<lb/>it was discovered near <placeName><settlement type="village">Cassange</settlement></placeName>, 300 miles 
<lb/>inland. I cannot send you a map, 
<lb/>and this is not so full an account 
<lb/>as I wished to send. I am</p>
				<lb/><p rend="center"><space extent="1" unit="words"/>Affectionately Yours</p>
				<lb/><p rend="right"><space extent="1" unit="words"/><persName>David <choice><orig>Livingston</orig><reg>Livingstone</reg></choice></persName></p><anchor xml:id="del-2"/>
			
</div>
		</body>
	</text></TEI>