<?xml version="1.0" encoding="UTF-8"?>
<?xml-model href="http://livingstoneonline.github.io/LEAP-ODD/leap.rng" type="application/xml" schematypens="http://relaxng.org/ns/structure/1.0"?>
<?xml-model href="http://livingstoneonline.github.io/LEAP-ODD/leap.rng" type="application/xml" schematypens="http://purl.oclc.org/dsdl/schematron"?>
 <?xml-stylesheet href="http://livingstoneonline.github.io/LEAP-XSLT/transcription.xsl" type="text/xsl"?>
 <!--Converted from a TEI P4 XML file to the LEAP TEI P5 Schema by James Cummings on 2015-03-02--><!--TEI encoding revised and standardized by Adrian S. Wisnicki, 2015-2016-->
         <TEI xmlns="http://www.tei-c.org/ns/1.0" xml:id="liv_000875">
	<teiHeader>
		<fileDesc>
			<titleStmt>
				<title>Letter to Roderick I. Murchison</title>
                <title type="alternative">Letter to Roderick I. Murchison, 25 January 1856</title>
				<author xml:id="DL">Livingstone, David, 1813-1873</author>
			</titleStmt>
			<publicationStmt>
				<authority>Livingstone Online</authority>
				<pubPlace>London</pubPlace>
				<date>2007-06-28</date>
				<publisher>Wellcome Centre for the History of Medicine, UCL</publisher>
				<idno type="LEAP-ID">liv_000875</idno>
			</publicationStmt>
			<sourceDesc>
				<bibl xml:id="shelfmark">Royal Geographical Society (Great Britain); Archives, DL 2/8/2</bibl>
				<bibl xml:id="ccnumber">Letters, 0392</bibl>
				<bibl xml:id="recipient"><persName>Murchison, Roderick I., 1792-1871</persName></bibl>
				<bibl xml:id="date"><date when="1856-01-25">25 January 1856</date></bibl>
				<bibl xml:id="where">Hill Chanyune</bibl>
			</sourceDesc>
		</fileDesc>
		<profileDesc>
			<langUsage>
				<language ident="en">English</language>
			</langUsage>
			<handNotes>
				<handNote xml:id="hand01">Scribe: pencil</handNote>
				<handNote xml:id="hand02">Scribe: ink</handNote>
			</handNotes>
		</profileDesc>
		<revisionDesc>
			<change>
				<date>2007-06-28</date>
				<name xml:id="CO">Caroline Overy</name>Initial Transcription by Caroline Overy
			</change>
			<change>
				<date>2009-05-05</date>
				<name xml:id="CL">Chris Lawrence</name>First Proof by Chris Lawrence
			</change>
		</revisionDesc>
	</teiHeader>

	<text>
		<body xml:lang="en">
			<div>

	<pb n="0001" facs="liv_000875_0001"/><!--pb/@n='1r'-->
<lb/><p rend="right"><space extent="2" unit="words"/><placeName>Hill Chanyuné</placeName>, on the </p>
<lb/><p rend="right"><space extent="1" unit="words"/><space extent="3" unit="chars"/>banks of the <placeName>Zambesi</placeName>.</p>
<lb/><p rend="no-indent">N<hi rend="sup underline">o</hi> II <space extent="4" unit="words"/><space extent="3" unit="chars"/>25<hi rend="sup">th</hi> January 1856</p>
<lb/>
<lb/>
<lb/><p><del type="strikethrough" hand="#hand02"><persName><hi rend="double-underline">Sir Roderick Impey Murchison</hi></persName></del></p>
<lb/>
<lb/><p><space extent="4" unit="words"/><space extent="2" unit="chars"/>Sir -</p>
<lb/><p><space extent="5" unit="words"/><space extent="1" unit="chars"/>As we are now 
<lb/>within a few days of the Portuguese station 
<lb/>called <placeName>Teté</placeName>, I shall begin preparations for 
<lb/>entering the world again <!--TRANSC: mv1 target -->while my men 
<lb/>are engaged in paddling each other <choice><sic>accross</sic><corr>across</corr></choice>
<lb/>this broad river, <!--TRANSC: mv1 src hand02-->by giving you a sketch 
<lb/>of our progress thus far.<!--TRANSC: mv1 end --> <add place="marginleft" hand="#hand01"><unclear cert="low">Pers things</unclear> to be disregarded</add> <add place="marginleft" hand="#hand02">stet</add><del type="strikethrough" hand="#hand01">N<hi rend="sup underline">o</hi> I. was 
<lb/>written while waiting for rains at <placeName>Linyanti</placeName>
<lb/>and refers chiefly to the country North of that 
<lb/>point. And this N<hi rend="sup underline">o</hi> II. is intended as 
<lb/>a sort of continuation, but directed 
<lb/>principally to the Eastern side of the continent.</del></p>
<lb/><p>When passing <placeName>Seshéké</placeName> in our 
<lb/>way down the river in November last, 
<lb/>the chief <persName>Sekéletu</persName> generously presented 

	<pb n="0002" facs="liv_000875_0002"/><!--pb/@n='1v'-->
<lb/>ten slaughter cattle and three of the best riding 
<lb/>oxen he could purchase among his people, 
<lb/>together with supplies of meal and everything 
<lb/>else he could think of for my comfort 
<lb/>during the journey. Hoes and beads were 
<lb/>also supplied to purchase a canoe, when 
<lb/>we should come to the <placeName>Zambesi</placeName> again, 
<lb/>beyond the part where it is constricted by 
<lb/>the rocks. <choice><reg>T</reg><orig>t</orig></choice>hese acts of kindness were 
<lb/>probably in part prompted by the principal 
<lb/>men of the tribe, and are valuable as shewing 
<lb/>the light in which our efforts are viewed. 
<lb/>But as little acts often shew character more 
<lb/>clearly than great ones, I may mention 
<lb/>that - having been obliged to separate from 
<lb/>the people, who had our luggage, and to 
<lb/>traverse about 20 miles infested by the 
<lb/>Tsetsé during the night, - it became so 
<lb/>pitchy dark, we could only see by the 
<lb/>frequent gleams of lightning which at times 
<lb/>revealed the attendants wandering hither 
<lb/>and thither in the forest. The horses trembled 
<lb/>and groaned, and after being thoroughly 
<lb/>drenched by heavy rain we were obliged 

	<pb n="0003" facs="liv_000875_0003"/><!--pb/@n='2r'-->
<lb/>to give up the attempt to go farther and crawled 
<lb/>under a tree for shelter. After the excessive 
<lb/>heat of the day, one is peculiarly sensitive 
<lb/>to cold at night. <choice><reg>T</reg><orig>t</orig></choice>he chief's blanket had 
<lb/>fortunately not gone on. He covered me 
<lb/>with it and <del type="strikethrough" hand="#hand02">lay</del> <add place="above" hand="#hand02">rested</add> himself on the cold wet 
<lb/>ground <choice><sic>untill</sic><corr>until</corr></choice> the morning. <del type="strikethrough" hand="#hand01">If such <add place="below">^</add> <add place="above" hand="#hand02">men</add> must 
<lb/>perish before the white <del type="strikethrough" hand="#hand02">man</del> <add place="above" hand="#hand02">race</add> by an immutable 
<lb/>law of Heaven, we <del type="strikethrough" hand="#hand02">would</del> <add place="above" hand="#hand02">must</add> seem to be 
<lb/>under the same sort of "terrible necessity" 
<lb/>in our "Caffre wars" as the American 
<lb/>professor of Chemistry said he was, <del type="strikethrough" hand="#hand02">to</del> <add place="above" hand="#hand02">when</add>
<lb/><add place="inline" hand="#hand02">he</add> dismember<add place="inline" hand="#hand02">ed</add> the man <add place="below">^</add> <add place="above" hand="#hand02">whom</add>he murdered.</del><!-- CODIC:2 editorial lines showing new para?--> Our 
<lb/>convoy down to <placeName>Mosioatunya</placeName><add place="inline" hand="#hand01"><placeName>Mosi-oa-Tunya</placeName></add> consisted 
<lb/>of the chief and about 200 followers. 
<lb/>About ten miles below the confluence 
<lb/>of the <placeName>Chobé</placeName> and <placeName>Leeamby</placeName> or <placeName>Zambesi</placeName>, 
<lb/>we came to the commencement of 
<lb/>the rapids<add place="inline" hand="#hand02">.</add><del type="strikethrough" hand="#hand02">, and there</del><del type="overwritten" hand="#hand02">l</del><add place="over-text" hand="#hand02">L</add>eaving the canoes <add place="inline" hand="#hand02">there,</add>
<lb/><add place="inline" hand="#hand02">we</add> marched on foot about twenty <del type="strikethrough" hand="#hand02">more,</del> <add place="above" hand="#hand02">miles further,</add>
<lb/>along the left or Northern bank to <placeName>Kalai</placeName>
<lb/>otherwise called the island of <placeName>Sekoté</placeName>. <del type="strikethrough" hand="#hand01">As</del>
<lb/><del type="overwritten" hand="#hand01">i</del><add place="over-text" hand="#hand01">I</add>t was decided by those who <add place="below">^</add> <add place="above" hand="#hand02">well</add> know the 
<lb/>country <del type="strikethrough" hand="#hand02">well</del> in front, that we should 

	<pb n="0004" facs="liv_000875_0004"/><!--pb/@n='2v'-->
<lb/>here leave the river, and avoid the hill<del type="overwritten" hand="#hand02">y</del><add place="over-text" hand="#hand02">s</add>
<lb/><del type="strikethrough" hand="#hand02">country,</del> through which it flows, both on 
<lb/>account of tsetsé and extreme ruggedness 
<lb/>of the path. <del type="overwritten" hand="#hand02"><choice><reg>B</reg><orig>b</orig></choice></del><add place="over-text" hand="#hand02">B</add>y taking a North East course 
<lb/><del type="strikethrough" hand="#hand02">in order to meet</del> the river <add place="below">^</add> <add place="above" hand="#hand02">would be met <del type="strikethrough">again</del></add> where it has become 
<lb/>placid again. <add place="below">^</add> <add place="above" hand="#hand02">Before leaving this part of the river</add> I took a canoe at <placeName>Kalai</placeName>
<lb/>and sailed down to look at <add place="below">^</add> <add place="above" hand="#hand02">the falls of Mooatunya which proved</add> <add place="inline" hand="#hand02">to</add><del type="strikethrough" hand="#hand02">by far</del><add place="inline" hand="#hand02">be</add> the 
<lb/>finest sight I have in Africa. <del type="overwritten" hand="#hand02"><choice><reg>T</reg><orig>t</orig></choice></del><add place="over-text" hand="#hand02">T</add>he 
<lb/>distance to the "smoke sounding" falls of 
<lb/>the <placeName>Zambesi</placeName> was about eight miles in 
<lb/>a S.S.E. direction, but when we came 
<lb/>within five miles of the spot<add place="inline" hand="#hand02">,</add> we saw five 
<lb/>large columns of "smoke" ascending about 
<lb/>300 feet<add place="inline" hand="#hand01">,</add> <add place="above" hand="#hand02">&amp; exhibiting</add> exactly <del type="strikethrough" hand="#hand02">as occurs during</del> <add place="above" hand="#hand02">the appearance which occurs on</add> extensive 
<lb/>grass burnings in Africa. The river above 
<lb/>the falls is very broad<add place="inline" hand="#hand02">,</add> but I am such 
<lb/>a miserable judge of distances on water<add place="inline" hand="#hand02">,</add>
<lb/><add place="inline" hand="#hand02">that</add>I fear to <del type="strikethrough" hand="#hand02">name a sum</del> <add place="above" hand="#hand02">to estimate its breadth</add>. I once shewed 
<lb/>a naval officer a space in the <placeName>bay of 
<lb/>Loanda</placeName><add place="inline" hand="#hand02">,</add> which seemed of equal breadth 
<lb/>with parts of the river which I have always 
<lb/>called 400 yards. He replied "that is 900 yards". 
<lb/>Here I think I am safe in saying <del type="strikethrough">the</del>
<lb/>it is at least a thousand yards wide. You 

	<pb n="0005" facs="liv_000875_0005"/><!--pb/@n='3r'-->
<lb/><fw type="pageno"><hi rend="underline">2 Sheet</hi></fw>
<lb/>cannot imagine the glorious loveliness of the scene 
<lb/>from anything in England. The "Falls" if we may 
<lb/>so term a river leaping into a sort of strait jacket 
<lb/>are bounded on three sides by forest-covered ridges 
<lb/>about 400 feet in height. <del type="strikethrough" hand="#hand02">(It is a pity there are no 
<lb/>mountains beyond.)</del> Numerous islands are 
<lb/>dotted over the river above <add place="below">^</add> <add place="above" hand="#hand02">the falls,</add> and both banks 
<lb/>and islands are adorned with sylvan vegetation 
<lb/>of great variety of colour and form. At the 
<lb/>period of our visit many of the trees were spangled 
<lb/>over with blossoms, and towering above them 
<lb/>all stands the great burly baobab each of 
<lb/>whose (syenite coloured) arms would form 
<lb/>the bole of a large ordinary tree. Groups of 
<lb/>graceful palms with their feathery<add place="inline" hand="#hand01">-</add> formed 
<lb/>foliage <del type="strikethrough" hand="#hand02">lend their</del> <add place="above" hand="#hand02">contribute to the</add> beauty <del type="overwritten" hand="#hand02">to</del><add place="over-text" hand="#hand02">of</add> the islands. As 
<lb/>a hieroglyphic<add place="inline" hand="#hand01">,</add> they always mean "far from home" 
<lb/><del type="strikethrough" hand="#hand02">for</del> <add place="above" hand="#hand02">to</add> one <add place="below">^</add> <add place="above" hand="#hand02">who</add> can never get over their foreign <del type="strikethrough" hand="#hand02"><unclear cert="low">cut</unclear></del> <add place="above" hand="#hand02">aspect</add>
<lb/>in picture or landscape. Trees of the oak 
<lb/>and other familiar forms stand side by side 
<lb/>with the silvery Mohonono<add place="inline" hand="#hand01">,</add> which in the tropics, 
<lb/>looks like the cedar of Lebanon. <del type="strikethrough" hand="#hand02"><choice><reg>A</reg><orig>a</orig></choice>nd</del><del type="overwritten" hand="#hand02">t</del><add place="over-text" hand="#hand02">T</add>he 
<lb/>dark cypress<add place="inline" hand="#hand01">-</add> shaped Motsouri laden with 

	<pb n="0006" facs="liv_000875_0006"/><!--pb/@n='3v'-->
<lb/>its pleasant scarlet fruit<add place="inline" hand="#hand01">,</add> and many others 
<lb/><add place="inline" hand="#hand02">also</add> attain individuality among the great rounded 
<lb/>masses of tropical forest. We look and look 
<lb/>again and hope <add place="below">^</add> <add place="above" hand="#hand02">that</add> scenes so lovely <del type="strikethrough" hand="#hand02">as must have</del> <add place="above" hand="#hand02">enough to</add>
<lb/>arrest<del type="strikethrough" hand="#hand02">ed</del> the gaze of angels <del type="strikethrough" hand="#hand02">in their flight</del><add place="inline" hand="#hand01">,</add> may 
<lb/>never vanish from <del type="strikethrough" hand="#hand02">the</del> memory. A light 
<lb/>canoe and men well acquainted with the still 
<lb/>water caused by the islands, brought us to an 
<lb/>islet<add place="inline" hand="#hand01">,</add> situated in the middle of the river and 
<lb/><add place="inline" hand="#hand02">forming</add> <add place="below">^</add> <add place="above" hand="#hand02">the</add> edge of the lip  over which the water rolls<add place="inline" hand="#hand02">.</add><del type="overwritten" hand="#hand02">c</del><add place="over-text" hand="#hand02">C</add>reeping 
<lb/>to the verge, we peer down into a large rent 
<lb/>which has been made from bank to bank 
<lb/>of the broad <placeName>Zambesi</placeName><add place="inline" hand="#hand02">,</add> and <add place="below">^</add> <add place="above" hand="#hand02">there we</add> see the stream of 
<lb/>a thousand yards <add place="below">^</add> <add place="above" hand="#hand02">in breadth</add> suddenly compressed into <add place="inline" hand="#hand02">a</add>
<lb/><add place="inline" hand="#hand02">chanel of</add> fifteen or twenty. <del type="strikethrough" hand="#hand02">If you</del><del type="overwritten" hand="#hand02">i</del><add place="over-text" hand="#hand02">I</add>magine the 
<lb/>Thames filled with <del type="strikethrough" hand="#hand01">low</del> tree covered hills 
<lb/><del type="strikethrough" hand="#hand02">immediately beyond</del> the Tunnel <del type="strikethrough" hand="#hand02">and as far 
<lb/>as</del><add place="inline" hand="#hand02">to</add><placeName>Gravesend</placeName> -<add place="inline" hand="#hand01">,</add><del type="strikethrough" hand="#hand02">the</del> <add place="above" hand="#hand02">its</add> bed of hard basaltic rock 
<lb/>instead of London mud and a rent or 
<lb/>fi<del type="overwritten" hand="#hand02">zz</del><add place="over-text" hand="#hand02">ss</add>ure made <del type="strikethrough" hand="#hand02">therein</del> <add place="above" hand="#hand02">in the bed</add> from one end of the 
<lb/>tunnel to the other down through the keystones 
<lb/>of the arch, <del type="strikethrough" hand="#hand02">the pathway being one hundred 
<lb/>feet below the bed of the river instead of 
<lb/>what it is and</del> <add place="above" hand="#hand02">to a depth of one hundred feet</add> the lips of the fi<del type="overwritten" hand="#hand02">zz</del><add place="over-text" hand="#hand02">ss</add>ure <add place="below">^</add> <add place="above" hand="#hand02">being</add> from 

	<pb n="0007" facs="liv_000875_0007"/><!--pb/@n='4r'-->
<lb/>sixty to eighty feet apart - suppose farther the 
<lb/><add place="marginleft" hand="#hand02">narrow</add> rent prolonged <add place="below">^</add> <add place="above" hand="#hand02">from the Tunnel to</add><del type="strikethrough" hand="#hand02">as far as</del> Gravesend <add place="above" hand="#hand02">along</add><del type="strikethrough" hand="#hand02">from</del> the 
<lb/>left bank, and <add place="above" hand="#hand02">the</add><del type="strikethrough" hand="#hand02">your</del> Thames leaping bodily 
<lb/>into the gulph, compressed into fifteen or twenty 
<lb/>yards at the bottom, forced to change<del type="strikethrough" hand="#hand02">d</del> its direction 
<lb/><del type="strikethrough" hand="#hand02">and go</del> from the right to the left bank, then turning 
<lb/>a corner and <del type="strikethrough" hand="#hand02">go</del> boiling and roaring through 
<lb/>the hills, and you <del type="strikethrough" hand="#hand02">have</del> <add place="above" hand="#hand02">may conceive</add> something <del type="strikethrough" hand="#hand02">of what takes 
<lb/>place with</del> <add place="above" hand="#hand02">similar to this part of</add> the <placeName>Zambesi</placeName>.</p>
<lb/><p><del type="strikethrough" hand="#hand02">It</del> <add place="above" hand="#hand02">the river</add> is reported to <del type="strikethrough" hand="#hand02">run in</del> <add place="above" hand="#hand02">rush through</add> the rent about thirty 
<lb/>miles in an E.S.E. direction, and when <del type="strikethrough" hand="#hand02">quit</del><add place="inline" hand="#hand02">free</add>
<lb/><del type="strikethrough" hand="#hand02">of</del> <add place="above" hand="#hand02">from</add>  its place of confinement <add place="above" hand="#hand02">it</add>  flows placidly 
<lb/>again <del type="strikethrough" hand="#hand02">but away to</del> <add place="above" hand="#hand02">towards</add> the North East, till it 
<lb/><del type="strikethrough" hand="#hand02">gains</del> <add place="above" hand="#hand02">reaches</add> the Latitude of 15° 37′ S <!--TRANSC: mv2 start hand02-->where I <add place="below">^</add> <add place="above" hand="#hand02">am</add> now writ<del type="overwritten" hand="#hand02">e</del><add place="over-text" hand="#hand02">ing</add><!--TRANSC mv2 end -->. 
<lb/><del type="overwritten" hand="#hand02"><choice><reg>t</reg><orig>t</orig></choice></del><add place="over-text" hand="#hand02">T</add>he falls<!--TRANSC: mv2 destination--> are in 17° 57′ S.L. <del type="strikethrough" hand="#hand01"><choice><reg>T</reg><orig>t</orig></choice>he side of the 
<lb/>fi<del type="overwritten" hand="#hand02">zz</del><add place="over-text" hand="#hand02">ss</add>ure <add place="below">^</add> <add place="above" hand="#hand02">opposite to that</add>  over which the river <del type="strikethrough" hand="#hand02">does not</del> fall<add place="inline" hand="#hand02">s</add><add place="inline" hand="#hand01">,</add>
<lb/>is quite perpendicular and has a straight edge<add place="inline" hand="#hand01">,</add>
<lb/>except at the left hand corner where a 
<lb/>rent <del type="strikethrough" hand="#hand02">being</del> <add place="above" hand="#hand02">is</add> visible<add place="inline" hand="#hand01">,</add> a piece seems inclined 
<lb/>to fall off. It is composed of one unstratified 
<lb/>rock. <del type="strikethrough" hand="#hand02">That</del> <add place="below">^</add> <add place="above" hand="#hand02">The side</add> over which the river precipitates 
<lb/>itself is perpendicular too<add place="inline" hand="#hand02">;</add> but in three of 
<lb/>the five or six parts into which the <del type="strikethrough" hand="#hand02">water</del> <add place="above" hand="#hand02">stream</add>
<lb/>is divided at low water, about <del type="strikethrough" hand="#hand02">3</del> <add place="above" hand="#hand02">three</add> feet of the 
<lb/>edge of the lip is worn off. Several pieces 
<lb/>also having fallen in give this lip a serrated 

	<pb n="0008" facs="liv_000875_0008"/><!--pb/@n='4v'-->
<lb/>edge<add place="inline" hand="#hand02">;</add> but the water falls at once clear of the 
<lb/>rock and becomes a fleecy mass as white 
<lb/>as snow. <choice><reg>T</reg><orig>t</orig></choice>he pieces of water<add place="inline" hand="#hand02">,</add> if I may so 
<lb/>express myself<add place="inline" hand="#hand02">,</add> do not at once lose their cohesion<add place="inline" hand="#hand02">,</add>
<lb/>but <del type="strikethrough" hand="#hand02">in falling</del> give off <!--TRANSC: mv3 start hand02-->in their down ward course<!--TRANS: mv3 end-->
<lb/>streams of vapour <!--TRANSC: mv3 destination hand02--> exactly as comets are 
<lb/>represented on paper, or <add place="below">^</add> <add place="above" hand="#hand02">as</add> a piece of steel 
<lb/>when burned in oxygen gas. <del type="overwritten" hand="#hand02"><choice><reg>T</reg><orig>t</orig></choice></del><add place="over-text" hand="#hand02">T</add>he beautiful 
<lb/>mass thus resembles a thousand comets 
<lb/>speeding on their course. On looking down into the 
<lb/>fi<del type="overwritten" hand="#hand02">zz</del><add place="over-text" hand="#hand02">ss</add>ure on the right of the island where 
<lb/>the largest quantity of water falls<add place="inline" hand="#hand01">,</add><del type="strikethrough" hand="#hand02">we see </del>nothing 
<lb/><add place="inline" hand="#hand02">ia seen</add> but a dense white cloud with two bright 
<lb/>rainbows on it. (It was about midday and 
<lb/>the Declination of the sun nearly the same as 
<lb/>the latitude when we visited it)<reg>.</reg> An immense 
<lb/>stream of vapour rushes up from the cloud 
<lb/>unlike anything I ever saw before. When 
<lb/>300 or 400 feet high<add place="inline" hand="#hand01">,</add> it loses its steam colour<add place="inline" hand="#hand01">,</add>
<lb/>becomes dark and descends in a shower<add place="inline" hand="#hand01">,</add>
<lb/>exposure to which for a quarter of an hour 
<lb/>wet<add place="inline" hand="#hand02">ted</add> us to the skin. <del type="overwritten" hand="#hand02"><choice><reg>A</reg><orig>a</orig></choice></del><add place="over-text" hand="#hand02">A</add> few yards back from 
<lb/>the opposite lip<add place="inline" hand="#hand01">,</add> a dense unbroken hedge 
<lb/>of evergreen trees stands. <del type="overwritten" hand="#hand02"><choice><reg>T</reg><orig>t</orig></choice></del><add place="over-text" hand="#hand02">T</add>heir leaves are constantly 
<lb/>wet <del type="strikethrough" hand="#hand02">by</del> <add place="above" hand="#hand02">from</add> the condensed vapour and from 
<lb/>their roots several little rills run back into the 
<lb/><choice><sic>gulp</sic><corr>gulph</corr></choice><add place="inline" hand="#hand02">,</add> but never reach the bottom<add place="inline" hand="#hand02">, for</add> the ascending 
<lb/>columns of vapour literally lick<del type="strikethrough" hand="#hand02">s</del> them up 

	<pb n="0009" facs="liv_000875_0009"/><!--pb/@n='5r'-->
<lb/><fw type="pageno"><hi rend="underline">3 Sheet</hi></fw> 
<lb/>off the perpendicular wall, before they are half 
<lb/>way down. I <del type="strikethrough" hand="#hand02">say</del> <add place="above" hand="#hand02">have estimated the depth at</add> one hundred feet<add place="inline" hand="#hand02">,</add><del type="strikethrough" hand="#hand02">deep</del>
<lb/>but we cannot see what it is on the right<reg>.</reg><add place="inline" hand="#hand02">of</add>
<lb/><add place="below">^</add> <add place="above" hand="#hand02">the island.</add> On the left of the island a large piece has fallen 
<lb/>in<add place="inline" hand="#hand02">,</add> and that lying on one side of the chafing 
<lb/>river below enables me to <del type="strikethrough" hand="#hand02">give</del> <add place="above" hand="#hand02">form</add> an approximation. 
<lb/>My companions amused themselves by 
<lb/>throwing stones down <add place="below">^</add> <add place="above" hand="#hand02">the falls</add> and wondering to see 
<lb/>how small they became before they were lost 
<lb/>in the cloud.</del> In former days the three 
<lb/>principal falls were used as places where 
<lb/>certain chiefs worshipped the Barimo 
<lb/>(gods or departed spirits)<reg>.</reg> As even at low 
<lb/>water<add place="inline" hand="#hand01">,</add> there are from 400 to 600 yards of 
<lb/>water pouring over<add place="inline" hand="#hand02">,</add><reg>.</reg><choice><reg>T</reg><orig>t</orig></choice>he constancy and 
<lb/>loud<add place="inline" hand="#hand02">ness</add>  <add place="above" hand="#hand02">of the</add> sound <del type="strikethrough" hand="#hand02">of the flow</del> may have produced 
<lb/>feelings of awe, as if the never-ceasing 
<lb/>flood came forth from the footstool of 
<lb/>the <del type="overwritten" hand="#hand02">e</del><add place="over-text" hand="#hand02">E</add>ternal. It was mysterious to them 
<lb/>for one of their canoe songs says 
<lb/>"<placeName>The Liambai</placeName>, nobody knows 
<lb/>Whence it comes or whither it goes." 
<lb/>Perhaps the bow in the cloud reminded 
<lb/>them of Him<add place="inline" hand="#hand01">,</add> who alone is unchangeable 
<lb/>and above all changing things. But 

	<pb n="0010" facs="liv_000875_0010"/><!--pb/@n='5v'-->
<lb/>not aware of his true character they had no 
<lb/>admiration of the beautiful and good in their 
<lb/>bosoms. Secure in their <add place="below">^</add> <add place="above">own</add> island fortresses<add place="inline" hand="#hand01">,</add>
<lb/>they often inveigled wandering or fugitive tribes 
<lb/>on to others<add place="inline" hand="#hand01">,</add> which are uninhabited - and left 
<lb/>them there to perish. <!--TRANSC: mv4 start --><del type="strikethrough" hand="#hand02">In</del> <add place="above" hand="#hand02">that when</add> being ferried <choice><sic>accross</sic><corr>across</corr></choice><!--TRANSC: mv4 end -->
<lb/><del type="overwritten" hand="#hand02">t</del><add place="over-text" hand="#hand02">T</add>he river is so broad <!--TRANSC: mv4 destination--> you <del type="strikethrough" hand="#hand02">can</del> often <del type="strikethrough" hand="#hand02">not</del>
<lb/><add place="below">^</add> <add place="above" hand="#hand02">cannot</add> see whether you are going to the mainland or 
<lb/>not. To remove temptation out of the 
<lb/>way of our friends, we <!-- mv5 start-->last night<!-- mv5 end --> drew the 
<lb/>borrowed canoes <!-- mv5 destination -->into our midst on the 
<lb/>island <del type="strikethrough" hand="#hand02">on which</del> <add place="above" hand="#hand02">where</add> we slept, and <del type="strikethrough" hand="#hand02">got</del> some 
<lb/>of the men <del type="strikethrough" hand="#hand02">to</del> ma<del type="overwritten" hand="#hand02">ke</del><add place="over-text" hand="#hand02">de</add> their beds in them. 
<lb/>I counted between fifty and sixty human 
<lb/>skulls mounted on poles in a village 
<lb/>near <placeName>Kalai</placeName><add place="inline" hand="#hand02">,</add> being those of men slain 
<lb/>when famishing with hunger; and felt 
<lb/>thankful that <persName>Sebituane</persName> had rooted 
<lb/>out the bloody imperious "Lords of the Isles."</p>
<lb/><p>That trade has never extended thus 
<lb/>far from either the East or Western coasts 
<lb/>is<add place="inline" hand="#hand01">,</add> I believe extremely probable from the 
<lb/>grave of the elder <persName>Sekoté</persName> being still seen 
<lb/>on <placeName>Kalai <add place="above" hand="#hand02"/></placeName> ornamented with seventy 
<lb/>large elephants' tusks planted round it<add place="inline" hand="#hand01">,</add>
<lb/>and there about thirty <add place="below">^</add> <add place="above" hand="#hand02">tusks</add> over the resting 
<lb/>places of his relatives. Indeed ivory 

	<pb n="0011" facs="liv_000875_0011"/><!--pb/@n='6r'-->
<lb/>was used only to form the amulets and 
<lb/>grave stones of the rich, and <del type="strikethrough" hand="#hand02">are</del> <add place="above" hand="#hand02">it is</add> now met 
<lb/>with a rotten state all over the Bat<add place="above">o</add>ka 
<lb/>country. <choice><reg>T</reg><orig>t</orig></choice>his fact I take as corroborative 
<lb/>of the universal assertion<add place="inline" hand="#hand01">,</add> that no trader 
<lb/>ever visited the country previous to the first 
<lb/>and unsuccessful attempt of the <term type="tribe">Mambari</term><add place="inline" hand="#hand01">,</add>
<lb/>to establish the slave trade with <persName>Santuru</persName><add place="inline" hand="#hand01">,</add> the 
<lb/>last chief of the <term type="tribe">Barotsé</term>. </p>
<lb/><p>Before concluding <del type="strikethrough" hand="#hand02">about</del> <add place="above" hand="#hand02">this account of</add> the falls it may 
<lb/>be added that <del type="strikethrough">it</del> <add place="below">^</add> <add place="above">the rent</add> is reported to be much deeper 
<lb/>farther down, <!-- mv6 --> 200 or 300 feet <!-- mv6 start -->perhaps<!-- mv6 end -->; and at 
<lb/>one part the slope down<add place="inline" hand="#hand02">wards</add> allows of persons 
<lb/>descending in a sitting posture. Some <term type="tribe">Makololo</term>
<lb/>once chasing fugitives saw them unable to 
<lb/>restrain their flight, <add place="inline" hand="#hand02">&amp;</add> dashed to pieces at the 
<lb/>bottom. They say the river appeared as a 
<lb/>white cord at the bottom of an abyss<add place="inline" hand="#hand01">,</add> which 
<lb/>made them giddy and fain to leave. <add place="marginleft" hand="#hand02">Omit</add><del type="strikethrough" hand="#hand02">I 
<lb/>suppose the great body of water so forcibly 
<lb/>compressed must have worn the rock 
<lb/>horizontally <del type="strikethrough" hand="#hand02">as is intended to be shown by 
<lb/>the dotted line.</del><figure><!-- style="float:left" url="LETT421-1.png"/>--></figure><del type="overwritten" hand="#hand02"><choice><reg>T</reg><orig>t</orig></choice></del><add place="over-text" hand="#hand02">T</add>he surface of the water 
<lb/>at A being very narrow<del type="overwritten" hand="#hand02">.</del><add place="over-text" hand="#hand02">,</add> It must 
<lb/>either be very deep or have worn 
<lb/>a channel sideways<add place="inline" hand="#hand02">.</add><del type="overwritten" hand="#hand02">y</del><add place="over-text" hand="#hand02">Y</add>et I could 
<lb/>not detect any evidence of wear at the spot <add place="above">which was</add> examined 

	<pb n="0012" facs="liv_000875_0012"/><!--pb/@n='6v'-->
<lb/>though it was low water, and from seven to 
<lb/>ten feet of yellow discolouration on the rock<add place="inline" hand="#hand02">,</add> shewed 
<lb/>the probable amount of rise. I have been led 
<lb/>to the supposition by the fact noticed by both <persName>Captain 
<lb/>Tuckey</persName> and <persName>Commander <choice><sic>Bedingfield</sic><corr>Bedingfeld</corr></choice></persName> in the 
<lb/><placeName>Congo</placeName> or <placeName>Zaire</placeName><add place="inline" hand="#hand02">,</add> which<add place="inline" hand="#hand02">,</add> as well as the <placeName><del type="overwritten" hand="#hand02">o</del><add place="over-text" hand="#hand02">O</add>range 
<lb/>river</placeName><add place="inline" hand="#hand02">,</add><del type="strikethrough" hand="#hand02">would</del> seem<add place="inline" hand="#hand02">s</add> to be discharged by a fi<del type="overwritten" hand="#hand02">zz</del><add place="over-text" hand="#hand02">ss</add>ure 
<lb/>through the Western ridge. <del type="overwritten" hand="#hand02"><choice><reg>T</reg><orig>t</orig></choice></del><add place="over-text" hand="#hand02">T</add>he breadth of the channel 
<lb/>among the hills<add place="inline" hand="#hand02">,</add> where <persName>Captain Tuckey</persName> turned<add place="inline" hand="#hand02">,</add>
<lb/>will scarcely account for the enormous 
<lb/>body of water which appears father down. 
<lb/>Indeed no sounding can be taken with ordinary 
<lb/>lines near the mouth<add place="inline" hand="#hand01">,</add> though the water runs 
<lb/>strongly and is perfectly fresh.</del></p>
<lb/><p><del type="strikethrough" hand="#hand01">On the day following my first visit<add place="inline" hand="#hand02">,</add> I 
<lb/>returned to take another glance and make 
<lb/>a little nursery garden on the island<del type="overwritten" hand="#hand02">,</del><add place="over-text" hand="#hand02">;</add> for 
<lb/><del type="strikethrough" hand="#hand02">having</del> <add place="above" hand="#hand02">I</add> observed that it was covered with 
<lb/>trees<add place="inline" hand="#hand02">,</add> many of which I have seen no where else<add place="inline" hand="#hand02">,</add>
<lb/>and <add place="below">^</add> <add place="above" hand="#hand02">as</add> the wind often wafted a little condensed 
<lb/>vapour over the whole it struck me this 
<lb/>was the very thing I could never get my 
<lb/><term type="tribe">Makololo</term> friends to do. My trees have 
<lb/>always perished by being forgotten during 
<lb/>droughts<add place="inline" hand="#hand02">;</add> so I planted <add place="below">^</add> <add place="above" hand="#hand02">here</add> a lot of peach 
<lb/>and apricot stones and coffee seed. <del type="strikethrough" hand="#hand02">And</del>

	<pb n="0013" facs="liv_000875_0013"/><!--pb/@n='7r'-->
<lb/><fw type="pageno"><hi rend="underline">4 Sheet</hi></fw> 
<lb/><del type="strikethrough" hand="#hand02"><choice><sic>And</sic><corr>notext</corr></choice></del><del type="overwritten" hand="#hand02">a</del><add place="over-text" hand="#hand02">A</add>s the island is unapproachable when the 
<lb/>river rises except by hippopotami, if my hedge 
<lb/>is made according to contract<add place="inline" hand="#hand02">,</add> I have great 
<lb/>hopes of <placeName>Mosioatunya's</placeName> abilities as a nursery man<add place="inline" hand="#hand02">.</add>
<lb/><del type="strikethrough" hand="#hand02">(</del><del type="overwritten" hand="#hand02">o</del><add place="over-text" hand="#hand02">O</add>n another island close by your <del type="strikethrough" hand="#hand02">speech</del> <add place="above" hand="#hand02">address</add> of 1852 
<lb/><del type="strikethrough" hand="#hand02">lay</del> <add place="above" hand="#hand02">remained</add> a whole year. If you had been a lawyer<add place="inline" hand="#hand01">,</add>
<lb/>instead of a geologist, your claims to the 
<lb/>discovery would have been strong<add place="inline" hand="#hand02">,</add><del type="strikethrough" hand="#hand02">seeing</del> <add place="above" hand="#hand02">as</add> "a bit 
<lb/>of your mind" was within sight and sound 
<lb/>of the falls<add place="inline" hand="#hand01">,</add> long <add place="below">^</add> <add place="above" hand="#hand02">long</add> before the arrival of any European<reg>.</reg><del type="strikethrough" hand="#hand02">)</del>
<lb/>I thank you for sending it.</del></p>
<lb/><p><del type="strikethrough" hand="#hand02">(</del><del type="overwritten" hand="#hand02">t</del><add place="over-text" hand="#hand02">T</add>he former name of the spot was <placeName>Shongwé</placeName>
<lb/>the meaning of which I cannot ascertain. 
<lb/><del type="overwritten" hand="#hand02"><choice><reg>T</reg><orig>t</orig></choice></del><add place="over-text" hand="#hand02">T</add>he <term type="tribe">Makololo</term> in passing near it said "Mosi 
<lb/>oa tunya" "smoke does sound". Very few 
<lb/>of them ever went near to examine the cause<add place="inline" hand="#hand02">,</add>
<lb/>before my visit. When the river is in flood<add place="inline" hand="#hand02">,</add>
<lb/>the vapour is seen and <add place="below">^</add> <add place="above" hand="#hand02">the</add> sound heard ten or 
<lb/>more miles distant. Although I have not 
<lb/>felt at liberty to act on my conviction on 
<lb/>the subject of names<add place="inline" hand="#hand01">,</add> I think all rivers 
<lb/>and hills discovered by Englishmen ought 
<lb/>to have English names. <choice><reg>T</reg><orig>t</orig></choice>he African name 
<lb/>is known only to people in the locality <del type="strikethrough" hand="#hand02">alone</del>
<lb/>I could not get the name <placeName>Zumbo</placeName> lately 
<lb/>from the people among the rivers and 

	<pb n="0014" facs="liv_000875_0014"/><!--pb/@n='7v'-->
<lb/><del type="strikethrough" hand="#hand01">passed <placeName>Dambarari</placeName> on the opposite side of the 
<lb/>river<add place="inline" hand="#hand02">,</add> nobody having ever heard the name before. 
<lb/><del type="overwritten" hand="#hand02"><choice><reg>T</reg><orig>t</orig></choice></del><add place="over-text" hand="#hand02">T</add>he same would have happened of course had 
<lb/>they been English or Portuguese names<add place="inline" hand="#hand02">,</add> but we 
<lb/>should not have the <del type="strikethrough" hand="#hand02">excruciating</del> nonsense 
<lb/>with which by mispelling we and the printers 
<lb/>disfigure the maps. See how many ways 
<lb/>Bechuanas are mentioned Booshuanas 
<lb/>Bootjouanas, Beitjouanas &amp;c &amp;c. 
<lb/>Makratta for Makabé. Marelata 
<lb/>for Moretelé. Wanketzeens for 
<lb/>Bangwaketsé. Beza (God) for 
<lb/>Reza. We on the spot are often 
<lb/>misled by getting information from 
<lb/>foreigners<add place="inline" hand="#hand02">,</add> who pronounce names according 
<lb/>to their own dialects<add place="inline" hand="#hand02">,</add> and are there by often 
<lb/>guilty of leading those at home astray. English 
<lb/>names too are surely better than <add place="below">^</add> <add place="above">the</add> round 
<lb/>of Dutch names. "sand", "stone", "mud" 
<lb/>or <reg>"</reg><unclear cert="low">reed</unclear> rivers". I do not urge the point 
<lb/>but I think it merits consideration.<del type="strikethrough" hand="#hand02">)</del></del></p>
<lb/><p>Shaping our course now to 
<lb/>the North East<add place="inline" hand="#hand01">,</add> we left the hills which 
<lb/><del type="strikethrough" hand="#hand02">constrict</del> <add place="above" hand="#hand02">confine</add> the river on our right. <del type="strikethrough" hand="#hand02">And</del>

	<pb n="0015" facs="liv_000875_0015"/><!--pb/@n='8r'-->
<lb/>When we got free of tsetsé and night travelling<add place="inline" hand="#hand01">,</add>
<lb/>we found a fine<add place="inline" hand="#hand01">,</add> open country with gently 
<lb/>undulating lawns, ornamented with large 
<lb/>spreading trees<add place="inline" hand="#hand02">,</add> which had once <choice><sic>give</sic><corr>given</corr></choice><add place="inline" hand="#hand02">n</add> shade 
<lb/>in towns and villages<add place="inline" hand="#hand01">,</add> the ruins of which 
<lb/>are everywhere visible. <choice><reg>T</reg><orig>t</orig></choice>here are <del type="strikethrough" hand="#hand02">too</del> <add place="below">^</add> <add place="above" hand="#hand02">also</add> many 
<lb/>patches of forest<add place="inline" hand="#hand02">,</add> but as <add place="inline" hand="#hand02">it</add> often happens 
<lb/>in this country<add place="inline" hand="#hand02">,</add> the wood grows chiefly 
<lb/>on the hills. <choice><reg>T</reg><orig>t</orig></choice>he large game has now 
<lb/>undisturbed occupation of what were 
<lb/>the pleasant haunts of men<add place="inline" hand="#hand02">,</add> and immense 
<lb/>herds of buffaloes quietly grazing or reclining<add place="inline" hand="#hand02">,</add>
<lb/>added <add place="above" hand="#hand02">to the</add> beauty <del type="overwritten" hand="#hand02">to</del><add place="over-text" hand="#hand02">of</add> the scene. <add place="marginleft" hand="#hand02">N.P.</add><!-- CODIC: 2 editorial lines indicating new para--><del type="overwritten" hand="#hand02"><choice><reg>T</reg><orig>t</orig></choice></del><add place="over-text" hand="#hand02">T</add>he courses of 
<lb/>the rivulets which have all a mountain 
<lb/>torrent character<add place="inline" hand="#hand02">,</add> as well as the <add place="below">^</add> <add place="above" hand="#hand02">temperature of the boiling</add><del type="strikethrough" hand="#hand02">point 
<lb/>of ebullition of</del> water<add place="inline" hand="#hand01">,</add> shewed that we were 
<lb/>now ascending the Eastern ridge. <choice><reg>T</reg><orig>t</orig></choice>he 
<lb/>first <add place="below">^</add> <add place="above" hand="#hand02">stream</add> is named <placeName>Lekoné</placeName> and is perennial<add place="inline" hand="#hand02">.</add>
<lb/><del type="overwritten" hand="#hand02">i</del><add place="over-text" hand="#hand02">T</add>t runs in what may have been the antient 
<lb/>bed of the <placeName>Zambesi</placeName><add place="inline" hand="#hand02">,</add> before the fi<del type="overwritten" hand="#hand02">zz</del><add place="over-text" hand="#hand02">ss</add>ure was 
<lb/>made. I could examine it only by the 
<lb/>light of the moon<add place="inline" hand="#hand02">,</add> but then, it seemed 
<lb/>very like an antient river channel. <del type="overwritten" hand="#hand02">It</del><add place="over-text" hand="#hand02">The</add> <add place="below">^</add> <add place="above" hand="#hand02"><placeName>Lekoné </placeName></add>runs 
<lb/><del type="strikethrough" hand="#hand02">back or</del> contrary to <del type="strikethrough" hand="#hand02">that</del> <add place="above" hand="#hand02">the</add> direction in which 
<lb/>the <del type="strikethrough" hand="#hand02">river</del> <add place="above" hand="#hand02"><placeName>Zambesi</placeName></add> did and does now flow <add place="inline" hand="#hand02">&amp;</add> join<del type="overwritten" hand="#hand02">ing</del><add place="over-text" hand="#hand02">s</add>

	<pb n="0016" facs="liv_000875_0016"/><!--pb/@n='8v'-->
<lb/><add place="inline" hand="#hand02"> the latter</add> five of six miles above <placeName>Kalai</placeName>. If little 
<lb/>or no alteration of level <choice><sic>occured</sic><corr>occurred</corr></choice> when the 
<lb/>fi<del type="overwritten" hand="#hand02">zz</del><add place="over-text" hand="#hand02">ss</add>ure was formed<add place="inline" hand="#hand01">,</add> then the altitude of the 
<lb/>former channel being only a little higher 
<lb/>than <placeName>Linyanti</placeName>, we have a confirmation 
<lb/>of what is otherwise clearly evident<add place="inline" hand="#hand02">,</add> that the 
<lb/><placeName>Zambesi</placeName> was collected into a vast lake<add place="inline" hand="#hand02">,</add>
<lb/>which included not only <placeName>Lake Ngami</placeName>
<lb/>in its bosom<add place="inline" hand="#hand02">,</add> but spread westwards beyond 
<lb/><placeName>Libebé</placeName><add place="inline" hand="#hand02">,</add> - South wards and Eastwards beyond 
<lb/><placeName>Nchokotsa</placeName><add place="inline" hand="#hand02">.</add><del type="strikethrough" hand="#hand02">- </del>indeed in many parts south 
<lb/>of <placeName>Ngami</placeName><add place="inline" hand="#hand02">,</add> when an anteater makes a 
<lb/>burrow<add place="inline" hand="#hand02">,</add> he digs up shells identical with those 
<lb/>now living in the <placeName>Zambesi</placeName>. And all the 
<lb/>surface indicated is covered by a deposit of 
<lb/>soft calcareous tufa, with which the fresh 
<lb/>waters of the valley seem to have formerly 
<lb/>been loaded. <del type="strikethrough" hand="#hand01"><choice><reg>T</reg><orig>t</orig></choice>he <term type="tribe">Barotsé</term> valley was 
<lb/>probably dis-charged by the same means<add place="inline" hand="#hand02">;</add>
<lb/><del type="strikethrough" hand="#hand02">seeing</del> <add place="above" hand="#hand02">for</add><placeName>Gonyé</placeName> possesses a fi<del type="overwritten" hand="#hand02">zz</del><add place="over-text" hand="#hand02">ss</add>ure character 
<lb/>and so does another large cataract situated 
<lb/>beyond <persName>Masiko's</persName> in the <placeName>Kabompo</placeName>.<!-- CODIC: two editorial lines indicating new para--> <add place="marginleft" hand="#hand02">N.P.</add> It 
<lb/>would be interesting to ascertain if these 
<lb/>rents were suddenly made and remain 
<lb/><del type="strikethrough" hand="#hand02">so</del> <add place="below">^</add> <add place="above" hand="#hand02">in their original state or whether they are</add><del type="strikethrough" hand="#hand02">or, are</del> at present progressive. 

	<pb n="0017" facs="liv_000875_0017"/><!--pb/@n='9r'-->
<lb/><fw type="pageno"><hi rend="underline">5 Sheet</hi></fw> 
<lb/>I had a strong desire to measure a point 
<lb/>of that of <placeName>Mosioatunya</placeName> but had neither the 
<lb/>means of accurate measurement<add place="inline" hand="#hand01">,</add> nor <add place="inline" hand="#hand02">of</add>
<lb/><del type="strikethrough" hand="#hand02">to</del> mark<add place="inline" hand="#hand02">ing</add> the hard rock afterwards. <choice><reg>T</reg><orig>t</orig></choice>hey 
<lb/>have proved drains on a gigantic scale<add place="inline" hand="#hand02">,</add>
<lb/>and if geologists did not require such 
<lb/>eternities of time for their operations<add place="inline" hand="#hand02">,</add>
<lb/>we might hazard a hint about a 
<lb/>salubrious <choice><sic>millenium</sic><corr>millennium</corr></choice> for Africa. 
<lb/>Shall we say <add place="below">^</add> <add place="above" hand="#hand02">that</add> they are geologically recent<add place="inline" hand="#hand02">,</add>
<lb/>because there is not more than three feet 
<lb/>worn off the edge subjected to the wear of 
<lb/>the water<add place="inline" hand="#hand02">?</add> - and <add place="above" hand="#hand02">that they</add> are progressive<add place="inline" hand="#hand02">, as</add> the 
<lb/>gradual des<del type="strikethrough">s</del>iccation of the <placeName>Bechuana 
<lb/>country</placeName> shew<del type="overwritten" hand="#hand02">ing</del><add place="over-text" hand="#hand02">s</add> a slow elevation of the ridges. 
<lb/>No one will probably think much of the  
<lb/>negative fact<add place="inline" hand="#hand02">,</add> that there is no trace of 
<lb/>a tradition in the country of an earthquake. 
<lb/><choice><reg>T</reg><orig>t</orig></choice>he word is not in the language and 
<lb/>though events<add place="inline" hand="#hand02">,</add> centuries old<add place="inline" hand="#hand02">,</add> are sometimes 
<lb/>commemorated by means of names<add place="inline" hand="#hand02">,</add>
<lb/>I never met with any approach to 

	<pb n="0018" facs="liv_000875_0018"/><!--pb/@n='9v'-->
<lb/><choice><sic>to</sic><corr>notext</corr></choice> a Tom. Earthquake or Sam. shake-the-ground 
<lb/>among them. Yet they do possess a 
<lb/>tradition<add place="inline" hand="#hand01">,</add> which is wonderfully like the building 
<lb/>of the Tower of Babel<add place="inline" hand="#hand01">,</add> ending differently 
<lb/>however from that in the Bible<add place="inline" hand="#hand02">,</add> the 
<lb/>bold builders having got their <del type="strikethrough" hand="#hand02">crowns</del> <add place="above" hand="#hand02">heads</add>
<lb/>cracked by the giving way of the scaffolding<add place="inline" hand="#hand02">.</add>
<lb/><del type="overwritten" hand="#hand02"><choice><reg>T</reg><orig>t</orig></choice></del><add place="over-text" hand="#hand02">T</add>here is also the story of Solomon and 
<lb/>the harlots<add place="inline" hand="#hand02">,</add> and all <del type="strikethrough" hand="#hand02">refer</del> <add place="above" hand="#hand02">trace back</add> their origin 
<lb/>to <del type="strikethrough" hand="#hand02">coming</del> <add place="above" hand="#hand02">a time when their forefathers came</add> out of a cave in the North East 
<lb/>in company with animals. <del type="overwritten" hand="#hand02"><choice><reg>T</reg><orig>t</orig></choice></del><add place="over-text" hand="#hand02">T</add>he cave 
<lb/>is termed Loé - <add place="below">^</add> <add place="above">(Noé)</add> and is exceptional 
<lb/>in the language<add place="inline" hand="#hand02">,</add> <add place="below">^</add> <add place="above" hand="#hand02">from</add> having masculine pronouns.</del></p>
<lb/><p>Still ascending the Western side of 
<lb/>the ridge we cross another rivulet 
<lb/>named <placeName>Unguesi</placeName><add place="inline" hand="#hand02">,</add> which flows in the 
<lb/>same direction as <placeName>Lekoné</placeName><add place="inline" hand="#hand02">,</add> and joins 
<lb/>the <del type="strikethrough" hand="#hand02">river</del> <add place="above" hand="#hand02"><placeName>Zambesi</placeName></add><add place="inline" hand="#hand02">,</add> above the point where the 
<lb/>rapids begin. <choice><reg>T</reg><orig>t</orig></choice>he next <add place="below">^</add> <add place="above" hand="#hand02">tributary</add> called 
<lb/><add place="inline" hand="#hand01">"</add><placeName>Kalomo</placeName><add place="inline" hand="#hand01">"</add> never dries<add place="inline" hand="#hand02">,</add> and being on 
<lb/>the top of the ridge<add place="inline" hand="#hand02">,</add> runs South<add place="inline" hand="#hand02">,</add> or 
<lb/>South and by East<add place="inline" hand="#hand02">,</add> falling into the 
<lb/><placeName>Zambesi</placeName> below the falls<add place="inline" hand="#hand02">.</add><del type="strikethrough" hand="#hand02">and</del><del type="overwritten" hand="#hand02">l</del><add place="over-text" hand="#hand02">L</add>astly 

	<pb n="0019" facs="liv_000875_0019"/><!--pb/@n='10r'-->
<lb/><add place="below">^</add> <add place="above" hand="#hand02">Lastly</add> we crossed the <placeName>Mozuma</placeName> or <placeName>Dela</placeName> flowing 
<lb/>Eastwards. We continued the Eastern descent 
<lb/>till we came to the <placeName>Bashukulompo River<add place="inline" hand="#hand02">,</add></placeName>
<lb/><del type="strikethrough" hand="#hand02">there</del> <add place="above" hand="#hand02">where</add> it may be said to terminate<add place="inline" hand="#hand02">;</add> for 
<lb/>we had again reached the altitude of <placeName>Linyanti</placeName>. 
<lb/>We intended to have struck the <placeName>Zambesi</placeName>
<lb/>exactly at the confluence<add place="inline" hand="#hand02">,</add> but <add place="below">^</add> <add place="above" hand="#hand02">we</add> were drawn 
<lb/>aside by a wish to visit <persName>Semalembué</persName><add place="inline" hand="#hand01">,</add>
<lb/>who is an influential chief in that 
<lb/>quarter. The <placeName>Bashukulompo River</placeName>
<lb/>is here called <placeName>Kahowhé</placeName><add place="inline" hand="#hand02">;</add> and farther 
<lb/>down the <placeName>Zambesi</placeName><add place="inline" hand="#hand02">,</add> it is named 
<lb/><placeName>Kafué</placeName><del type="strikethrough" hand="#hand02">(Kafooey)</del><reg>.</reg> Passing through 
<lb/>some ranges of hills<add place="inline" hand="#hand02">,</add> among which 
<lb/>the <placeName>Kafué</placeName> also winds<add place="inline" hand="#hand02">,</add> we came to the 
<lb/><placeName>Zambesi</placeName>, a little beyond the confluence. 
<lb/>It is here much broader than <del type="strikethrough" hand="#hand02">at the</del> <add place="above" hand="#hand02">that part of it called</add>
<lb/><placeName>Leeambye</placeName><add place="inline" hand="#hand02">,</add> but possesses the same 
<lb/>character of reedy islands, sand banks 
<lb/>and wonderful abundance of animal 
<lb/>life. It was much discoloured by recent 
<lb/>rains; <add place="below">^</add> <add place="above" hand="#hand02">but as we</add> <del type="overwritten" hand="#hand02">coming</del><add place="over-text" hand="#hand02">came</add> down along the left bank<add place="inline" hand="#hand02">,</add>
<lb/>it fell <!-- mv7 start -->before we had gone 30 miles<!-- mv7 end --> more 
<lb/>than two feet <!-- mv7 destination -->. It is never discoloured 

	<pb n="0020" facs="liv_000875_0020"/><!--pb/@n='10v'-->
<lb/>above <placeName>Mosioatunya</placeName>. Hence I conclude the 
<lb/>increase or flood was comparatively local<add place="inline" hand="#hand02">,</add>
<lb/>and effected by numerous small feeders 
<lb/>on both <del type="strikethrough" hand="#hand02">sides</del> <add place="above" hand="#hand02">banks</add><add place="inline" hand="#hand02">,</add> East of the ridge. When we 
<lb/>ascended <del type="strikethrough" hand="#hand02">it</del> <add place="above" hand="#hand02">the <placeName>Zambesi</placeName></add> towards <placeName>Kabompo</placeName> in <add place="below">^</add> <add place="above">January</add> 1854, the 
<lb/>annual flood<add place="inline" hand="#hand02">,</add> which causes inundation<add place="inline" hand="#hand02">,</add>
<lb/>had begun, and with the exception of sand<add place="inline" hand="#hand02">,</add>
<lb/>which was immediately deposited at the bottom 
<lb/>of the vessel<add place="inline" hand="#hand02">,</add> there was no discolouration. 
<lb/>Ranges of hills stand on both banks as far 
<lb/>as we have yet seen it. <del type="overwritten" hand="#hand02"><choice><reg>T</reg><orig>t</orig></choice></del><add place="over-text" hand="#hand02">T</add>he usual mode 
<lb/>of travelling is by canoe<add place="inline" hand="#hand02">,</add> so there are generally 
<lb/>no paths, and nothing can exceed the tedium 
<lb/>of winding along through tangled  jungle<add place="inline" hand="#hand02">,</add>
<lb/>without something of the sort. We cannot 
<lb/>make more than 2 miles an hour. Our 
<lb/>oxen are all dead of tsetse<add place="inline" hand="#hand01">,</add> except two<add place="inline" hand="#hand01">,</add> and 
<lb/>the only riding ox is so weak from the 
<lb/>same cause as to be useless. Yet we are 
<lb/>more healthy than in the journey to 
<lb/><placeName>Loanda</placeName> - <del type="overwritten" hand="#hand01">t</del><add place="over-text" hand="#hand01">T</add>he banks feel hot and 
<lb/>steamy both night and day<add place="inline" hand="#hand02">,</add><del type="strikethrough" hand="#hand02">yet</del> <add place="above" hand="#hand02">but</add> I have 
<lb/><add place="inline" hand="#hand02">had</add> no attack of fever through the whole 
<lb/>journey. I attribute this partly to <add place="above" hand="#hand02">not</add> having 
<lb/>been <del type="strikethrough" hand="#hand02">not</del> "too old to learn"<add place="inline" hand="#hand02">,</add> and partly 
<lb/>to having had wheaten bread all the 

	<pb n="0021" facs="liv_000875_0021"/><!--pb/@n='11r'-->
<lb/><fw type="pageno"><hi rend="underline">6<hi rend="sup">th</hi> Sheet</hi></fw> 
<lb/>way from the waggon <add place="below">^</add> <add place="above" hand="#hand02">at <placeName>Linyanti</placeName></add>. <del>In going North we  
<lb/>braved the rains<add place="inline" hand="#hand02">,</add> unless they were continuous<add place="inline" hand="#hand02">,</add>
<lb/>and the <del type="strikethrough" hand="#hand02">under</del> <add place="above" hand="#hand02">lower</add> half of <del type="strikethrough" hand="#hand02">the person</del> <add place="above" hand="#hand02">the body</add> was wetted 
<lb/>two <add place="below">^</add> <add place="above">or</add> three times every day by crossing streams. 
<lb/>But now when <del type="strikethrough" hand="#hand02">we see</del> rain approach<del type="overwritten" hand="#hand02">ing</del><add place="over-text" hand="#hand02">es</add><add place="inline" hand="#hand01">,</add> we 
<lb/>halt<add place="inline" hand="#hand02">,</add> light large fires<add place="inline" hand="#hand02">,</add> and each gets up a 
<lb/>little grass shed over him. Tropical rains 
<lb/>run through everything<add place="inline" hand="#hand02">,</add> but though wetted<add place="inline" hand="#hand02">,</add>
<lb/>comparatively little caloric is lost now<add place="inline" hand="#hand02">,</add> to 
<lb/>what would be the case if a stream of 
<lb/>water ran <add place="below">^</add> <add place="above">for an hour along</add><del type="strikethrough">off</del> the body. After being warmed 
<lb/>by the fire<add place="inline" hand="#hand02">,</add> all go on comfortably again<add place="inline" hand="#hand02">,</add> and 
<lb/>the party has been remarkably healthy. In 
<lb/>the other journey too, wishing to avoid 
<w>over-<lb break="no"/>loading</w> the men and there by make them lose 
<lb/><add place="marginleft" hand="#hand01"><del type="strikethrough" hand="#hand01">flesh</del></add> <add place="above" hand="#hand01"> heat</add> heart<add place="inline" hand="#hand02">,</add> I depended chiefly on native food<add place="inline" hand="#hand02">,</add>
<lb/>which is almost pure starch<del type="overwritten" hand="#hand02">,</del><add place="over-text" hand="#hand02">,</add> <add place="below">^</add> <add place="above" hand="#hand02">and</add> the complete 
<lb/>change of diet must have made me more 
<lb/>susceptible of fever. But now by an 
<lb/>extemporaneous oven, formed by inverting 
<lb/>a pot over hot coals &amp; making a fire 
<lb/>above it, with fresh bread and coffee 
<lb/>in Arab fashion I get on most 
<lb/>comfortably. <del type="overwritten" hand="#hand02"><choice><reg>T</reg><orig>t</orig></choice></del><add place="over-text" hand="#hand02">T</add>here is no tiring of it. 

	<pb n="0022" facs="liv_000875_0022"/><!--pb/@n='11v'-->
<lb/>I mention <del type="overwritten" hand="#hand02">it</del><add place="over-text" hand="#hand02">this</add> because it may prove a 
<lb/>useful hint to travellers who think they will 
<lb/>gain by braving hunger or wet.</del></p>
<lb/><p>From the Longitudes<add place="inline" hand="#hand02">,</add> I <del type="strikethrough" hand="#hand02">take</del> <add place="above" hand="#hand02">estimate</add> the distance 
<lb/>from <add place="above">top to top of</add> the ridges to be about <del type="strikethrough" hand="#hand02">10° of Longitude 
<lb/>or</del> 600 geographical miles. <del type="strikethrough" hand="#hand01">I purposely 
<lb/>refrain from mentioning any of my own 
<lb/>calculations of Lunar observations <del type="strikethrough" hand="#hand02">made</del>
<lb/>because it would appear so presumptious 
<lb/>to allow them to appear on the same 
<lb/>page with those of <persName>M<hi rend="sup underline">r</hi> Maclear</persName><add place="inline" hand="#hand02">,</add> who moreover 
<lb/>undertakes the labour with such hearty 
<lb/>good will<add place="inline" hand="#hand02">,</add> <add place="below">^</add> <add place="above" hand="#hand02">that</add> I fear <del type="strikethrough" hand="#hand02">to</del> <add place="above" hand="#hand02">the</add> appear<add place="inline" hand="#hand02">ance</add><del type="strikethrough" hand="#hand02">as</del> <add place="above" hand="#hand02">of</add> undervaluing 
<lb/>his disinterested aid.</del><!-- CODIC: two editorial lines indicating new para--> <add place="marginleft" hand="#hand02">N.P.</add><del type="overwritten" hand="#hand02"><choice><reg>T</reg><orig>t</orig></choice></del><add place="over-text" hand="#hand02">T</add>he Eastern ridge 
<lb/>seems to bend in to the West at the part we 
<lb/>have crossed<add place="inline" hand="#hand02">,</add> and then trends away to the 
<lb/>North East thereby approaching the East 
<lb/>coast. It is fringed on some parts by 
<lb/>ranges of hills<add place="inline" hand="#hand02">,</add> but my observations 
<lb/>seem to shew they are not of greater 
<lb/>altitude than the flats of <placeName>Linyanti</placeName>. I 
<lb/>cannot hear of a hill <hi rend="underline">on</hi> either ridge<add place="inline" hand="#hand02">,</add>
<lb/>hence the agricultural  phrase I employ. 
<lb/>And if it is generally not broader than 

	<pb n="0023" facs="liv_000875_0023"/><!--pb/@n='12r'-->
<lb/>600 miles, instead of calling the continent <del type="strikethrough" hand="#hand02">a</del>
<lb/>basin shaped <del type="strikethrough" hand="#hand02">one</del>, it may be proper to say <add place="inline" hand="#hand02">that</add>
<lb/>it has a furrow in the middle<add place="inline" hand="#hand02">,</add> with <del type="strikethrough" hand="#hand02">two</del> <add place="above" hand="#hand02">an</add> elevated 
<lb/>ridge on each side - <add place="below">^</add> <add place="above">each about 200 miles broad</add> the land sloping on both 
<lb/>sides thence to the sea.<!-- CODIC: two editorial lineas indicating new para--> <add place="marginleft" hand="#hand02">N.P</add> I have referred to the  
<lb/>clayslate or <add place="inline" hand="#hand02">"</add>Keel<add place="inline" hand="#hand02">"</add> formation of which I got 
<lb/>a glance in the Western ridge. In the Eastern 
<lb/>we have a number of igneous rocks, with 
<lb/>gneiss and mica slate, all dipping Westwards, 
<lb/>then large rounded masses of granite which 
<lb/>appear to change the dip to the Eastward. I bring 
<lb/>specimens of both classes of rocks along 
<lb/>with me. Is this granite the cause of 
<lb/>elevation? <add place="inline" hand="#hand01">End <gap extent="3" unit="words" agent="illegible"/></add></p>
<lb/><p><del type="strikethrough" hand="#hand02">If your patience is not utterly exhausted 
<lb/>by this long disjointed letter</del> I shall refer to 
<lb/>but one topic more and then conclude. <del type="overwritten" hand="#hand02"><choice><reg>T</reg><orig>t</orig></choice></del><add place="over-text" hand="#hand02">T</add>he 
<lb/>ridges are both known to be comparatively 
<lb/>salubrious<add place="inline" hand="#hand02">,</add> closely resembling in this respect 
<lb/>that most healthy of healthy climates<add place="inline" hand="#hand01">,</add> the 
<lb/>Interior of Southern Africa adjacent to the 
<lb/>Desert. <choice><reg>T</reg><orig>t</orig></choice>he grass is short. <del type="overwritten" hand="#hand01"><choice><reg>O</reg><orig>o</orig></choice></del><add place="over-text" hand="#hand02">O</add>ne can 
<lb/>walk on it without that high fatiguing 
<lb/>lift of the foot<add place="inline" hand="#hand02">,</add> necessary among the long 
<lb/>tangled herbage of the valley. We saw 

	<pb n="0024" facs="liv_000875_0024"/><!--pb/@n='12v'-->
<lb/>neither fountain<add place="inline" hand="#hand01">,</add> nor marsh on it<add place="inline" hand="#hand02">,</add> and 
<lb/>singularly enough we noticed many of 
<lb/>the plants and trees which we had observed 
<lb/>on the slopes of the Western ridge. In Angola<add place="inline" hand="#hand02">,</add>
<lb/>parts - which once were thought to be so unhealthy 
<lb/>as to be set apart for the punishment 
<lb/>of criminals of the deepest dye, and 
<w>trans-<lb break="no"/>portation</w> there deemed much worse than to 
<lb/>any part of the coast<add place="inline" hand="#hand02">,</add> - are now known to 
<lb/>be the most healthy spots in the country. 
<lb/>Such are the "Pedras negras" or black 
<lb/>rocks of <placeName>Pungo Andongo</placeName><add place="inline" hand="#hand02">,</add> and other parts. 
<lb/><add place="marginleft" hand="#hand02">N.P.</add>If my opinion were of any weight<add place="inline" hand="#hand02">,</add>
<lb/>I would fain recommend all visitors 
<lb/>of the Interior of Africa<add place="inline" hand="#hand02">,</add> whether for the 
<lb/>advancement of scientific knowledge 
<lb/>or for the purposes of trade or benevolence<add place="inline" hand="#hand02">,</add>
<lb/>to endeavour to ascertain whether the 
<lb/>elevated salubrious ridges mentioned<add place="inline" hand="#hand02">,</add>
<lb/><del type="strikethrough" hand="#hand02">do</del> <add place="above" hand="#hand02">are</add> not <del type="strikethrough" hand="#hand02">exist as sanatoria</del> <add place="above" hand="#hand02">prolonged</add> father 
<lb/>North than my enquiries extend<del type="overwritten" hand="#hand02">.</del><add place="over-text" hand="#hand02">,</add><add place="inline" hand="#hand02">and 
<lb/>whether sanatoria may not be established on them.</add>
<lb/>At present I have the prospect of 
<lb/>water-carriage up right<!-- editorial mark to swap word order of 'up right' --> to the bottom 
<lb/>of the Eastern ridge. <del type="strikethrough" hand="#hand02">And</del><del type="overwritten" hand="#hand02">i</del><add place="over-text" hand="#hand02">I</add>f a 

	<pb n="0025" facs="liv_000875_0025"/><!--pb/@n='13r'-->
<lb/><fw type="pageno"><hi rend="underline">7 Sheet</hi></fw> 
<lb/>quick passage can be effected thither during 
<lb/>a healthy part of the season<add place="inline" hand="#hand02">,</add> there is<add place="inline" hand="#hand02">,</add> I 
<lb/>presume<add place="inline" hand="#hand02">,</add> a prospect of residence in 
<lb/>localities superior to those on the coast. 
<lb/>Did the <add place="below">^</add> <add place="above" hand="#hand01">Great</add> Niger expedition turn back when 
<lb/>near such a desirable position for its 
<lb/>stricken and prostrate members? <add place="inline" hand="#hand01">[End</add></p>
<lb/><p><add place="marginleft" hand="#hand02"><del type="strikethrough" hand="#hand02">P.S</del>N.P</add><del type="strikethrough" hand="#hand01">--I have said that the hills which 
<lb/>fringe the ridge on the East are not of 
<lb/>great altitude. <del type="overwritten" hand="#hand02"><choice><reg>T</reg><orig>t</orig></choice></del><add place="over-text" hand="#hand02">T</add>hey are all lower than the 
<lb/>crest of the ridges, and bear evident marks 
<lb/>of having been subjected to denudation 
<lb/>on a grand scale. Many of the ranges shew 
<lb/>on their sides<add place="inline" hand="#hand02">,</add> in a magnified way<add place="inline" hand="#hand02">,</add> the 
<lb/>exact counterparts of mud banks left by 
<lb/>the tides. A coarse sandstone rock which 
<lb/>contains banks of shingle and pebbles<add place="inline" hand="#hand02">,</add> but 
<lb/>no fossils, often exhibits circular holes<add place="inline" hand="#hand02">,</add>
<lb/>identical with those made by round stones 
<lb/>in rapids and waterfalls. <choice><reg>T</reg><orig>t</orig></choice>hey are from 
<lb/><add place="inline" hand="#hand02">three</add><del type="strikethrough" hand="#hand02">3</del> to four feet broad at the brim, wider 
<lb/>internally and six or eight feet deep<add place="inline" hand="#hand02">.</add>
<lb/><del type="overwritten" hand="#hand02"><choice><reg>S</reg><orig>s</orig></choice></del><add place="over-text" hand="#hand02">S</add>ome are convenient wells others are filled 
<lb/>with earth<add place="inline" hand="#hand02">,</add> but there is no agency now 

	<pb n="0026" facs="liv_000875_0026"/><!--pb/@n='13v'-->
<lb/>in operation <add place="below">^</add> <add place="above">in the heights in which they appear</add> which could have formed 
<lb/>them. Close to the confluence of the <placeName>Kafue</placeName>, 
<lb/>there is a forest of silicified trees, many 
<lb/>of which are five feet in diameter<add place="inline" hand="#hand02">;</add> and 
<lb/>all along the <placeName>Zambesi</placeName> to this <add place="below">^</add> <add place="above" hand="#hand02">place,</add> where the 
<lb/>rock appears fragments of silicified 
<lb/>wood abound. I got a piece of palm 
<lb/>the pores filled with silica<add place="inline" hand="#hand02">, &amp;</add> the woody 
<lb/>parts <del type="strikethrough" hand="#hand02">of</del> <add place="above" hand="#hand02">with</add> oxide of iron. I imagined it 
<lb/>was one of the old bottom rocks, because 
<lb/>I never could see a fossil in it in the 
<lb/>valley<add place="inline" hand="#hand02">;</add> but here (<placeName>Tette</placeName> &amp; <placeName>Naké R<hi rend="sup"><unclear cert="low">t</unclear></hi></placeName>) I find 
<lb/>it overlying beds of coal! If it be 
<lb/>not heresy for a mere learner to utter 
<lb/>an opinion, I would suggest from 
<lb/>the bending in of the ridge<add place="inline" hand="#hand02">,</add> and the 
<lb/>appearance of the country Eastwards<add place="inline" hand="#hand02">,</add>
<lb/>that in ancient times this continent 
<lb/>presented very much of the same 
<lb/>form as the Eastern coast of 
<lb/>America does now.</del></p>
<lb/><p rend="right"><space extent="3" unit="chars"/>David Livingstone</p>
<lb/><p>

	<pb n="0027" facs="liv_000875_0027"/><!--pb/@n='14r'-->
<lb/><add place="inline" rend="left" hand="#hand02">this column 
<lb/>to be inserted</add><!-- 1st column added by Hand02--></p>
<lb/><table><!--perhasp this shouldn't be done as a table??--><row><cell>Feet</cell><cell> <add place="above" hand="#hand02">Temperature of the</add> Average point of <add place="below">^</add> <add place="above">brisk</add> Ebullition</cell><cell/></row><row><cell>3288</cell><cell>Linyanti</cell><cell>205°1/3</cell></row><row><cell>4078</cell><cell>Bed of Lekoné R.</cell><cell>204°1/2</cell></row><row><cell>4608</cell><cell>Marimbas vil.</cell><cell>203 1/4</cell></row><row><cell/><cell>Unguesi R.</cell><cell>202 1/2</cell></row><row><cell>5278</cell><cell>Kalomo R <hi rend="underline">Top of Ridge</hi></cell><cell>202°</cell></row><row><cell>4210</cell><cell>Naka Chinto on Eastern Slope</cell><cell>204°</cell></row><row><cell>3415</cell><cell>Semalembue's on Kafué R.</cell><cell>205 1/2</cell></row><row><cell>4078</cell><cell>Top of Hill at Semalembue's</cell><cell>204 1/2</cell></row><row><cell>3288</cell><cell>Down at bed of river I hour afterwards</cell><cell>205 3/4</cell></row><row><cell>1571</cell><cell>Near confluence of Kafué &amp; Zambesi</cell><cell>209°</cell></row><row><cell>1440</cell><cell>confluence of Loangua &amp; Zambesi = Zumbo</cell><cell>209 1/4</cell></row></table>
<lb/><p rend="no-indent"><add place="marginleft" hand="#hand02">note to 
<lb/>table in small 
<lb/>type</add>
<lb/><choice><reg>T</reg><orig>t</orig></choice>he observations were generally 
<lb/>made at the same hour of the day 
<lb/>and when the temperature of the air 
<lb/>in the shade was about 80°. D.L.</p>
			
</div>
		</body>
	</text></TEI>