<?xml version="1.0" encoding="UTF-8"?>
<?xml-model href="http://livingstoneonline.github.io/LEAP-ODD/leap.rng" type="application/xml" schematypens="http://relaxng.org/ns/structure/1.0"?>
<?xml-model href="http://livingstoneonline.github.io/LEAP-ODD/leap.rng" type="application/xml" schematypens="http://purl.oclc.org/dsdl/schematron"?>
 <?xml-stylesheet href="http://livingstoneonline.github.io/LEAP-XSLT/transcription.xsl" type="text/xsl"?>
 <!--Converted from a TEI P4 XML file to the LEAP TEI P5 Schema by James Cummings on 2015-03-02--><!--TEI encoding revised and standardized by Adrian S. Wisnicki, 2015-2016-->
         <TEI xmlns="http://www.tei-c.org/ns/1.0" xml:id="liv_000939"><!-- LP8 -->
	<teiHeader>
		<fileDesc>
			<titleStmt>
				<title>Letter to Anthony H. Hoskins</title>
                <title type="alternative">Letter to Anthony H. Hoskins, 5 January 1857</title>
				<author xml:id="DL">Livingstone, David, 1813-1873</author>
			</titleStmt>
			<publicationStmt>
				<authority>Livingstone Online</authority>
				<pubPlace>London</pubPlace>
				<date>2005-05-06</date>
				<publisher>Wellcome Centre for the History of Medicine, UCL</publisher>
				<idno type="LEAP-ID">liv_000939</idno>
			</publicationStmt>
			<sourceDesc>
				<bibl xml:id="ccnumber">Letters, 0449</bibl>
				<bibl xml:id="recipient"><persName>Hoskins, Anthony H., 1828-1901</persName></bibl>
				<bibl xml:id="date"><date when="1857-01-05">5 January 1857</date></bibl>
				<bibl xml:id="where">Mission House</bibl>
				<bibl xml:id="shelfmark">Wellcome Institute for the History of Medicine. Library; 7329 08</bibl><!--1857-01-05--><!--Original:1857-01-05-->
				<bibl xml:id="extent">4 pages</bibl>
			</sourceDesc>
		</fileDesc>
		<revisionDesc>
			<change>
				<date>2005-05-06</date>
				<name xml:id="SM">Sharon Messenger</name>Initial Transcription
			</change>
			<change>
				<date>2006-02-12</date>
				<name xml:id="CL">Chris Lawrence</name>first proof
			</change>
			<change>
				<date>2006-02-19</date>
				<name xml:id="JB">Janet Browne</name>second proof
			</change>
			<change>
				<date>2006-03-02</date>
				<name xml:id="CO">Caroline Overy</name>final proof
			</change>
		</revisionDesc>
	</teiHeader>

	<text>
		<body>
			<div>

	<pb n="0001" facs="liv_000939_0001"/><!--pb/@n='1'-->
<!--Hand 01 8 top left--><!--hand 02 68571 top right-->
<addSpan spanTo="#add-left1" place="marginleft"/>
<lb/><p rend="no-indent">I hope you will find it convenient to 
<lb/><space extent="4" unit="words"/>oblige Yours most truly 
<lb/><space extent="6" unit="words"/>David Livingstone</p><anchor xml:id="add-left1"/>
<lb/><p rend="right"><space extent="4" unit="chars"/><add place="inspace" rend="gray small">MS 7329/8 <space extent="2" unit="chars"/>68571</add></p>
<lb/><p rend="right"><placeName>Mission House</placeName></p>
<lb/><p rend="right">Blomfield <choice><abbr>St.</abbr><expan>Street</expan></choice></p>
<lb/><p rend="right"><space extent="1" unit="words"/>London</p>
<lb/><p rend="right"><space extent="2" unit="chars"/>5<hi rend="sup underline">th</hi> January 1857</p>
<lb/>
<lb/><p rend="no-indent">My Dear <persName>Commander Hoskins</persName></p>
<lb/><p>for so I suppose you 
<lb/>now are I <choice><sic>recieved</sic><corr>received</corr></choice> your 
<lb/>note of the first only this 
<lb/>morning and referred to 
<lb/>you as an authority 
<lb/>at a meeting of merchants 
<lb/>in the <placeName>Mansion House</placeName>
<lb/>from which I have just 
<lb/>returned. I am glad 

	<pb n="0002" facs="liv_000939_0002"/><!--pb/@n='2'-->
<lb/>to hear of your welfare 
<lb/>and often remembered you 
<lb/>in my solitary way 
<lb/><choice><sic>accross</sic><corr>across</corr></choice> the continent 
<lb/>as I perused with 
<lb/>great delight your 
<lb/>kind present of 
<lb/><term type="reference">"Kosmos"</term> I made 
<lb/>enquiries respecting 
<lb/>you of <persName>Captain <unclear cert="medium">Need</unclear></persName>
<lb/>when I met him 
<lb/>in London. Do you 
<lb/>know anything of 
<lb/><persName><unclear cert="low">Dallas</unclear></persName> since he left 

	<pb n="0003" facs="liv_000939_0003"/><!--pb/@n='3'-->
<lb/>the service. You would 
<lb/>not come with me. Had 
<lb/>you done so I would 
<lb/>have despatched you 
<lb/>from the <placeName>Zambesi</placeName> up 
<lb/>to where <persName>Captain Burton</persName>
<lb/>has now gone. He 
<lb/>would have been through 
<lb/>friendly tribes. My route 
<lb/>more difficult was through 
<lb/>an enemy's country 
<lb/>only I wanted a pathway 
<lb/>out by the <placeName>Zambesi</placeName></p>

	<pb n="0004" facs="liv_000939_0004"/><!--pb/@n='4'-->
<lb/><p rend="no-indent">Please draw up an outline of 
<lb/>what you know of the 
<lb/>depth of water at the mouth 
<lb/>of the <placeName>Luabo</placeName>, the safety 
<lb/>or otherwise of the ports at 
<lb/>the mouths of the <placeName>Zambesi</placeName>
<lb/>and say in a note apart 
<lb/>from it whether you will 
<lb/>allow me to send it to the 
<lb/>Times in connection 
<lb/>with &amp; <choice><sic>conformation</sic><corr>confirmation</corr></choice> of 
<lb/>my letter. Give your 
<lb/>proper title, services &amp;c 
<lb/>just as you would like 
<lb/>it published &amp; I shall send 
<lb/>the manuscript to the Editor</p>
			
</div>
		</body>
	</text></TEI>