<?xml version="1.0" encoding="UTF-8"?>
<?xml-model href="http://livingstoneonline.github.io/LEAP-ODD/leap.rng" type="application/xml" schematypens="http://relaxng.org/ns/structure/1.0"?>
<?xml-model href="http://livingstoneonline.github.io/LEAP-ODD/leap.rng" type="application/xml" schematypens="http://purl.oclc.org/dsdl/schematron"?>
 <?xml-stylesheet href="http://livingstoneonline.github.io/LEAP-XSLT/transcription.xsl" type="text/xsl"?>
 <!--Converted from a TEI P4 XML file to the LEAP TEI P5 Schema by James Cummings on 2015-03-02--><!--TEI encoding revised and standardized by Adrian S. Wisnicki, 2015-2016-->
         <TEI xmlns="http://www.tei-c.org/ns/1.0" xml:id="liv_000961">
	<teiHeader>
		<fileDesc>
			<titleStmt>
				<title>Letter to George Back</title>
                <title type="alternative">Letter to George Back, 9 February [1857]</title>
				<author xml:id="DL">Livingstone, David, 1813-1873</author>
			</titleStmt>
			<publicationStmt>
				<authority>Livingstone Online</authority>
				<pubPlace>London</pubPlace>
				<date>15-01-2009</date>
				<publisher>Wellcome Centre for the History of Medicine, UCL</publisher>
				<idno type="LEAP-ID">liv_000961</idno>
			</publicationStmt>
			<sourceDesc>
				<bibl xml:id="shelfmark">Royal Geographical Society (Great Britain); Back Collection</bibl>
				<bibl xml:id="ccnumber">Letters, 0468</bibl>
				<bibl xml:id="recipient"><persName>Back, George, 1796-1878</persName></bibl>
				<bibl xml:id="date"><date when="1857-02-09">9 February [1857]</date></bibl>
				<bibl xml:id="where">57 Sloane St., London</bibl>
			</sourceDesc>
		</fileDesc>
		<profileDesc>
			<langUsage>
				<language ident="en">English</language>
			</langUsage>
			<handNotes>
				<handNote xml:id="hand01">Scribe: Unknown</handNote>
			</handNotes>
		</profileDesc>
		<revisionDesc>
			<change>
				<date>2009-01-12</date>
				<name xml:id="SM">Sharon Messenger</name>Initial Transcription by Sharon Messenger
			</change>
			<change>
				<date>2009-01-23</date>
				<name xml:id="CL">Christopher Lawrence</name>Proof by Chris Lawrence
			</change>
		</revisionDesc>
	</teiHeader>

	<text>
		<body xml:lang="en">
			<div>

	<pb n="0001" facs="liv_000961_0001"/><!--pb/@n='1r'-->
<lb/><p rend="center"><space extent="1" unit="chars"/><placeName>57 Sloane St</placeName></p>
<lb/><p rend="center"><space extent="1" unit="chars"/>9<hi rend="sup underline">th</hi> Feb<hi rend="sup">y</hi></p>
<lb/>
<lb/><p rend="no-indent">My Dear Sir </p>
<lb/><p><space extent="2" unit="chars"/><persName>M<hi rend="sup underline">rs</hi> L.</persName> and 
<lb/>I have much 
<lb/>pleasure in 
<lb/>accepting your 
<lb/>kind invitation 
<lb/>for Monday 
<lb/>the 16<hi rend="sup underline">th</hi> and 

	<pb n="0002" facs="liv_000961_0002"/><!--pb/@n='1v'--> 
<lb/>it will give us 
<lb/>great pleasure 
<lb/>to meet your 
<lb/>worthy rector<reg>.</reg>
<lb/>Should anything 
<lb/>turn up to make 
<lb/>that day 
<w>incon-<lb break="no"/>venient</w> a note 
<lb/>will delay us 
<lb/>without any 
<lb/>inconvenience 

	<pb n="0003" facs="liv_000961_0003"/><!--pb/@n='2r'--> 
<lb/>till the 19<hi rend="sup">th</hi> as we 
<lb/>have no 
<w>engage-<lb break="no"/>ment</w> for that 
<lb/>day. </p>
<lb/><p>David Livingston </p>
			
</div>
		</body>
	</text></TEI>