<?xml version="1.0" encoding="UTF-8"?>
<?xml-model href="http://livingstoneonline.github.io/LEAP-ODD/leap.rng" type="application/xml" schematypens="http://relaxng.org/ns/structure/1.0"?>
<?xml-model href="http://livingstoneonline.github.io/LEAP-ODD/leap.rng" type="application/xml" schematypens="http://purl.oclc.org/dsdl/schematron"?>
 <?xml-stylesheet href="http://livingstoneonline.github.io/LEAP-XSLT/transcription.xsl" type="text/xsl"?>
 <!--Converted from a TEI P4 XML file to the LEAP TEI P5 Schema by James Cummings on 2015-03-02--><!--TEI encoding revised and standardized by Adrian S. Wisnicki, 2015-2016-->
         <TEI xmlns="http://www.tei-c.org/ns/1.0" xml:id="liv_000848">
	<teiHeader>
		<fileDesc>
			<titleStmt>
				<title>Letter to Roderick I. Murchison</title>
                <title type="alternative">Letter to Roderick I. Murchison, 13 February 1855</title>
				<author xml:id="DL">Livingstone, David, 1813-1873</author>
			</titleStmt>
			<publicationStmt>
				<authority>Livingstone Online</authority>
				<pubPlace>London</pubPlace>
				<date>2007-05-30</date>
				<publisher>Wellcome Centre for the History of Medicine, UCL</publisher>
				<idno type="LEAP-ID">liv_000848</idno>
			</publicationStmt>
			<sourceDesc>
				<bibl xml:id="shelfmark">Royal Geographical Society (Great Britain); Archives, DL 2/6/4</bibl>
				<bibl xml:id="ccnumber">Letters, 0366</bibl>
				<bibl xml:id="recipient"><persName>Murchison, Roderick I., 1792-1871</persName></bibl>
				<bibl xml:id="date"><date when="1855-02-13">13 February 1855</date></bibl>
				<bibl xml:id="where">Cassange</bibl>
			</sourceDesc>
		</fileDesc>
		<profileDesc>
			<langUsage>
				<language ident="en">English</language>
			</langUsage>
			<handNotes>
				<handNote xml:id="hand01" medium="pencil_ink">Scribe: Unknown</handNote>
				<handNote xml:id="hand02" medium="pen_ink">Scribe: Unknown</handNote>
				<handNote xml:id="hand03" medium="pencil_ink">Scribe: archivist</handNote>
			</handNotes>
		</profileDesc>
		<revisionDesc>
			<change>
				<date>2008</date>
				<name xml:id="CO">Caroline Overy</name>Initial Transcription by Caroline Overy
			</change>
			<change>
				<date>2008-09-14</date>
				<name xml:id="CL">Chris Lawrence</name>First Proof by Chris Lawrence
			</change>
		</revisionDesc>
	</teiHeader>

	<text>
		<body xml:lang="en">
			<div>

	<pb n="0001" facs="liv_000848_0001"/><!--pb/@n='1r'-->
<fw corresp="#hand02"/>
<lb/><p rend="no-indent"><hi rend="underline">N<hi rend="sup underline">o</hi> 2</hi><space extent="3" unit="words"/><placeName> Cassange</placeName> 13<hi rend="sup underline">th</hi> February</p>
<lb/><p rend="center"><space extent="2" unit="chars"/><add place="above" hand="#hand02"><hi rend="underline">On the Province of Angola</hi></add><space extent="2" unit="chars"/><hi rend="underline">1855</hi></p>
<lb/><p rend="no-indent"><persName><del type="strikethrough" hand="#hand02">Sir Roderick I. Murchison</del></persName></p>
<lb/><p><space extent="3" unit="chars"/><add place="inline" hand="#hand02">Insert commencement from 
<lb/>page 4 Sheet 4 No 1</add></p>
<lb/><p rend="center"><space extent="3" unit="words"/><space extent="3" unit="chars"/><del type="strikethrough" hand="#hand02">Sir</del></p>
<lb/><p><space extent="5" unit="words"/>As I have now had the 
<lb/>advantage of passing through the Province <del type="strikethrough" hand="#hand02">of 
<lb/>Angola</del> twice, and have honestly endeavoured 
<lb/>to obtain correct knowledge of the country. I 
<lb/>venture to give you my impressions as not 
<lb/>calculated to mislead any except those whose 
<lb/>general views of the world are much more 
<lb/>gloomy than mine.</p>
<lb/><p><space extent="1" unit="words"/>As we proceed from the coast inland<add place="inline" hand="#hand01">,</add>
<lb/>the country<add place="inline" hand="#hand01">,</add> except in the vicinity of rivers<add place="inline" hand="#hand01">,</add>
<lb/>presents a rather arid appearance. <del type="overwritten" hand="#hand02"><choice><reg>T</reg><orig>t</orig></choice></del><add place="over-text" hand="#hand02">T</add>here are 
<lb/>not many trees<add place="inline" hand="#hand02">,</add> but abundance of hard 
<lb/>coarse grass. But the low meadow lands 
<lb/>of several miles width<add place="inline" hand="#hand01">,</add> lying <choice><sic>a<add place="inline" hand="#hand01">d</add>jacent</sic><corr>adjacent</corr></choice> to the 
<lb/>rivers, are sufficiently fertile, and yield 
<lb/>annually fine crops of sugar cane, different 
<lb/>vegetables and manioc<add place="inline" hand="#hand01">,</add><del type="overwritten" hand="#hand01">-</del><add place="over-text" hand="#hand01">(</add> the staff of life 
<lb/>through all this part of Africa<del type="overwritten" hand="#hand01">.</del><add place="over-text" hand="#hand01">)</add><add place="inline" hand="#hand01">,</add><del type="overwritten" hand="#hand01">A</del><add place="over-text" hand="#hand01">a</add>lso oranges<add place="inline" hand="#hand01">,</add>
<lb/>bananas and mangoes of excellent quality. 
<lb/>Proceeding Eastwards we enter on a different 
<lb/>sort of country about Longitude 14° East. 
<lb/>It is mountainous, well watered with 
<lb/>perennial streams, and mollified by fogs 

	<pb n="0002" facs="liv_000848_0002"/><!--pb/@n='1v'-->
<lb/><add place="marginleft" hand="#hand01">2</add> deposited from the Western winds, which 
<lb/>come regularly to different places at different 
<lb/>hours every day. Near the <placeName>Muria</placeName> we enter 
<lb/>dense  forests whose gigantic trees, covered with 
<lb/>scarlet or other coloured blossoms, and giving 
<lb/>support to numerous enormous climbers 
<lb/>with the curious notes of strange tropical 
<lb/>birds, present the idea of excessive luxuriance 
<lb/>and recall the feelings of wildness<add place="inline" hand="#hand01">,</add> produced 
<lb/>when standing in similar sylvan scenery 
<lb/>in the Interior of Brazil. <choice><reg>T</reg><orig>t</orig></choice>he Palm 
<lb/>which yields the oil of commerce<add place="inline" hand="#hand01">,</add> grows 
<lb/>everywhere. Pine Apples, bananas and different 
<lb/>kinds of South American fruit trees 
<lb/>first introduced by the missionaries<add place="inline" hand="#hand01">,</add>
<lb/>flourish in the woods<add place="inline" hand="#hand01">,</add> though apparently 
<lb/>wild and totally uncared for. <del type="strikethrough" hand="#hand01">And</del>
<lb/><del type="overwritten" hand="#hand01">m</del><add place="over-text" hand="#hand01">M</add>ost excellent coffee from a few seeds 
<lb/>of the celebrated Mocha, propagates itself 
<lb/>spontaneously in the forests which line 
<lb/>the mountain sides. Cotton of rather 
<lb/>inferior quality finds itself so well suited 
<lb/>with climate and soil <add place="below">^</add> <add place="above" hand="#hand01">that</add> it appears as if 
<lb/>indigenous. Provisions are abundant 
<lb/>and cheap. Ten pounds of the produce of 
<lb/>the Manioc plant<add place="inline" hand="#hand01">,</add> which under the 

	<pb n="0003" facs="liv_000848_0003"/><!--pb/@n='2r'-->
<lb/><add place="marginright" hand="#hand01">3</add><hi rend="underline">classical</hi> appellation "Revalenta Arabica" sells 
<lb/>in England for twentytwo shillings<add place="inline" hand="#hand01">,</add> may in the 
<lb/>district referred to be purchased for <del type="strikethrough" hand="#hand01">a</del> <add place="above" hand="#hand01">one</add> penny. 
<lb/>Labour too is abundant and cheap<del type="overwritten" hand="#hand01">.</del><add place="over-text" hand="#hand01">:</add> Two pence 
<lb/>per day is considered good wages by carpenters<add place="inline" hand="#hand01">,</add>
<lb/>smiths, potters &amp;c &amp;c<add place="inline" hand="#hand01">,</add> as well as by common 
<lb/>labourers. The greatest drawback the population 
<lb/>has in developing the resources of the country, 
<lb/>is the want of carriage roads for the conveyance 
<lb/>of produce to markets. <choice><reg>T</reg><orig>t</orig></choice>he slave trade led 
<lb/>to the neglect of every permanent source 
<lb/>of wealth. All the merchandise of the Interior 
<lb/>was transported on the shoulders and heads 
<lb/>of the slaves<add place="inline" hand="#hand01">,</add> who equally with the goods 
<lb/>were intended for exportation. And even 
<lb/>since the traffic has been effectually repressed 
<lb/>by our cruizers<add place="inline" hand="#hand01">,</add> human labour for transport 
<lb/>has alone been available. <choice><reg>T</reg><orig>t</orig></choice>his is a most 
<lb/>expensive and dilatory system<add place="inline" hand="#hand01">:</add><del type="strikethrough" hand="#hand02">for</del> <add place="above" hand="#hand01">as</add> the merchants 
<lb/>and persons of smaller means<add place="inline" hand="#hand01">,</add> on whose 
<lb/>industry access to a proper market would 
<lb/>have a most beneficial effect, possess no 
<lb/>stimulus for exertion in cultivation. Some 
<lb/>use is made of the river <placeName><choice><reg>Z</reg><orig>z</orig></choice>enza</placeName> by means 
<lb/>of canoes<add place="inline" hand="#hand01">,</add> and considerable trade is carried 
<lb/>on between the districts on the <placeName>Coanza</placeName> and 
<lb/><placeName>Loanda</placeName> by the same means<add place="inline" hand="#hand01">;</add> but the bars 

	<pb n="0004" facs="liv_000848_0004"/><!--pb/@n='2v'-->
<lb/><add place="marginleft" hand="#hand01">4</add> at the mouths of both rivers present serious 
<lb/>obstacles to speedy transit.</p>
<lb/><p><choice><reg>T</reg><orig>t</orig></choice>he country still farther inland becomes gradually 
<lb/>more open. <placeName>Ambaca</placeName> presents an undulating 
<lb/>surface with ranges of mountains on each 
<lb/>side in the distance. It possesses a great 
<lb/>number of fine little <del type="strikethrough" hand="#hand01">rivers</del> <add place="above" hand="#hand01">streams</add><add place="inline" hand="#hand01">,</add> which might 
<lb/>be turned to much advantage for water 
<lb/>power and irrigation. Both it and <placeName>Pungo 
<lb/>Andongo</placeName> abound in cattle. The latter seems 
<lb/>more elevated<add place="inline" hand="#hand01">,</add> for as we cross the <placeName>Lotete</placeName><add place="inline" hand="#hand01">,</add>
<lb/>the boundary between the two districts<add place="inline" hand="#hand01">,</add> we 
<lb/>enter upon the same vegetation and trees 
<lb/>which characterise <placeName>Luinda</placeName>. Wheat, grapes 
<lb/>and European vegetables grow in nearly the 
<lb/>same spots with bananas and other tropical 
<lb/>fruits. Indeed by selecting proper localities<add place="inline" hand="#hand01">,</add>
<lb/>cotton, sugar, coffee and other products of 
<lb/>hot climates might be raised to any 
<lb/>amount in this fine and beautiful 
<lb/>country<choice><reg>,</reg><orig>.</orig></choice> together with many of the grains 
<lb/>and fruits of colder countries. No 
<lb/>attempts have hitherto been made to 
<lb/><choice><sic>develope</sic><corr>develop</corr></choice> the internal resources of the 
<lb/>country. It is but lately that coffee 
<lb/>plantations were turned to as a source 
<lb/>of wealth. Some were discovered during 
<lb/>my progress through the country, and 

	<pb n="0005" facs="liv_000848_0005"/><!--pb/@n='3r'-->
<lb/><fw corresp="#hand02"/> <add place="marginright" hand="#hand01">5</add> the actual extent of the tree is still unknown. I 
<lb/>saw it at <placeName>Tala Mungongo</placeName><add place="inline" hand="#hand01">,</add> nearly 300 miles from 
<lb/>the coast. * Insert 
<lb/><add place="marginleft"><note place="marginleft">* Different kinds of gum abound, as gum elemi, <hi rend="underline">India rubber</hi> &amp;c. And among 
<lb/>metals, very superior iron all through the country. Rich copper-ore 
<lb/>exists in the Interior of <placeName>Ambriz</placeName> &amp; there are indications of coal.</note></add></p>
<lb/><p><placeName>Cassange</placeName> is at present the farthest inland 
<lb/>station of the Portuguese. It may be called 
<lb/>the commercial capital of the Interior. Trade 
<lb/>in ivory and wax is carried on with great 
<lb/>vigour and success. And <del type="strikethrough" hand="#hand02">very</del> large quantities 
<lb/>of English cotton goods are sent into the country 
<lb/>beyond<add place="inline" hand="#hand01">,</add> by means of native or half blood 
<lb/>Portuguese. <choice><reg>T</reg><orig>t</orig></choice>he merchants treat their customers 
<lb/>with great liberality. At the time I write 
<lb/><persName>Captain Neves</persName> is preparing presents<add place="inline" hand="#hand01">,</add> consisting 
<lb/>of cloth, beads, carpets<add place="inline" hand="#hand01">,</add> furniture &amp;c. of upwards 
<lb/>of £50 value for <persName>Matiamvo</persName>, the most powerful 
<lb/>potentate East of this. <choice><reg>T</reg><orig>t</orig></choice>his chief lives 
<lb/>about Long. 24° and monopolizes the 
<lb/><del type="strikethrough" hand="#hand02"><choice><sic>the</sic><corr>notext</corr></choice></del> trade which<add place="inline" hand="#hand01">,</add> but for him<add place="inline" hand="#hand01">,</add> might pass 
<lb/>to tribes called <term type="tribe">Kanyika</term> beyond him. <add place="marginright" hand="#hand02">22</add><!-- CODIC: editorial line indicating from here is section 22--> <add place="marginright" hand="#hand02">Transfer to No 1 22</add> My 
<lb/>present intention is to proceed to <del type="strikethrough" hand="#hand02">his</del> <add place="above" hand="#hand02"><persName>Matiamvo</persName></add> town 
<lb/>before turning Southward. <del type="strikethrough" hand="#hand01">And</del><del type="overwritten" hand="#hand01">t</del><add place="over-text" hand="#hand01">T</add>aking it 
<lb/>for granted that I shall come into his 
<lb/>good graces<add place="inline" hand="#hand01">,</add> our progress through his country 
<lb/>will be comparatively easy<add place="inline" hand="#hand01">,</add> and the route<add place="inline" hand="#hand01">,</add>
<lb/>upon the whole<add place="inline" hand="#hand01">,</add> not much longer than 
<lb/>the zigzag <del type="strikethrough" hand="#hand02">one</del> <add place="above" hand="#hand02">way</add> we were forced to adopt 
<lb/>in coming here. The only thing which may 

	<pb n="0006" facs="liv_000848_0006"/><!--pb/@n='3v'-->
<lb/><add place="marginleft" hand="#hand02">22 No 1 continued</add> hinder the execution of this plan<add place="inline" hand="#hand01">,</add> will be the 
<lb/>wishes of my companions to return as speedily 
<lb/>as possible by the path we already know. It 
<lb/>is the first time they have gone into other lands 
<lb/>except for plunder<del type="overwritten" hand="#hand01">.</del><add place="over-text" hand="#hand01">;</add> And they have followed 
<lb/>my wishes so implicitly hitherto<add place="inline" hand="#hand01">,</add> it would not be 
<lb/>right in me to thwart theirs.<!-- CODIC: editorial line indicating end of section 22--> <add place="marginleft" hand="#hand02">6 No 2</add><del type="strikethrough" hand="#hand01">After this long 
<lb/>digression I may add that</del><del type="overwritten" hand="#hand02">t</del><add place="over-text" hand="#hand02">T</add>he deep valley of 
<lb/><placeName>Cassange</placeName> is wonderfully fertile, but success 
<lb/>in trade prevents the merchants from paying 
<lb/>any attention to agriculture. The soil, so far 
<lb/>as present experience goes, would place <persName>M<hi rend="sup">r</hi>
<lb/>Mechi's</persName> pipes for liquid manure at a 
<lb/>discount, for it requires nothing but labour<del type="overwritten" hand="#hand01">.</del><add place="over-text" hand="#hand01">:</add>
<lb/>The more it is worked<add place="inline" hand="#hand01">,</add> the more fruitful 
<lb/>it becomes.</p>
<lb/><p><add place="marginleft" hand="#hand02">Insert section &amp;c</add><choice><reg>T</reg><orig>t</orig></choice>he Government of the country may be 
<lb/>described as a military one<add place="inline" hand="#hand01">,</add> and closely resembles 
<lb/>that which <persName>Sir Harry Smith</persName> endeavoured in 
<lb/>vain to introduce among the Caffres. The 
<lb/>imposts are exceedingly light<add place="inline" hand="#hand01">,</add> consisting of 
<lb/>a tax of eight pence on each hearth, and 
<lb/>sixpence on each head of cattle. <choice><reg>S</reg><orig>s</orig></choice>omething 
<lb/>is also levied on gardens near the coast and 
<lb/>on weavers and smiths. The population is 
<lb/>large, between five and six hundred thousand 
<lb/>souls being under the sway of the Portuguese. 
<lb/>And of this large number<add place="inline" hand="#hand01">,</add> the majority are free-
               

	<pb n="0007" facs="liv_000848_0007"/><!--pb/@n='4v'-->
<lb/><add place="marginleft" hand="#hand01">7</add> born. In those districts, to the statistics of which I 
<lb/>had access, the slaves did not form 5 percent of 
<lb/>the entire population, and a very large proportion 
<lb/>was dependant on agriculture alone. There are 
<lb/>very few whites comparatively, and from the polite 
<lb/>way in which persons or colour are addressed and 
<lb/>admitted to the tables of the more affluent, it might 
<lb/>be inferred that there is as little prejudice against 
<lb/>colour as in any country in the world. Nothing 
<lb/>struck me as more remarkable than the change 
<lb/>produced on convicts by their residence in this 
<lb/>Colony. No sooner do they arrive<add place="inline" hand="#hand01">,</add> than they 
<lb/>are enlisted into the 1<hi rend="sup underline">st</hi> Regiment of the Line 
<lb/>and perform similar duties to our Foot <choice><sic>Gaurds</sic><corr>guards</corr></choice>
<lb/>in London. <choice><reg>T</reg><orig>t</orig></choice>he eleven thousand inhabitants 
<lb/>of <placeName>Loanda</placeName> go comfortably to bed every night<add place="inline" hand="#hand01">,</add>
<lb/>although they know that the citadels and 
<lb/>all the arms of <placeName>Loanda</placeName> are in the hands 
<lb/>of convicts, many of whom have been 
<lb/><hi rend="underline">transported for life.</hi> <choice><reg>T</reg><orig>t</orig></choice>he officers are not supposed 
<lb/>to have been guilty of any offence against the laws 
<lb/>of their country and probably they may have  
<lb/>considerable influence with the men; but 
<lb/>their testimony even is that the men perform 
<lb/>their duty well, and are excellent soldiers. 
<lb/>Some ascribe the remarkable change to the 
<lb/>utter hopelessness of escape<add place="inline" hand="#hand01">,</add> - the certainty of 
<lb/>detection and punishment of any crime<add place="inline" hand="#hand01">,</add> - 
<lb/>and the fear of being sent to the deadly 

	<pb n="0008" facs="liv_000848_0008"/><!--pb/@n='4v'-->
<lb/><add place="marginleft" hand="#hand01">8</add> district of <placeName>St Jose de <unclear cert="medium">Encage</unclear></placeName> (something like our 
<lb/>Norfolk-island, but not so bad)<add place="inline" hand="#hand01">,</add> but however 
<lb/>accounted for, the beneficial change in the 
<lb/>men is unquestionable.</p>
<lb/><p>Another pleasing feature in the population 
<lb/>is the ability of many to read and write. 
<lb/>It is considered a disgrace in <placeName>Ambaca</placeName> for 
<lb/>a free man of either colour to be unable 
<lb/>to write. <choice><reg>T</reg><orig>t</orig></choice>his general diffusion of education 
<lb/>is the result of the teaching of the Jesuit 
<lb/>missionaries, who were expelled the country 
<lb/>by the <persName>Marquis of Pombal</persName>. If the results 
<lb/>of their teaching have been so permanent, 
<lb/>without anything like a supply of books, 
<lb/>we may be allowed to indulge the hope 
<lb/>that the labours of Protestants of all 
<lb/>denominations<add place="inline" hand="#hand01">,</add> who endeavour to leave 
<lb/>God's word behind them, will be not 
<lb/>less abiding.
<lb/><add place="marginleft" hand="#hand02">Insert 
<lb/>from 
<lb/>Sheet 4 
<lb/>and 5 of 
<lb/>No 1</add></p>
<lb/><p> This is accompanied by a map intended 
<lb/>to replace that lost in the <term type="boat">"Forerunner"</term>. I have 
<lb/>sent all my observations to <persName>Thomas Maclear</persName> Esq 
<lb/>of the Royal Observatory at the Cape, and beg 
<lb/>that my positions may be considered <hi rend="underline">sub judice</hi><add place="inline" hand="#hand01">,</add>
<lb/>till he gives his opinion.</p>
<lb/><p rend="right"><space extent="2" unit="chars"/>I am Sir. Your most obedient Servant</p>
<lb/><p rend="right"><space extent="2" unit="words"/>David Livingston</p>
			
</div>
		</body>
	</text></TEI>