<?xml version="1.0" encoding="UTF-8"?>
<?xml-model href="http://livingstoneonline.github.io/LEAP-ODD/leap.rng" type="application/xml" schematypens="http://relaxng.org/ns/structure/1.0"?>
<?xml-model href="http://livingstoneonline.github.io/LEAP-ODD/leap.rng" type="application/xml" schematypens="http://purl.oclc.org/dsdl/schematron"?>
 <?xml-stylesheet href="http://livingstoneonline.github.io/LEAP-XSLT/transcription.xsl" type="text/xsl"?>
 <!--Converted from a TEI P4 XML file to the LEAP TEI P5 Schema by James Cummings on 2015-03-02--><!--TEI encoding revised and standardized by Adrian S. Wisnicki, 2015-2016-->
         <TEI xmlns="http://www.tei-c.org/ns/1.0" xml:id="liv_000958">
	<teiHeader>
		<fileDesc>
			<titleStmt>
				<title>Letter to John Murray III</title>
                <title type="alternative">Letter to John Murray III, 4 February 1857</title>
				<author xml:id="DL">Livingstone, David, 1813-1873</author>
			</titleStmt>
			<publicationStmt>
				<authority>Livingstone Online</authority>
				<pubPlace>London</pubPlace>
				<date>2008-11-25</date>
				<publisher>Wellcome Centre for the History of Medicine, UCL</publisher>
				<idno type="LEAP-ID">liv_000958</idno>
			</publicationStmt>
			<sourceDesc>
				<bibl xml:id="shelfmark">National Library of Scotland; MS. 42420, ff. 1r-2v</bibl>
				<bibl xml:id="ccnumber">Letters, 0465</bibl>
				<bibl xml:id="recipient"><persName>Murray, John III, 1808-1892</persName></bibl>
				<bibl xml:id="date"><date when="1857-02-04">4 February 1857</date></bibl>
				<bibl xml:id="where">57 Sloane St., London</bibl>
			</sourceDesc>
		</fileDesc>
		<profileDesc>
			<langUsage>
				<language ident="en">English</language>
			</langUsage>
			<handNotes>
				<handNote xml:id="hand01">Scribe: Unknown</handNote>
			</handNotes>
		</profileDesc>
		<revisionDesc>
			<change>
				<date>2008-11-25</date>
				<name xml:id="SM">Sharon Messenger</name>Initial Transcription by Sharon Messenger
			</change>
		</revisionDesc>
	</teiHeader>

	<text>
		<body xml:lang="en">
			<div>

	<pb n="0001" facs="liv_000958_0001"/><!--pb/@n='1r'-->
<lb/><p rend="right">57 Sloane St. </p>
<lb/><p rend="right">4<hi rend="sup underline">th</hi> February</p>
<lb/><p rend="right"><space extent="1" unit="words"/>1857 </p>
<lb/>
<lb/><p rend="no-indent">My Dear Sir</p>
<lb/><p><space extent="1" unit="words"/><space extent="2" unit="chars"/><persName>M<hi rend="sup underline">r</hi> Routledge</persName>
<lb/>and a <persName>M<hi rend="sup underline">r</hi> Pardoe</persName> called 
<lb/>here yesterday morning 
<lb/>with the pamphlet, 
<lb/>I refused to look at it - 
<lb/>though they pretended 
<lb/>it was simply that 
<lb/>I might see that nothing 
<lb/>to my prejudice appeared 
<lb/>on the title page<reg>.</reg></p>

	<pb n="0002" facs="liv_000958_0002"/><!--pb/@n='1v'--> 
<lb/><p rend="no-indent"><persName>Routledge</persName> gave a broad 
<lb/>hint that he would 
<lb/>give something handsome 
<lb/>to the "Testimonial Fund" 
<lb/>if I would only give 
<lb/>him my countenance<reg>.</reg>
<lb/>I replied. Satisfy <persName>M<hi rend="sup">r</hi>
<lb/>Murray</persName> and you will 
<lb/>thereby satisfy me. </p>
<lb/><p rend="no-indent">He said I have a 
<lb/>character to lose - to which 
<lb/>I merely said I don<reg>'</reg>t 
<lb/>wish to hurt any one<reg>'</reg>s 
<lb/>character but I have 

	<pb n="0003" facs="liv_000958_0003"/><!--pb/@n='2r'--> 
<lb/>abundant evidence that 
<lb/>people generally believe 
<lb/>this narrative is by me<reg>.</reg>
<lb/>Now I have nothing to do 
<lb/>with. I knew nothing 
<lb/>about it". And left them 
<lb/>I did not ask them upstairs<reg>.</reg></p>
<lb/><p>I saw the drawing 
<lb/>of <placeName>Lake Ngami</placeName> by the 
<lb/>poor young man who 
<lb/>died. It is very truthful 
<lb/>and good - the others 
<lb/>were better - the relatives 
<lb/>are on the trail of the 
<lb/>companion who kept 
<lb/>them to himself, as he has 
<lb/>removed from <placeName>Keynsham</placeName>
<lb/>they have knowledge 

	<pb n="0004" facs="liv_000958_0004"/><!--pb/@n='2v'--> 
<lb/>of the frame maker who 
<lb/>was employed to mount 
<lb/>about 20 of them - <placeName>Kolobeng</placeName>
<lb/>and another I could 
<lb/>identify. I am afraid 
<lb/>that if any stir is made 
<lb/><persName>Stevenson</persName> the companion 
<lb/>will destroy the whole<reg>.</reg></p>
<lb/><p>I have not yet got 
<lb/><persName>Ford's</persName> address but 
<lb/>have got a bad cold 
<lb/>instead<reg>.</reg></p>
<lb/><p rend="center">Yours &amp;c </p>
<lb/><p rend="center"><persName>David Livingstone</persName></p>
			
</div>
		</body>
	</text></TEI>