<?xml version="1.0" encoding="UTF-8"?>
<?xml-model href="http://livingstoneonline.github.io/LEAP-ODD/leap.rng" type="application/xml" schematypens="http://relaxng.org/ns/structure/1.0"?>
<?xml-model href="http://livingstoneonline.github.io/LEAP-ODD/leap.rng" type="application/xml" schematypens="http://purl.oclc.org/dsdl/schematron"?>
 <?xml-stylesheet href="http://livingstoneonline.github.io/LEAP-XSLT/transcription.xsl" type="text/xsl"?>
 <!--Converted from a TEI P4 XML file to the LEAP TEI P5 Schema by James Cummings on 2015-03-02--><!--TEI encoding revised and standardized by Adrian S. Wisnicki, 2015-2016-->
         <TEI xmlns="http://www.tei-c.org/ns/1.0" xml:id="liv_000726">
	<teiHeader>
		<fileDesc>
			<titleStmt>
				<title>Letter to Benjamin T. Pyne</title>
                <title type="alternative">Letter to Benjamin T. Pyne, 30 April 1851</title>
				<author xml:id="DL">Livingstone, David, 1813-1873</author>
			</titleStmt>
			<publicationStmt>
				<authority>Livingstone Online</authority>
				<pubPlace>London</pubPlace>
				<date>2007-06-27</date>
				<publisher>Wellcome Centre for the History of Medicine, UCL</publisher>
				<idno type="LEAP-ID">liv_000726</idno>
			</publicationStmt>
			<sourceDesc>
				<bibl xml:id="shelfmark">National Library of Scotland; MS. 2521, ff. 125-126</bibl>
				<bibl xml:id="ccnumber">Letters, 0252</bibl>
				<bibl xml:id="recipient"><persName>Pyne, Benjamin T., 1798/9-1880</persName></bibl>
				<bibl xml:id="date"><date when="1851-04-30">30 April 1851</date></bibl>
				<bibl xml:id="where">Boatlanama</bibl>
			</sourceDesc>
		</fileDesc>
		<profileDesc>
			<langUsage>
				<language ident="en">English</language>
			</langUsage>
			<handNotes>
				<handNote xml:id="hand01">Scribe: Unknown</handNote>
			</handNotes>
		</profileDesc>
		<revisionDesc>
			<change>
				<date>2007-06-26</date>
				<name xml:id="SM">Sharon Messenger</name>Initial Transcription by Sharon Messenger
			</change>
			<change>
				<date>2008-02-05</date>
				<name xml:id="CL">Chris Lawrence</name>First proof
			</change>
		</revisionDesc>
	</teiHeader>

	<text>
		<body xml:lang="en">
			<div>

	<pb n="0001" facs="liv_000726_0001"/><!--pb/@n='125r'-->
<lb/><p rend="right"><space extent="6" unit="words"/><space extent="2" unit="chars"/><placeName>Boatlanama</placeName> 30<hi rend="sup underline">th</hi> April 
<lb/>1851 </p>
<lb/><p>My very Dear Friends</p>
<lb/><p><space extent="5" unit="words"/><choice><sic>recieved</sic><corr>received</corr></choice> a letter from <persName>M<hi rend="sup underline">r</hi> Pyne</persName> on the 19<hi rend="sup underline">th</hi> April 
<lb/>and as we were putting our stuff into the waggons I could 
<lb/>not answer it. We are now on the route to the Lake &amp; 
<lb/>are engaged in drawing water out of the deep wells of 
<lb/><placeName>Boatlanama.</placeName><choice><reg>T</reg><orig>t</orig></choice>he oxen making a dreadful lowing 
<lb/>because they have been two days without water, so 
<lb/>you need not expect fine writing. I expect some of them 
<lb/>will tumble themselves into the wells before morning 
<lb/>and force us to eat them. <choice><reg>T</reg><orig>t</orig></choice>his will be taken back 
<lb/>by a Mokalahari and I hope you will hear by it 
<lb/>that I <choice><sic>recieved</sic><corr>received</corr></choice> your favour written it seems in a hurry 
<lb/>as this is. We are going North again. <choice><reg>T</reg><orig>t</orig></choice>he country is 
<lb/>drying up. The <placeName>Kolobeng</placeName> is losing its pools even and 
<lb/>the people must <unclear cert="medium">annobe</unclear> whether they will or not 
<lb/>there are many reasons why we should go to the 
<lb/>regions beyond but yet it is a venture. We venture 
<lb/>our all and who would not for such a Saviour 
<lb/>"Lo I am with you." Be it so our Lord. <choice><reg>T</reg><orig>t</orig></choice>hy presence 
<lb/>is enough. We feel much when we look at 
<lb/>our children going into a fever country 
<lb/>But we all belong to the Great Redeemer and 
<lb/>let him do what is good in his own sight 
<lb/>May we all be resigned in all circumstances to his 
<lb/>will. And active in our duty to him &amp; the souls 
<lb/>of the sinful breathren<reg>.</reg></p>

	<pb n="0002" facs="liv_000726_0002"/><!--pb/@n='125v'-->
<lb/><p rend="no-indent">There is nothing interesting in this part of the world. All is dead 
<lb/>and stagnant the fields burned up. <choice><reg>T</reg><orig>t</orig></choice>he grass crumbles in 
<lb/>the hand like powder. People lost their crops again. <choice><reg>A</reg><orig>a</orig></choice>nd 
<lb/>all looking as if coming out of <term type="ailment">Typhus fever</term>. <choice><reg>T</reg><orig>t</orig></choice>he caffre 
<lb/>war raging. The Hottentots rebelled<reg>.</reg> All looks like 
<w>con-<lb break="no"/>fusion</w> worse confounded. <choice><reg>T</reg><orig>t</orig></choice>he Damanas on the west 
<lb/>the Boers &amp; caffres on the East and <persName>Mosilikatse</persName> shews 
<lb/>some symptoms or arousing himself in the North East 
<lb/>but Jehovah reigns. We may trust Him for he is 
<lb/>able to set all right and He will in his own way<reg>.</reg></p>
<lb/><p><choice><reg>T</reg><orig>t</orig></choice>he reason why I write now is a selfish one 
<lb/>We wish to trouble you again. M<hi rend="sup underline">rs</hi> Pyne's taste in choosing 
<lb/>dresses is so highly gauged in the interior of <placeName>Africa</placeName>
<lb/>we beg to put her to it again. We send a notice to 
<lb/><persName>D<hi rend="sup underline">r</hi> Tidman</persName> that he is to pay M<hi rend="sup underline">r</hi> Pyne £10 on demand 
<lb/>and this is to be laid out in clothing for my better half 
<lb/>&amp; children. Some dresses for M<hi rend="sup underline">rs</hi> L </p>
<lb/><p rend="center"><space extent="1" unit="words"/><space extent="1" unit="chars"/>Some stuff for making boys trousers</p> 
<lb/><p rend="center"><space extent="1" unit="words"/><space extent="1" unit="chars"/>Lining for dresses &amp;c &amp;c sowing cotton</p> 
<lb/><p rend="center"><space extent="8" unit="words"/><space extent="3" unit="chars"/>tapers</p> 
<lb/><p rend="center"><space extent="1" unit="words"/><space extent="1" unit="chars"/>A piece of good flannel (Not Welsh)</p> 
<lb/><p rend="center"><space extent="1" unit="words"/><space extent="1" unit="chars"/>a piece of unbleached calico - (coarse)</p> 
<lb/><p rend="center"><space extent="1" unit="words"/><space extent="1" unit="chars"/>A piece of cap wire &amp; ribbon</p> 
<lb/><p rend="no-indent"><choice><reg>T</reg><orig>t</orig></choice>hree woven <hi rend="underline">small</hi> shawls - A piece of diaper 
<lb/>Regulate the amount by the money sent. And send in 
<lb/>the usual way at your convenience. Don<reg>'</reg>t put 
<lb/>yourselves to any trouble. We shall <add place="above">not</add> be out so soon 

	<pb n="0003" facs="liv_000726_0003"/><!--pb/@n='126r'-->
<lb/>as we were last year. <choice><reg>T</reg><orig>t</orig></choice>hat is if as successful as we hope 
<lb/>We shall probably go beyond Sebitoane seeking an elevated 
<lb/>locality. We shall of course write you on our 
<lb/>return, and give you the particulars. At present we 
<lb/>have nothing to speak about but our hopes &amp; 
<lb/>fears. Of these we have an assortment on hand 
<lb/>and you must pray for us that we may be made 
<lb/>faithful even unto death. Was <persName>Manning Prentice</persName>
<lb/>married? Sorry to hear of <persName>M<hi rend="sup underline">r</hi> Cecil's</persName> illness but 
<lb/>we can not condole with any one for we are all 
<lb/>so far away. If we condoled with a widower 
<lb/>he might be laughing with his new wife by 
<lb/>the time we reached him. If with a widow 
<lb/>she might be married to another and almost forgetting 
<lb/>that she had ever had another husband or if with 
<lb/>anyone else it might come upon them like ripping 
<lb/>up old sores. Matters go on as usual among us<reg>.</reg> 
<lb/>Our children are our cue. Thankful to say all well 
<lb/><choice><reg>T</reg><orig>t</orig></choice>hey have a weary time of it in the waggon<reg>.</reg>
<lb/>Kind love to all of yours. <persName>Mary &amp;c</persName> from 
<lb/>both of us. Excuse me troubling you so<reg>.</reg></p>
<lb/><p rend="center">Ever Affectionately </p>
<lb/><p rend="center"><space extent="1" unit="words"/><space extent="2" unit="chars"/>Yours </p>
<lb/><p rend="right"><space extent="2" unit="chars"/><persName>David Livingston</persName></p>

	<pb n="0004" facs="liv_000726_0004"/><!--pb/@n='126v'-->
 <addSpan spanTo="#addEnd-126v" place="end"><!--addSpan/@place='Sheet folded to make envelope. Envelope text on the middle of fol. 2v'--></addSpan>
<lb/><p><hi rend="underline">Prepaid</hi></p>
<lb/><p rend="center"><persName>Benjamin Pine Esqu<hi rend="sup underline">e</hi></persName></p>
<lb/><p rend="right">Wildingtree</p>
<lb/><p rend="right">Ongar, Essex</p>
<lb/><p rend="right"><space extent="1" unit="words"/><hi rend="underline">England</hi></p><!--various postmarks--><anchor xml:id="addEnd-126v"/>
			
</div>
		</body>
	</text></TEI>