<?xml version="1.0" encoding="UTF-8"?>
<?xml-model href="http://livingstoneonline.github.io/LEAP-ODD/leap.rng" type="application/xml" schematypens="http://relaxng.org/ns/structure/1.0"?>
<?xml-model href="http://livingstoneonline.github.io/LEAP-ODD/leap.rng" type="application/xml" schematypens="http://purl.oclc.org/dsdl/schematron"?>
 <?xml-stylesheet href="http://livingstoneonline.github.io/LEAP-XSLT/transcription.xsl" type="text/xsl"?>
 <!--Converted from a TEI P4 XML file to the LEAP TEI P5 Schema by James Cummings on 2015-03-02--><!--TEI encoding revised and standardized by Adrian S. Wisnicki, 2015-2016-->
         <TEI xmlns="http://www.tei-c.org/ns/1.0" xml:id="liv_000760">
	<teiHeader>
		<fileDesc>
			<titleStmt>
				<title>Letter to William Thompson</title>
                <title type="alternative">Letter to William Thompson, 9 June 1852</title>
				<author xml:id="DL">Livingstone, David, 1813-1873</author>
			</titleStmt>
			<publicationStmt>
				<authority>Livingstone Online</authority>
				<pubPlace>London</pubPlace>
				<date>2009</date>
				<publisher>Wellcome Centre for the History of Medicine, UCL</publisher>
				<idno type="LEAP-ID">liv_000760</idno>
			</publicationStmt>
			<sourceDesc>
				<bibl xml:id="shelfmark">University of London. School of Oriental and African Studies; CWM/LMS/Livingstone Wooden Box, item 64</bibl>
				<bibl xml:id="ccnumber">Letters, 0282</bibl>
				<bibl xml:id="recipient"><persName>Thompson, William, 1811-1889</persName></bibl>
				<bibl xml:id="date"><date when="1852-06-09">9 June 1852</date></bibl>
				<bibl xml:id="where">Paarl</bibl>
			</sourceDesc>
		</fileDesc>
		<profileDesc>
			<langUsage>
				<language ident="en">English</language>
			</langUsage>
			<handNotes>
				<handNote xml:id="hand01">Scribe: Unknown</handNote>
			</handNotes>
		</profileDesc>
		<revisionDesc>
			<change>
				<date>2009-05-19</date>
				<name xml:id="CO">Caroline Overy</name>Letter foliated by CarolineOvery
			</change>
			<change>
				<date>2009-06-10</date>
				<name xml:id="CL">Chris Lawrence</name>Proofed by Chris
			</change>
		</revisionDesc>
	</teiHeader>

	<text>
		<body xml:lang="en">
			<div>

	<pb n="0001" facs="liv_000760_0001"/><!--pb/@n='1r'-->
<lb/><p rend="right"><space extent="5" unit="words"/><space extent="2" unit="chars"/>Paarl 9<hi rend="sup underline">th</hi> June 1852 </p>
<lb/><p><persName>Rev<hi rend="sup underline">d</hi> W. Thompson</persName></p>
<lb/><p rend="right"><space extent="1" unit="words"/><space extent="3" unit="chars"/>My Dear Sir </p>
<lb/><p><space extent="6" unit="words"/><space extent="3" unit="chars"/>I reached this yesterday 
<lb/>evening without falling into mischief once although 
<lb/>I had no one to take care of me! Have remained 
<lb/>with <persName>Mr Barker</persName> through the day, and gave an address 
<lb/>in the evening which shews how very firmly I can 
<lb/>hold to my resolutions of not speaking again till I 
<lb/>got back to my own country - but I am done 
<lb/>with it now till I come to <placeName>Griqua Town</placeName>
<lb/>and I can easily refuse <persName>M<hi rend="sup underline">r</hi> Hughs</persName>. Don<reg>'</reg>t despise 
<lb/>my weakness. "ye that are strong &amp;c &amp;c" I found 
<lb/><persName>M<hi rend="sup">r</hi> Barker</persName> must sell his house and that the 
<lb/>hire of horses up the waggon would amount 
<lb/>to £3. I resolved to buy it and now I can 
<lb/>proceed without an attendant. I go tomorrow 
<lb/>morning (thursday) and will reach it on 
<lb/>Saturday. You will <choice><sic>recieve</sic><corr>receive</corr></choice> a bill of £12 from 
<lb/><persName>M<hi rend="sup">r</hi> Barker</persName> in the ordinary way (as salary)<reg>.</reg>

	<pb n="0002" facs="liv_000760_0002"/><!--pb/@n='1v'-->
<lb/>It is just possible that <persName>George</persName> may not be gone 
<lb/>when this comes to hand, if so will you tell 
<lb/>him to bring a breed of large Malay Fowls 
<lb/>with him for <persName>Sebituané</persName>. I forgot them 
<lb/>till my own waggon went and then 
<lb/>again when <persName>George</persName> was getting ready, but 
<lb/>if <add place="above">he</add> has gone do not trouble yourself as we 
<lb/>can pick up a pair or two of some 
<lb/>kind among the boers. </p>
<lb/><p>I am sure that you must be glad to 
<lb/>get rid of me and my bothering intrusions 
<lb/>which were always about my own affairs<reg>.</reg>
<lb/>Accept my hearty and most sincere 
<lb/>thanks for your multifarious kind offices 
<lb/>and good wishes. May God reward you 
<lb/>I hope a sense of gratitude for your disinterested 
<lb/>friendship will never be effaced from 
<lb/>my heart. Many thanks to <persName>Miss Thompson</persName>
<lb/>for her kind attentions to a poor forlorn widower 

	<pb n="0003" facs="liv_000760_0003"/><!--pb/@n='2r'-->
<lb/>from the <persName>Sesheke</persName>, and love to all the children. </p>
<lb/><p rend="center"><space extent="1" unit="words"/><space extent="3" unit="chars"/>Believe me yours very affectionately </p>
<lb/><p rend="right"><space extent="3" unit="words"/><space extent="2" unit="chars"/><persName>David Livingston</persName></p>
<lb/><p rend="no-indent">I have delivered the soiled linen to <persName>M<hi rend="sup">r</hi> Read</persName> on the basket 
<lb/>and just remember that I have forgot to ask 
<lb/><persName>George</persName> for the armlets &amp;c which you requested 
<lb/>me to do. I recollected nothing more of 
<lb/>the matter till this moment and it is too late 
<lb/>now. I must just bring you down 
<lb/>some myself. He would ask outrageously 
<lb/>for them so you had better not apply 
<lb/>to either him or his son in law. <persName>George</persName>
<lb/>asked £2..10 from <persName>M<hi rend="sup underline">r</hi> Rutherfoord junior</persName>
<lb/>for three or four assegais &amp; something else 
<lb/>the whole being worth about 2/6 - it rains heavily 
<lb/>here this morning (thursday) but I hope it will 
<lb/>clear up at noon. If so I shall proceed. <persName>M<hi rend="sup">r</hi>
<lb/>Read</persName> goes a little way with me. He says tell 
<lb/><persName>M<hi rend="sup">r</hi> Thompson</persName> to take care &amp; not get into the 
<lb/>clutches of <persName>Sir John Wylde</persName>. <persName>D.L.</persName></p>

	<pb n="0004" facs="liv_000760_0004"/><!--pb/@n='2v'-->
<lb/><p rend="center"><persName>Rev<hi rend="sup underline">d</hi> W. Thompson</persName></p>
<lb/><p rend="center"><space extent="1" unit="words"/><placeName>Church Square</placeName></p>
<lb/><p rend="center"><space extent="1" unit="words"/><space extent="2" unit="chars"/><placeName>Cape Town</placeName></p>
			
</div>
		</body>
	</text></TEI>