<?xml version="1.0" encoding="UTF-8"?>
<?xml-model href="http://livingstoneonline.github.io/LEAP-ODD/leap.rng" type="application/xml" schematypens="http://relaxng.org/ns/structure/1.0"?>
<?xml-model href="http://livingstoneonline.github.io/LEAP-ODD/leap.rng" type="application/xml" schematypens="http://purl.oclc.org/dsdl/schematron"?>
 <?xml-stylesheet href="http://livingstoneonline.github.io/LEAP-XSLT/transcription.xsl" type="text/xsl"?>
 <!--Converted from a TEI P4 XML file to the LEAP TEI P5 Schema by James Cummings on 2015-03-02--><!--TEI encoding revised and standardized by Adrian S. Wisnicki, 2015-2016-->
         <TEI xmlns="http://www.tei-c.org/ns/1.0" xml:id="liv_000797">
	<teiHeader>
		<fileDesc>
			<titleStmt>
				<title>Letter to Thomas M. Steele</title>
                <title type="alternative">Letter to Thomas M. Steele, 20 September 1853</title>
				<author xml:id="DL">Livingstone, David, 1813-1873</author>
			</titleStmt>
			<publicationStmt>
				<authority>Livingstone Online</authority>
				<pubPlace>London</pubPlace>
				<date>2009-01-26</date>
				<publisher>Wellcome Centre for the History of Medicine, UCL</publisher>
				<idno type="LEAP-ID">liv_000797</idno>
			</publicationStmt>
			<sourceDesc>
				<bibl xml:id="shelfmark">Royal Geographical Society (Great Britain); Archives, DL 2/1</bibl>
				<bibl xml:id="ccnumber">Letters, 0318</bibl>
				<bibl xml:id="recipient"><persName>Steele, Thomas M., 1820-1890</persName></bibl>
				<bibl xml:id="date"><date when="1853-09-20">20 September 1853</date></bibl>
				<bibl xml:id="where">Sekeletu's Town</bibl>
			</sourceDesc>
		</fileDesc>
		<profileDesc>
			<langUsage>
				<language ident="en">English</language>
			</langUsage>
			<handNotes>
				<handNote xml:id="hand01">Scribe: David Livingstone</handNote><!--DL-->
				<handNote xml:id="hand02">Scribe: Unknown 1</handNote><!--title-->
				<handNote xml:id="hand03">Scribe: Unknown 2</handNote><!--editorial stuff-->
			</handNotes>
		</profileDesc>
		<revisionDesc>
			<change>
				<date>2009-01-26</date>
				<name xml:id="CO"/>Initial Transcription by Caroline Overy
			</change>
			<change>
				<date>2009-03-15</date>
				<name xml:id="CL">Christopher Lawrence</name>Proof by Chris Lawrence
			</change>
		</revisionDesc>
	</teiHeader>

	<text>
		<body xml:lang="en">
			<div>

	<pb n="0001" facs="liv_000797_0001"/><!--pb/@n='1r'-->
<lb/><p rend="right"><space extent="9" unit="words"/><space extent="2" unit="chars"/><placeName>Town of Sekeletu</placeName>, <placeName>Linyanti</placeName> 20<hi rend="sup underline">th</hi> September</p>
<lb/><p rend="right"><space extent="2" unit="chars"/><add place="inline" hand="#hand02"><hi rend="underline">Exploration into the Interior of Africa</hi> by</add><space extent="7" unit="words"/>1853</p> 
<lb/><p rend="right"><space extent="2" unit="chars"/><del type="strikethrough">the Re</del> Dr Livingston. <hi rend="underline">Communicated by <persName>Lt Col Steele</persName> FRGS</hi></p> 
<lb/><p rend="right"><space extent="3" unit="words"/><hi><add>Read June 12.</add></hi></p>
<lb/><p><space extent="1" unit="words"/><space extent="1" unit="chars"/>My dear <persName>Colonel</persName></p>
<lb/><p><space extent="5" unit="words"/>As soon as I could procure people willing to risk a journey through 
<lb/>the country lately the scene of the gallant deeds of the Boers, I left <placeName>Kuruman</placeName>, and my 
<lb/>companions being aware of certain wrathful fulminations uttered by <persName>General Peit 
<lb/>Scholtz</persName> to deter me from again visiting the little strip of country which the 
<lb/>Republicans fancy lies between <placeName>Magaliesberg</placeName> and <placeName>Jerusalem</placeName>, our progress was pretty 
<lb/>quick till we entered latitude 19° <add place="above" hand="#hand03">at a place that I have marked on my map as the Fever Ponds</add><reg>.</reg> Here the whole party, except a <term type="tribe">Bakwain</term> lad and 
<lb/>myself, was laid prostrate by <term type="ailment">fever</term>. He managed the oxen and I the hospital 
<lb/><choice><sic>untill</sic><corr>until</corr></choice> through the goodness of God, the state of the invalids permitted us again to 
<lb/>move Northwards, I did not follow our old path but from <placeName>Kama kama</placeName>
<lb/>travelled on the magnetic meridian <add place="above">(N.N.W.)</add> in order to avoid the tsetse. This new path 
<lb/>brought us into a densely wooded country. The grass was from 8 to ten feet high, 
<lb/>the greater leafiness of the trees shewed we were in a moist climate, and we 
<lb/>were most <choice><sic>agreably</sic><corr>agreeably</corr></choice> surprised by the presence of vines growing luxuriantly and 
<lb/>yielding clusters of dark purple grapes. The seeds, as large as split peas, and 
<lb/>very astringent leave but little room for pulp though the grape itself is 
<lb/>of good size. The <term type="tribe">Bakwain</term> lad now became ill,  but by the aid of two 
<lb/>Bushmen, we continued to make some progress. I was both driver and road 
<lb/>maker, having either the axe or whip in hand all day long till we came to 
<lb/>Lat 18° 4′. Here we discovered that the country adjacent to the <placeName>Chobe</placeName>
<lb/>was flooded - <choice><sic>vallies</sic><corr>valleys</corr></choice> looked like rivers, and after crossing several we came 
<lb/>to one - the <placeName><unclear cert="low">Sanshurch</unclear></placeName> - which presented a complete barrier to farther travelling 
<lb/>with waggons. It was deep. 1/2 a mile broad and contained hippopotami. 
<lb/>After searching in vain for a ford our two bushmen decamped. Being 
<lb/>very anxious to reach the Makololo I took <add place="above">one of</add>  the strongest of our invalids 
<lb/>crossed the <placeName><unclear>Sanshurch</unclear></placeName> in a small pontoon, kindly presented by Messers. 
<lb/><persName>Webb</persName> and <persName>Codrington</persName>, and went N.N.W. <add place="above" hand="#hand03">across the flooded country</add> in search of the <placeName>Chobe</placeName>. After 
<lb/>splashing through about 20 miles of an inundated plain, we came to a 
<lb/>mass of reed which towards the N.E. seemed interminable. We then turned 
<lb/><add place="above" hand="#hand03">for a short distance</add> in the direction of our former waggon stand and from a high tree were 
<lb/>gratified by a sight of the <placeName>Chobe</placeName>. But such a mass of vegetation grew 
<lb/>between the bank and the flowing river, <add place="above" hand="#hand03">that</add> our utmost efforts failed in 
<lb/>procuring a passage in <add place="inline" hand="#hand03">to it</add> - the water among the reeds either became too deep, 
<lb/>or we were unable to bend down the barrier of Papyrus &amp; reed bound together 
<lb/>by a kind of convolvulus. You will understand the nature of our struggles 
<lb/>when I mention that a horrid sort of grass about six feet high and having 
<lb/>serrated edges which cut the hands most cruelly, wore my <add place="above">strong moleskin</add> "unmentionables" 
<lb/>quite through at the knees, and my shoes (nearly new) at the toes. My handkerchief 
<lb/>protected the former, but in subsequent travelling through the dense grass of 
<lb/>the plains the feet fared badly. Though constantly wet up to the middle during 
<lb/>the day, we slept soundly by night, during the three days we spent among 
<lb/>the reeds, and <del type="strikethrough" hand="#hand03">having</del> <add place="above" hand="#hand03">only</add> effected a passage in<add place="inline" hand="#hand03">to</add> <add place="above" hand="#hand03">the open water of the <placeName>Chobe</placeName></add> on the fourth day. <choice><reg>A</reg><orig>a</orig></choice>fter 
<lb/>paddling along the river in the pontoon about 20 miles we discovered 
<lb/>a village of <term type="tribe">Makololo</term>. We were unexpected visitors and the more so 
<lb/>since they believed that no one could cross the <placeName>Chobe</placeName> <add place="above" hand="#hand03">from the south bank</add> without their
<lb/><space extent="17" unit="words"/><space extent="2" unit="chars"/>knowledge<reg>.</reg></p>

	<pb n="0002" facs="liv_000797_0002"/><!--pb/@n='1v'-->
<lb/><p>In their figurative language they said "I had fallen on them as if from a cloud, yet 
<lb/>came riding on a hippopotamus" (pontoon)<reg>.</reg> A vague report of out approach had 
<lb/><add place="above" hand="#hand03">previously</add> reached the chief, and two parties were out in search of us but they had gone along 
<lb/>the old paths. In returning to the waggons which we did in canoes and in a straight 
<lb/>line we found the distance not more than ten miles. Our difficulties were now 
<lb/>ended, for a great number of canoes and about 140 people were soon dispatched 
<lb/>from the town. They transported our goods and waggons across the country 
<lb/>and river, and when we had <add place="above" hand="#hand03">been landed on the other side of the <placeName>Chobe</placeName>, we travelled</add><del type="strikethrough" hand="#hand03">gone</del> Northward till within about one day from 
<lb/><placeName>Sesheké</placeName> in order to avoid the flooded lands <add place="above" hand="#hand03">adjacent to the River, we then struck upon</add><del type="strikethrough" hand="#hand03">on the other side of the <placeName>Chobe</placeName>, we 
<lb/>reached the town by</del> the path which <persName>M<hi rend="sup">r</hi> <choice><sic>Oswel</sic><corr>Oswell</corr></choice></persName> and I travelled on horseback in 
<lb/>1850 <add place="above" hand="#hand03">and turning into it proceeded South West until we came to <persName>Sekeletu's</persName> town <placeName>Linyanti</placeName></add> Our reception here was as warm as could have been expected. The chief <add place="above" hand="#hand03"><persName>Sekeletu</persName></add> not 
<lb/>yet nineteen years of age, said, he had got another father instead of <persName>Sebituane</persName>, 
<lb/>was not quite sure, however, about learning to read. "He feared it might 
<lb/>change his heart and make him content with one wife only as in the case of 
<lb/>Sechele"<reg>.</reg> It is pleasant to hear objections frankly stated, <del type="strikethrough" hand="#hand03">and heartsickening 
<lb/>to deal with gelatinous characters who agree with everything you say. In one 
<lb/>of my first interviews with <persName>Sechele</persName>, he asked "if what you say be true, how 
<lb/>was it that your forefathers allowed all my forefathers to pass away without once 
<lb/>sending to let them know"!</del> When I proposed to <persName>Sekeletu</persName> to examine his 
<lb/>country to ascertain if there is a suitable locality for a mission, he consented 
<lb/>frankly, but he had not yet seen me enough. Then he could not allow 
<lb/>me to go alone, some evil might <choice><sic>befal</sic><corr>befall</corr></choice> me and he would be accountable<reg>.</reg>
<lb/><add place="marginleft" hand="#hand03">A</add> This and <term type="ailment">Fever</term> caused some delay - <del type="strikethrough" hand="#hand03">but when we did set out, though our 
<lb/>company</del> consisted of 160 men, our fleet of 33 canoes proceeded rapidly 
<lb/>up the river towards the <placeName>Barotse</placeName>. I had the choice of all the canoes and 
<lb/>the best was 34 feet long and 20 inches wide. With six paddles we passed 
<lb/>through 44 miles of latitude by one day's pull of 10 1/2 hours. If we add the 
<lb/>Longitude to this, it must have been upwards of 50 miles actual distance<reg>.</reg>
<lb/>The river <del type="strikethrough" hand="#hand03">(called <add place="above">everywhere</add><placeName>Leeambye</placeName> viz the River)</del> is indeed a magnificent one. 
<lb/>It is often more than a mile broad, and adorned with numerous islands of 
<lb/>from three to five miles in length. These and the banks too are covered with 
<lb/>forest and most of those <add place="above">trees</add> on the brink of the water send down roots from their 
<lb/>branches like the Banian. The islands <del type="overwritten" hand="#hand03"><choice><sic>and</sic><corr>at</corr></choice></del><add place="over-text" hand="#hand03">at</add> a little distance seem rounded 
<lb/>masses of sylvan vegetation of various hues, reclining on the bosom 
<lb/>of the glorious stream. The beaut<del type="strikethrough">iful</del><add place="inline">y</add> <add place="above">of the</add><!--DL's additions--> scene is greatly increased by 
<lb/>the date palm and lofty palmyra towering above the rest and casting their 
<lb/>featherly foliage against a cloudless sky.<!-- CODIC: two editorial lines in hand03 indicating new para--> <add place="marginleft" hand="#hand03">D</add> The banks are rocky and undulating 
<lb/>and the water being now low navigation was rendered dangerous by 
<lb/>rapids and cataracts. The former are not visible when the river is full 
<lb/>but the <placeName>Cataracts of Kalé</placeName><reg>,</reg><placeName>Bombwe</placeName> &amp; <placeName>Nambwe</placeName> are always dangerous<reg>,</reg>
<lb/>the fall is from four to six feet in perpendicular height. But the <placeName>Falls of 
<lb/>Gonyé</placeName> (hard g.) excel them all. <del type="strikethrough" hand="#hand03"><!-- TRANSC: Not actually a blockStrike. It is boxed with word omit in margin indicating action--> <add place="marginleft" hand="#hand03">omit</add> Their chief peculiarity consists in the 
<lb/>rock which forms one bank below the fall jutting out and presenting its 
<lb/>shoulder to a portion of the torrent<reg>.</reg><figure><!--<graphic style="float:right" url="LETT343-1.gif"/>--><figDesc/></figure>The water thus dashed into a 
<lb/>chasm and against the rock <figure><!--<graphic url="LETT343-2.gif"/>--><figDesc/></figure> sends up a cloud of spray on which 
<lb/>are reflected the colours of the rainbow. We waded through 
<lb/>100 yards river in order to reach the rock <figure><!--<graphic url="LETT343-2.gif"/>--><figDesc/></figure><reg>.</reg> This and portions of the 
<lb/>river on the other side form fine cascades. The Heathen who went 

	<pb n="0003" facs="liv_000797_0003"/><!--pb/@n='2r'-->
<lb/>with me viewed the scene with awe. Some exclaimed "How grand the works 
<lb/>of God are"! others washed their faces in the spray as a charm, while 
<lb/>those of the Utilitarian school searched the holes in the rock for round stones 
<lb/>to grind snuff. I ought to have mentioned that</del> <add place="marginleft" hand="#hand03">I</add><del type="overwritten" hand="#hand02">t</del><add place="over-text" hand="#hand03">T</add>he main fall <add place="above" hand="#hand03">of this</add> is over a straight 
<lb/>ledge of rock about 60 or 70 yards long and 40 feet deep. Tradition reports the 
<lb/>destruction <add place="above" hand="#hand03">in this place</add> of two hippopotamus hunters, who, too eager in the pursuit of a wounded 
<lb/>animal, were with their prey drawn down into the frightful gulph. And we 
<lb/>digged some yams in what was said to <add place="above">have</add> been the garden of a man who of old 
<lb/>came down the river and led out a portion of it here for irrigation - 
<lb/>superior minds must have arisen from time to time in these regions but 
<lb/>ignorant of the use of letters they have left no memorial. One never sees a 
<lb/>grave, nor a stone of remembrance set up. The very rocks are illiterate 
<lb/>they contain no fossils. <add place="marginleft" hand="#hand03">F</add> In the bed of the river they are of sandstone hardened 
<lb/>and porphoritic basalt. All the beautiful parts of the river are infested by 
<lb/>Tsetse but when we come to the Northern confines of Lat. 16° the tsetse suddenly 
<lb/>ceased. The high banks covered with trees seem to leave the river in the 
<lb/>shape of ridges of about 300 feet high. <choice><reg>T</reg><orig>t</orig></choice>hey stretch away to the N N E &amp; 
<lb/>N.N.W. <choice><sic>untill</sic><corr>until</corr></choice> they are from 20 to 30 miles apart - the intervening space 
<lb/>or valley is the Barotse country proper, and it is annually inundated not 
<lb/>by rains but by waters, one portion of which comes from the N.W. 
<lb/>and the other from the North. There are no trees in this valley except such 
<lb/>as were transplanted for the sake of shade by the chief <persName>Santuru</persName>. It is covered 
<lb/>with coarse succulent grasses, one of these is 12 feet high and as thick 
<lb/>as a man's thumb. <choice><reg>T</reg><orig>t</orig></choice>he villages and towns are situated on mounds 
<lb/>some of which have been formed artificially. <choice><reg>T</reg><orig>t</orig></choice>he site of <placeName><unclear cert="medium">Nahiele</unclear></placeName> the present 
<lb/><add place="marginleft" hand="#hand03">G</add><!--omit written hand 03 up side between F & G - presume we areignoring all this editorial stuff at moment anywway--> capital was so constructed. This was not the antient capital. The river 
<lb/>now flows over its site and all that remains of that which cost the 
<lb/>people of <persName>Santuru</persName> the labour of many years, is a few square yards<reg>.</reg>
<lb/>As the same thing has happened to another antient site the river seems 
<lb/><unclear cert="medium">weaving</unclear> Eastwards. Ten feet of rise above low water mark submerges 
<lb/>the whole valley except the foundations of the huts and two feet more 
<lb/>would sweep away the towns. This never happens though among the 
<lb/>hills below the valley the river rises 60 feet and then floods the 
<lb/>lands adjacent to <placeName>Sesheke</placeName> on both sides. The valley contains a great 
<lb/>number of villages and cattle stations - these and large herds of cattle 
<lb/>grazing on the succulent herbage, meet they eye in every direction<reg>.</reg>
<lb/>On visiting the ridges above mentioned we found them to be only the 
<w>com-<lb break="no"/>mencement</w> of lands which are never inundated. <choice><reg>T</reg><orig>t</orig></choice>hey are covered with trees 
<lb/>and abound in fruitful gardens in which are cultivated sugar cane 
<lb/>sweet potato, two kinds of manioc, two kinds of yam, bananas, millet &amp;c<reg>.</reg>
<lb/>Advantage is taken of the inundation too - to raise large quantities of maize 
<lb/>and Caffre corn of large grain and beautiful whiteness. These with abundance 
<lb/>of milk and plenty of fish in the river make the people always refer 
<lb/>to the <placeName>Barotse country</placeName> as the land of plenty. No part of the country 
<lb/>can be spoken of as salubrious. The <term type="ailment">Fever</term> must be braved if a 
<lb/>mission is to be established. <add place="above" hand="#hand03">it is very fatal even among natives</add> I have had eight attacks of it the 
<lb/>last very severe, but I never laid by. I tried native remedies in 
<lb/>order to discover if they possessed any valuable means of cure 

	<pb n="0004" facs="liv_000797_0004"/><!--pb/@n='2v'-->
<lb/>but after being stewed in vapour baths, smoked like a red herring over a fire 
<lb/>of green twigs in <del type="strikethrough">a</del> hot potsherds, and physicked secundem black artem 
<lb/>I believe that our own medicines are more efficacious and safer, I 
<lb/>have not relinquished <add place="above">the search</add> and as I make it a rule to keep on good terms 
<lb/>with my professional bretheren I am not without hope that some of 
<lb/>their means of <add place="above">re</add>establishing the excretions, and to this indeed all their efforts 
<lb/>are directed, may be well adapted for this complaint.</p>
<lb/><p>I did not think it my duty to go towards <placeName>Mosioathuny-a</placeName>, for though 
<lb/>a hilly country the proximity to <persName>Mosilikatze</persName> renders it impossible for the 
<lb/><term type="tribe">Makololo</term> to live there, but I resolved to know the whole Barotse country 
<lb/>before coming to the conclusion now reached, that the Ridge East of <placeName>Nariele</placeName>
<lb/>is the only part of the country that can be fixed on for a mission. I 
<lb/>therefore left <persName>Sekeletu's</persName> party at <add place="above" hand="#hand03"><placeName>Nariele</placeName></add> the Barotse capital and went Northwards<reg>.</reg>
<lb/>The river presents the same appearance of low banks without trees till we 
<lb/>come to 14° 38. Lat. Here again it is forest to the water's edge and <hi rend="underline">Tsetse</hi><reg>.</reg>
<lb/>I might have turned now, but the river <placeName>Londa</placeName> or <placeName>Leeba</placeName> comes from 
<lb/>the capital of a large state of the former name, and the chief being 
<lb/>reported friendly to foreigners. If I succeed in reaching the west 
<lb/>coast and am permitted to return by this river, it will be water 
<lb/>conveyance for perhaps 2/3<hi rend="sup">ds</hi> of the way. We went therefore to the confluence 
<lb/>of the <placeName>Leeba</placeName> or <placeName>Londa</placeName> (not Lonta as we have written it) with the <placeName>Leeambye</placeName><reg>.</reg>
<lb/>It is in 14° 11′ South. <choice><reg>T</reg><orig>t</orig></choice>he <placeName>Leeba</placeName> comes from the N &amp; by W. or N. N. W. 
<lb/>while the <placeName>Leeambye</placeName> there abruptly quits its Northing and comes from 
<lb/>the East Nor East. (the people pointed at its course due East. Are the 
<lb/><placeName><unclear cert="low">Maninche</unclear></placeName> or <placeName>Bashukulompo</placeName> river &amp; <placeName>Leeambye</placeName> not one river dividing 
<lb/>and meeting again down at the <placeName>Zambesi</placeName>?). The <placeName>Loeti</placeName> with its light 
<lb/>coloured water flows into the <placeName>Leeambye</placeName> in 14° 18′. It comes from 
<lb/><placeName>Lobale</placeName> which is probably a country through <add place="above">which</add> a Portuguese merchant 
<lb/>informed me he <add place="above">had</add> passed, and had to cross as many as ten considerable 
<lb/>rivers in one day. <choice><reg>T</reg><orig>t</orig></choice>he <placeName>Loeti</placeName> comes from the West N. West<reg>.</reg>
<lb/>The current of the <placeName>Leeambye</placeName> is rapid - 100 yards in 60 seconds of time or 
<lb/>between 4 &amp; 5 miles an hour. Our elevation must have been 
<w>con-<lb break="no"/>siderable</w> but I had to regret having no means of ascertaining how 
<lb/>much it was. The country flooded by the river ends on the west 
<lb/>bank before we reach the <placeName>Loeti</placeName> and there is an elevated table land 
<lb/>called <placeName>Mango</placeName>on which grows grass but no trees. The Barotse country 
<lb/>when inundated presents the appearance of a lake from 20 to 30 
<lb/>miles broad and 100 long. <!-- CODIC: Two lines indicating insert paragraph --> <add place="above" hand="#hand03"><unclear cert="low">K page 6</unclear></add><!-- TRANS: Not actually blockStrike. Circled by hand03 with instruction omit in margin--><del type="strikethrough" hand="#hand03"> <add place="marginleft" hand="#hand03">H 
<lb/><unclear cert="low">go on at K</unclear></add> The above is I suspect quite enough 
<lb/>on the physical features of the country I am afraid to launch out 
<lb/>into its moral and political aspects. It would be like writing a book but 
<lb/>I shall condense that which I have still to say and hope you will 
<lb/>get comfortably through with it at a sitting<reg>.</reg></del></p>
<lb/><p>The daughter of <persName>Sebituane</persName> <add place="above" hand="#hand03">had</add> resigned the chieftainship into <add place="above" hand="#hand03">- <persName>Sekeletu,</persName></add> her brother's hands<reg>.</reg>
<lb/>From all I can learn she did it gracefully and sincerely. Influential men 
<lb/>advised her to put <persName>Sekeletu</persName> to death lest he should become troublesome when he 
<lb/>became older. She turned from their proposals in disgust, called a meeting and 
<lb/>with a womanly gush of tears said she had been induced to rule by her 
<lb/>father but her own inclination had always been to lead a domestic life 
<lb/>she therefore requested <persName>Sekeletu</persName> to take the chieftainship and allow her to marry<reg>.</reg>

	<pb n="0005" facs="liv_000797_0005"/><!--pb/@n='3r'-->
<lb/>He was equally sincere in a continued refusal during several days, for he was afraid 
<lb/>of being cut off by a pretender who had the audacity to utter some threatening words in the 
<lb/>assembly. I do not <add place="above" hand="#hand03">now</add> wonder at the resolution of <persName>Sebituane's</persName> daughter, having just come 
<lb/>off a nine weeks<reg>'</reg> tour in company with a crowd who would have been her courtiers<reg>.</reg>
<lb/>There was no want of food, oxen were slaughtered almost every day in numbers more 
<lb/>than sufficient for the wants of all. They were all as kind and attentive to me as they 
<lb/>could have been to her, yet to endure their dancing, roaring, and singing, their jesting 
<lb/>anecdotes, grumbling, quarrelling, murdering and <choice><sic>meaness</sic><corr>meanness</corr></choice>, equalled a pretty stiff 
<lb/>penance. These children of nature gave me a more intense disgust to Heathenism 
<lb/>and a much higher opinion of the effects of missions, among tribes in the South which 
<lb/>are reported to have been as savage as they, than I ever had before.</p>
<lb/><p>The pretender above referred to <add place="above" hand="#hand03">at <persName>Sekeletu's</persName> accession and at the time of my arrival</add> believing that he could effect his object by means 
<lb/>of a <add place="above" hand="#hand03">Portuguese</add> slave merchant and a number of armed <term type="tribe">Mambari</term>, encouraged them to the 
<lb/>utmost, the selling of children was <add place="above" hand="#hand03">had been</add> positively forbidden by the lawful chief <add place="above" hand="#hand03"><persName>Sekeletu</persName></add><choice><reg>b</reg><orig>B</orig></choice>ut 
<lb/>his rival transported the slave trading party across the <placeName>Leeambye</placeName> <add place="above" hand="#hand03">River</add> and gave them 
<lb/>full permission to deal in all the Batoka and Bashukulompo villages <add place="above" hand="#hand03">to the</add>  East of <add place="inline" hand="#hand03">it.</add>
<lb/><del type="strikethrough" hand="#hand03">the river</del>. A stockade was erected <add place="above" hand="#hand03">at Katongo</add> and a flagstaff for the Portuguese banner planted 
<lb/>and in return for numerous presents of <del type="strikethrough" hand="#hand03"><persName>Sekeletu's</persName></del>, ivory and cattle, <add place="above" hand="#hand03">that really belonged to <persName>Sekeletu</persName></add> the pretender 
<lb/><choice><sic>recieved</sic><corr>received</corr></choice> a small cannon. Elated with what he considered success he came down 
<lb/>here with the intention of murdering <add place="above" hand="#hand03">Sekeletu himself</add><del type="strikethrough" hand="#hand03">the chief</del>, having no doubt but that <add place="above" hand="#hand03">after</add><del type="strikethrough" hand="#hand03">having</del>
<lb/>effect<del type="overwritten" hand="#hand03">ed</del><add place="over-text" hand="#hand03">ing</add> this, he should by the aid of his allies easily reduce the whole tribe. We 
<lb/>met him in our way to Sesheké <add place="above" hand="#hand03">as we travelled there from <placeName>Linyanti</placeName></add> and a very slight circumstance served to 
<lb/>derange the whole conspiracy. <add place="above" hand="#hand03">The pretender</add><del type="strikethrough" hand="#hand03">He</del> carried a battle axe with which he had arranged 
<lb/>with his confederates to hamstring <persName>Sekeletu</persName> as a signal, when he rose up from 
<lb/>their first interview. I happened to sit down between <add place="above" hand="#hand03">him and the pretender</add><del type="strikethrough" hand="#hand03">the chief and him</del> and 
<lb/>soon feeling disposed to retire for the evening, said to <persName>Sekeletu</persName> Where do we 
<lb/>sleep tonight<reg>?</reg> He replied "come I will shew you." We rose together and my body 
<lb/>covering that of <persName>Sekeletu</persName> the attempt was not made - the accomplices 
<lb/>came and revealed the whole in the evening. "If what you say you know to be true" 
<lb/>answered <persName>Sekeletu</persName> "Take him off"<reg>.</reg> He was instantly led forth and executed. In a 
<lb/>hut close by. I knew nothing of it till the following day, others deeply implicated 
<lb/>were afterwards put to death in the same offhand way, and when I remonstrated 
<lb/>against shedding human blood, the counsellors calmly replied - "You see we are 
<lb/>still Boers, we are not yet taught." Another <add place="above" hand="#hand03">Portguese slave</add> merchant came from the West. He 
<lb/>remained here only three days and finding no market departed. A large party of 
<lb/><term type="tribe">Mambari</term> was encamped by <del type="strikethrough" hand="#hand03">the town</del> <add place="above" hand="#hand03"><placeName>Katongo</placeName></add> about the time of our arrival <add place="above" hand="#hand03">at <placeName>Linyanti</placeName></add> - no 
<lb/>slaves were sold to them and when they heard that I had actually crossed the 
<lb/><placeName>Chobe</placeName>, they fled precipitately. The <term type="tribe">Makololo</term> remonstrated, saying, I would do 
<lb/>them no harm, but the <term type="tribe">Mambari</term> asserted that I would take all their 
<lb/>goods from them because they bought children. The <del type="strikethrough" hand="#hand03">other</del> merchant <add place="above" hand="#hand03">I first spoke of</add> had 
<lb/>probably no idea of the risk he ran in listening to the tale of a disaffected 
<lb/>underchief, <add place="above" hand="#hand03">he was now in his stockade at <placeName>Katongo</placeName> and</add><del type="strikethrough" hand="#hand03">but</del> influential men proposed to expel both him and the 
<lb/><term type="tribe">Mambari</term> from the country. <choice><reg>D</reg><orig>d</orig></choice>reading the results which might follow a 
<lb/>commencement of hostilities, I mentioned the difficulty of attacking a stockade 
<lb/>which could be defended by perhaps forty muskets. "Hunger is strong 
<lb/>enough" said an underchief "a very great fellow is he"<reg>.</reg> As the chief sufferers 
<lb/><add place="above" hand="#hand03">in the event of an attack</add> would be the poor slaves <gap extent="2" unit="words" agent="damage"/> in gangs I interceded for them and 

	<pb n="0006" facs="liv_000797_0006"/><!--pb/@n='3v'-->
<lb/><choice><sic>and</sic><corr>no text</corr></choice> as the result of that intercession, of which of course they are ignorant 
<lb/>the whole party will be permitted to depart in peace. But no stockading will 
<lb/>be <del type="strikethrough" hand="#hand02">permitted</del> <add place="above" hand="#hand02">allowed</add> again.<!--editorial marking indicating end of section--> <add place="marginleft" hand="#hand03">C</add><term type="tribe">The Makololo</term> quote the precedent of <persName>Santuru</persName> who when 
<lb/>he ruled this country was visited by <term type="tribe">Mambari</term>, but refused them permission 
<lb/>to buy his people as slaves. This enlightened chief deserves a paragraph 
<lb/>and as he was a mighty hunter you will glance at it with <unclear cert="low">no</unclear> unfriendly eye<reg>.</reg>
<lb/>He was very fond of rearing the young of wild animals in his town and 
<lb/>besides a number of antelopes, had two tame hippopotami. When I visited his 
<lb/>first capital the people led me to one end of the mound and shewed me some 
<lb/>curious instruments of iron which are just in the state he left them. <choice><reg>T</reg><orig>t</orig></choice>hey 
<lb/>are surrounded by trees all of which he transplanted from the ridge. "On these<reg>"</reg>
<lb/>said the people "<persName>Santuru</persName> was accustomed to present his offerings to the gods 
<lb/>(Barimo - it means departed souls too)<reg>.</reg> The instruments consisted of an upright 
<lb/>stem having numerous branches attached on the end of each of which was 
<lb/>a miniature axe or hoe or spear. Detached from these was another which 
<lb/>seemed to me to be the <choice><sic>gaurd</sic><corr>guard</corr></choice> of a basket hilted sword. When I asked if I might 
<lb/>take it as a curiosity - "Oh no he refuses" Who refuses? "<persName>Santuru</persName>" this seems to 
<lb/>shew a belief in a future state of existence. After explaining to them the nature 
<lb/>of true worship and praying with them in <add place="above">our</add> simple form which needs no 
<lb/>offering on the part of the worshipper except that of the heart. We <add place="above">planted some fruit tree seeds &amp;</add> departed 
<lb/>in connection with the faith of these savages. <add place="above" hand="#hand03">...and 100 long<!--two editorial lines indicatng end of section--></add> <add place="marginleft" hand="#hand03">Continued from H page 4 
<lb/>K</add> I may relate another 
<lb/>incident which happened at the confluence of the <placeName>Leeba</placeName> and <placeName>Leeambye</placeName><reg>.</reg>
<lb/>Having taken Lunar Observations, we were waiting for a meridian altitude 
<lb/>for the Latitude before commencing our return. My chief boatman 
<lb/>was sitting by in order to bind up the instruments as soon as I had 
<lb/>finished. <choice><reg>T</reg><orig>t</orig></choice>here was a large halo round the sun about 20° in diameter<reg>.</reg>
<lb/><choice><reg>T</reg><orig>t</orig></choice>hinking that the humidity of the atmosphere which this indicates might 
<lb/>betoken rain I asked him if his experience did not lead him to 
<lb/>the same view. "O no<reg>"</reg> said he "It is the Barimo who have called a 
<lb/>"pecho" (assembly) Don<reg>'</reg>t you see they have placed the Lord (sun) in their 
<lb/>centre"<add place="inline" hand="#hand03">continues <unclear cert="low">this</unclear> at K</add> <add place="marginleft" hand="#hand03">K</add></p>
<lb/><p>Some of the <term type="tribe">Mambari</term> visited us subsequently to their flight <add place="above" hand="#hand03">of which I spoke before</add> - they 
<lb/>speak a dialect very much resembling the <term type="tribe">Barotse</term> - they have not much 
<lb/>difficulty in acquiring the dialects <del type="strikethrough" hand="#hand02">of each other</del> even though but recently 
<lb/>introduced to each other. <choice><reg>T</reg><orig>t</orig></choice>hey plait their hair in threefold cords &amp; 
<lb/>arrange it down by the sides of the head. They offered guns and powder 
<lb/>for sale at a cheaper rate than traders can do who come from 
<lb/>the <placeName>Cape Colony</placeName>, but the <term type="tribe">Makalolo</term> despise Portuguese guns because 
<lb/>different from those in the possession of other <term type="tribe">Bechuanas</term> - the bullets 
<lb/>are made of iron. The slave merchant seemed anxious to shew kindness 
<lb/>influenced probably by a valuable passport and letter of introduction 
<lb/>from the <del type="strikethrough" hand="#hand03">Portguese Consul at the Cape.</del> <add place="above" hand="#hand03">the <persName>Chevalier Duprat</persName> who holds the office of Arbitrator in the British and Portguese mixed <unclear cert="low">Commission</unclear> in Cape</add><del type="strikethrough" hand="#hand02">He comes from the farthest inland 
<lb/>trading station East of <placeName>Benguela</placeName> -</del> this is the first instance in which 
<lb/>the Portuguese have seen the <placeName>Leeambye</placeName> in the Interior - the course 
<lb/>of <persName>Pereira</persName> if ever travelled must be shifted Northwards. He never 
<lb/>visited the <term type="tribe">Barotse</term> which is one <unclear cert="low">Malona</unclear> or Laoi so the son 

	<pb n="0007" facs="liv_000797_0007"/><!--pb/@n='4r'-->
<lb/>and companions of <persName>Santuru</persName> assert and the event of the visit of a white <gap extent="1" unit="words" agent="damage"/>
<lb/>is such a remarkable affair among Africans it could scarcely be forgotten <gap extent="1" unit="words" agent="damage"/>
<lb/>a century. Our visit is commemorated in eight or ten <add place="above">children called</add> MaRobert (<persName>M<hi rend="sup">rs</hi> L.</persName>) 
<lb/>Many Monare's (<unclear cert="low">M<hi rend="sup underline">r</hi></unclear>) Waggon, Horse - Gun, Jesus &amp;c &amp;c. But no one ever heard 
<lb/>of <persName>Pereira</persName>. His route may have been more Northerly than it is laid down 
<lb/>in Portuguese maps. These indeed seem constructed almost entirely from 
<lb/>native informants - neither of the merchants I saw possessed as much as 
<lb/>a common compass.<!--editorial markings hand03--> <add place="marginleft" hand="#hand03">L</add> At one time <add place="above" hand="#hand03">as I mentioned before</add> I thought of going west in company with 
<lb/>the slave traders <add place="above" hand="#hand03">from <placeName>Katongo</placeName></add>, but a variety of considerations induced me to decide on 
<lb/>going alone. I think of <placeName>Loanda</placeName> though the distance is greater as preferable 
<lb/>to <placeName>Benguela</placeName> and as soon as the rains commence will try the route on 
<lb/>horseback. Trees and rivers are reported which would render travelling by 
<lb/>means of a waggon impossible. <add place="inline" hand="#hand03">The Portuguese are carried in hammocks hung on poles - two slaves 
<lb/>carry a man - It does not look well.</add></p>
<lb/><p>I am sorry to say that the Boers destroyed my celestial Map and thereby 
<lb/>rendered it impossible for me to observe as many occultations as I had 
<lb/>intended, I have observed very few, these I now send to <persName>M<hi rend="sup underline">r</hi> Maclear</persName> in 
<lb/>order that he may verify my Lunars. If I am not mistaken we 
<lb/>have placed our rivers &amp;c about 2° of Longitude too far East. Our 
<lb/>waggon stand instead of being 26° East is not more than 23° 50′ or 24°<reg>.</reg>
<lb/>It is probable that an error of my sextant of which I was not aware deranged 
<lb/>the calculations of the gentleman, who kindly undertook to examine them<reg>.</reg>
<lb/>I send many Lunar observations too, and hope it may be convenient 
<lb/>for <persName>M<hi rend="sup underline">r</hi> Maclear</persName> to examine them and let you know whether 
<lb/>I am right or wrong in my calculations. The map prepared by 
<lb/><persName>M<hi rend="sup">r</hi> <choice><sic>Oswel</sic><corr>Oswell</corr></choice></persName> and myself need not be altered yet. It is admirably well 
<lb/>adapted for all we pretended to viz. a guide to future investigators. 
<lb/>In the enclosed sketch you will see I give no more than I saw 
<lb/>I took the bearings of every reach of the river both in ascending and 
<lb/>descending &amp; allowing for the variation of the compass (21° West) reduced 
<lb/>the sketch according to the Latitudes and Longitudes obtained by 
<lb/>observations; I am not well satisfied with the reduction. I have 
<lb/>not been able to insert the islands and other remarks which would 
<lb/>convey information as well as the form of the river - but you will 
<lb/>see how nearly my sketch from actual observation agrees with 
<lb/>our map from Native information. But I shall send an unreduced 
<lb/>sketch in order that if you wish it a finer pen than mine may 
<lb/>reduce it. The watch performs remarkably well - though deranged for 
<lb/>some time by an unfortunate knock I think it will yet do good service. 
<lb/>If you know any one at <placeName>Loanda</placeName> on the West Coast send me a 
<lb/>thermometer graduated to shew the point of ebullition of water at different 
<lb/>heights but please remember not to lay out much on that which 
<lb/>may be lost. I should like to ascertain the water shed of the east &amp; west<reg>.</reg>

	<pb n="0008" facs="liv_000797_0008"/><!--pb/@n='4v'-->
<lb/>The continent seems to be an elevated table land sloping chiefly towards the East<reg>.</reg></p>
<lb/><p>Sportsmen have still some work before them in the way of discovering 
<lb/>all the Fauna of Africa. This country abounds in game and beyond <placeName>Barotse</placeName>
<lb/>the herds of large animals surpass anything I ever saw. Elands and buffaloes 
<lb/>their tameness was shocking to me. 81 buffaloes defiled slowly before our 
<lb/>fire one evening and lions were impudent enough to roar at us. On the 
<lb/>South of the <placeName>Chobe</placeName> where Bushmen abound they are very seldom heard. 
<lb/>These brave fellows teach them better manners. My boatman informed me that 
<lb/>he had never seen an animal with <add place="above">long</add> wide spreading horns like an ox, called liombikalela 
<lb/>perhaps the Indian Bison or another animal which <del type="strikethrough">lives</del> <add place="above">does not live</add> in the water but snorts 
<lb/>like a hippopotamus and is like that animal <add place="above">in size. It has a horn &amp; may be the Asiatic Rhinocerous<reg>.</reg></add> And we passed some burrows 
<lb/>of a third animal which burrows from the river inland, has short horns 
<lb/>and feeds only by night. I did not notice the burrows at the time of passing 
<lb/>but I give you the report as I got it. Sable antelopes abound and so does the 
<lb/><anchor xml:id="envelopePosition" type="positionMarker"/>Nahong and there is a pretty little antelope on the Sesheke called "Teeanyane" which 
<lb/>seemed new to me. These animals did not lie in my line so you 
<lb/>must be content with this brief notice.</p>
<lb/><p>The birds <add place="above" hand="#hand03">are</add> in great numbers on the river * <!--MJH: this note doesn't appear on dev--><!-- Yes it does, it's number 1 - all notes are auto-numbered at present -->, and many beautiful 
<lb/>new trees were interesting objects of observation but I had perpetually 
<lb/>to regret the absence of our friend <persName>M<hi rend="sup">r</hi> <choice><sic>Oswel</sic><corr>Oswell</corr></choice></persName>, I had no one to share 
<lb/>the pleasure which new objects <choice><sic>imparts</sic><corr>impart</corr></choice>, and instead of pleasant 
<lb/>conversation in the evenings I had to endure the everlasting ranting 
<lb/>of <term type="tribe">Makalolo</term><reg>.</reg></p>
<lb/><p rend="right"><space extent="3" unit="words"/><space extent="1" unit="chars"/>Believe me yours</p>
<lb/><p rend="right"><space extent="4" unit="words"/>Most Affectionately</p>
<lb/><p rend="right"><space extent="7" unit="words"/><space extent="2" unit="chars"/>David Livingston</p>
<lb/><p><persName>Lieut<hi rend="sup underline">t</hi> Colonel Steele</persName></p>
<lb/>
<lb/><note n="*" place="marginleft" anchored="true">* <add place="inline">The</add> Sand martin<add place="inline" hand="#hand03">s</add> never leave<del type="strikethrough" hand="#hand03">s</del>
<lb/><del type="strikethrough" hand="#hand03">the River</del> <add place="above" hand="#hand03">it</add>. We saw them 
<lb/>in hundreds in midwinter<reg>.</reg></note>
<ab type="envelope">
<address>
<addrLine><hi rend="underline">Prepaid</hi></addrLine>
<addrLine><persName>Lieutenant Colonel Steele</persName></addrLine>
<addrLine><placeName>21 Upper Brook St.</placeName></addrLine>
<addrLine>Grosvenor Square</addrLine>
<addrLine><hi rend="double-underline">London</hi></addrLine>
</address>
</ab>
			
</div>
		</body>
	</text></TEI>