<?xml version="1.0" encoding="UTF-8"?>
<?xml-model href="http://livingstoneonline.github.io/LEAP-ODD/leap.rng" type="application/xml" schematypens="http://relaxng.org/ns/structure/1.0"?>
<?xml-model href="http://livingstoneonline.github.io/LEAP-ODD/leap.rng" type="application/xml" schematypens="http://purl.oclc.org/dsdl/schematron"?>
 <?xml-stylesheet href="http://livingstoneonline.github.io/LEAP-XSLT/transcription.xsl" type="text/xsl"?>
 <!--Converted from a TEI P4 XML file to the LEAP TEI P5 Schema by James Cummings on 2015-03-02--><!--TEI encoding revised and standardized by Adrian S. Wisnicki, 2015-2016-->
         <TEI xmlns="http://www.tei-c.org/ns/1.0" xml:id="liv_000579"><!-- LP3 -->
	<teiHeader>
		<fileDesc>
			<titleStmt>
				<title>Letter to Robert Moffat 1</title>
                <title type="alternative">Letter to Robert Moffat 1, [1 April 1845]</title>
				<author xml:id="DL">Livingstone, David, 1813-1873</author>
			</titleStmt>
			<publicationStmt>
				<authority>Livingstone Online</authority>
				<pubPlace>London</pubPlace>
				<date>2005-05-10</date>
				<publisher>Wellcome Centre for the History of Medicine, UCL</publisher>
				<idno type="LEAP-ID">liv_000579</idno>
			</publicationStmt>
			<sourceDesc>
				<bibl xml:id="ccnumber">Letters, 0117</bibl>
				<bibl xml:id="recipient"><persName>Moffat, Robert 1, 1795-1883</persName></bibl>
				<bibl xml:id="date"><date when="1845-04-01">[1 April 1845]</date></bibl>
				<bibl xml:id="where">[Mabotsa]</bibl>
				<bibl xml:id="shelfmark">Wellcome Institute for the History of Medicine. Library; 7329 03</bibl><!--1845-04-01--><!--Original:[1845-04-01]-->
				<bibl xml:id="extent">2 pages</bibl>
			</sourceDesc>
		</fileDesc>
		<revisionDesc>
			<change>
				<date>2005-05-10</date>
				<name xml:id="CO">Caroline Overy</name>Initial Transcription
			</change>
			<change>
				<date>2006-02-11</date>
				<name xml:id="CL">Chris Lawrence</name>first proof
			</change>
			<change>
				<date>2006-02-19</date>
				<name xml:id="JB">Janet Browne</name>second proof
			</change>
			<change>
				<date>2006-03-02</date>
				<name xml:id="SM">Sharon Messenger</name>final proof
			</change>
		</revisionDesc>
	</teiHeader>

	<text>
		<body>
			<div>

	<pb n="0001" facs="liv_000579_0001"/><!--pb/@n='1'-->
<lb/><p rend="no-indent">I enclose a letter for <persName>Robert</persName> which I wrote on the 
<lb/><placeName>Molopo</placeName>, if it will do address it If not tell me &amp; 
<lb/>I shall try &amp; write a better =<!-- equals sign????--> I have my answer to 
<lb/><persName>Mr Edwards</persName> letter open, the other to the Directors 
<lb/>was written on the <placeName>Molopo</placeName> &amp; may be sent off immediately 
<lb/>If you think it ought to be sent now they may both go together</p>
<lb/><p><!-- addresses etc written accross bottom of page - different hands-->Livingston</p>
<lb/><p><placeName>Mabot<supplied resp="#CO">sa</supplied><!--add sa--></placeName></p>
<lb/><p>1<hi rend="sup">st</hi> April 1845</p><!--different hand--><!-- <p>Autograph</p>
<p>of D. Livingston</p>-->
<lb/><p><persName>R M <!--correct ??? Robert Moffat--></persName></p>
<lb/><p><!-- other way round address, Livingstone hand???-->R. Moffat</p>
<lb/><p><placeName>Kuruman</placeName></p>

	<pb n="0002" facs="liv_000579_0002"/><!--pb/@n='2'-->
<!--Hand 01 3 top left--><!--Hand 02 68213 top right--><!--Hand 03 1/4/1845 top right-->
<lb/><p rend="no-indent"><term type="reference">Richardson's dictionary</term>, the hamper in which 
<lb/>the apples were, and sail cloth bag in which the 
<lb/>bed was rolled up. If anything else was to go 
<lb/>back we have forgot but should it occur to 
<lb/>us we shall return it by first opportunity 
<lb/>If <persName>M<hi rend="sup">r</hi> Hume</persName> could sell us one of his mills 
<lb/>we should be glad, for we have both wheat &amp; 
<lb/>maize we could grind. We have excellent 
<lb/>potatoes but a worm plagues them &amp; kills 
<lb/>large plants. What will destroy them? 
<lb/><persName>Cornelius</persName> came &amp; spoke to me about his soul on 
<lb/>saturday last. He seemed much affected, I wished he 
<lb/>had gone out straight to you. When he does come 
<lb/>you will remember him.<!--Hand 04 signed D & M Livingstone--> Sign<hi rend="sup">d</hi><!--is this right????--> D. &amp; M. Livingstone</p>
			
</div>
		</body>
	</text></TEI>