<?xml version="1.0" encoding="UTF-8"?>
<?xml-model href="http://livingstoneonline.github.io/LEAP-ODD/leap.rng" type="application/xml" schematypens="http://relaxng.org/ns/structure/1.0"?>
<?xml-model href="http://livingstoneonline.github.io/LEAP-ODD/leap.rng" type="application/xml" schematypens="http://purl.oclc.org/dsdl/schematron"?>
 <?xml-stylesheet href="http://livingstoneonline.github.io/LEAP-XSLT/transcription.xsl" type="text/xsl"?>
 <!--Converted from a TEI P4 XML file to the LEAP TEI P5 Schema by James Cummings on 2015-03-02--><!--TEI encoding revised and standardized by Adrian S. Wisnicki, 2015-2016-->
         <TEI xmlns="http://www.tei-c.org/ns/1.0" xml:id="liv_000524">
	<teiHeader>
		<fileDesc>
			<titleStmt>
				<title>Letter to [Margaret Sewell?]</title>
                <title type="alternative">Letter to [Margaret Sewell?], 17 June 1843</title>
				<author xml:id="DL">Livingstone, David, 1813-1873</author>
			</titleStmt>
			<publicationStmt>
				<authority>Livingstone Online</authority>
				<pubPlace>London</pubPlace>
				<date>200</date>
				<publisher>Wellcome Centre for the History of Medicine, UCL</publisher>
				<idno type="LEAP-ID">liv_000524</idno>
			</publicationStmt>
			<sourceDesc>
				<bibl xml:id="shelfmark">National Library of Scotland; MS. 656, ff. 99-100</bibl>
				<bibl xml:id="ccnumber">Letters, 0069</bibl>
				<bibl xml:id="recipient"><persName>Sewell, Margaret</persName></bibl>
				<bibl xml:id="date"><date when="1843-06-17">17 June 1843</date></bibl>
				<bibl xml:id="where">Kuruman</bibl><!-- I assume the recipient is [Margarat Sewell??] as in catalogue since the recpient is not explicitly named-->
			</sourceDesc>
		</fileDesc>
		<profileDesc>
			<langUsage>
				<language ident="en">English</language>
			</langUsage>
			<handNotes>
				<handNote xml:id="hand01">Scribe: Unknown</handNote>
			</handNotes>
		</profileDesc>
		<revisionDesc>
			<change>
				<date>2007-08-13</date>
				<name xml:id="CO">Caroline Overy</name>Intial Transcription by
			</change>
			<change>
				<date>2008-01-02</date>
				<name xml:id="CL">Chris Lawrence</name>First proof
			</change>
			<change>
				<date>2008-02-01</date>
				<name xml:id="JB">Janet Browne</name>second proof
			</change>
		</revisionDesc>
	</teiHeader>

	<text>
		<body xml:lang="en">
			<div>

	<pb n="0001" facs="liv_000524_0001"/><!--pb/@n='99r'-->
 <addSpan spanTo="#p99r-01" place="marginleft"><!--addSpan/@place='left margin of fol. 99r'--></addSpan>
<lb/><p rend="no-indent">The sun was sometimes excessively hot but we jogged on the whole weary 
<lb/>day<reg>.</reg> My powers of doing without water excited the astonishment of the natives 
<lb/>&amp; I think I suffered as little from thirst as any of them<reg>.</reg></p><anchor xml:id="p99r-01"/>
<lb/><p><unclear cert="low">(N<hi rend="sup">o</hi> 9)</unclear></p>
<lb/><p rend="right"><space extent="4" unit="words"/><space extent="2" unit="chars"/><placeName>Kuruman</placeName> 17<hi rend="sup">th</hi> June 1843</p>
<lb/><p rend="no-indent">My very Dear Friend</p>
<lb/><p><space extent="4" unit="words"/><space extent="1" unit="chars"/>I shall not advert to the topics contained 
<lb/>in the other letter which I enclose to <persName>M<hi rend="sup underline">r</hi> <choice><sic>Maclehose</sic><corr>MacLehose</corr></choice></persName> <choice><reg>b</reg><orig>B</orig></choice>ut will 
<lb/>endeavour to give you some account of my recent tour 
<lb/>to the tribes of the Interior. You who are accustomed to 
<lb/>Railways &amp; steamboats can form no idea of the slowness of 
<lb/>our movements in this country, <choice><reg>w</reg><orig>W</orig></choice>e are five or six centuries 
<lb/>behind you in regard to locomotion, and this makes our 
<lb/>itineraries as tedious as voyages to India<choice><reg>.</reg><orig>,</orig></choice> I had 10 
<lb/>days of this tedious drawling before I reached the valley of 
<lb/>the <term type="tribe">Bakhatla</term><!--tribe or place name?--> which you may associate in your 
<lb/>mind with the turning point of <persName>M<hi rend="sup">r</hi> Campbell</persName> when he 
<lb/>visited the <placeName>Kurrichane Mountains</placeName> for the <term type="tribe">Bakhatla</term> tribe 
<lb/>live within half a day of the spot where his waggon stood 
<lb/>in its farthest progress north. It is also the spot where 
<lb/>he was informed of the existence of iron founderies. <choice><reg>T</reg><orig>t</orig></choice>hey 
<lb/>are still in existence but they do not refuse me permission 
<lb/>to examine them as they did to him, and it is also near 
<lb/>to the place where the notorious <persName>Mosilikatze</persName> had his residence 
<lb/>when seen by <persName>M<hi rend="sup">r</hi> Moffat</persName>. I walked over the site of his 
<lb/>town &amp; the spot where his people suffered a dreadful 
<lb/>defeat <del type="strikethrough">by</del><unclear cert="medium">from</unclear> the boers, the rock where he executed those 
<lb/>who had fallen under his displeasure by casting them 
<lb/>down was unknown to the natives who now reside in 
<lb/>that vicinity. But though I examined with care the whole 
<lb/>locality and anything which might have remained could be 
<lb/>easily discovered as the grass had been but recently 
<lb/>burned off, I could only see a <add place="below">^</add> <add place="above">very</add> few human bones 
<lb/>&amp; these the last vestiges of the tyrant will soon all 
<lb/>be devoured by the hungry Hyaena. I mention these 
<lb/>things because there is a probability I shall <reg>be</reg> located for 
<lb/>some time at least <del type="strikethrough">near</del> <add place="below">^</add> <add place="above">in</add> that neighbourhood<reg>.</reg></p>
<lb/><p><choice><reg>T</reg><orig>t</orig></choice>he chief <persName><unclear cert="low">Sebegoe</unclear></persName> of the <term type="tribe"><unclear cert="low">Wanketye</unclear></term> who suffered a 
<lb/>cruel massacre by the <term type="tribe">Batlapi</term> last year also lives in </p>

	<pb n="0002" facs="liv_000524_0002"/><!--pb/@n='99v'-->
 <addSpan spanTo="#p99v-01" place="marginleft"><!--addSpan/@place='left margin of fol. 99v'--></addSpan>
<lb/><p rend="no-indent">Please present kind regards to <persName>M<hi rend="sup">r</hi> &amp; M<hi rend="sup">rs</hi> John Sewell</persName>, <persName>Charles</persName>, <persName>Miss Brodie</persName> &amp; <persName>M<hi rend="sup">r</hi>
<lb/>Wildman</persName><reg>.</reg> When he comes over on Monday, would the good old man write
<lb/>me? Affectionately yours David Livingston</p><anchor xml:id="p99v-01"/>
<lb/><p rend="no-indent"><choice><sic>lives in</sic><corr>no text</corr></choice> that neighbourhood and as some of the believers 
<lb/>of <placeName>Kuruman</placeName> were on a visit to him at the time of attack 
<lb/>&amp; in circumstances which could not fail to produce 
<lb/>an impression on the minds of the Heathen that they had been 
<lb/>the means of betraying the <term type="tribe"><unclear cert="low">Wanketye</unclear></term>, one of the objects of my 
<lb/>journey was to endeavour by my presence &amp; explanations 
<lb/>to disabuse his <unclear cert="medium">&amp;</unclear> their minds of that impression. It was not 
<lb/>without danger that one put himself into his hands, for 
<lb/><persName><unclear cert="low">Sebegoe</unclear></persName> has been an almost total stranger to missionaries<reg>.</reg> But 
<lb/>the Lord was with me &amp; gave me favour in his eyes<reg>.</reg>
<lb/>I went directly to him as soon I arrived, the people 
<lb/>crowded around &amp; as <choice><sic>the</sic><corr>they</corr></choice> recognized a young man who was 
<lb/>with the others at the period of attack it was anything 
<lb/>but pleasant to see their looks &amp; gestures. <choice><reg>T</reg><orig>t</orig></choice>he first uproar 
<lb/>having ceased <persName><unclear cert="low">Sebegoe</unclear></persName> demanded of me why I had attacked 
<lb/>&amp; destroyed all his people. I replied why did you not 
<lb/>listen to the advice I sent you last year from the 
<lb/><term type="tribe">Bakwain</term> country &amp; thus destroy yourself. I told you 
<lb/>if you came out of the <placeName>Bakalihari desert</placeName><persName>Mahura</persName>
<lb/>would certainly attack you. Did your messengers fail 
<lb/>to deliver my message or did you discredit it? <choice><reg>T</reg><orig>t</orig></choice>he 
<lb/>messengers were there to recognise me and by a few 
<lb/>Scotch answers of that sort his prejudice seemed 
<lb/>to evaporate &amp; he became quite friendly. In one of 
<lb/>the letters I wrote you I gave an account of <persName><unclear cert="low">Sebegoe</unclear></persName><reg>.</reg>
<lb/>He is the bravest of all the <term type="tribe">Bechuana</term> chiefs &amp; 
<lb/>passing into the <placeName>Bakalihari desert</placeName> bade defiance 
<lb/>to all the forces of <persName>Mosilikatze</persName>. He was on the 
<lb/>march out of it last year when he heard of my 
<lb/>presence in the <term type="tribe">Bakwain</term> country &amp; sent a number 
<lb/>of messengers to me with the present of an ox. I 
<lb/>warned him not to come out of the desert as 
<lb/>the <term type="tribe">Batlapi</term> (people of <placeName>Kuruman</placeName>) would certainly 
<lb/>attack &amp; plunder him of his cattle. He did not know 
<lb/>the power of guns &amp;c. which the unbelieving 
<lb/>portion of the <term type="tribe">Batlapi</term> now possess &amp; and ventured to 

	<pb n="0003" facs="liv_000524_0003"/><!--pb/@n='100r'-->
<lb/>act contrary to my advice. Of the subsequent massacre of 
<lb/>his people I also informed you in another letter. I left him 
<lb/>now evincing towards me a most friendly disposition<reg>.</reg>
<lb/>But perhaps the reason why I did not fare worse might 
<lb/>be what one of his people told me, "O, nobody thinks 
<lb/>of killing a teacher"<reg>.</reg> As poor <persName><unclear cert="low">Sebegoe</unclear></persName> now is, his power 
<lb/>is gone, only the remains of his tribe are left him<reg>,</reg> yet 
<lb/>what he gave me in the way of presents he gave like a 
<lb/>king. When he sent milk or porridge to me they were 
<lb/>always in a dish as large as that basket sort of thing 
<lb/>you put your plates in at dinner. When I returned from 
<lb/>the countries beyond that he took me to the house of one 
<lb/>of his wives &amp; said, as we squatted down beside a huge 
<lb/>pot of beer, "now you must remain many days with 
<lb/>me &amp; we shall drink much together", "my wives (he has 
<lb/>five of them) are all busy making beer for you"<reg>.</reg> 
<lb/>I am still a teetotaler notwithstanding <persName>M<hi rend="sup">r</hi> Moore's</persName>
<lb/>"defection"<reg>.</reg> But I always take a little of their stuff 
<lb/>when it is offered in kindness. It is not 
<w>intoxicat-<lb break="no"/>ing</w> whatever the quantity drunk may be, and is as 
<lb/>thick as the nice gruel you used to make but sour 
<lb/>bitter &amp; of a pink colour. I think it is nutritious 
<lb/>for it contains a large quantity of the native corn 
<lb/>from which it is made by a very simple 
<lb/>process. Another kind of beer is now being 
<w>introd-<lb break="no"/>uced</w> into this country made from honey &amp; a native 
<lb/>root which is not only intoxicating but produces 
<lb/>a kind of frenzy most horrible to behold. With 
<lb/>respect to this I am a teetotaler as I never tasted 
<lb/>it. <choice><reg>T</reg><orig>t</orig></choice>he other or <unclear cert="medium">ancient</unclear> beer I taste to shew good 
<lb/>will but fear in any way to encourage by example 
<lb/>the other pernicious drug. I never objected to beer 
<lb/>or porter as a medicinal agent but only never felt 
<lb/>I needed it as such. I went a long way beyond 
<lb/><persName><unclear cert="low">Sebegoe</unclear></persName> not less I think than 350 miles, North. Formerly 
<lb/>traders went far beyond missionaries. Now I am determined 

	<pb n="0004" facs="liv_000524_0004"/><!--pb/@n='100v'-->
<lb/>if spared to be outdone by no one in carrying the blessed gospel 
<lb/>to the regions beyond. I see it stated <persName>M<hi rend="sup">r</hi> Moffat</persName> intends to 
<lb/>go where no white man has yet been<reg>.</reg> I can tell you he 
<lb/>must go a precious long way for that purpose for I have 
<lb/>been as far on the other side of his farthest point North 
<lb/>as that is on the other side of <placeName>Kuruman</placeName>. I should have 
<lb/>visited a lake in the Interior which has been long known 
<lb/><anchor xml:id="envelopePosition" type="positionMarker"/>by report<reg>.</reg> But I had a most dastardly set of servants with 
<lb/>me this time who refused to go with me farther than the 
<lb/><term type="tribe">Bakwain</term> country. I had therefore to leave them &amp; the 
<w>wag-<lb break="no"/>gon</w> there &amp; proceed Northward on an ox. A curious enough 
<lb/>mode of conveyance for add to the great looseness of his 
<lb/>skin which renders it difficult to stick on, the annoyance 
<lb/>of him putting back his long horns (frequently 4 or 5 feet long) 
<lb/>to give one a punch in the belly when he likes<reg>.</reg></p>

<addSpan spanTo="#addEnd-100v" place="end"><!--addSpan/@place='Sheet folded to make envelope. Envelope text on the middle of fol. 100v'--></addSpan>
<lb/><p rend="center"><persName>M<hi rend="sup underline">rs</hi> Sewell</persName></p>
				<lb/><p rend="center"><space extent="1" unit="words"/><space extent="3" unit="chars"/>57 Aldersgate St</p>
<lb/><p rend="right"><space extent="1" unit="words"/>London</p>
<lb/><p rend="no-indent"><unclear cert="medium">For<hi rend="sup">d</hi></unclear> by <persName>M<hi rend="sup">rs</hi> Pyne</persName></p><anchor xml:id="addEnd-100v"/>

			
</div>
		</body>
	</text></TEI>