<?xml version="1.0" encoding="UTF-8"?>
<?xml-model href="http://livingstoneonline.github.io/LEAP-ODD/leap.rng" type="application/xml" schematypens="http://relaxng.org/ns/structure/1.0"?>
<?xml-model href="http://livingstoneonline.github.io/LEAP-ODD/leap.rng" type="application/xml" schematypens="http://purl.oclc.org/dsdl/schematron"?>
 <?xml-stylesheet href="http://livingstoneonline.github.io/LEAP-XSLT/transcription.xsl" type="text/xsl"?>
 <!--Converted from a TEI P4 XML file to the LEAP TEI P5 Schema by James Cummings on 2015-03-02--><!--TEI encoding revised and standardized by Adrian S. Wisnicki, 2015-2016-->
         <TEI xmlns="http://www.tei-c.org/ns/1.0" xml:id="liv_000063">
	<teiHeader>
		<fileDesc>
			<titleStmt>
				<title>Letter to John Murray III, Enclosing David Livingstone's Correction to Footnote, Page 600, of Narrative of an Expedition to the Zambezi and its Tributaries</title>
                <title type="alternative">Letter to John Murray III, Enclosing Correction to Footnote, Page 600, of Narrative of an Expedition to the Zambezi and its Tributaries, 10 May [1865]</title>
				<author xml:id="DL">Livingstone, David, 1813-1873</author><author xml:id="RP">Poole, Reginald S., 1832-1895</author>
			</titleStmt>
			<publicationStmt>
				<authority>Livingstone Online</authority>
				<pubPlace>London</pubPlace>
				<date>2008-11-12</date>
				<publisher>Wellcome Centre for the History of Medicine, UCL</publisher>
				<idno type="LEAP-ID">liv_000063</idno>
			</publicationStmt>
			<sourceDesc>
				<bibl xml:id="shelfmark">National Library of Scotland; MS. 42421, ff. 69-70</bibl>
				<bibl xml:id="recipient"><persName>Murray, John III, 1808-1892</persName></bibl>
				<bibl xml:id="where">British Museum</bibl>
				<bibl xml:id="date"><date when="1865-05-10">10 May [1865]</date></bibl>
				<bibl xml:id="ccnumber">Books, 03</bibl>
			</sourceDesc>
		</fileDesc>
		<profileDesc>
			<langUsage>
				<language ident="en">English</language>
				<language ident="la">Latin</language>
			</langUsage>
			<handNotes>
				<handNote xml:id="hand01">Scribe: Reginald Stuart Poole</handNote>
				<handNote xml:id="hand02">Scribe: John Murray</handNote>
			</handNotes>
		</profileDesc>
		<revisionDesc>
			<change>
				<date>2008-11-12</date>
				<name xml:id="CO">Caroline Overy</name>Initial Transcription by Caroline Overy
			</change>
			<change>
				<date>2008-11-22</date>
				<name xml:id="CL">Chris Lawrence</name>Proof by Chris Lawrence
			</change>
		</revisionDesc>
	</teiHeader>

	<text>
		<body xml:lang="en">
			
	<div>
	<pb n="0001" facs="liv_000063_0001"/><!--pb/@n='69r'-->
<!-- this is a letter by R S poole including some by DL and John Murray - don't know how to do various hands Poole is hand01-->
<lb/><p rend="center"><space extent="1" unit="words"/><space extent="2" unit="chars"/>British Museum</p>
<lb/><p rend="right"><space extent="1" unit="chars"/>10th May</p>
<lb/><p rend="no-indent">My dear Sir,</p>
<lb/><p><space extent="1" unit="words"/><space extent="1" unit="chars"/>The passage from 
<lb/><persName>Livy</persName> is as follows:</p>
<lb/><p><foreign xml:lang="la">Perfugas, fugitivosque, et 
<lb/>captivos omnes rederrent Romanis, 
<lb/>et naves rostratas, praeter decem 
<lb/>triremes, traderent: elephantosque, 
<lb/>quos haberent domitos neque 
<lb/>domarent alios</foreign> XXX. 37.</p>
<lb/><p>I have kept this note 
<lb/>to insert <persName>D<hi rend="sup">r</hi>. Birch's</persName> reply as 
<lb/>to the Egyptian name of the 

	<pb n="0002" facs="liv_000063_0002"/><!--pb/@n='69v'-->
<lb/>Island of Elephantine <unclear cert="low">vol</unclear>
<lb/>Philae, but will do so no 
<lb/>longer, but write again.</p>
<lb/><p rend="center"> Pray believe me</p>
<lb/><p rend="center"><space extent="2" unit="chars"/>Yours very faithfully</p>
<lb/><p rend="center"><space extent="1" unit="words"/><persName>Reg<hi rend="sup">d</hi>. Stuart Poole</persName></p><!--end of Poole's hand-->

	<pb n="0003" facs="liv_000063_0003"/><!--pb/@n='?'-->
<!--don't know page number-->
<lb/><p rend="no-indent"><!--this is now DL hand-->Note enclose that 
<lb/>printer may be 
<lb/>correct in 
<lb/>Latin quotation 
<lb/>of footnote 
<lb/>page 600</p><!--end of DL hand-->
<lb/>
<lb/><p rend="no-indent"><!-- this is now in JM's hand -hand02-->This <hi rend="underline">impossible</hi> to put 
<lb/>this note on Elephants 
<lb/>at page 600 - which is wholly 
<lb/>on Religion. Nowhere in 
<lb/>these 3 sheets can it be 
<lb/><hi rend="underline">suitably</hi> inserted 
<lb/>I would omit it. <unclear cert="medium">J.M</unclear></p>
	</div>

		</body>
	</text></TEI>