<?xml version="1.0" encoding="UTF-8"?>
<?xml-model href="http://livingstoneonline.github.io/LEAP-ODD/leap.rng" type="application/xml" schematypens="http://relaxng.org/ns/structure/1.0"?>
<?xml-model href="http://livingstoneonline.github.io/LEAP-ODD/leap.rng" type="application/xml" schematypens="http://purl.oclc.org/dsdl/schematron"?>
 <?xml-stylesheet href="http://livingstoneonline.github.io/LEAP-XSLT/transcription.xsl" type="text/xsl"?>
 <!--Converted from a TEI P4 XML file to the LEAP TEI P5 Schema by James Cummings on 2015-03-02--><!--TEI encoding revised and standardized by Adrian S. Wisnicki, 2015-2016-->
         <TEI xmlns="http://www.tei-c.org/ns/1.0" xml:id="liv_000043">
	<teiHeader>
		<fileDesc>
			<titleStmt>
				<title>Oath to Faculty of Medicine and Surgery</title>
                <title type="alternative">Oath to Faculty of Medicine and Surgery, [1840?]</title>
				<author>Livingstone, David, 1813-1873</author>
			</titleStmt>
			<publicationStmt>
				<authority>Livingstone Online</authority>
				<pubPlace>London</pubPlace>
				<date>2006-11-08</date>
				<publisher>Wellcome Centre for the History of Medicine, UCL</publisher>
				<idno type="LEAP-ID">liv_000043</idno>
			</publicationStmt>
			<sourceDesc>
				<bibl xml:id="shelfmark">David Livingstone Centre; 396</bibl>
				<bibl xml:id="ccnumber">Documents, 02.5</bibl>
				<bibl xml:id="recipient"/>
				<bibl xml:id="date"><date when="1840">[1840?]</date></bibl>
				<bibl xml:id="where">[Scotland]</bibl>
			</sourceDesc>
		</fileDesc>
		<profileDesc>
			<langUsage>
				<language ident="en">English</language>
			</langUsage>
		</profileDesc>
		<revisionDesc>
			<change>
				<date>2006</date>
				<name xml:id="CO">Caroline Overy</name>Transcribed by Caroline Overy
			</change>
		</revisionDesc>
	</teiHeader>

	<text>
		<body xml:lang="en">
			<div>

	<pb n="0001" facs="liv_000043_0001"/><!--pb/@n='1r'-->
<lb/><p><space extent="3" unit="chars"/>Form of the oath taken on being 
<lb/>admitted into the medical profession -</p>
<lb/><p><space extent="2" unit="chars"/>I swear by God that I will exercise 
<lb/>the several parts of my profession to the 
<lb/>best of my knowledge and abilities for the 
<lb/>good, safety, and welfare of all persons 
<lb/>committing themselves, or committed to 
<lb/>my care and direction; And that I will 
<lb/>not knowingly or intentionally do anything 
<lb/>or administer anything to their hurt or 
<lb/>prejudice for any consideration or 
<lb/>from any motive whatever. - so help 
<lb/>me God. -</p>
<lb/><p rend="right"><space extent="2" unit="words"/>David Livingston</p>
<lb/><p>(To which signature is required after repeating it<supplied reason="obscured">)</supplied></p>

	<pb n="0002" facs="liv_000043_0002"/><!--pb/@n='1v'-->
			
</div>
		</body>
	</text></TEI>