<?xml version="1.0" encoding="UTF-8"?>
<?xml-model href="http://livingstoneonline.github.io/LEAP-ODD/leap.rng" type="application/xml" schematypens="http://relaxng.org/ns/structure/1.0"?>
<?xml-model href="http://livingstoneonline.github.io/LEAP-ODD/leap.rng" type="application/xml" schematypens="http://purl.oclc.org/dsdl/schematron"?>
 <?xml-stylesheet href="http://livingstoneonline.github.io/LEAP-XSLT/transcription.xsl" type="text/xsl"?>
 <!--Converted from a TEI P5 XML file to the LEAP TEI P5 Schema by James Cummings on 2015-03-02--><!--TEI encoding revised and standardized by Adrian S. Wisnicki, 2015-2016-->
         <TEI xmlns="http://www.tei-c.org/ns/1.0" xml:id="liv_000564">
	<teiHeader>
		<fileDesc>
			<titleStmt>
				<title>Letter to John Philip</title>
                <title type="alternative">Letter to John Philip, 21 July 1844</title>
				<author xml:id="DL">Livingstone, David, 1813-1873</author>
			</titleStmt>
			<publicationStmt>
				<authority>Livingstone Online</authority>
				<pubPlace>London, UK</pubPlace>
				<publisher>University College London</publisher>
				<date>2012</date>
				<idno type="LEAP-ID">liv_000564</idno>
			</publicationStmt>
			<sourceDesc>
				<bibl xml:id="shelfmark">University of London. School of Oriental and African Studies; CWM/LMS/Livingstone Wooden Box, item 28</bibl>
				<bibl xml:id="ccnumber">Letters, 0105</bibl>
				<bibl xml:id="recipient"><persName>Philip, John, 1775-1851</persName></bibl>
				<bibl xml:id="date"><date when="1844-07-21">21 July 1844</date></bibl>
				<bibl xml:id="where">Kuruman</bibl>
			</sourceDesc>
		</fileDesc>
		<profileDesc>
			<langUsage>
				<language ident="en">English</language>
			</langUsage>
		</profileDesc>
		<revisionDesc>
			<change>
				<date>2012-04-20</date>
				<name xml:id="AJS">AJ Schmitz</name> Initial transcription and XML encoding.
            
			</change>
			<change>
				<date>2012-12-04</date>
				<name xml:id="DC">Danielle Cyphert</name> Proofreading.
            
			</change>
			<change>
				<date>2012-06-30</date>
				<name xml:id="AW">Adrian S. Wisnicki</name> Additional encoding.
            
			</change>
			<change>
				<date>2012-07-08</date>
				<name xml:id="HFB">Heather F. Ball</name> XML editing.
            
			</change>
		</revisionDesc>
	</teiHeader>

	<text>
		<body>
			<div>

	<pb n="0001" facs="liv_000564_0001"><!--pb/@n='1r'--></pb>
<lb/><p rend="right"><placeName><settlement type="village">Kuruman</settlement></placeName> <date when="1844-07-21">21<hi rend="sup underline">st</hi> July 1844</date></p>
<lb/><p rend="no-indent">£20.</p>
<lb/><p><space extent="2" unit="chars"/>Eight days after sight.  Please pay 
<lb/><space extent="3" unit="chars"/><persName>M<hi rend="sup">r</hi> David Hume</persName> or order, the sum 
<lb/>of Twenty Pounds sterling and place 
<lb/>the same to the account of salary 
<lb/>from the <placeName><settlement type="town">London</settlement></placeName> Missionary Society</p>
<lb/><p rend="right"><space extent="1" unit="chars"/><persName>David <choice><orig>Livingston</orig><reg>Livingstone</reg></choice></persName></p>
<lb/><p rend="no-indent"><persName>Rev<hi rend="sup underline">d</hi> D<hi rend="sup">r</hi> Phillip</persName></p>
<lb/><p rend="no-indent"><space extent="2" unit="chars"/><placeName><settlement type="town">Cape Town</settlement></placeName></p>

	<pb n="0002" facs="liv_000564_0002"><!--pb/@n='1v'--></pb><!--This section appears to not be in Livingstone's hand-->
			
</div>
		</body>
	</text></TEI>