<?xml version="1.0" encoding="UTF-8"?>
<?xml-model href="http://livingstoneonline.github.io/LEAP-ODD/leap.rng" type="application/xml" schematypens="http://relaxng.org/ns/structure/1.0"?>
<?xml-model href="http://livingstoneonline.github.io/LEAP-ODD/leap.rng" type="application/xml" schematypens="http://purl.oclc.org/dsdl/schematron"?>
 <?xml-stylesheet href="http://livingstoneonline.github.io/LEAP-XSLT/transcription.xsl" type="text/xsl"?>
<TEI xmlns="http://www.tei-c.org/ns/1.0" xml:id="liv_002707"><!-- Change @xml:id -->
    <teiHeader>
        <fileDesc>
            <titleStmt>
                <title>Letter to Unknown</title>
                <title type="alternative">Letter to Unknown, [1863?]</title>
                <author>David Livingstone</author>
                <principal>Adrian S. Wisnicki</principal>
                <principal>Christopher Lawrence</principal>
                <respStmt xml:id="BL">
                    <name>Blaze Livingston</name>
                    <resp>Transcription</resp>
                    <resp>Encoding</resp>
                </respStmt>
                <respStmt xml:id="AW">
                    <name>Adrian S. Wisnicki</name>
                    <resp>Coding review</resp>
                </respStmt>
            </titleStmt>	
            <publicationStmt>
                <authority>Livingstone Online</authority>
                <publisher>University of Maryland Libraries</publisher>
                <pubPlace>College Park, MD, USA</pubPlace>
                <date>2016</date>
                <idno type="LEAP-ID">liv_002707</idno>
            </publicationStmt>
            <sourceDesc>
                <msDesc>
                    <msIdentifier>
                        <country>USA</country>
                        <settlement>Washington, D.C.</settlement>
                        <repository>Smithsonian Institution. Libraries. Joseph F. Cullman 3rd Library of Natural History</repository>
                        <idno type="shelfmark">M088</idno>
                        <altIdentifier>
                            <idno type="ccnumber"></idno><!--not included on full record. BL-->
                        </altIdentifier>
                    </msIdentifier>
                    <physDesc>
                        <handDesc>
                            <handNote xml:id="U"><label>Unknown Hand</label> This hand is unknown but thought not David Livingstone's.</handNote>
                        </handDesc>
                    </physDesc>
                </msDesc>
                <bibl type="sourceMetadata">
                    <title type="alternative">Letter to Unknown, [1863?]</title>
                    <author xml:id="DL">David Livingstone</author>
                    <date type="composition" when="1863">[1863?]</date>
                    <placeName type="compositionPlace">[South East Africa]</placeName>
                    <persName type="addressee">Unknown</persName>
                </bibl>
            </sourceDesc>
        </fileDesc>
        <profileDesc>
            <langUsage>
                <language ident="en">English</language>
            </langUsage>
        </profileDesc>
        <revisionDesc>
			<change when="2017-01-20" who="#AW">Coding review</change>
			<change when="2017-01-20" who="#BL">Coding review</change>
            <change when="2016-12-01" who="#BL">Initial transcription and XML encoding</change>
        </revisionDesc>
    </teiHeader>

    <text>
        <body>
            <div>
               
	<pb facs="liv_002707_0001" n="0001"/>
<lb/><p rend="no-indent">the men belonging to the Navy
<lb/>who accompany you
<lb/>are to proceed to <choice><orig>Quillimane</orig><reg>Quelimane</reg></choice>
<lb/>and rationed there till
<lb/>an opportunity occurs
<lb/>of going to <choice><orig>Mosambique</orig><reg>Mozambique</reg></choice>
<lb/>in search of a Man of
<lb/>war - <space extent="2" unit="chars"/>They are on no
<lb/>account to be left at
<lb/><choice><orig>Quillimane</orig><reg>Quelimane</reg></choice> and if necessary
<lb/>to remain there any time
<lb/>as much care of them
<lb/>taken as possible - <space extent="2" unit="chars"/>They are
<lb/>to be delivered over to the
<lb/><term type="occupation">captain</term> of the first <choice><orig>cruizer</orig><reg>cruiser</reg></choice> met
<lb/><space extent="1" unit="words"/><space extent="3" unit="chars"/>David Livingstone</p>
	
	<pb facs="liv_002707_0002" n="0002"/>
	<ab rend="small gray">
<lb/><space extent="6" unit="words"/>1286
<lb/><space extent="6" unit="words"/><unclear>dice</unclear><!-- Really small print here. Did my best to sort it out and code to best fit. BL. -->
	</ab>

            </div>
        </body>
    </text>

</TEI>
