<?xml version="1.0" encoding="UTF-8"?>
<?xml-model href="http://livingstoneonline.github.io/LEAP-ODD/leap.rng" type="application/xml" schematypens="http://relaxng.org/ns/structure/1.0"?>
<?xml-model href="http://livingstoneonline.github.io/LEAP-ODD/leap.rng" type="application/xml" schematypens="http://purl.oclc.org/dsdl/schematron"?>
 <?xml-stylesheet href="http://livingstoneonline.github.io/LEAP-XSLT/transcription.xsl" type="text/xsl"?>
 <!--Converted from a TEI P4 XML file to the LEAP TEI P5 Schema by James Cummings on 2015-03-02--><!--TEI encoding revised and standardized by Adrian S. Wisnicki, 2015-2016-->
         <TEI xmlns="http://www.tei-c.org/ns/1.0" xml:id="liv_001926">
	<teiHeader>
		<fileDesc>
			<titleStmt>
				<title>Letter to Horace Waller</title>
                <title type="alternative">Letter to Horace Waller, 10 June 1863</title>
				<author>Livingstone, David, 1813-1873</author>
			</titleStmt>
			<publicationStmt>
				<authority>Livingstone Online</authority>
				<pubPlace>College Park, MD, USA</pubPlace>
				<publisher>University of Maryland Libraries</publisher>
				<date>2016</date>
				<idno type="LEAP-ID">liv_001926</idno>
			</publicationStmt>
			<sourceDesc>
				<bibl xml:id="shelfmark">Bodleian Library. Weston Library; Waller MSS. Afr. s. 16.1, 34</bibl>
				<bibl xml:id="ccnumber">Letters, 1357</bibl>
				<bibl xml:id="recipient"><persName>Waller, Horace, 1833-1896</persName>; </bibl>
				<bibl xml:id="date"><date when="1863-06-10">10 June 1863</date></bibl>
				<bibl xml:id="where">Cataracts</bibl>
			</sourceDesc>
		</fileDesc>
		<profileDesc>
			<langUsage>
				<language ident="en">English</language>
			</langUsage>
			<langUsage>
				<language ident="und">Undetermined</language>
			</langUsage>
		</profileDesc>
		<revisionDesc>
			<change>
				<date>2011-12-02</date>
				<name xml:id="AJS">A.J. Schmitz</name> initial transcription and XML encoding.
            
			</change>
			<change>
				<date>2012-02-04</date>
				<name xml:id="JM">Jared McDonald</name> proofreading.
            
			</change>
			<change>
				<date>2012-02-04</date>
				<name xml:id="AW">Adrian S. Wisnicki</name> editing.
            
			</change>
			<change>
				<date>2012-09-25</date>
				<name xml:id="HFB">Heather F. Ball</name> second XML editing.
            
			</change>
			<change>
				<date>2016-10-26</date>
				<name xml:id="AM">Anne Martin</name> final review.
            
			</change>
		</revisionDesc>
	</teiHeader>

	<text>
		<body>
			<div>

	<pb n="0001" facs="liv_001926_0001"><!--pb/@n='34r'--></pb>
<lb/><p rend="center"><placeName><geogName type="cataract">Cataracts</geogName></placeName><space extent="1" unit="words"/><date when="1863-06-10">10<hi rend="sup double-underline">th</hi> June 1863</date></p>
<lb/><p>My dear <persName><choice><abbr>HW</abbr><expan>Horace Waller</expan></choice></persName></p>
<lb/><p><space extent="3" unit="words"/>As <orgName><persName>Enda Moshile</persName>'s 
<lb/>women</orgName> are returning after convoying 
<lb/>their lord &amp; his <term type="ailment">leprosy</term> up here for 
<lb/>relief pray say that if you come 
<lb/>you will be welcome but if 
<lb/>you <choice><sic>dont</sic><corr>don't</corr></choice> know it without you 
<lb/>are a dull <term type="occupation">scholar</term>.</p>
<lb/><p>A woman had gone over to 
<lb/>the other side, we suspect, to get 
<lb/><term type="plant_foodstuff">grain</term> from old gardens, came 
<lb/>back last night with an <w>arrow<supplied>-</supplied><lb break="no"/>head</w> through the <term type="bodypart"><choice><sic>diaphram</sic><corr>diaphragm</corr></choice></term> &amp; 
<lb/><term type="bodypart">lungs</term> up to near the base of the 
<lb/><term type="bodypart">heart</term>. so your folks had better 
<lb/>be on the look out when they go 
<lb/>again.</p>
<lb/><p><persName>Seseho</persName> is not acting <choice><sic>dishonurably</sic><corr>dishonourably</corr></choice>
<lb/>in not going to hunt though I did 
<lb/>expect before I gave him <w>ammuni<supplied>-</supplied><lb break="no"/></w>tion that he would have gone ere 
<lb/>this. He told me that he was 
<lb/>occupied in <term type="occupation">hoeing</term>, and that the 
<lb/>grass was too long to see the animals 
<lb/>I found out subsequently that 
<lb/>he is no shot and abandoned 
<lb/>the idea that we should get fresh 
<lb/><term type="foodstuff">meat</term> from him, consequently</p> 

<lb/><cb rend="vertical"/>
<lb/><ab><persName>Procter</persName> is better - We return a letter address <persName><hi rend="underline">Paoneer</hi></persName> to <persName>Blain</persName></ab>

	<pb n="0002" facs="liv_001926_0002"><!--pb/@n='34v'--></pb>
<lb/><p rend="no-indent">did not feel any of that annoyance 
<lb/>which you out of kindness to me 
<lb/>may have felt in thinking that I 
<lb/>had been shamefully "done" I offered 
<lb/>the same benefit to all but it was 
<lb/>declined on the plea of working in 
<lb/>their gardens and I told them very 
<lb/>pointedly that they were not to 
<lb/>abandon agriculture for the chase.</p>
<lb/><p>The musket (a new one) was 
<lb/>a debt of honour which need 
<lb/>not have been paid - <persName>Moririma</persName>'s 
<lb/>gun was dropped overboard at 
<lb/><placeName><settlement type="village">Kongone</settlement></placeName> &amp; that worthy chose to 
<lb/>blame <persName>Seseho</persName> for it. <persName>Mobita</persName> &amp; 
<lb/><persName>Seseho</persName> offered their cloths <add place="below">^</add> <add place="above">to him</add> before me 
<lb/>to take off the blame - I said that 
<lb/>it was an accident and when we 
<lb/>returned to <placeName><settlement type="village">Tette</settlement></placeName> I would repair 
<lb/>the loss. After the <orgName>party</orgName> left us 
<lb/><persName>Moririma</persName> plagued <persName>Seseho</persName> till he 
<lb/>gave him <hi rend="underline">his</hi> gun - and this having 
<lb/>got broken we refused to repair 
<lb/>it because he had not trusted 
<lb/>my word, and I resolved to give 
<lb/>to <persName>Seseho</persName> the gun I had promised 
<lb/>to <persName>Moririma</persName> though none expected 
<lb/>it:  Here endeth the <foreign xml:lang="und">Molandu</foreign> &amp; 
<lb/>my paper<space extent="2" unit="words"/><persName><choice><abbr>D.L.</abbr><expan>David Livingstone</expan></choice></persName></p>

<lb/><cb rend="vertical"/>
<lb/><ab>King is very low from prolonged haemorrhagic discharge
<lb/>can you lend us 2 bottles of <term type="foodstuff">port wine</term> for him and 
<lb/><term type="medicament">Ammoniate of iron</term>? Kind words to all <space dim="horizontal" extent="1" unit="words"/><unclear cert="medium">to one</unclear></ab>
			
</div>
		</body>
	</text></TEI>