<?xml version="1.0" encoding="UTF-8"?>
<?xml-model href="http://livingstoneonline.github.io/LEAP-ODD/leap.rng" type="application/xml" schematypens="http://relaxng.org/ns/structure/1.0"?>
<?xml-model href="http://livingstoneonline.github.io/LEAP-ODD/leap.rng" type="application/xml" schematypens="http://purl.oclc.org/dsdl/schematron"?>
 <?xml-stylesheet href="http://livingstoneonline.github.io/LEAP-XSLT/transcription.xsl" type="text/xsl"?>
<TEI xmlns="http://www.tei-c.org/ns/1.0" xml:id="liv_001951">
    <teiHeader>
        <fileDesc>
            <titleStmt>
                <title>Letter to Charles J. Meller</title>
				<title type="alternative">Letter to Charles J. Meller, 20 July 1863</title>
                <author>David Livingstone</author>
                <principal>Adrian S. Wisnicki</principal>
                <principal>Christopher Lawrence</principal>
				<respStmt xml:id="BL">
                    <name>Blaze Livingston</name>
                    <resp>Proofing</resp>
                </respStmt>
                <respStmt xml:id="JZ">
                    <name>Jade Zuehlke</name>
                    <resp>Transcription</resp>
                </respStmt>
                <respStmt xml:id="AW">
                    <name>Adrian S. Wisnicki</name>
                    <resp>Coding review</resp>
                </respStmt>
            </titleStmt>	
            <publicationStmt>
                <authority>Livingstone Online</authority>
                <publisher>University of Maryland Libraries</publisher>
                <pubPlace>College Park, MD, USA</pubPlace>
                <date>2016</date>
                <idno type="LEAP-ID">liv_001951</idno>
            </publicationStmt>
            <sourceDesc>
                <msDesc>
                    <msIdentifier>
                        <country>Scotland</country>
                        <repository>National Library of Scotland</repository>
                        <idno type="shelfmark">MS. 20312, ff. 132-133</idno>
                        <altIdentifier>
                            <idno type="ccnumber">Letters, 1381</idno>
                        </altIdentifier>
                    </msIdentifier>
                    <physDesc>
                        <handDesc>
                            <handNote xml:id="U"><label>Unknown Hand</label> This hand is unknown but thought not David Livingstone's.</handNote>
                        </handDesc>
                    </physDesc>
                </msDesc>
                <bibl type="sourceMetadata">
                    <title>Letter to Charles J. Meller</title>
                    <author xml:id="DL">David Livingstone</author>
                    <date type="composition" when="1863-07-20">20 July 1863</date>
                    <placeName type="compositionPlace">Cataracts</placeName>
                    <persName type="addressee">Charles J. Meller</persName>
                </bibl>
            </sourceDesc>
        </fileDesc>
        <profileDesc>
            <langUsage>
                <language ident="en">English</language>
            </langUsage>
        </profileDesc>
        <revisionDesc>
            <change when="2017-01-27" who="#AW">Coding review</change>
            <change when="2017-01-27" who="#BL">Coding review</change>			
            <change when="2017-01-23" who="#BL">Proofing</change>
            <change when="2016-07-26" who="#JZ">Initial transcription and XML encoding</change>
        </revisionDesc>
    </teiHeader>

    <text>
        <body>
            <div>
               
	<pb facs="liv_001951_0001" n="0001"/>
<lb/><opener><space extent="5" unit ="words"/><space extent="1" unit="chars"/><hi rend="small gray" hand="#U">132</hi>
<lb/>
<lb/><space extent="1" unit="words"/><dateline><placeName><geogName type="cataracts">Cataracts</geogName></placeName> <date when="1863-07-20">20 July 1863</date></dateline>
<lb/>    
<lb/><salute>My Dear <persName><choice><abbr>D<hi rend="sup underline">r</hi></abbr><expan>Doctor</expan></choice> Meller</persName></salute></opener>
<lb/><p><space extent="3" unit="chars"/>It has occurred
<lb/>to me since you
<lb/>left that possibly
<lb/>you might like
<lb/>to go at once down
<lb/>to the <placeName><geogName type="harbor">Kongone</geogName></placeName>
<lb/>where the Rapid is 
<lb/>to touch in <date when="1863-08">August</date>
<lb/>and leave the larger
<lb/>part of your luggage
<lb/>to go with "Pioneer"</p>
<lb/><cb rend="vertical"/>
<lb/><p rend="no-indent">Tell Waller I wrote him after church</p><!-- "after" is smudged, however easy to read. Should I code as such? BL. -->

	<pb facs="liv_001951_0002" n="0002"/>
<lb/><p rend="no-indent">at the end of the
<lb/>year - The difficulty
<lb/>of luggage presented
<lb/>my thinking of
<lb/>this before the
<lb/><term type="occupation">bishop</term> came up
<lb/>but though we
<lb/>can scarcely ask
<lb/>it - if he could <!-- possibly "would", but unlikely. BL. -->
<lb/>be prevailed on
<lb/>to stop one day
<lb/>more you could
<lb/>give directions to
<lb/>the <term type="occupation">Steward</term> about<!-- "t" in about is completely faded. Only imprint visible. Should it be coded? Other words above have some faded, but still completely visible. BL. -->

	<pb facs="liv_001951_0003" n="0003"/>
<lb/>the bulkier articles <add place="above" hand="#U" rend="gray">133</add>
<lb/>being packed &amp;
<lb/>possibly be favoured
<lb/>with a passage
<lb/>in his boat to
<lb/><placeName>Mazaro</placeName> - Thence
<lb/>I write for a
<lb/>canoe to go down
<lb/>to the bar<!--possibly "bay"? Unlikely though. BL.--> of <placeName><geogName type="harbor">Kongone</geogName></placeName>
<lb/>for our stores
<lb/>and I could give
<lb/>you some pieces
<lb/>of cloth to pay
<lb/>your way in
<lb/>the matter of food

    <pb facs="liv_001951_0004" n="0004"/>      
<lb/>the wish of the <choice><abbr>Gov<hi rend="sup underline">t</hi></abbr><expan>Government</expan></choice>
<lb/>that salaries should
<lb/>cease by <date when="1863-12-31">31<hi rend="sup">st</hi> <choice><abbr>Dec<hi rend="sup underline">r</hi></abbr><expan>December</expan></choice></date>
<lb/>makes me mention 
<lb/>this plan though
<lb/>it may not be
<lb/>quite agreeable - Think
<lb/>about it - <persName><term type="occupation">Captain</term>
<lb/>Gardner</persName> says the Rapid
<lb/>will call "<choice><sic>as</sic><corr>at</corr></choice> the end
<lb/>of <date when="1863-08">August</date>" &amp; I write
<lb/>to the <term type="occupation">captain</term> to go
<lb/>round &amp; take our
<lb/>late companions off
<lb/>from <placeName><settlement type="town"><choice><orig>Quillimane</orig><reg>Quelimane</reg></choice></settlement></placeName><!--not sure if "village" is best tag. Please adjust as necessary. BL. --> so
<lb/>you might make up to
<lb/>them yet <persName>David Livingstone</persName></p><!--no true closer. Not using closer tags as that forces name below preceding text, which doesn't fit with the letter. Also <signed> tags fail to work outside of closer. BL. -->

            </div>
        </body>
    </text>

</TEI>
