<?xml version="1.0" encoding="UTF-8"?>
<?xml-model href="http://livingstoneonline.github.io/LEAP-ODD/leap.rng" type="application/xml" schematypens="http://relaxng.org/ns/structure/1.0"?>
<?xml-model href="http://livingstoneonline.github.io/LEAP-ODD/leap.rng" type="application/xml" schematypens="http://purl.oclc.org/dsdl/schematron"?>
 <?xml-stylesheet href="http://livingstoneonline.github.io/LEAP-XSLT/transcription.xsl" type="text/xsl"?>
 <!--Converted from a TEI P4 XML file to the LEAP TEI P5 Schema by James Cummings on 2015-03-02--><!--TEI encoding revised and standardized by Adrian S. Wisnicki, 2015-2016-->
         <TEI xmlns="http://www.tei-c.org/ns/1.0" xml:id="liv_001924">
	<teiHeader>
		<fileDesc>
			<titleStmt>
				<title>Letter to Horace Waller</title>
                <title type="alternative">Letter to Horace Waller, 2 June 1863</title>
				<author>Livingstone, David, 1813-1873</author>
			</titleStmt>
			<publicationStmt>
				<authority>Livingstone Online</authority>
				<pubPlace>College Park, MD, USA</pubPlace>
				<publisher>University of Maryland Libraries</publisher>
				<date>2016</date>
				<idno type="LEAP-ID">liv_001924</idno>
			</publicationStmt>
			<sourceDesc>
				<bibl xml:id="shelfmark">Bodleian Library. Weston Library; Waller MSS. Afr. s. 16.1, 32-33</bibl>
				<bibl xml:id="ccnumber">Letters, 1355</bibl>
				<bibl xml:id="recipient"><persName>Waller, Horace, 1833-1896</persName>; </bibl>
				<bibl xml:id="date"><date when="1863-06-02">2 June 1863</date></bibl>
				<bibl xml:id="where">Cataracts</bibl>
			</sourceDesc>
		</fileDesc>
		<profileDesc>
			<langUsage>
				<language ident="en">English</language>
			</langUsage>
		</profileDesc>
		<revisionDesc>
			<change>
				<date>2011-12-02</date>
				<name xml:id="AJS">A.J. Schmitz</name> initial transcription and XML encoding.
            
			</change>
			<change>
				<date>2012-02-04</date>
				<name xml:id="JM">Jared McDonald</name> proofreading.
            
			</change>
			<change>
				<date>2011-02-04</date>
				<name xml:id="AW">Adrian S. Wisnicki</name> editing.
            
			</change>
			<change>
				<date>2012-09-25</date>
				<name xml:id="HFB">Heather F. Ball</name> second XML editing.
            
			</change>
			<change>
				<date>2016-10-26</date>
				<name xml:id="AM">Anne Martin</name> final review.
            
			</change>
		</revisionDesc>
	</teiHeader>

	<text>
		<body>
			<div>

	<pb n="0001" facs="liv_001924_0001"><!--pb/@n='32r'--></pb>
<lb/><p rend="center"><placeName><geogName type="cataract">Cataracts</geogName></placeName> <date when="1863-06-02">2 June</date></p>  
<lb/><p rend="right">1863</p>
<lb/><p rend="no-indent">My dear <persName><choice><abbr>HW</abbr><expan>Horace Waller</expan></choice></persName></p>
<lb/><p><space extent="2" unit="words"/>I send the 
<lb/>brass wire you 
<lb/>requested by the 
<lb/><orgName><placeName><settlement type="city">Senna</settlement></placeName> men</orgName> who 
<lb/>came with the 
<lb/><term type="animal">cattle</term> and hope it 
<lb/>will serve your 
<lb/>purpose.</p>
<lb/><p>We have your 
<lb/><term type="animal">bulls</term> to break 
<lb/>in - the <term type="animal">cows</term> 
<lb/>unfortunately 

     

	<pb n="0002" facs="liv_001924_0002"><!--pb/@n='32v'--></pb>
<lb/>ran dry in the 
<lb/>way. but our 
<lb/><placeName><geogName type="island">Johanna</geogName></placeName> <term type="animal">cows</term> 
<lb/>send to promise 
<lb/>better things.</p>
<lb/><p>You did not 
<lb/>mention whether 
<lb/>you had "<bibl>All the 
<lb/>year round</bibl>" or not 
<lb/>I am afraid our 
<lb/>worthy <term type="occupation">seamen</term> 
<lb/>may have made 
<lb/>off with it.  

     

	<pb n="0003" facs="liv_001924_0003"><!--pb/@n='33r'--></pb>
<lb/>If I were not tired 
<lb/>with writing vile 
<lb/>Portuguese I might 
<lb/>congratulate you 
<lb/>on the sympathy 
<lb/>some folks <choice><orig>shew</orig><reg>show</reg></choice> 
<lb/>you in reference 
<lb/>to the <orgName><hi rend="underline">mission</hi></orgName>
<lb/>people behaving 
<lb/>so badly.  The 
<lb/>weather is <w>com<supplied>-</supplied><lb break="no"/>pletely</w> changed I 
<lb/>think - 49º here 
<lb/>this morning &amp; 
<lb/>our general health 

     

	<pb n="0004" facs="liv_001924_0004"><!--pb/@n='33v'--></pb>
<lb/>is improving - I hope 
<lb/><persName>Procter</persName> will soon 
<lb/>be himself again 
<lb/>with kind salutations 
<lb/>to <persName>Rowley</persName> I am &amp;c</p>
<lb/><p><persName><choice><abbr>D</abbr><expan>David</expan></choice> Livingstone</persName></p>
			
</div>
		</body>
	</text></TEI>