<?xml version="1.0" encoding="UTF-8"?>
<?xml-model href="http://livingstoneonline.github.io/LEAP-ODD/leap.rng" type="application/xml" schematypens="http://relaxng.org/ns/structure/1.0"?>
<?xml-model href="http://livingstoneonline.github.io/LEAP-ODD/leap.rng" type="application/xml" schematypens="http://purl.oclc.org/dsdl/schematron"?>
 <?xml-stylesheet href="http://livingstoneonline.github.io/LEAP-XSLT/transcription.xsl" type="text/xsl"?>
<TEI xmlns="http://www.tei-c.org/ns/1.0" xml:id="liv_002705">
    <teiHeader>
        <fileDesc>
            <titleStmt>
                <title>Letter to Unknown</title>
                <title type="alternative">Letter to Unknown, [1863?]</title>
                <author>David Livingstone</author>
                <principal>Adrian S. Wisnicki</principal>
                <principal>Christopher Lawrence</principal>
                <respStmt xml:id="BL">
                    <name>Blaze Livingston</name>
                    <resp>Transcription</resp>
                    <resp>Encoding</resp>
                </respStmt>
                <respStmt xml:id="AW">
                    <name>Adrian S. Wisnicki</name>
                    <resp>Coding review</resp>
                </respStmt>
            </titleStmt>	
            <publicationStmt>
                <authority>Livingstone Online</authority>
                <publisher>University of Maryland Libraries</publisher>
                <pubPlace>College Park, MD, USA</pubPlace>
                <date>2016</date>
                <idno type="LEAP-ID">liv_002705</idno>
            </publicationStmt>
            <sourceDesc>
                <msDesc>
                    <msIdentifier>
                        <country>USA</country>
                        <settlement>Washington, D.C.</settlement>
                        <repository>Smithsonian Institution. Libraries. Joseph F. Cullman 3rd Library of Natural History</repository>
                        <idno type="shelfmark">M088</idno>
                        <altIdentifier>
                            <idno type="ccnumber"></idno><!--not included on full record. BL-->
                        </altIdentifier>
                    </msIdentifier>
                    <physDesc>
                        <handDesc>
                            <handNote xml:id="U"><label>Unknown Hand</label> This hand is unknown but thought not David Livingstone's.</handNote>
                        </handDesc>
                    </physDesc>
                </msDesc>
                <bibl type="sourceMetadata">
                    <title type="alternative">Letter to Unknown, [1863?]</title>
                    <author xml:id="DL">David Livingstone</author>
                    <date type="composition" when="1863">[1863?]</date>
                    <placeName type="compositionPlace">[South East Africa]</placeName>
                    <persName type="addressee">Unknown</persName>
                </bibl>
            </sourceDesc>
        </fileDesc>
        <profileDesc>
            <langUsage>
                <language ident="en">English</language>
            </langUsage>
        </profileDesc>
        <revisionDesc>
            <change when="2017-01-20" who="#AW">Coding review</change>
            <change when="2017-01-20" who="#BL">Coding review</change>
            <change when="2016-11-30" who="#BL">Initial transcription and XML encoding</change>
        </revisionDesc>
    </teiHeader>

    <text>
        <body>
            <div>
               
	<pb facs="liv_002705_0001" n="0001"/>
<lb/><p rend="no-indent">on arriving at the <placeName>Mission</placeName><!-- unsure if placeName tags are appropriate. BL.--> <add place="above" rend="gray" hand="#U"><date when="1863">1863</date>?</add> <add rend="red" hand="#U">27</add>
<lb/>please select any papers
<lb/>or articles likely to be valued
<lb/>by <choice><sic><persName>M<hi rend="sup underline">r</hi> Thornton</persName>s</sic><corr><persName>M<hi rend="sup underline">r</hi> Thornton</persName>'s</corr></choice> friends
<lb/>and take them if the canoe
<lb/>will admit them</p>
<lb/><p>Be good enough to proceed
<lb/>with all convenient speed
<lb/>down the river and make
<lb/>enquiries of <persName>Tito</persName><!-- not entirely certain who Fito is, Portuguese slaver? BL.--><space extent="1" unit="words"/>or
<lb/><persName>Bandeira</persName> or <persName>Vianna</persName>'s
<lb/>representative about sending
<lb/>up a canoe with 100 <unclear>panjas</unclear>
<lb/>of <term type="foodstuff">rice</term> &amp; <term type="plant_foodstuff">Mexoeira</term>. <persName>Tito</persName>
<lb/>said that he would furnish
<lb/><term type="foodstuff">rice</term> cheaper than anyone
<lb/>else &amp; if he would undertake
<lb/>it the business would be

	<pb facs="liv_002705_0002" n="0002"/><!-- there are some parts below that are cut off, and there is no third page. Did my best to put some of the incomplete words in <unclear> tags, but it's not really informative. BL -->
<lb/>done better by him. <persName>Vianna</persName> <w>ch<gap extent="5" unit="chars"/><supplied>arges</supplied></w>
<lb/>more than double the ordinary
<lb/>price for grain. &amp; a canoe <gap extent="3" unit="chars" agent="illegible"/>
<lb/>cost with cause men &amp; canoe
<lb/>£21. It must be got even <unclear>at</unclear><!-- might be the word "at", might be a longer word that starts with at. BL. -->
<lb/>that but if it is to be had
<lb/>any cheaper the sender will <w><unclear>b</unclear><supplied>e</supplied></w>
<lb/>quite as content. <choice><sic>and</sic><corr>And</corr></choice> we <unclear>mor</unclear></p>
<lb/><p>The boat I should like
<lb/>to be employed to bring up
<lb/>whatever may be found fo<gap extent="1" unit="chars"/><supplied>r</supplied>
<lb/>us but if nothing has been lef<gap extent="1" unit="chars"/><supplied>t</supplied>
<lb/>or came from <placeName><geogName type="country"><choice><orig>Mosambique</orig><reg>Mozambique</reg></choice></geogName></placeName>
<lb/>then it may have <term type="plant_foodstuff">mexoeina</term>
<lb/>or <term type="foodstuff">rice</term> and <placeName><settlement><choice><sic>shupanga</sic><corr>Shupanga</corr></choice></settlement></placeName>
<lb/><space extent="1" unit="words"/><add place="inspace" rend="small">of ten to serve six months at a</add>
<lb/>crew <add place="below">^</add>. Our former ones i<gap extent="1" unit="chars"/><supplied>f</supplied>
<lb/><space extent="2" unit="words"/><add place="inspace" rend="small">to relieve those here</add>
<lb/>possible - Any dispatchers
<lb/>that may <add place="below">^</add> <add place="above">have</add> arrived to be hastene<gap extent="1" unit="chars"/><supplied>d</supplied>
<lb/>up in <choice><sic><persName>M<hi rend="sup underline">r</hi> Thornton</persName>s</sic><corr><persName>M<hi rend="sup underline">r</hi> Thornton</persName>'s</corr></choice> boat - 
<lb/>part of the ten <placeName><settlement><choice><sic>shupanga</sic><corr>Shupanga</corr></choice></settlement></placeName> men</p>

            </div>
        </body>
    </text>

</TEI>
