<?xml version="1.0" encoding="UTF-8"?>
<?xml-model href="http://livingstoneonline.github.io/LEAP-ODD/leap.rng" type="application/xml" schematypens="http://relaxng.org/ns/structure/1.0"?>
<?xml-model href="http://livingstoneonline.github.io/LEAP-ODD/leap.rng" type="application/xml" schematypens="http://purl.oclc.org/dsdl/schematron"?>
 <?xml-stylesheet href="http://livingstoneonline.github.io/LEAP-XSLT/transcription.xsl" type="text/xsl"?>
 <!--Converted from a TEI P4 XML file to the LEAP TEI P5 Schema by James Cummings on 2015-03-02--><!--TEI encoding revised and standardized by Adrian S. Wisnicki, 2015-2016-->
         <TEI xmlns="http://www.tei-c.org/ns/1.0" xml:id="liv_001928">
	<teiHeader>
		<fileDesc>
			<titleStmt>
				<title>Letter to Horace Waller</title>
                <title type="alternative">Letter to Horace Waller, 14 June 1863</title>
				<author>Livingstone, David, 1813-1873</author>
			</titleStmt>
			<publicationStmt>
				<authority>Livingstone Online</authority>
				<pubPlace>College Park, MD, USA</pubPlace>
				<publisher>University of Maryland Libraries</publisher>
				<date>2016</date>
				<idno type="LEAP-ID">liv_001928</idno>
			</publicationStmt>
			<sourceDesc>
				<bibl xml:id="shelfmark">Bodleian Library. Weston Library; Waller MSS. Afr. s. 16.1, 35-36</bibl>
				<bibl xml:id="ccnumber">Letters, 1358</bibl>
				<bibl xml:id="recipient"><persName>Waller, Horace, 1833-1896</persName>; </bibl>
				<bibl xml:id="date"><date when="1863-06-14">14 June 1863</date></bibl>
				<bibl xml:id="where">Moembedzi</bibl>
			</sourceDesc>
		</fileDesc>
		<profileDesc>
			<langUsage>
				<language ident="en">English</language>
			</langUsage>
		</profileDesc>
		<revisionDesc>
			<change>
				<date>2011-12-02</date>
				<name xml:id="AJS">A.J. Schmitz</name> initial transcription and XML encoding.
            
			</change>
			<change>
				<date>2012-02-04</date>
				<name xml:id="JM">Jared McDonald</name> proofreading.
            
			</change>
			<change>
				<date>2012-02-04</date>
				<name xml:id="AW">Adrian S. Wisnicki</name> editing.
            
			</change>
			<change>
				<date>2012-09-25</date>
				<name xml:id="HFB">Heather F. Ball</name> second XML editing.
            
			</change>
			<change>
				<date>2016_10_26</date>
				<name xml:id="AM">Anne Martin</name> final review.
            
			</change>
		</revisionDesc>
	</teiHeader>

	<text>
		<body>
			<div>

	<pb n="0001" facs="liv_001928_0001"><!--pb/@n='35r'--></pb>
<lb/><p rend="no-indent"><placeName><settlement type="village">Moembedzi</settlement></placeName> <date when="1863-06-14">14<hi rend="sup">th</hi> June 1863</date></p>
<lb/><p>My dear <persName>Waller</persName></p>
<lb/><p><space extent="1" unit="words"/>As <persName>Wikatani</persName>
<lb/>returns this morning 
<lb/>I send the seven rings 
<lb/>which came from 
<lb/><persName>Clementino</persName> for <persName>M<hi rend="sup underline">r</hi>
<lb/>Thornton</persName> and 
<lb/>thanks for the 
<lb/><term type="plant">Turnip</term> seed &amp; 
<lb/><bibl>Journal</bibl></p>
<lb/><p>I am very much 
<lb/>ashamed to find 
<lb/>

     

	<pb n="0002" facs="liv_001928_0002"><!--pb/@n='35v'--></pb>
<lb/>myself guilty of 
<lb/>allowing the numbers 
<lb/>of "<bibl>All the year round</bibl>" 
<lb/>to get out of my 
<lb/>sight. The first 
<lb/>number went first 
<lb/>and gradually all 
<lb/>the rest so I fear 
<lb/>we have a book 
<lb/>thief on board whom 
<lb/>when caught we 
<lb/>shall send down 

     

	<pb n="0003" facs="liv_001928_0003"><!--pb/@n='36r'--></pb>
<lb/>to be sacrificed to 
<lb/>your Justly offended 
<lb/>sense of Justice &amp; 
<lb/>honour. I am 
<lb/>really very sorry 
<lb/>for the mishap 
<lb/>and will be glad 
<lb/>if you lose some 
<lb/>of <bibl>my books</bibl> in 
<lb/>as silly a manner</p>
<lb/><p>We are ready 
<lb/>to start tomorrow 
<lb/>but fear to go 
<lb/>through bush &amp; <choice><sic>brake</sic><corr>break</corr></choice>

	<pb n="0004" facs="liv_001928_0004"><!--pb/@n='36v'--></pb>
<lb/>in thin parts dripping 
<lb/>wet a la <persName>Waller</persName>
<lb/>even should the 
<lb/>rain keep away 
<lb/>pains from the 
<lb/>back of one's thighs 
<lb/>With kind words to 
<lb/><persName>Procter</persName> &amp; <persName>Rowley</persName></p>
<lb/><p><space extent="2" unit="chars"/>I am &amp;c</p>
<lb/><p rend="no-indent"><space extent="2" unit="chars"/><persName>David Livingstone</persName></p>
<lb/><p rend="no-indent"><persName>King</persName> is getting on nicely 
<lb/>nobody else either 
<lb/>sick or skulking</p>
			
</div>
		</body>
	</text></TEI>