<?xml version="1.0" encoding="UTF-8"?>
<?xml-model href="http://livingstoneonline.github.io/LEAP-ODD/leap.rng" type="application/xml" schematypens="http://relaxng.org/ns/structure/1.0"?>
<?xml-model href="http://livingstoneonline.github.io/LEAP-ODD/leap.rng" type="application/xml" schematypens="http://purl.oclc.org/dsdl/schematron"?>
 <?xml-stylesheet href="http://livingstoneonline.github.io/LEAP-XSLT/transcription.xsl" type="text/xsl"?>
 <!--Converted from a TEI P5 XML file to the LEAP TEI P5 Schema by James Cummings on 2015-03-02--><!--TEI encoding revised and standardized by Adrian S. Wisnicki, 2015-2016-->
         <TEI xmlns="http://www.tei-c.org/ns/1.0" xml:id="liv_001930">
	<teiHeader>
		<fileDesc>
			<titleStmt>
				<title>Letter to Horace Waller</title>
                <title type="alternative">Letter to Horace Waller, 3 July 1863</title>
				<author xml:id="DL">Livingstone, David, 1813-1873</author>
			</titleStmt>
			<publicationStmt>
				<authority>Livingstone Online</authority>
				<pubPlace>London, UK</pubPlace>
				<publisher>University College London</publisher>
				<date>2012</date>
				<idno type="LEAP-ID">liv_001930</idno>
			</publicationStmt>
			<sourceDesc>
				<bibl xml:id="shelfmark">Bodleian Library. Weston Library; Waller MSS. Afr. s. 16.1, ff. 37-40</bibl>
				<bibl xml:id="ccnumber">Letters, 1360</bibl>
				<bibl xml:id="recipient"><persName>Waller, Horace, 1833-1896</persName></bibl>
				<bibl xml:id="date"><date when="1863-07-03">3 July 1863</date></bibl>
				<bibl xml:id="where">Cataracts of Shire</bibl>
			</sourceDesc>
		</fileDesc>
		<profileDesc>
			<langUsage>
				<language ident="en">English</language>
			</langUsage>
		</profileDesc>
		<revisionDesc>
			<change>
				<date>2011-12-03</date>
				<name xml:id="AJS">A.J. Schmitz</name> initial transcription and XML encoding.
            
			</change>
			<change>
				<date>2012-03-14</date>
				<name xml:id="KS">Kate Simpson</name> proofreading.
            
			</change>
			<change>
				<date>2012-07-01</date>
				<name xml:id="HFB">Heather F. Ball</name> XML editing.
            
			</change>
			<change>
				<date>2012-09-09</date>
				<name xml:id="AW">Adrian S. Wisnicki</name> XML editing.
            
			</change>
		</revisionDesc>
	</teiHeader>

	<text>
		<body>
			<div>

	<pb n="0001" facs="liv_001930_0001"><!--pb/@n='37r'--></pb>
	<ab>
<lb/>I have to write despatches.  Will you let 
<lb/>me know before the bishop goes down
    </ab>
<lb/><p rend="no-indent"><space extent="1" unit="words"/><placeName><geogName>Cataracts of Shire</geogName></placeName>
<lb/><space extent="3" unit="words"/><date when="1863-07-03">3<hi rend="sup underline">d</hi> <del type="strikethrough">August</del><add place="inline">July</add>
<lb/><space extent="4" unit="words"/>1863</date></p>
<lb/><p rend="no-indent">My Dear<persName>Waller</persName></p>
<lb/><p><space extent="2" unit="words"/>We send 
<lb/>down a bit of beef 
<lb/>for you and such 
<lb/>of your companions 
<lb/>as can eat it - and 
<lb/>pray their acceptance 
<lb/>of the same.  <persName>Meller</persName>
<lb/>tells me that the 
<lb/>new bishop is 
<lb/>vegetarian - alas
<lb/>for the goats!  You 
<lb/>remember <persName>Dean 
<lb/><lb/><space/>

	<pb n="0002" facs="liv_001930_0002"><!--pb/@n='37v'--></pb>
<lb/>Ramsay</persName>'s story about 
<lb/>"What will the <gap agent="deletion" extent="4" unit="chars"/><add place="inline">
poor</add><lb/>whales do now" or 
<lb/>something to that effect 
<lb/>I am very glad to 
<lb/>hear that now 
<lb/>you have a head &amp; 
<lb/>an energetic one too 
<lb/>but very sorry to 
<lb/>think of the feeble 
<lb/>health of our friend 
<lb/><persName>Procter</persName>.  I trust that 
<lb/>the the complaint will 
<lb/>soon take a turn - 
<lb/>we were all the better 
<lb/>of our<!-- word changed, ks, 14.312 --> trip though 

	<pb n="0003" facs="liv_001930_0003"><!--pb/@n='38r'--></pb>
<lb/>some had sneezings 
<lb/>after coming back 
<lb/>to the ship. I feel <!-- punctuation changed,ks, 14.3.12 // I looked at the text and spacing, and have concluded DL meant this as period, so changed back HB 7/1/12-->
<lb/>about <choice><orig>½</orig><reg>1/2</reg></choice> a horse <!-- mark up added, ks, 14.3.12 -->
<lb/>power stronger - 
<lb/>took 7 days from 
<lb/>the boat to this - 
<lb/>making it a pleasure 
<lb/>&amp; not a toil to 
<lb/>search for level 
<lb/>paths. The boat <!-- punctuation changed,ks, 14.3.12 // I looked at the text and spacing, and have concluded DL meant this as period, so changed back HB 7/1/12-->
<lb/>was burned by 
<lb/>(say the <term type="tribe">Manganja</term>) 
<lb/>the <term type="tribe">Ajawa</term> - by 
<lb/>accidental burning 
<lb/>of the grass say 
<lb/>we for the 

	<pb n="0004" facs="liv_001930_0004"><!--pb/@n='38v'--></pb>
<lb/>trees for 50 yards 
<lb/>adjacent were killed 
<lb/>by fire and all the 
<lb/><hi rend="underline">debris</hi> - copper iron 
<lb/>&amp;c were left where 
<lb/>the boat fell.</p>
<lb/><p>We got plenty of 
<lb/>guinea fowl but no 
<lb/>game could be seen 
<lb/>for the long grass - 
<lb/>people beginning 
<lb/>to cultivate - but in 
<lb/>fear &amp; trembling 
<lb/>of the <term type="tribe">Ajawa</term> -  could 
<lb/>get no news of the 
<lb/>country beyond 

	<pb n="0005" facs="liv_001930_0005"><!--pb/@n='39r'--></pb>
<lb/>has been good to 
<lb/>write me a note of 
<lb/>condolence and begs 
<lb/>kind words to you 
<lb/>all.  I think if 
<lb/>you have no objection 
<lb/>I had better hand 
<lb/>over all <persName>Thornton</persName>'s
<lb/>things to the mission 
<lb/>namely 2 Rifles &amp; 
<lb/>their gear with 
<lb/>the bills - to be sent 
<lb/>to his brother - one 
<lb/>to <choice><orig>shew</orig><reg>show</reg></choice> that we have 
<lb/>liquidated it &amp; the other to 
<lb/>be paid <persName>Clemantino</persName></p>
<lb/><p rend="center"><space extent="1" unit="words"/><persName>David Livingstone</persName></p>
	
<pb n="0006" facs="liv_001930_0006"><!--pb/@n='39v'--></pb>
<lb/><p rend="no-indent"><hi rend="underline">Private</hi></p>
<lb/><p>I had come to the <w>con
<lb break="no"/>-clusion</w> that no good
<lb/>could be done by 
<lb/>this Expedition 
<lb/>while the subjects 
<lb/>of His Most Faithful 
<lb/>Majesty were allowed 
<lb/>to follow on our 
<lb/>footsteps and spoil 
<lb/>all by their slave 
<lb/>forays and told 
<lb/><persName>Earl Russell</persName> this 
<lb/>distinctly - He does 
<lb/>not refer to this</p>
	<ab>
<lb/>Are you done with the Camera Lucida? 
    </ab>
<!-- Changed this from cb to ab to fit cheat sheet instructions HB 7/1/12 -->

	<pb n="0007" facs="liv_001930_0007"><!--pb/@n='40r'--></pb>
<lb/><p rend="no-indent">in his instructions 
<lb/>to withdraw as it 
<lb/>would perhaps be 
<lb/>impolitic in a statesman 
<lb/>to do so - We <choice><sic>cant</sic><corr>can't</corr></choice>
<lb/>go down till the 
<lb/>next flood in 
<lb/>December without 
<lb/>abandoning the 
<lb/>Pioneer - and <choice><abbr>shan't</abbr><expan>shall not</expan></choice>
<lb/>attempt it sooner 
<lb/>I would have come 
<lb/>down to welcome 
<lb/><persName>Bishop Tozer</persName> but 

	<pb n="0008" facs="liv_001930_0008"><!--pb/@n='40v'--></pb>
<lb/>have much to do here 
<lb/>and I hope he 
<lb/>may be content 
<lb/>with a welcome 
<lb/>on paper which 
<lb/>I now send - 
<lb/>My eldest boy 
<lb/>had arrived at 
<lb/><placeName><settlement type="village">Natal</settlement></placeName> on his 
<lb/>way to join us 
<lb/>He will be one 
<lb/>hand in our 
<lb/>free crew at least 
<lb/>in Lady Nyassa
<lb/><persName>M<hi rend="sup underline">rs</hi> Burrup</persName></p><!-- Not sure if this is Burrup, or another letter with a z behind it...writing seems odd for DL HB 7/1/12 -->
			
</div>
		</body>
	</text></TEI>