<?xml version="1.0" encoding="UTF-8"?>
<?xml-model href="http://livingstoneonline.github.io/LEAP-ODD/leap.rng" type="application/xml" schematypens="http://relaxng.org/ns/structure/1.0"?>
<?xml-model href="http://livingstoneonline.github.io/LEAP-ODD/leap.rng" type="application/xml" schematypens="http://purl.oclc.org/dsdl/schematron"?>
 <?xml-stylesheet href="http://livingstoneonline.github.io/LEAP-XSLT/transcription.xsl" type="text/xsl"?>
 <!--Converted from a TEI P4 XML file to the LEAP TEI P5 Schema by James Cummings on 2015-03-02--><!--TEI encoding revised and standardized by Adrian S. Wisnicki, 2015-2016-->
         <TEI xmlns="http://www.tei-c.org/ns/1.0" xml:id="liv_002004">
	<teiHeader>
		<fileDesc>
			<titleStmt>
				<title>Letter to [Roderick I. Murchison?]</title>
                <title type="alternative">Letter to [Roderick I. Murchison?], [24 February 1864]</title>
				<author xml:id="DL">Livingstone, David, 1813-1873</author>
			</titleStmt>
			<publicationStmt>
				<authority>Livingstone Online</authority>
				<pubPlace>London</pubPlace>
				<date>2007-05-29</date>
				<publisher>Wellcome Centre for the History of Medicine, UCL</publisher>
				<idno type="LEAP-ID">liv_002004</idno>
			</publicationStmt>
			<sourceDesc>
				<bibl xml:id="shelfmark">Royal Geographical Society (Great Britain); Archives, DL, 3/16/4</bibl>
				<bibl xml:id="ccnumber">Letters, 1431</bibl>
				<bibl xml:id="recipient"><persName>Murchison, Roderick I., 1792-1871</persName></bibl>
				<bibl xml:id="date"><date when="1864-02-24">[24 February 1864]</date></bibl>
				<bibl xml:id="where">[Mosambique?]</bibl>
			</sourceDesc>
		</fileDesc>
		<profileDesc>
			<langUsage>
				<language ident="en">English</language>
			</langUsage>
			<handNotes>
				<handNote xml:id="hand01">Scribe: Unknown</handNote>
			</handNotes>
		</profileDesc>
		<revisionDesc>
			<change>
				<date>2009</date>
				<name xml:id="SM">Sharon Messenger</name>Initial Transcription by Sharon Messenger
			</change>
			<change>
				<date>2009-04-18</date>
				<name xml:id="CL">Chris Lawrence</name>Proof by Chris Lawrence
			</change>
		</revisionDesc>
	</teiHeader>

	<text>
		<body xml:lang="en">
			<div>

	<pb n="0001" facs="liv_002004_0001"/><!--pb/@n='1'-->
<lb/><p rend="no-indent"><space extent="2" unit="chars"/><hi rend="underline">Private</hi></p>
<lb/><p><space extent="2" unit="words"/>You cannot <choice><sic><w>con-<lb break="no"/>vieve</w></sic><corr>conceive</corr></choice> the state I was in on the 
<lb/>stoppage of three letters somewhere<reg>.</reg>
<lb/>I imagined that you had 
<lb/>thrown me overboard and 
<lb/>being in poor health I 
<lb/>racked my thoughts to discover 
<lb/>wherein I had been senseless 
<lb/>enough to have offend you. I 
<lb/>thought all manner of 
<lb/>things - but all came right 
<lb/>when I found the missing 
<lb/>letters on 31<hi rend="sup underline">st</hi> Oct<hi rend="sup underline">r</hi> and 
<lb/>one from <persName>Lady Murchison</persName> too<reg>.</reg>
<lb/>I thank you and her 
<lb/>very much, and pray 
<lb/>that the Almighty may 
<lb/>bless you. <choice><reg>T</reg><orig>t</orig></choice>hey lifted a 
<lb/>heavy weight off my 
<lb/>mind and heart<reg>.</reg></p>
<lb/><p>Very glad to hear of the 
<lb/>success of my friends 

	<pb n="0002" facs="liv_002004_0002"/><!--pb/@n='2'-->
<lb/><persName>Speke</persName> and <persName>Grant</persName>. I had 
<lb/>become very uneasy about 
<lb/>them. I would have tried 
<lb/>to have gone in by the Webbe 
<lb/>had I been attempting the <placeName>Nile</placeName>
<lb/>but it has turned out well 
<lb/>for our country<reg>.</reg></p>
<lb/><p>I don<reg>'</reg>t know whether 
<lb/>I am destined to be thrown 
<lb/>on the shelf or not. <choice><reg>T</reg><orig>t</orig></choice>he <persName>Earl 
<lb/>of Clarendon</persName> said that I 
<lb/>had been put on the list 
<lb/>of Consuls by way of 
<lb/>providing for me. If I 
<lb/>am thrown into idleness 
<lb/>I shall come out here again
<lb/>rather<reg>.</reg></p>
<lb/><p><choice><reg>T</reg><orig>t</orig></choice>he mission of the 
<w>Univer-<lb break="no"/>sities</w> has not answered 
<lb/>my expectations &amp; then 
<lb/>they blame me for their 
<lb/>fighting which took place 
<lb/>when I was away at the 
<lb/>Lake - come what may 

	<pb n="0003" facs="liv_002004_0003"/><!--pb/@n='3'-->
<lb/>I shall never blame another 
<lb/>for what I do myself. 
<lb/><choice><reg>T</reg><orig>t</orig></choice>he New bishop was two 
<lb/>months ago on the top 
<lb/>of <placeName>Morambala mountain</placeName> 
<lb/>at the mouth of the <placeName>Shire</placeName>
<lb/>4000 feet high - Fancy a 
<lb/>mission on the top of 
<lb/><placeName>Ben Nevis</placeName> and no 
<lb/>people near to teach. 
<lb/>The clouds condensing 
<lb/>drop through their roofs 
<lb/>perpetually. </p>
<lb/><p><choice><reg>T</reg><orig>t</orig></choice>he river not yet up 
<lb/>(4 Dec<hi rend="sup underline">r</hi>) though we have 
<lb/>been back a month<reg>.</reg>
<lb/>Wish we had gone on 
<lb/>to <placeName>Bemba</placeName> but I should 
<lb/>not have been happy 
<lb/>knowing that I was 
<lb/>neglecting my duty to 
<lb/>the Pioneer. We take 
<lb/>Lady Nyassa to <placeName>India</placeName> if 
<lb/>we can to sell her. 
<lb/><persName>Earl Russell</persName> says that 

	<pb n="0004" facs="liv_002004_0004"/><!--pb/@n='4'-->
<lb/>the expense of this expedition 
<lb/>cannot be justified - I 
<lb/>wonder if the expense of 
<lb/>the cruizers on the coast 
<lb/>one of which costs £25,000 
<lb/>per annum can be justified 
<lb/>if we had got the steamer 
<lb/>on the Lake we should 
<lb/>have done more to stop 
<lb/>the slave trade than half 
<lb/>a dozen cruizers. Unless 
<lb/>the slave trade of buba is 
<lb/>stopped the Portuguese never 
<lb/>will give it up<reg>.</reg></p>
<lb/><p><space extent="2" unit="chars"/><persName>David Livingstone</persName></p>
<lb/><p rend="no-indent"><choice><reg>T</reg><orig>t</orig></choice>he bishop is off before 
<lb/>me. I take the boys &amp; children 
<lb/>whom he wished to abandon 
<lb/>&amp; send them to the <placeName>Cape</placeName> - there 
<lb/>are about 40 altogether - having 
<lb/>liberated them once I felt in 
<lb/>honour bound to see them 
<lb/>free. <choice><reg>T</reg><orig>t</orig></choice>he bishop is about as fit 
<lb/>to be a missionary as I am to 
<lb/>be the Director at <placeName>Jermyn St</placeName><reg>.</reg>
<lb/>At <placeName>Mozambique</placeName> 24 Feb<hi rend="sup underline">y</hi> all right </p>
			
</div>
		</body>
	</text></TEI>