<?xml version="1.0" encoding="UTF-8"?>
<?xml-model href="http://livingstoneonline.github.io/LEAP-ODD/leap.rng" type="application/xml" schematypens="http://relaxng.org/ns/structure/1.0"?>
<?xml-model href="http://livingstoneonline.github.io/LEAP-ODD/leap.rng" type="application/xml" schematypens="http://purl.oclc.org/dsdl/schematron"?>
 <?xml-stylesheet href="http://livingstoneonline.github.io/LEAP-XSLT/transcription.xsl" type="text/xsl"?>
 <!--Converted from a TEI P4 XML file to the LEAP TEI P5 Schema by James Cummings on 2015-03-02--><!--TEI encoding revised and standardized by Adrian S. Wisnicki, 2015-2016-->
         <TEI xmlns="http://www.tei-c.org/ns/1.0" xml:id="liv_002113"><!-- LP51 -->
	<teiHeader>
		<fileDesc>
			<titleStmt>
				<title>Letter to Roderick I. Murchison</title>
                <title type="alternative">Letter to Roderick I. Murchison, 18 November 1864</title>
				<author xml:id="DL">Livingstone, David, 1813-1873</author>
			</titleStmt>
			<publicationStmt>
				<authority>Livingstone Online</authority>
				<pubPlace>London</pubPlace>
				<date>2005-05-10</date>
				<publisher>Wellcome Centre for the History of Medicine, UCL</publisher>
				<idno type="LEAP-ID">liv_002113</idno>
			</publicationStmt>
			<sourceDesc>
				<bibl xml:id="ccnumber">Letters, 1534</bibl>
				<bibl xml:id="recipient"><persName>Murchison, Roderick I., 1792-1871</persName></bibl>
				<bibl xml:id="date"><date when="1864-11-18">18 November 1864</date></bibl>
				<bibl xml:id="where">Newstead Abbey</bibl>
				<bibl xml:id="shelfmark">Wellcome Institute for the History of Medicine. Library; 7329 51</bibl><!--1864-11-18--><!--Original:1864-11-18-->
				<bibl xml:id="extent">4 pages</bibl>
			</sourceDesc>
		</fileDesc>
		<revisionDesc>
			<change>
				<date>2005-05-10</date>
				<name xml:id="SM">Sharon Messenger</name>Initial Transcription
			</change>
			<change>
				<date>2006-02-14</date>
				<name xml:id="JB">Janet Browne</name>first proof
			</change>
			<change>
				<date>2006-02-22</date>
				<name xml:id="CL">Chris Lawrence</name>second proof
			</change>
			<change>
				<date>2006-03-02</date>
				<name xml:id="CO">Caroline Overy</name>final proof
			</change>
		</revisionDesc>
	</teiHeader>

	<text>
		<body>
			<div>

	<pb n="0001" facs="liv_002113_0001"/><!--pb/@n='1'-->
<!--Hand 01 44 top left--><!--Hand 02 63318 top right--><!--printed letterhead, italics--><!-- <p rend="right">Newstead Abbey,</p>
<p rend="right">Mansfield, Notts.</p> --><!--end of printed letter head-->
<lb/><p rend="center"><space extent="1" unit="words"/>18 <choice><abbr>Nov<hi rend="sup underline">r</hi></abbr><expan>November</expan></choice> 1864</p>
<lb/><p rend="no-indent">My Dear Sir Roderick</p>
<lb/><p><space extent="1" unit="chars"/>I enclose a letter from 
<lb/>the secretary of the American 
<lb/>Geographical Society 
<lb/>which shews that 
<lb/>they too delight to do 
<lb/>you honour.</p>
<lb/><p>I never got a sight 
<lb/>of what you said 
<lb/>when Kirk spoke of 
<lb/>the fossils fishes &amp; 
<lb/>shells as corroborative 
<lb/>of your views as to  
<lb/>Africa being so old, 

	<pb n="0002" facs="liv_002113_0002"/><!--pb/@n='2'-->
<lb/>can you tell me where 
<lb/>I could get it for I 
<lb/>must have it in the 
<lb/>book. If you have 
<lb/>not got the American  
<lb/>Journal I shall lend 
<lb/>you mine but I 
<lb/>have not looked into 
<lb/>it myself yet.</p>
<lb/><p>After thinking a 
<lb/>good deal over poor 
<lb/><unclear cert="high">Thornton's</unclear> relations 
<lb/>claim to salary I think 
<lb/>that the fact of their 
<lb/>having <choice><sic>recieved</sic><corr>received</corr></choice> money 
<lb/>from the Paymaster 
<lb/>of the Navy shews 

	<pb n="0003" facs="liv_002113_0003"/><!--pb/@n='3'-->
<lb/>that they have <choice><sic>recieved</sic><corr>received</corr></choice>
<lb/>the salary for which 
<lb/>I signed a certificate 
<lb/>up to his lamented 
<lb/>death. The Navy 
<lb/>paymaster general 
<lb/>always paid the 
<lb/>salaries of the officers 
<lb/>of our Expedition 
<lb/>mine was the only 
<lb/>exception. So you 
<lb/>need not feel distresed 
<lb/>about it</p>
<lb/><p>The poor fellow in 
<lb/>his generous desire to help 
<lb/>the mission incurred a 
<lb/>debt £47 of which he 
<lb/>was to <choice><sic>recieve</sic><corr>receive</corr></choice> from 
<lb/>Bishop Tozer. 

	<pb n="0004" facs="liv_002113_0004"/><!--pb/@n='4'-->
<lb/>not to allow Thornton's 
<lb/>credit to be injured among 
<lb/>the Portuguese I paid 
<lb/>the £47. Tozer instead 
<lb/>of refunding me sent 
<lb/>this sum to Thornton's 
<lb/>brother at Bradford 
<lb/>This was explained three 
<lb/>months ago both by 
<lb/>me &amp; Waller of the 
<lb/>mission but M<hi rend="sup">r</hi> G. 
<lb/>Thornton has given 
<lb/>me no answer. I 
<lb/>suppose I must lose 
<lb/>it, but it wont distress me.</p>
<lb/><p>I shall answer the 
<lb/>American letter when 
<lb/>you have seen it</p>
<lb/><p>David Livingstone</p>
			
</div>
		</body>
	</text></TEI>