<?xml version="1.0" encoding="UTF-8"?>
<?xml-model href="http://livingstoneonline.github.io/LEAP-ODD/leap.rng" type="application/xml" schematypens="http://relaxng.org/ns/structure/1.0"?>
<?xml-model href="http://livingstoneonline.github.io/LEAP-ODD/leap.rng" type="application/xml" schematypens="http://purl.oclc.org/dsdl/schematron"?>
 <?xml-stylesheet href="http://livingstoneonline.github.io/LEAP-XSLT/transcription.xsl" type="text/xsl"?>
 <!--Converted from a TEI P4 XML file to the LEAP TEI P5 Schema by James Cummings on 2015-03-02--><!--TEI encoding revised and standardized by Adrian S. Wisnicki, 2015-2016-->
         <TEI xmlns="http://www.tei-c.org/ns/1.0" xml:id="liv_002175">
	<teiHeader>
		<fileDesc>
			<titleStmt>
				<title>Letter to Charles A. Alington</title>
                <title type="alternative">Letter to Charles A. Alington, 3 February 1865</title>
				<author xml:id="DL">Livingstone, David, 1813-1873</author>
			</titleStmt>
			<publicationStmt>
				<authority>Livingstone Online</authority>
				<pubPlace>London</pubPlace>
				<date>2007-07-18</date>
				<publisher>Wellcome Centre for the History of Medicine, UCL</publisher>
				<idno type="LEAP-ID">liv_002175</idno>
			</publicationStmt>
			<sourceDesc>
				<bibl xml:id="shelfmark">National Library of Scotland; MS. 3651, ff. 81-82</bibl>
				<bibl xml:id="ccnumber">Letters, 1591</bibl>
				<bibl xml:id="recipient"><persName>Alington, Charles A., ?-1899</persName></bibl>
				<bibl xml:id="date"><date when="1865-02-03">3 February 1865</date></bibl>
				<bibl xml:id="where">Newstead Abbey</bibl>
			</sourceDesc>
		</fileDesc>
		<profileDesc>
			<langUsage>
				<language ident="en">English</language>
			</langUsage>
			<handNotes>
				<handNote xml:id="hand01">Scribe: Unknown</handNote>
			</handNotes>
		</profileDesc>
		<revisionDesc>
			<change>
				<date>2007-07-18</date>
				<name xml:id="CO">Caroline Overy</name>Intial Transcription by Caroline Overy
			</change>
			<change>
				<date>2007-08-06</date>
				<name xml:id="CL">Christopher Lawrence</name>Proof by Chris Lawrence
			</change>
		</revisionDesc>
	</teiHeader>

	<text>
		<body xml:lang="en">
			<div>

	<pb n="0001" facs="liv_002175_0001"/><!--pb/@n='81r'--><!--
<p rend="right">NEWSTEAD ABBEY,</p>
<p rend="right">MANSFIELD,</p>
<p rend="right">NOTTS</p>-->
<lb/><p rend="no-indent"><add place="inspace" rend="diagonal">You may 
<lb/>expect an 
<lb/>answer 
<lb/>next Saturday 
<lb/>week</add></p>
<lb/><p rend="right">3 Feby 1865</p>
<lb/>
<lb/><p rend="no-indent">My Dear <persName>M<hi rend="sup underline">r</hi> Alington</persName></p>
<lb/><p><space extent="1" unit="words"/>Welcome back 
<lb/>to Old England. I shall 
<lb/>make enquiry of the 
<lb/>Government and 
<lb/>send you word 
<lb/>about the box in 
<lb/>the course of a week. 
<lb/><persName>M<hi rend="sup underline">rs</hi> Moffat</persName> of 
<lb/><placeName>Natal</placeName> is a sister in 
<lb/>law having been the 

	<pb n="0002" facs="liv_002175_0002"/><!--pb/@n='81v'-->
<lb/><choice><sic>the</sic><corr>notext</corr></choice> wife of <persName>Robert 
<lb/>Moffat Junior</persName>. I 
<lb/>saw somewhere 
<lb/>that you had been 
<lb/>up in Panda's 
<lb/>country. Can you 
<lb/>speak Zulu? 
<lb/>I am going out 
<lb/>again to try and 
<lb/>get an opening 
<lb/>in by way of 
<lb/><placeName>Rovuma</placeName> or else 
<lb/>where North of 
<lb/>the Portuguese and 
<lb/>will probably 

	<pb n="0003" facs="liv_002175_0003"/><!--pb/@n='82r'-->
<lb/>come in contact 
<lb/>with Zulus about 
<lb/>the head of <placeName>Lake 
<lb/>Nyassa</placeName>. It is only 
<lb/>by holding on bull
<lb/>dog fashion one 
<lb/>can succeed in 
<lb/>doing any thing 
<lb/>against that gigantic 
<lb/>evil the slavetrade<reg>.</reg>
<lb/>The Portuguese are 
<lb/>mad with me 
<lb/>for a speech I 
<lb/>delivered at Bath<reg>.</reg>
<lb/>When they get the 
<lb/>book they will be 

	<pb n="0004" facs="liv_002175_0004"/><!--pb/@n='82v'-->
<lb/>worse - <persName>Kirk</persName> is 
<lb/>here at present but I 
<lb/><choice><sic>I</sic><corr>notext</corr></choice> am not sure whether 
<lb/>you knew him. I 
<lb/>have seen <persName>Waller</persName> often 
<lb/>but no other.</p>
<lb/><p rend="no-indent">It was a pleasure to 
<lb/>do anything for you<reg>.</reg>
<lb/>Poor <persName>M<hi rend="sup underline">r</hi> Ferraõ</persName> lost 
<lb/>all his money in 
<lb/><placeName>Bombay</placeName> by his fellow 
<lb/>countrymen there 
<lb/>about whom he 
<lb/>entrusted me to make 
<lb/>enquiries. Wishing 
<lb/>you comfort in 
<lb/>this cold climate &amp; 
<lb/>with much esteem 
<lb/>I am &amp;c David Livingstone</p>
			
</div>
		</body>
	</text></TEI>