<?xml version="1.0" encoding="UTF-8"?>

<?xml-model href="http://livingstoneonline.github.io/LEAP-ODD/leap.rng" type="application/xml" schematypens="http://relaxng.org/ns/structure/1.0"?>
<?xml-model href="http://livingstoneonline.github.io/LEAP-ODD/leap.rng" type="application/xml" schematypens="http://purl.oclc.org/dsdl/schematron"?>
 <?xml-stylesheet href="http://livingstoneonline.github.io/LEAP-XSLT/transcription.xsl" type="text/xsl"?>
 <!--Converted from a TEI P4 XML file to the LEAP TEI P5 Schema by James Cummings on 2015-03-02--><!--TEI encoding revised and standardized by Adrian S. Wisnicki, 2015-2016-->
         <TEI xmlns="http://www.tei-c.org/ns/1.0" xml:id="liv_001854">
	<teiHeader>
		<fileDesc>
			<titleStmt>
				<title>Letter to John Washington</title>
                <title type="alternative">Letter to John Washington, 15 December 1862</title>
				<author xml:id="DL">Livingstone, David, 1813-1873</author>
			</titleStmt>
			<publicationStmt>
				<authority>Livingstone Online</authority>
				<pubPlace>London</pubPlace>
				<date>2009-10-20</date>
				<publisher>Wellcome Centre for the History of Medicine, UCL</publisher>
				<idno type="LEAP-ID">liv_001854</idno>
			</publicationStmt>
			<sourceDesc>
				<bibl xml:id="shelfmark">National Museum of the Royal Navy (Great Britain); MSS. 120</bibl>
				<bibl xml:id="ccnumber">Letters, 1298</bibl>
				<bibl xml:id="recipient"><persName>Washington, John, 1800-1863</persName></bibl>
				<bibl xml:id="date"><date when="1862-12-15">15 December 1862</date></bibl>
				<bibl xml:id="where">River Zambesi</bibl>
			</sourceDesc>
		</fileDesc>
		<profileDesc>
			<langUsage>
				<language ident="en">English</language>
			</langUsage>
			<handNotes>
				<handNote xml:id="hand01">Scribe: Unknown</handNote>
			</handNotes>
		</profileDesc>
		<revisionDesc>
			<change>
				<date>2009-10-20</date>
				<name xml:id="CO">Caroline Overy</name>Initial Transcription by Caroline Overy
			</change>
			<change>
				<date>2010-23-01</date>
				<name xml:id="CL">Chris Lawrence</name>Proofed by Chris Lawrence
			</change>
		</revisionDesc>
	</teiHeader>

	<text>
		<body xml:lang="en">
			<div>

	<pb n="0001" facs="liv_001854_0001"/><!--pb/@n='1r'-->
<addSpan spanTo="#p.1r-01" place="marginleft"><!--addSpan/@place='left margins of fols 1r-2r'--></addSpan>
<lb/><p rend="no-indent"><placeName>Shupanga</placeName> 18<hi rend="sup underline">th</hi> Dec<hi rend="sup underline">r</hi> One of the missionaries informs me that the</p><anchor xml:id="p.1r-01"/>
<lb/><p rend="no-indent"><space extent="3" unit="words"/><placeName>River Zambesi</placeName> 15<hi rend="sup underline">th</hi> Dec<hi rend="sup">r</hi></p>
<lb/><p rend="no-indent"><space extent="5" unit="words"/><space extent="2" unit="chars"/><add place="inline" hand="#hand01"><hi rend="underline">R. 22 July</hi></add> 1862</p>
<lb/>
<lb/><p rend="no-indent"><space extent="2" unit="chars"/>Dear <persName>Admiral Washington</persName></p>
<lb/><p><space extent="1" unit="words"/><space extent="1" unit="chars"/>We came from <placeName>Johanna</placeName> to the 
<lb/>Latitude of the <placeName>Kongone</placeName> in five days during 
<lb/>two which without steam and a light head 
<lb/>wind we were carried 60 miles a day. 
<lb/>Our coals were expended when we made the 
<lb/>land. We could have gone into <placeName>Namiara</placeName>
<lb/>or <placeName>Nyamiara</placeName> a double mouthed port about 
<lb/>30 miles from <placeName>Luabo</placeName> but were afraid to run 
<lb/>a risk in a spot we did not know except 
<lb/>by Portuguese reports with wind blowing 
<lb/>freshly on shore, so we bore away with 
<lb/>sails to <placeName>Quilimaine River</placeName> - cut wood 
<lb/>there, and came round to <placeName>Kongone</placeName>. We 
<lb/>find the <placeName>Zambesi</placeName> very low but the water 
<lb/>is rising, and we shall be towing the <term type="boat">Lady 
<lb/>Nyassa</term> up in about a week. I shall feel 
<lb/>immensely relieved when fairly at that 
<lb/>work. <choice><reg>T</reg><orig>t</orig></choice>he oxen &amp; mules are in good 
<w>con-<lb break="no"/>dition</w> and promise fairly to facilitate 
<lb/>our labours.</p>
<lb/><p>Thanks for <persName>Captain <unclear cert="low">Maury's</unclear></persName> work. 
<lb/>It is exceedingly interesting. Had we possessed 
<lb/>it sooner we should have looked abroad 
<lb/>with more intelligent interest - the black 
<lb/>indigo colour of the sea tells when we are 
<lb/>in the current - we noticed this both in 
<lb/>going and coming. In the hollow south of 
<lb/><placeName>Mosambique</placeName> &amp; west of 38º E. there seems to 
<lb/>be no current except near the shore </p>

	<pb n="0002" facs="liv_001854_0002"/><!--pb/@n='1v'-->
<addSpan spanTo="#p.1v-01" place="marginleft"><!--addSpan/@place='left margins of fols 1r-2r'--></addSpan>
<lb/><p rend="no-indent"><choice><sic>the</sic><corr>notext</corr></choice> slaving is going on from <placeName>Shire</placeName> to <placeName>Tette</placeName> at the rate of 100</p><anchor xml:id="p.1v-01"/>
<lb/><p rend="no-indent">and there it is towards the North. We have 
<lb/>been twice <choice><sic>decieved</sic><corr>deceived</corr></choice> by being too clever - 
<lb/>making allowance for a current to the 
<lb/>south and finding we made the land 
<lb/>just where we steered for North of our 
<lb/>port.</p>
<lb/><p>My Chief object in writing at present 
<lb/>is to beg you to transmit (£10) Ten Pounds 
<lb/>from <persName>Quarter-master Collyer</persName> to <persName>M<hi rend="sup underline">rs</hi>
<lb/>Collyer</persName> 13 Bilbury St. Plymouth 
<lb/>to be payable at Devonport Dockyard 
<lb/>this sum is additional to what she has 
<lb/>been regularly drawing<reg>.</reg></p>
<lb/><p>Also to <persName>M<hi rend="sup underline">rs</hi> Magrath</persName> Ten Pounds 
<lb/>(£10) from <persName>Q<hi rend="sup underline">r</hi> Master Magrath</persName> - this too 
<lb/>is additional - her address is <persName>M<hi rend="sup underline">rs</hi>
<lb/>Magrath</persName>. Dawlish; Devonshire:</p>
<lb/><p>And to <persName>Sarah Jane Saunders</persName>
<lb/>from our carpenter to be drawn as 
<lb/>additional to what she now draws 
<lb/>at Portsmouth Dockyard, Five Pounds 
<lb/>(£5) her address is - <persName>Sarah Jane 
<lb/>Saunders</persName> 16 Plymouth St. Southsea.</p>
<lb/><p>Also £5. to <persName>M<hi rend="sup underline">rs</hi> Pearce</persName>, 46 Albion 
<lb/>Brighton - she is mother of the man 
<lb/>who sends it and does not draw anything 
<lb/>regularly - we <choice><sic>recieved</sic><corr>received</corr></choice> him from the 
<lb/><term type="boat">Ariel</term>. All are well behaved men.</p>

	<pb n="0003" facs="liv_001854_0003"/><!--pb/@n='2r'-->
<addSpan spanTo="#p.2r-01" place="marginleft"><!--addSpan/@place='left margins of fols 1r-2r'--></addSpan>
<lb/><p rend="no-indent">per week I feel inclined to hang a few of the <choice><sic>blackgaurds</sic><corr>blackguards</corr></choice><reg>.</reg></p><anchor xml:id="p.2r-01"/>
<lb/><p>We hear that <persName>Thornton</persName> is up at 
<lb/><placeName>Senna</placeName> waiting I suppose for some one 
<lb/>to take him to <placeName>Gorongoza</placeName> - mountains 
<lb/>with inscriptions west of that village<reg>.</reg>
<lb/>We did not take him with us to 
<lb/>the <placeName>Rovuma</placeName> because we left 
<lb/>with the intention of going down to 
<lb/>the sea for provisions only and 
<lb/>to send home our Johanna crew<reg>.</reg>
<lb/>We have eleven new Johanna men 
<lb/>at Kroomen's wages - they promise 
<lb/>to be very useful. They scarcely 
<lb/>ever have fever and don<reg>'</reg>t 
<lb/>fraternize with the natives.</p>
<lb/><p>I see Pocket Aneroids mentioned 
<lb/>in the Journal of the Society of Arts, 
<lb/>we were unfortunate enough to 
<lb/>break 2 common barometers - one 
<lb/>by a hawser light dropping down 
<lb/>the skylight and other by two natives 
<lb/>fighting and tumbling down into the 
<lb/>saloon. Will you favour us 
<lb/>with a couple of pocket Aneroids 
<lb/>they are by Mess<hi rend="sup underline">rs</hi> Frankham &amp; 
<lb/>Wilson of Wilson St. Grays <choice><reg>I</reg><orig>i</orig></choice>nn Road 
<lb/>and are mentioned in the journal 
<lb/>for May 16<hi rend="sup underline">th</hi> 1862. <choice><reg>T</reg><orig>t</orig></choice>hey are said to 
<lb/>be improvements but you will be 
<lb/>able to judge whether there is anything 
<lb/>in this - the mountain Barometer 

	<pb n="0004" facs="liv_001854_0004"/><!--pb/@n='2v'-->
<lb/>came out smashed &amp; so was one of the 
<lb/>boiling point instruments - <persName>M<hi rend="sup underline">r</hi> May</persName> brought 
<lb/>no fowling pieces - my private one is 
<lb/>much too heavy. Indeed it is an elephant 
<lb/>gun as well, I bought another fowling 
<lb/>piece lighter for £10 (private) and it does 
<lb/>not carry well. Both those we brought 
<lb/>from Gov<hi rend="sup underline">t</hi> were very good but one 
<lb/>is quite used up. </p>
<lb/><p>We shall not come down till 
<lb/>January of <choice><sic>£1864</sic><corr>1864</corr></choice>. Our fresh meats 
<lb/>and groceries will then be quite 
<lb/>done. Please think of this at your 
<lb/>convenience.</p>
<lb/><p>The <term type="tribe">Makololo</term> mission is about 
<lb/>to be renewed. <persName>M<hi rend="sup underline">r</hi> Moffat senior</persName> who 
<lb/>established one with <persName>Mosilikatze</persName> will 
<lb/>probably help and so will his son. 
<lb/>Poor <persName>Helmore</persName> &amp; his party it turns out 
<lb/>used no medicine except a little 
<lb/>Dover's powder!</p>
<lb/><p>Two carpenters - Two masons - one 
<lb/>smith and a headman - an Englishman 
<lb/>(the rest being Scotch) set out from 
<lb/>London to form a settlement near us, 
<lb/>working at their trades the wages going to 
<lb/>a common fund: they bought two <choice><sic>waggons</sic><corr>wagons</corr></choice>
<lb/>and were proposing to go overland when 
<lb/>the magistrate who testifies to their good 
<lb/>conduct at <placeName>Ahival North, Cape Colony</placeName>
<lb/>laid the case before the Governor. His 
<lb/>Excellency consulted me about sending 
<lb/>them by sea. They seem to be the men who 
<lb/>will suit our plans much better than 
<lb/>those who have been employed by the 
<lb/>mission of the Universities<reg>.</reg></p>
<lb/><p rend="right">David Livingstone</p>

</div>
		</body>
	</text></TEI>