<?xml version="1.0" encoding="UTF-8"?>
<?xml-model href="http://livingstoneonline.github.io/LEAP-ODD/leap.rng" type="application/xml" schematypens="http://relaxng.org/ns/structure/1.0"?>
<?xml-model href="http://livingstoneonline.github.io/LEAP-ODD/leap.rng" type="application/xml" schematypens="http://purl.oclc.org/dsdl/schematron"?>
 <?xml-stylesheet href="http://livingstoneonline.github.io/LEAP-XSLT/transcription.xsl" type="text/xsl"?>
 <!--Converted from a TEI P4 XML file to the LEAP TEI P5 Schema by James Cummings on 2015-03-02--><!--TEI encoding revised and standardized by Adrian S. Wisnicki, 2015-2016-->
         <TEI xmlns="http://www.tei-c.org/ns/1.0" xml:id="liv_001911">
	<teiHeader>
		<fileDesc>
			<titleStmt>
				<title>Letter to [John Washington]</title>
                <title type="alternative">Letter to [John Washington], 29 April 1863</title>
				<author xml:id="DL">Livingstone, David, 1813-1873</author>
			</titleStmt>
			<publicationStmt>
				<authority>Livingstone Online</authority>
				<pubPlace>London</pubPlace>
				<date>2009-08-18</date>
				<publisher>Wellcome Centre for the History of Medicine, UCL</publisher>
				<idno type="LEAP-ID">liv_001911</idno>
			</publicationStmt>
			<sourceDesc>
				<bibl xml:id="shelfmark">National Museum of the Royal Navy (Great Britain); MSS. 120</bibl>
				<bibl xml:id="ccnumber">Letters, 1344</bibl>
				<bibl xml:id="recipient"><persName>Washington, John, 1800-1863</persName></bibl>
				<bibl xml:id="date"><date when="1863-04-29">29 April 1863</date></bibl>
				<bibl xml:id="where">Murchison's Cataracts</bibl>
			</sourceDesc>
		</fileDesc>
		<profileDesc>
			<langUsage>
				<language ident="en">English</language>
			</langUsage>
			<handNotes>
				<handNote xml:id="hand01">Scribe: Unknown</handNote>
			</handNotes>
		</profileDesc>
		<revisionDesc>
			<change>
				<date>2009-08-18</date>
				<name xml:id="SM">Sharon Messenger</name>Initial Transcription by Sharon Messenger
			</change>
			<change>
				<date>2009-10-24</date>
				<name xml:id="CL">Chris Lawrence</name>First Proof by Chris Lawrence
			</change>
		</revisionDesc>
	</teiHeader>

	<text>
		<body xml:lang="en">
			<div>

	<pb n="0001" facs="liv_001911_0001"/><!--pb/@n='1'-->
<lb/><p rend="no-indent diagonal"><add hand="#hand01">D<hi rend="sup">r</hi> Livingstone</add></p>
<lb/>
<lb/><p rend="no-indent"><space extent="3" unit="words"/>29<hi rend="sup underline">th</hi> April 1863 </p>
<lb/><p rend="no-indent"><space extent="3" unit="words"/><space extent="1" unit="chars"/>At <placeName>Murchison's Cataracts</placeName></p>
<lb/>
<lb/><p rend="no-indent">I hereby certify that <persName>D<hi rend="sup underline">r</hi> Kirk</persName>
<lb/><persName>M<hi rend="sup underline">r</hi> Charles Livingstone</persName> - 
<lb/><persName>D<hi rend="sup underline">r</hi> Meller</persName>, <persName>M<hi rend="sup underline">r</hi> Ed<hi rend="sup underline">d</hi> Young</persName>
<lb/>and <persName>M<hi rend="sup underline">r</hi> George Rae</persName> <add place="above">&amp; <persName>John Reid</persName></add> are 
<lb/>alive and performing 
<lb/>their duties as members 
<lb/>of this Expedition<reg>.</reg></p>
<lb/><p><space extent="1" unit="chars"/><persName>David Livingstone</persName></p>
<lb/>
<lb/><p rend="no-indent small"><add hand="#hand01">Admiralty 9 Octr 1863</add></p>
<lb/><p rend="small"><space extent="2" unit="chars"/>A copy of the above has been
<lb/><space extent="3" unit="chars"/>has been sent to the Account General
<lb/><space extent="8" unit="words"/><unclear>W. Read</unclear>
<lb/><space extent="9" unit="words"/><gap extent="1" unit="words"/></p>
			
</div>
		</body>
	</text></TEI>