<?xml version="1.0" encoding="UTF-8"?>
<?xml-model href="http://livingstoneonline.github.io/LEAP-ODD/leap.rng" type="application/xml" schematypens="http://relaxng.org/ns/structure/1.0"?>
<?xml-model href="http://livingstoneonline.github.io/LEAP-ODD/leap.rng" type="application/xml" schematypens="http://purl.oclc.org/dsdl/schematron"?>
 <?xml-stylesheet href="http://livingstoneonline.github.io/LEAP-XSLT/transcription.xsl" type="text/xsl"?>
 <!--Converted from a TEI P4 XML file to the LEAP TEI P5 Schema by James Cummings on 2015-03-02--><!--TEI encoding revised and standardized by Adrian S. Wisnicki, 2015-2016-->
         <TEI xmlns="http://www.tei-c.org/ns/1.0" xml:id="liv_002107">
	<teiHeader>
		<fileDesc>
			<titleStmt>
				<title>Letter to John Murray III</title>
                <title type="alternative">Letter to John Murray III, 7 November 1864</title>
				<author xml:id="DL">Livingstone, David, 1813-1873</author>
			</titleStmt>
			<publicationStmt>
				<authority>Livingstone Online</authority>
				<pubPlace>London</pubPlace>
				<date>2008-04-02</date>
				<publisher>Wellcome Centre for the History of Medicine, UCL</publisher>
				<idno type="LEAP-ID">liv_002107</idno>
			</publicationStmt>
			<sourceDesc>
				<bibl xml:id="shelfmark">National Library of Scotland; MS. 42421, ff. 19r-20v</bibl>
				<bibl xml:id="ccnumber">Letters, 1528</bibl>
				<bibl xml:id="recipient"><persName>Murray, John III, 1808-1892</persName></bibl>
				<bibl xml:id="date"><date when="1864-11-07">7 November 1864</date></bibl>
				<bibl xml:id="where">Newstead Abbey</bibl>
			</sourceDesc>
		</fileDesc>
		<profileDesc>
			<langUsage>
				<language ident="en">English</language>
			</langUsage>
			<handNotes>
				<handNote xml:id="hand01">Scribe: Unknown</handNote>
			</handNotes>
		</profileDesc>
		<revisionDesc>
			<change>
				<date>2008-04-02</date>
				<name xml:id="SM">Sharon Messenger</name>Initial Transcription by Sharon Messenger
			</change>
			<change>
				<date>2008-06-17</date>
				<name xml:id="CL">Chris Lawrence</name>Initial Transcription by Chris Lawrence
			</change>
			<change>
				<date>2008-12-01</date>
				<name xml:id="JB">Janet Browne</name>Proofed by Janet Browne
			</change>
		</revisionDesc>
	</teiHeader>

	<text>
		<body xml:lang="en">
			<div>

	<pb n="0001" facs="liv_002107_0001"/><!--pb/@n='19r'-->
<lb/><p rend="center"><space extent="1" unit="words"/><space extent="2" unit="chars"/><!-- HEADED NOTPAPER? <placeName>Newstead Abbey</placeName>, <lb/><placeName>Mansfield, Notts</placeName>. <lb/>-->7 Nov<hi rend="sup underline">r</hi> 1864 </p>
<lb/>
<lb/><p rend="no-indent">My Dear <persName>M<hi rend="sup">r</hi> Murray</persName></p>
<lb/><p><persName>M<hi rend="sup underline">rs</hi> Goodlake</persName>
<lb/>obliges me by taking 
<lb/>up two small 
<lb/>books with 
<w>astro-<lb break="no"/>nomical</w> observations 
<lb/>worked out for 
<lb/><persName>M<hi rend="sup underline">r</hi> Arrowsmith</persName>
<lb/>but I don't send 
<lb/>the sketches by 

	<pb n="0002" facs="liv_002107_0002"/><!--pb/@n='19v'-->
<lb/><persName>D<hi rend="sup underline">r</hi> Meller</persName> which I 
<lb/>mentioned to <persName>Cooke</persName>
<lb/>as a lady comes 
<lb/>tomorrow who 
<lb/>may construct 
<lb/>something out of 
<lb/>them for me. </p>
<lb/><p>A small tract 
<lb/>of <persName>archbishop 
<lb/>Whately</persName> &amp; published 
<lb/>by Parker &amp; Co I 
<lb/>think teaches that 
<lb/>several things 

	<pb n="0003" facs="liv_002107_0003"/><!--pb/@n='20r'-->
<lb/>such as iron-making 
<lb/>fire &amp;c &amp;c indicate 
<lb/>Divine revelation<reg>.</reg></p>
<lb/><p rend="no-indent">I want to shew 
<lb/>by the similarity 
<lb/>of a great many 
<lb/>things the probability 
<lb/>that this was the 
<lb/>case. Can you 
<lb/>get me the tract 
<lb/>indicated - the 
<lb/>name I have forgot<reg>.</reg>
<lb/>It is an argument 
<lb/>for a Revelation 

	<pb n="0004" facs="liv_002107_0004"/><!--pb/@n='20v'-->
<lb/>from some things 
<lb/>that savage man 
<lb/>could not have 
<lb/>attained without 
<lb/>divine aid. If you 
<lb/>can you will 
<lb/>oblige<reg>.</reg> Yours ever </p>
<lb/><p rend="no-indent"><persName>David Livingstone</persName></p>
			
</div>
		</body>
	</text></TEI>