<?xml version="1.0" encoding="UTF-8"?>
<?xml-model href="http://livingstoneonline.github.io/LEAP-ODD/leap.rng" type="application/xml" schematypens="http://relaxng.org/ns/structure/1.0"?>
<?xml-model href="http://livingstoneonline.github.io/LEAP-ODD/leap.rng" type="application/xml" schematypens="http://purl.oclc.org/dsdl/schematron"?>
 <?xml-stylesheet href="http://livingstoneonline.github.io/LEAP-XSLT/transcription.xsl" type="text/xsl"?>
 <!--Converted from a TEI P4 XML file to the LEAP TEI P5 Schema by James Cummings on 2015-03-02--><!--TEI encoding revised and standardized by Adrian S. Wisnicki, 2015-2016-->
         <TEI xmlns="http://www.tei-c.org/ns/1.0" xml:id="liv_002118">
	<teiHeader>
		<fileDesc>
			<titleStmt>
				<title>Letter to John Murray III</title>
                <title type="alternative">Letter to John Murray III, 23 November 1864</title>
				<author xml:id="DL">Livingstone, David, 1813-1873</author>
			</titleStmt>
			<publicationStmt>
				<authority>Livingstone Online</authority>
				<pubPlace>London</pubPlace>
				<date>2008-11-16</date>
				<publisher>Wellcome Centre for the History of Medicine, UCL</publisher>
				<idno type="LEAP-ID">liv_002118</idno>
			</publicationStmt>
			<sourceDesc>
				<bibl xml:id="shelfmark">National Library of Scotland; MS. 42421, ff. 21r-22r</bibl>
				<bibl xml:id="ccnumber">Letters, 1539</bibl>
				<bibl xml:id="recipient"><persName>Murray, John III, 1808-1892</persName></bibl>
				<bibl xml:id="date"><date when="1864-11-23">23 November 1864</date></bibl>
				<bibl xml:id="where">Newstead Abbey</bibl>
			</sourceDesc>
		</fileDesc>
		<profileDesc>
			<langUsage>
				<language ident="en">English</language>
			</langUsage>
			<handNotes>
				<handNote xml:id="hand01">Scribe: Unknown</handNote>
			</handNotes>
		</profileDesc>
		<revisionDesc>
			<change>
				<date>2008-11-16</date>
				<name xml:id="CO">Caroline Overy</name>Initial Transcription by Caroline Overy
			</change>
			<change>
				<date>2008-11-22</date>
				<name xml:id="CL">Chris Lawrence</name>Proof by Chris Lawrence
			</change>
		</revisionDesc>
	</teiHeader>

	<text>
		<body xml:lang="en">
			<div>

	<pb n="0001" facs="liv_002118_0001"/><!--pb/@n='21r'-->
<!--printed letterhead--><!--<p rend="center">Newstead Abbey,</p>
<p rend="center">Mansfield, Notts.</p>--><!--end of printed letterhead-->
<lb/><p rend="center"><space extent="3" unit="chars"/>23 Nov<hi rend="sup underline">r</hi> 1864</p>
<lb/>
<lb/><p rend="no-indent">My Dear <persName>M<hi rend="sup underline">r</hi> Murray</persName></p>
<lb/><p><space extent="2" unit="chars"/>I shall send 
<lb/>you a quantity of 
<lb/>copy by a gentleman 
<lb/>going up to town 
<lb/>this week. I have 
<lb/>plenty of matter I 
<lb/>think - I have been 
<lb/>striving to condense 
<lb/>as much as possible<reg>.</reg>

	<pb n="0002" facs="liv_002118_0002"/><!--pb/@n='21v'-->
<lb/>Thanks for the 
<lb/>account I never 
<lb/>saw it before<reg>.</reg>
<lb/>I have one <add place="above">or two</add> very 
<lb/>good spirited 
<lb/>sketches from <persName>Capt<hi rend="sup">n</hi>
<lb/>Need</persName> but it is 
<lb/>too much I fear 
<lb/>like the dance 
<lb/>under the tree<reg>.</reg>
<lb/>I am just writing 
<lb/>a word now to 
<lb/>save post but 
<lb/>will add more 

	<pb n="0003" facs="liv_002118_0003"/><!--pb/@n='22r'-->
<lb/>by my friend<reg>.</reg></p>
<lb/><p rend="no-indent"><space extent="2" unit="chars"/>I am &amp;c</p>
<lb/><p rend="no-indent">David Livingstone</p>
			
</div>
		</body>
	</text></TEI>