<?xml version="1.0" encoding="UTF-8"?>
<?xml-model href="http://livingstoneonline.github.io/LEAP-ODD/leap.rng" type="application/xml" schematypens="http://relaxng.org/ns/structure/1.0"?>
<?xml-model href="http://livingstoneonline.github.io/LEAP-ODD/leap.rng" type="application/xml" schematypens="http://purl.oclc.org/dsdl/schematron"?>
 <?xml-stylesheet href="http://livingstoneonline.github.io/LEAP-XSLT/transcription.xsl" type="text/xsl"?>
 <!--Converted from a TEI P4 XML file to the LEAP TEI P5 Schema by James Cummings on 2015-03-02--><!--TEI encoding revised and standardized by Adrian S. Wisnicki, 2015-2016-->
         <TEI xmlns="http://www.tei-c.org/ns/1.0" xml:id="liv_001817">
	<teiHeader>
		<fileDesc>
			<titleStmt>
				<title>Letter to Agnes Livingstone 1</title>
                <title type="alternative">Letter to Agnes Livingstone 1, 30 August 1862, 21 October 1862</title>
				<author xml:id="DL">Livingstone, David, 1813-1873</author>
			</titleStmt>
			<publicationStmt>
				<authority>Livingstone Online</authority>
				<pubPlace>London</pubPlace>
				<date>2007-06-21</date>
				<publisher>Wellcome Centre for the History of Medicine, UCL</publisher>
				<idno type="LEAP-ID">liv_001817</idno>
			</publicationStmt>
			<sourceDesc>
				<bibl xml:id="shelfmark">National Library of Scotland; MS. 10701, ff. 134-135</bibl>
				<bibl xml:id="ccnumber">Letters, 1263</bibl>
				<bibl xml:id="recipient"><persName>Livingstone, Agnes 1, 1782-1865</persName></bibl>
				<bibl xml:id="date"><date from="1862-08-30" to="1862-10-21">30 August 1862, 21 October 1862</date></bibl>
				<bibl xml:id="where">Johanna</bibl><!-- There is a chance that the second set of details has either been been mistakenly added from cc 1282 OR they decided (based on textual evidence) that the letter may have been started in August but finished by 21 Oct - by comparing with 1282. In either case, the second set of metadata will be removed from the catalogue as it does not reflect the contents of this document (since it has an explicit composition date, we don't need to muck about with date ranges). Also, the place for this document was changed in the catalogue from Johanna-Johanna to Johanna -->
			</sourceDesc>
		</fileDesc>
		<profileDesc>
			<langUsage>
				<language ident="en">English</language>
			</langUsage>
			<handNotes>
				<handNote xml:id="hand01">Scribe: Unknown</handNote>
			</handNotes>
		</profileDesc>
		<revisionDesc>
			<change>
				<date>2007-06-21</date>
				<name xml:id="CO">Caroline Overy</name>Intial Transcription by Caroline Overy
			</change>
			<change>
				<date>2007-11-04</date>
				<name xml:id="CL">Chris Lawrence</name>Proofed by Chris
			</change>
		</revisionDesc>
	</teiHeader>

	<text>
		<body xml:lang="en">
			<div>

	<pb n="0001" facs="liv_001817_0001"/><!--pb/@n='134r'-->
<lb/><p rend="center"><space extent="2" unit="chars"/><placeName>Johanna</placeName> 30 Aug 1862</p>
<lb/>
<lb/><p rend="no-indent"><space extent="1" unit="chars"/>My Dear Mother </p>
<lb/><p><space extent="1" unit="words"/><space extent="7" unit="chars"/>We came to this 
<lb/>island a few days ago and 
<lb/>have an opportunity of sending 
<lb/>letters so I write though I have 
<lb/>not much to say. We are 
<lb/>on our way to another 
<lb/>river called the <placeName>Rovuma</placeName>
<lb/>by which we hope to 
<lb/>find an outlet to those 
<lb/>discoveries which we 
<lb/>have with so much toil 
<lb/>effected. We wish to be 
<lb/>away from the Portuguese 
<lb/>who are inveterate slave 
<lb/>traders and turn all our 
<lb/>labours to the forwarding of 

	<pb n="0002" facs="liv_001817_0002"/><!--pb/@n='134v'-->
<lb/>this horrid traffic. We 
<lb/>mean to explore <placeName>Rovuma</placeName>
<lb/>in boats - and in December 
<lb/>next return to place the 
<lb/><term type="boat">Lady Nyassa</term> on the Lake 
<lb/>of that name. <choice><reg>T</reg><orig>t</orig></choice>he mission 
<lb/>established by the High 
<lb/>church party may yet 
<lb/>do good but they have 
<lb/>much to learn. I wish 
<lb/>them every success but 
<lb/>it may be better to stand 
<lb/>less in contact with 
<lb/>them than I have been as 
<lb/>any blunders they make 
<lb/>are put on my shoulders<reg>.</reg>
<lb/>The Portuguese would like 
<lb/>to worm them out of the 
<lb/>country by their slaves 
<lb/>while they remain in 

	<pb n="0003" facs="liv_001817_0003"/><!--pb/@n='135r'-->
<lb/>the background. I lately 
<lb/>called on the <persName>Governor 
<lb/>of Tette</persName> to prevent a private 
<lb/>Portuguese who had armed 
<lb/>a large party of blacks 
<lb/>and waged war from 
<lb/>disturbing them &amp; he has 
<lb/>acceeded to my request. 
<lb/>We had a great deal of 
<lb/><term type="ailment">fever</term> in consequence of 
<lb/>being so long down in 
<lb/>the lowlands - and exposed 
<lb/>in a way I never 
<lb/>contemplated for dear 
<lb/><persName>Mary</persName>. The man whose 
<lb/>culpable negligence did 
<lb/>it all had <term type="ailment">fever</term> himself 
<lb/>and was <term type="ailment">jaundiced</term> but 
<lb/>was saved at death<reg>'</reg>s door<reg>.</reg>
<lb/>We can cure it in general 

	<pb n="0004" facs="liv_001817_0004"/><!--pb/@n='135v'-->
<lb/>very quickly but sometimes 
<lb/>it resists all our efforts<reg>.</reg>
<lb/>I have written to <persName>Oswell</persName> by 
<lb/>this occasion but fear 
<lb/>I may not be able to do 
<lb/>so to <persName>Agnes</persName> &amp; <persName>Thomas</persName><reg>.</reg></p>
<lb/><p rend="no-indent">With kindest salutations 
<lb/>to my sisters  &amp; to you 
<lb/>my dear mother and 
<lb/>to Anna Mary I am 
<lb/><space extent="2" unit="chars"/>ever affectionately</p>
<lb/><p>David Livingstone</p>
<lb/><p rend="no-indent">I think it may be better 
<lb/>for <persName>Robert</persName> to come out 
<lb/>here for a while. I thought 
<lb/>education the best legacy 
<lb/>I could leave him but 
<lb/>so thought not he &amp; must 
<lb/>rank in life accordingly<reg>.</reg></p>
			
</div>
		</body>
	</text></TEI>