<?xml version="1.0" encoding="UTF-8"?>
<?xml-model href="http://livingstoneonline.github.io/LEAP-ODD/leap.rng" type="application/xml" schematypens="http://relaxng.org/ns/structure/1.0"?>
<?xml-model href="http://livingstoneonline.github.io/LEAP-ODD/leap.rng" type="application/xml" schematypens="http://purl.oclc.org/dsdl/schematron"?>
 <?xml-stylesheet href="http://livingstoneonline.github.io/LEAP-XSLT/transcription.xsl" type="text/xsl"?>
 <!--Converted from a TEI P4 XML file to the LEAP TEI P5 Schema by James Cummings on 2015-03-02--><!--TEI encoding revised and standardized by Adrian S. Wisnicki, 2015-2016-->
         <TEI xmlns="http://www.tei-c.org/ns/1.0" xml:id="liv_002128">
	<teiHeader>
		<fileDesc>
			<titleStmt>
				<title>Letter to John Kirk 2</title>
                <title type="alternative">Letter to John Kirk 2, 30 November 1864</title>
				<author xml:id="DL">Livingstone, David, 1813-1873</author>
			</titleStmt>
			<publicationStmt>
				<authority>Livingstone Online</authority>
				<pubPlace>London</pubPlace>
				<date>2008-01-17</date>
				<publisher>Wellcome Centre for the History of Medicine, UCL</publisher>
				<idno type="LEAP-ID">liv_002128</idno>
			</publicationStmt>
			<sourceDesc>
				<bibl xml:id="shelfmark">National Library of Scotland; Acc. 9942, ff. 7r-8v</bibl>
				<bibl xml:id="ccnumber">Letters, 1547</bibl>
				<bibl xml:id="recipient"><persName>Kirk, John 2, 1832-1922</persName></bibl>
				<bibl xml:id="date"><date when="1864-11-30">30 November 1864</date></bibl>
				<bibl xml:id="where">Newstead Abbey</bibl>
			</sourceDesc>
		</fileDesc>
		<profileDesc>
			<langUsage>
				<language ident="en">English</language>
			</langUsage>
			<handNotes>
				<handNote xml:id="hand01">Scribe: Unknown</handNote>
			</handNotes>
		</profileDesc>
		<revisionDesc>
			<change>
				<date>2008-08-12</date>
				<name xml:id="CL">Chris Lawrence</name>Proofed by Chris Lawrence
			</change>
		</revisionDesc>
	</teiHeader>

	<text>
		<body xml:lang="en">
			<div>

	<pb n="0001" facs="liv_002128_0001"/><!--pb/@n='7r'-->
<!--TRANS: headed notepaper not displayed:
<p rend="center"><placeName>Newstead Abbey</placeName> <lb/></p>
<p rend="center"><placeName>Mansfield, Notts</placeName> <lb/></p>
-->
				<lb/><p rend="center"><space extent="1" unit="words"/>30 Nov<hi rend="sup underline">r</hi> 1864 </p>
<lb/>
<lb/><p rend="no-indent">My Dear <persName>Kirk</persName></p>
				<lb/><p><space extent="5" unit="chars"/>I delivered 
<lb/>your message this 
<lb/>morning and was 
<lb/>blamed for not 
<lb/>putting it strong 
<lb/>enough to you<reg>.</reg>
<lb/><persName>M<hi rend="sup underline">rs</hi> W.</persName> says you 
<lb/>can do your 
<lb/>mammalia here 
<lb/>the heads <add place="above">in the hall</add> will 
<lb/>inspire you 

	<pb n="0002" facs="liv_002128_0002"/><!--pb/@n='7v'-->
<lb/>and I am to say 
<lb/>that you will 
<lb/>have the room 
<lb/>over mine and 
<lb/>everything you 
<lb/>want. It was 
<lb/>not for a day 
<lb/>or two I was to 
<lb/>ask you but 
<lb/>for a fortnight 
<lb/>or three weeks - 
<lb/>Her husband added 
<lb/>and we may 
<lb/>hear of something 

	<pb n="0003" facs="liv_002128_0003"/><!--pb/@n='8r'-->
<lb/>here as readily 
<lb/>as they can do in 
<lb/><placeName>London</placeName>. He 
<lb/>thinks better of 
<lb/><placeName>Nottingham</placeName> than <placeName>Cheltenham</placeName> but 
<lb/>I am to put it 
<lb/>strongly so you 
<lb/>will consider 
<lb/>this strong <unclear cert="low">Kakanewe</unclear>
<lb/>base - they are 
<lb/>very nice people 
<lb/>and seriously 
<lb/>I think it will be 

	<pb n="0004" facs="liv_002128_0004"/><!--pb/@n='8v'-->
<lb/>quite worth your 
<lb/>while to make 
<lb/>their acquaintance 
<lb/>both for their friendship 
<lb/>at present and in 
<lb/>the future. My brother 
<lb/>&amp; his Yankee wife 
<lb/>are invited to save 
<lb/>me the trouble of 
<lb/>going down to <placeName>Scotland</placeName><reg>.</reg>
<lb/>He enjoys everything 
<lb/>African. He is much 
<lb/>troubled with one or two 
<lb/>bits of cartilage floating 
<lb/>about in his knee 
<lb/>joint. I have objected 
<lb/>strongly to any operation 
<lb/>being attempted<reg>.</reg></p>
				<lb/><p><space extent="1" unit="chars"/><persName>David Livingstone</persName></p>
			
</div>
		</body>
	</text></TEI>