<?xml version="1.0" encoding="UTF-8"?>
<?xml-model href="http://livingstoneonline.github.io/LEAP-ODD/leap.rng" type="application/xml" schematypens="http://relaxng.org/ns/structure/1.0"?>
<?xml-model href="http://livingstoneonline.github.io/LEAP-ODD/leap.rng" type="application/xml" schematypens="http://purl.oclc.org/dsdl/schematron"?>
 <?xml-stylesheet href="http://livingstoneonline.github.io/LEAP-XSLT/transcription.xsl" type="text/xsl"?>
 <!--Converted from a TEI P4 XML file to the LEAP TEI P5 Schema by James Cummings on 2015-03-02--><!--TEI encoding revised and standardized by Adrian S. Wisnicki, 2015-2016-->
         <TEI xmlns="http://www.tei-c.org/ns/1.0" xml:id="liv_002191">
	<teiHeader>
		<fileDesc>
			<titleStmt>
				<title>Letter to John Kirk 2</title>
                <title type="alternative">Letter to John Kirk 2, 13 February 1865</title>
				<author xml:id="DL">Livingstone, David, 1813-1873</author>
			</titleStmt>
			<publicationStmt>
				<authority>Livingstone Online</authority>
				<pubPlace>London</pubPlace>
				<date>2008-01-21</date>
				<publisher>Wellcome Centre for the History of Medicine, UCL</publisher>
				<idno type="LEAP-ID">liv_002191</idno>
			</publicationStmt>
			<sourceDesc>
				<bibl xml:id="shelfmark">National Library of Scotland; Acc. 9942, ff. 13r-14v</bibl>
				<bibl xml:id="ccnumber">Letters, 1607</bibl>
				<bibl xml:id="recipient"><persName>Kirk, John 2, 1832-1922</persName></bibl>
				<bibl xml:id="date"><date when="1865-02-13">13 February 1865</date></bibl>
				<bibl xml:id="where">Newstead Abbey</bibl>
			</sourceDesc>
		</fileDesc>
		<profileDesc>
			<langUsage>
				<language ident="en">English</language>
			</langUsage>
			<handNotes>
				<handNote xml:id="hand01">Scribe: Unknown</handNote>
			</handNotes>
		</profileDesc>
		<revisionDesc>
			<change>
				<date>2008-01-21</date>
				<name xml:id="SM">Sharon Messenger</name>Initial Transcription by Sharon Messenger
			</change>
			<change>
				<date>2008-04-01</date>
				<name xml:id="CL">Chris Lawrence</name>Proofed by Chris Lawrence
			</change>
		</revisionDesc>
	</teiHeader>

	<text>
		<body xml:lang="en">
			<div>

	<pb n="0001" facs="liv_002191_0001"/><!--pb/@n='13r'-->
<!--headed notepaper--><!--
<p rend="right"><placeName>Newstead Abbey</placeName> <lb/></p>
<p rend="right"><placeName>Mansfield</placeName> <lb/><placeName> Notts</placeName> <lb/></p>
-->
				<lb/><p rend="center"><space extent="1" unit="words"/><del type="overwritten">12</del><add place="over-text">13</add> Feby 1865 </p>
<lb/><p rend="no-indent">My Dear <persName>Kirk</persName></p>
				<lb/><p><space extent="1" unit="words"/><space extent="1" unit="chars"/>I am over 
<lb/>crowding you with 
<lb/>letters, but a week 
<lb/>ago a box turned 
<lb/>up in charge of 
<lb/><persName>Rev<hi rend="sup underline">d</hi> C. A. Alington</persName>
<lb/>which he found 
<lb/>without address at 
<lb/>the <placeName>Cape</placeName>. It contains 
<lb/>specimens in 
<lb/>bottles he says - and 
<lb/>thinks it may be 

	<pb n="0002" facs="liv_002191_0002"/><!--pb/@n='13v'-->
<lb/>Thornton<reg>'</reg>s but I 
<lb/>think it more likely 
<lb/>to be yours as 
<lb/><persName>Young</persName> had especial 
<lb/>charge of all Thornton<reg>'</reg>s 
<lb/>&amp; reported them safe 
<lb/>at <placeName>Portsmouth</placeName> long 
<lb/>ago. I thought it 
<lb/>best to direct <persName>Alington</persName>
<lb/>to send it with a 
<lb/>note to <persName>D<hi rend="sup underline">r</hi> Hooker</persName>
<lb/>to <placeName>Kew</placeName> where it 
<lb/>would be identified<reg>.</reg>
<lb/>I explained to him 
<lb/>why I thought it 
<lb/>yours and asked 
<lb/>if any others were 
<lb/>left at the <placeName>Cape</placeName> - but 

	<pb n="0003" facs="liv_002191_0003"/><!--pb/@n='14r'-->
<lb/>have had no reply 
<lb/>as yet. Will you 
<lb/>take the trouble to 
<lb/>examine it.? </p>
<lb/><p>Would it not be 
<lb/>well to speak to 
<lb/><persName>Lord Dalhousie</persName>
<lb/>about using his 
<lb/>influence with <persName>Lord 
<lb/>Russell</persName> for the 
<lb/>consulate - It would 
<lb/>keep you before his 
<lb/>mind if anything 
<lb/>turned up - I stated 
<lb/>particularly to <persName>Sir R.</persName>
<lb/>"with sufficient salary" 

	<pb n="0004" facs="liv_002191_0004"/><!--pb/@n='14v'-->
<lb/>It is necessary to hold 
<lb/>that up for they might 
<lb/>offer a vice - which 
<lb/>is worth nothing. If 
<lb/>however the vice C. 
<lb/>meant £500 it would 
<lb/>be a step to <placeName><unclear>Tanana 
<w>-<lb break="no"/>rivo</w></unclear></placeName>. The <persName>Webbs</persName>
<lb/>would use all their 
<lb/>influence if anything 
<lb/>could be heard of &amp; 
<lb/>be glad to do it. </p>
<lb/><p>He is beginning to 
<lb/>think that the ova had 
<lb/>too little milt because 
<lb/>in this severe weather 
<lb/>they don't come out<reg>.</reg></p>
<lb/><p><persName>D Livingstone</persName></p>
			
</div>
		</body>
	</text></TEI>