<?xml version="1.0" encoding="UTF-8"?>
<?xml-model href="http://livingstoneonline.github.io/LEAP-ODD/leap.rng" type="application/xml" schematypens="http://relaxng.org/ns/structure/1.0"?>
<?xml-model href="http://livingstoneonline.github.io/LEAP-ODD/leap.rng" type="application/xml" schematypens="http://purl.oclc.org/dsdl/schematron"?>
 <?xml-stylesheet href="http://livingstoneonline.github.io/LEAP-XSLT/transcription.xsl" type="text/xsl"?>
 <!--Converted from a TEI P4 XML file to the LEAP TEI P5 Schema by James Cummings on 2015-03-02--><!--TEI encoding revised and standardized by Adrian S. Wisnicki, 2015-2016-->
         <TEI xmlns="http://www.tei-c.org/ns/1.0" xml:id="liv_002044">
	<teiHeader>
		<fileDesc>
			<titleStmt>
				<title>Letter to Joseph D. Hooker</title>
                <title type="alternative">Letter to Joseph D. Hooker, 9 August 1864</title>
				<author xml:id="DL">Livingstone, David, 1813-1873</author>
			</titleStmt>
			<publicationStmt>
				<authority>Livingstone Online</authority>
				<pubPlace>London</pubPlace>
				<date>2008-04-15</date>
				<publisher>Wellcome Centre for the History of Medicine, UCL</publisher>
				<idno type="LEAP-ID">liv_002044</idno>
			</publicationStmt>
			<sourceDesc>
				<bibl xml:id="shelfmark">Royal Botanic Gardens, Kew. Library; English Letters, 1865-1900, 92, f. 134</bibl>
				<bibl xml:id="ccnumber">Letters, 1466</bibl>
				<bibl xml:id="recipient"><persName>Hooker, Joseph D., 1817-1911</persName></bibl>
				<bibl xml:id="date"><date when="1864-08-09">9 August 1864</date></bibl>
				<bibl xml:id="where">Hamilton</bibl>
			</sourceDesc>
		</fileDesc>
		<profileDesc>
			<langUsage>
				<language ident="en">English</language>
			</langUsage>
			<handNotes>
				<handNote xml:id="hand01">Scribe: Unknown</handNote>
			</handNotes>
		</profileDesc>
		<revisionDesc>
			<change>
				<date>2008-04-15</date>
				<name xml:id="SM">Sharon Messenger</name>Initial Transcription by Sharon Messenger
			</change>
			<change>
				<date>2008-05-03</date>
				<name xml:id="CL">Chris Lawrence</name>Proof by Chris Lawrence
			</change>
			<change>
				<date>2008-06-28</date>
				<name xml:id="JB">Janet Browne</name>Proofed by Janet Browne
			</change>
		</revisionDesc>
	</teiHeader>

	<text>
		<body xml:lang="en">
			<div>

	<pb n="0001" facs="liv_002044_0001"/><!--pb/@n='134-1'-->
<lb/><p rend="center"><placeName>Hamilton</placeName> 9<hi rend="sup underline">th</hi> August</p> 
				<lb/><p rend="right"><space extent="1" unit="words"/>1864 </p>
<lb/>
<lb/><p rend="no-indent">My Dear <persName>D<hi rend="sup underline">r</hi> Hooker</persName></p>
				<lb/><p><space extent="6" unit="chars"/>I took the 
<lb/>liberty of addressing 
<lb/>a box to your care 
<lb/>for our friend 
<lb/><persName>M<hi rend="sup underline">r</hi> Young</persName> of 
<lb/><placeName>Limefield - West - 
<lb/>Calder Mid Lothian.</placeName>
<lb/>It contains the 
<lb/>crania of two 
<lb/>Hippopotami 

	<pb n="0002" facs="liv_002044_0002"/><!--pb/@n='134a-2'-->
<lb/>some bulbs and 
<lb/>two small tusks - 
<lb/>the bulbs especially 
<lb/>one small species 
<lb/>might be interesting 
<lb/>to you and I shall 
<lb/><del type="overwritten"><gap extent="1" unit="words" agent="illegible"/></del><add place="over-text">feel</add> obliged if 
<lb/>you send the 
<lb/>box with the 
<lb/>other things to 
<lb/><persName>M<hi rend="sup underline">r</hi> Young's</persName>
<lb/>address at your 
<lb/>convenience. </p>
<lb/><p>The box came 

	<pb n="0003" facs="liv_002044_0003"/><!--pb/@n='134a-3'-->
<lb/>by the <term type="boat">H. M. S. Narcissus</term>
<lb/>and when I heard 
<lb/>of it a few days 
<lb/>ago was in the 
<lb/>Custom House at
<lb/><placeName>Portsmouth</placeName>. </p>
<lb/><p>I hope that 
<lb/>your family and 
<lb/>your Father are 
<lb/>well &amp; beg to 
<lb/>be kindly remembered 
<lb/>to them until I can 
<lb/>go out &amp; pay my 
<lb/>respects in person<reg>.</reg>
<lb/>I shall do so though 

	<pb n="0004" facs="liv_002044_0004"/><!--pb/@n='134-4'-->
<lb/>I suppose you are 
<lb/>more frequently 
<lb/>bored by vagrants 
<lb/>than you relish<reg>.</reg></p>
<lb/><p>I am &amp;c </p>
<lb/><p rend="no-indent"><persName>David Livingstone</persName></p>
			
</div>
		</body>
	</text></TEI>