<?xml version="1.0" encoding="UTF-8"?>
<?xml-model href="http://livingstoneonline.github.io/LEAP-ODD/leap.rng" type="application/xml" schematypens="http://relaxng.org/ns/structure/1.0"?>
<?xml-model href="http://livingstoneonline.github.io/LEAP-ODD/leap.rng" type="application/xml" schematypens="http://purl.oclc.org/dsdl/schematron"?>
 <?xml-stylesheet href="http://livingstoneonline.github.io/LEAP-XSLT/transcription.xsl" type="text/xsl"?>
 <!--Converted from a TEI P5 XML file to the LEAP TEI P5 Schema by James Cummings on 2015-03-02--><!--TEI encoding revised and standardized by Adrian S. Wisnicki, 2015-2016-->
         <TEI xmlns="http://www.tei-c.org/ns/1.0" xml:id="liv_001949">
	<teiHeader>
		<fileDesc>
			<titleStmt>
				<title>Letter to [Horace Waller]</title>
                <title type="alternative">Letter to [Horace Waller], 17 July 1863</title>
				<author xml:id="DL">Livingstone, David, 1813-1873</author>
			</titleStmt>
			<publicationStmt>
				<authority>Livingstone Online</authority>
				<pubPlace>London, UK</pubPlace>
				<publisher>University College London</publisher>
				<date>2012</date>
				<idno type="LEAP-ID">liv_001949</idno>
			</publicationStmt>
			<sourceDesc>
				<bibl xml:id="shelfmark">Bodleian Library. Weston Library; Waller MSS. Afr. s. 16.1, ff. 43-48</bibl>
				<bibl xml:id="ccnumber">Letters, 1379</bibl>
				<bibl xml:id="recipient"><persName>Waller, Horace, 1833-1896</persName></bibl>
				<bibl xml:id="date"><date when="1863-07-17">17 July 1863</date></bibl>
				<bibl xml:id="where">In medias Res [Murchison's Cataracts]</bibl>
			</sourceDesc>
		</fileDesc>
		<profileDesc>
			<langUsage>
				<language ident="en">English</language>
			</langUsage>
			<langUsage>
				<language ident="la">Latin</language>
			</langUsage>
		</profileDesc>
		<revisionDesc>
			<change>
				<date>2011-12-05</date>
				<name xml:id="AJS">A.J. Schmitz</name> initial transcription and XML encoding.
            
			</change>
			<change>
				<date>2011-11-05</date>
				<name xml:id="KS">Kate Simpson</name> proofreading.
            
			</change>
			<change>
				<date>2012-07-01</date>
				<name xml:id="HFB">Heather F. Ball</name> XML editing.
            
			</change>
			<change>
				<date>2012-09-09</date>
				<name xml:id="AW">Adrian S. Wisnicki</name> XML editing.
            
			</change>
		</revisionDesc>
	</teiHeader>

	<text>
		<body>
			<div>

	<pb n="0001" facs="liv_001949_0001"><!--pb/@n='43r'--></pb>
<lb/><p rend="center"><date when="1863-07-17">17<hi rend="sup underline">th</hi> July 1863</date></p>
				<lb/><p><space extent="1" unit="words"/><space extent="2" unit="chars"/><foreign xml:lang="la">In medias Res</foreign> as 
<lb/>some folks fond of sporting 
<lb/>their Latinity after they 
<lb/>have forgotten it would 
<lb/>date the spot from 
<lb/>which I write. . for it is <!-- Seems to be double period in letter, not sure if mistake or his ellipsis HB 7/1/12 -->
<lb/>no where and we are 
<lb/>in the labor pains 
<lb/>of transport - I cannot 
<lb/>say that we have 
<lb/>not succeeded pretty 
<lb/>well so far but it 
<lb/>promises to be a 
<lb/>tedious job and that 
<lb/>would do for me
<lb/>Listening to the counsel 
     
    

	<pb n="0002" facs="liv_001949_0002"><!--pb/@n='43v'--></pb>
<lb/>of my fellow travellers 
<lb/>as I have often done 
<lb/>before I write in 
<lb/>hopes of your assistance 
<lb/>they say that there 
<lb/>are many <term type="tribe">Ajawa</term>
<lb/>about you who would 
<lb/>willingly carry the 
<lb/>boat as far as we 
<lb/>need it borne if you 
<lb/>would recommend 
<lb/>them to do so.  I shall 
<lb/>pay them in brass 
<lb/>wire the same as I 
<lb/>sent to you in thickness 
<lb/>five rods each man 
<lb/>which make 20 <choice><sic>ring</sic><corr>rings</corr></choice>

	<pb n="0003" facs="liv_001949_0003"><!--pb/@n='44r'--></pb>
<lb/>a quantity of beads but 
<lb/>more I cannot specify 
<lb/>otherwise than if they 
<lb/>prefer the light blue 
<lb/>called by the <term type="tribe">Makololo</term>
<lb/>"Nyassa beads" it will 
<lb/>not be less than 20 strings 
<lb/>each.  If white pink 
<lb/>or green 1 <del type="strikethrough">lb</del> each or<!-- word added, ks --><!-- Changed KS's strikethrough of "11" to "lb" as upon closer inspection does not look like #s HB 7/1/12 -->
<lb/>more and say two 
<lb/>fathoms of fine 
<lb/>calico prints as 
<lb/>handkerchiefs - a 
<lb/>string or two of large 
<lb/>neck beads blue &amp; 
<lb/>white and knives 
<lb/>each But would 

    

	<pb n="0004" facs="liv_001949_0004"><!--pb/@n='44v'--></pb>
<lb/>pay aught else you 
<lb/>determine as knowing 
<lb/>them better than I do 
<lb/>only work hard they 
<lb/>must and bring their 
<lb/>own provisions 
<lb/>with them - and no 
<lb/>stealing can be allowed 
<lb/>from the few <term type="tribe">Menganja</term>
<lb/>we pass.</p>
<lb/><p>If it can be arranged 
<lb/>that they want for 
<lb/>my return to be paid 
<lb/>I might be able to 
<lb/>satisfy them better 
<lb/>with some odd things 
<lb/>I may find about 

    

	<pb n="0005" facs="liv_001949_0005"><!--pb/@n='45r'--></pb>
<lb/>but in case they prefer 
<lb/>to be paid as soon 
<lb/>as the work is done 
<lb/>may I beg the favour 
<lb/>of your giving <persName>M<hi rend="sup underline">r</hi>
<lb/>George</persName> the list <w>afore<supplied>-</supplied><lb break="no"/>mentioned</w> with the 
<lb/>names of the men 
<lb/>and he will pay them 
<lb/>in my absence</p>
<lb/><p>Now my dear 
<lb/>man as quick as 
<lb/>may be convenient 
<lb/>please - I did not 
<lb/>think of giving in 

    

	<pb n="0006" facs="liv_001949_0006"><!--pb/@n='45v'--></pb>
<lb/>to the labour but it 
<lb/>came heavy on me 
<lb/>and would use me 
<lb/>up pretty well ere  
<lb/>I get on the water 
<lb/>and no pleasure 
<lb/>be the result. If they 
<lb/>won't go let me know 
<lb/>as quickly as possible 
<lb/>about forty would 
<lb/>do if strong fellows 
<lb/><del type="cancelled">If</del> I had no idea of 
<lb/>your having so 
<lb/>many about you 
<lb/>as I might have

    

	<pb n="0007" facs="liv_001949_0007"><!--pb/@n='46r'--></pb>
<lb/>sought them sooner</p>
<lb/><p>With kind regards 
<lb/>to <persName>Rowley</persName> whom 
<lb/>I hope to hear as 
<lb/>quite recovered 
<lb/>from his illness 
<lb/>and to <persName>M<hi rend="sup underline">s</hi>Alington</persName>
<lb/>with blessings on 
<lb/>yourself. I keep 
<lb/><persName>Whately</persName> &amp; <persName>Stephen</persName>
<lb/>please to read &amp; 
<lb/>deliver at <placeName><settlement type="village">Morambala</settlement></placeName>
<lb/>after our return</p>
<lb/><p rend="no-indent"><choice><abbr>D</abbr><expan>David</expan></choice> Livingstone</p>
<lb/><p rend="no-indent"><persName>M<hi rend="sup underline">s</hi> Young</persName> will 
<lb/>send a man up 
<lb/>with them to us</p>

	<pb n="0008" facs="liv_001949_0008"><!--pb/@n='46v'--></pb><!--    
<ab>
<lb n="1"/> <persName><hi rend="ul">David Livingstone</hi></persName> 
</ab>
--><!-- Removed KS's "no text on pg" since signature in top left on this side page, and stamp in center looks to be as well HB 7/1/12 --><!-- This "David Livingstone" doesn't look like it's in DL's hand, so I've commented it out. AW 9/9/12 --><!--insertion of 4 missed pages, ks-->

	<pb n="0009" facs="liv_001949_0009"><!--pb/@n='47r'--></pb>
<lb/><p rend="center"><date when="1863-07-17">17<hi rend="sup underline">th</hi></date></p>
<lb/><p rend="no-indent">I have thought over the  
<lb/>affair of the boys
<lb/><unclear cert="high">women &amp; children</unclear>
<lb/>and will arrange with 
<lb/><persName><choice><abbr>M<expan>r</expan></abbr></choice> Ferrad</persName> to send
<lb/>food sufficient for
<lb/>them for a year at
<lb/>my expense - so take
<lb/>whom you think
<lb/>right - if the bishop
<lb/>repudiates I shall
<lb/>take all off his
<lb/>hands but remember
<lb/>if <persName>Mesquita</persName> is there 
<lb/>he is a spy &amp; must
<lb/>not know our 
<lb/>plans - if <persName>Bishop
<lb/>Mackenzie</persName> had
                
    

	<pb n="0010" facs="liv_001949_0010"><!--pb/@n='47v'--></pb>
<lb/>no authority to <choice><sic>recieve</sic><corr>receive</corr></choice>
<lb/>the recaptives <persName>Bishop
<lb/>Tozer</persName> shall not have <!-- Removed KS's uncertainty on "Fozer" and corrected HB 7/1/12 -->
<lb/>it in his power to
<lb/>disgrace our glorious
<lb/>&amp; generous old English
<lb/>church.  Before the
<lb/>year is out we shall
<lb/>hear from home about
<lb/>them. Let all be done 
<lb/>quietly here</p>
<lb/><p>Sorry to repeat that
<lb/><persName><unclear cert="medium">Moerimar</unclear></persName> &amp; <persName><unclear cert="medium">Seseego</unclear></persName>'s
<lb/>wives have been
<lb/>taken away by <term type="tribe">Ajawa</term>
<lb/>others will follow -
<lb/>It ought to have been
                
 

	<pb n="0011" facs="liv_001949_0011"><!--pb/@n='48r'--></pb>
<lb/>the other way the
<lb/><term type="tribe">Makololo</term> ought to have
<lb/>taken the wives of the 
<lb/><term type="tribe">Ajawa</term> but being <!-- Replaced KS uncertainty "land" with "but" to reflect text HB 7/1/12 -->
<lb/>six and half a dozen
<lb/>except that the <term type="tribe">Ajawa</term>
<lb/>in addition to the wives
<lb/>of the <term type="tribe">Makololo</term> are
<lb/>low thieves anyone    
<lb/>who maintains the
<lb/>goodness of either or
<lb/>the irreclaimable
<lb/>badness of either has 
<lb/>not learned the first
<lb/>lesson in native
<lb/>character</p>
<lb/><p>thanks for all your
<lb/>kindness.  Do you
<lb/>think it possible 
<lb/>that the bishop would
    


	<pb n="0012" facs="liv_001949_0012"><!--pb/@n='48v'--></pb>
<lb/>lend <persName>Thornton</persName>'s boat <choice><sic>to</sic><corr>the</corr></choice>
<lb/>Pioneer.  we could sail
<lb/>it up from the <unclear cert="low">Bar</unclear><!-- Is this a geographical feature/place? HB 7/1/12 -->
<lb/>with any mail that
<lb/>may come in the
<lb/>ship that takes off
<lb/>Pioneer - or if we
<lb/>had it from this to
<lb/><placeName><settlement type="village"><unclear cert="medium">Morambala</unclear></settlement></placeName> we could
<lb/>manage with a canoe
<lb/>beyond - If you will
<lb/>mention this subject
<lb/>to him - He may not be
<lb/>cordial with one and
<lb/>I cannot at present
<lb/>write - Am taking the 
<lb/>steward - Have your
<lb/>box all ready to go －
<lb/>&amp; any thing else you like</p>
<lb/><p>With kind good wishes
<lb/>I am &amp;c <persName>David Livingstone</persName></p>
			
</div>
		</body>
	</text></TEI>