<?xml version="1.0" encoding="UTF-8"?>
<?xml-model href="http://livingstoneonline.github.io/LEAP-ODD/leap.rng" type="application/xml" schematypens="http://relaxng.org/ns/structure/1.0"?>
<?xml-model href="http://livingstoneonline.github.io/LEAP-ODD/leap.rng" type="application/xml" schematypens="http://purl.oclc.org/dsdl/schematron"?>
 <?xml-stylesheet href="http://livingstoneonline.github.io/LEAP-XSLT/transcription.xsl" type="text/xsl"?>
 <!--Converted from a TEI P4 XML file to the LEAP TEI P5 Schema by James Cummings on 2015-03-02--><!--TEI encoding revised and standardized by Adrian S. Wisnicki, 2015-2016-->
         <TEI xmlns="http://www.tei-c.org/ns/1.0" xml:id="liv_002133">
	<teiHeader>
		<fileDesc>
			<titleStmt>
				<title>Letter to Peter Le Neve Foster</title>
                <title type="alternative">Letter to Peter Le Neve Foster, 8 December 1864</title>
				<author xml:id="DL">Livingstone, David, 1813-1873</author>
			</titleStmt>
			<publicationStmt>
				<authority>Livingstone Online</authority>
				<pubPlace>London</pubPlace>
				<date>2008</date>
				<publisher>Wellcome Centre for the History of Medicine, UCL</publisher>
				<idno type="LEAP-ID">liv_002133</idno>
			</publicationStmt>
			<sourceDesc>
				<bibl xml:id="shelfmark">Royal Society of Arts (Great Britain). Library; PR.GE/119/39/75</bibl>
				<bibl xml:id="ccnumber">Letters, 1552</bibl>
				<bibl xml:id="recipient"><persName>Foster, Peter Le Neve, 1809-1879</persName></bibl>
				<bibl xml:id="date"><date when="1864-12-08">8 December 1864</date></bibl>
				<bibl xml:id="where">Newstead Abbey</bibl>
			</sourceDesc>
		</fileDesc>
		<profileDesc>
			<langUsage>
				<language ident="en">English</language>
			</langUsage>
			<handNotes>
				<handNote xml:id="hand01">Scribe: Unknown</handNote>
			</handNotes>
		</profileDesc>
		<revisionDesc>
			<change>
				<date>2008-01-15</date>
				<name xml:id="CO">Caroline Overy</name>Intial Transcription by Caroline Overy
			</change>
			<change>
				<date>2008-01-16</date>
				<name xml:id="JB">Janet Browne</name>Proofed by Janet Browne
			</change>
			<change>
				<date>2008-01-17</date>
				<name xml:id="CL">Chris Lawrence</name>Proofed by Chris Lawrence
			</change>
		</revisionDesc>
	</teiHeader>

	<text>
		<body xml:lang="en">
			<div>

	<pb n="0001" facs="liv_002133_0001"/><!--pb/@n='1r'-->
				<lb/><p><space extent="1" unit="words"/><space extent="2" unit="chars"/><add place="inspace" hand="#hand01">Livingstone, D<hi rend="sup underline">r</hi></add></p><!--headed paper with address--><!--<p rend="center"><placeName>NEWSTEAD ABBEY</placeName>,</p>
<p rend="center">MANSFIELD</p>
<p rend="center">NOTTS.</p>--><!--end of headed paper address-->
<lb/>
				<lb/><p><space extent="1" unit="words"/><space extent="1" unit="chars"/>8 Dec<hi rend="sup underline">r</hi> 1864</p>
<lb/>
<lb/><p rend="no-indent">My Dear Sir</p>
				<lb/><p><space extent="1" unit="words"/>About Dec<hi rend="sup underline">r</hi> 56 
<lb/>or January /57 a 
<lb/>lecture was delivered 
<lb/>by <persName>Prof. Owen</persName> on 
<lb/>Ivory in the 
<lb/>rooms of the 
<lb/><placeName>Society of Arts</placeName>
<lb/>and I had the 

	<pb n="0002" facs="liv_002133_0002"/><!--pb/@n='1v'-->
<lb/>pleasure of hearing 
<lb/>it. My impression 
<lb/>is that he said 
<lb/>that the number 
<lb/>of tusks brought 
<lb/>into the market 
<lb/>of the world warranted 
<lb/>the belief that 
<lb/>38 000 elephants 
<lb/>were destroyed 
<lb/>annually. As 
<lb/>you have the 
<lb/>lecture quotably 

	<pb n="0003" facs="liv_002133_0003"/><!--pb/@n='2r'-->
<lb/>at hand would 
<lb/>you oblige me by 
<lb/>saying if my 
<lb/>impression is 
<lb/>correct and oblige<reg>.</reg></p>
				<lb/><p rend="no-indent"><space extent="2" unit="chars"/>Yours Most Truly</p>
				<lb/><p rend="no-indent"><space extent="2" unit="chars"/>David Livingstone</p>
<lb/>
<lb/>
<lb/><p rend="no-indent"><persName>P Le Neve Foster</persName> Esq</p>
			
</div>
		</body>
	</text></TEI>