<?xml version="1.0" encoding="UTF-8"?>
<?xml-model href="http://livingstoneonline.github.io/LEAP-ODD/leap.rng" type="application/xml" schematypens="http://relaxng.org/ns/structure/1.0"?>
<?xml-model href="http://livingstoneonline.github.io/LEAP-ODD/leap.rng" type="application/xml" schematypens="http://purl.oclc.org/dsdl/schematron"?>
 <?xml-stylesheet href="http://livingstoneonline.github.io/LEAP-XSLT/transcription.xsl" type="text/xsl"?>
 <!--Converted from a TEI P4 XML file to the LEAP TEI P5 Schema by James Cummings on 2015-03-02--><!--TEI encoding revised and standardized by Adrian S. Wisnicki, 2015-2016-->
         <TEI xmlns="http://www.tei-c.org/ns/1.0" xml:id="liv_001986"><!-- LP111 -->
	<teiHeader>
		<fileDesc>
			<titleStmt>
				<title>Letter to [Agnes Livingstone 3]</title>
                <title type="alternative">Letter to [Agnes Livingstone 3], 24 December 1863</title>
				<author xml:id="DL">Livingstone, David, 1813-1873</author>
			</titleStmt>
			<publicationStmt>
				<authority>Livingstone Online</authority>
				<pubPlace>London</pubPlace>
				<date>2006-10-09</date>
				<publisher>Wellcome Centre for the History of Medicine, UCL</publisher>
				<idno type="LEAP-ID">liv_001986</idno>
			</publicationStmt>
			<sourceDesc>
				<bibl xml:id="ccnumber">Letters, 1415</bibl>
				<bibl xml:id="recipient"><persName>Livingstone, Agnes 3, 1847-1912</persName></bibl>
				<bibl xml:id="date"><date when="1863-12-24">24 December 1863</date></bibl>
				<bibl xml:id="where">Murchison's Cataracts</bibl>
				<bibl xml:id="shelfmark">National Library of Scotland; MS. 10704, ff. 25-26</bibl><!--1863-12-24--><!--Original:1863-12-24-->
				<bibl xml:id="extent">4 pages</bibl>
			</sourceDesc>
		</fileDesc>
		<revisionDesc>
			<change>
				<date>2006-09-06</date>
				<name>Sharon Messenger</name>initial transcription
			</change>
		</revisionDesc>
	</teiHeader>

	<text>
		<body>
			<div>

	<pb n="0001" facs="liv_001986_0001"/><!--pb/@n='25r'-->
<!--hand01topcenter4--><!--hand01topright25--><!--hand02topleft27--><!--hand03topleft 27 changed to 26 with a blue crayon-->
<lb/><p><hi rend="underline">Private</hi> Dec<hi rend="sup underline">r</hi> 24.1863</p>
				<lb/><p rend="center"><space extent="3" unit="chars"/><persName>M<hi rend="sup underline">rs</hi> Buchanan</persName></p>
<lb/><p rend="no-indent">has written to me to know 
<lb/>my mind in reference 
<lb/>to your going to another 
<lb/>school either in Scotland 
<lb/>or England. To <unclear cert="low"><persName>Miss 
<lb/>Fisdells</persName></unclear> or to what is 
<lb/>called a finishing school 
<lb/>in <placeName>London.</placeName> the last will 
<lb/>cost £150 a year But 
<lb/>I reply as you seem to 
<lb/>prefer it so do I. But 
<lb/>dont think pray that because 
<lb/>it is a <hi rend="underline">finishing</hi> school 
<lb/>you can finish your 
<lb/>studies after a year there - 
<lb/>that would be a misfortune 
<lb/>but you may make 
<lb/>still higher attainments 

	<pb n="0002" facs="liv_001986_0002"/><!--pb/@n='25v'-->
<lb/>in our own cottage if it 
<lb/>please God to permit us 
<lb/>that pleasure, by using 
<lb/>the information acquired 
<lb/>as stepping stones for future 
<lb/>use. </p>
<lb/><p>She requests me to say 
<lb/>whether I should like you to 
<lb/>go to the <unclear cert="low">communion.</unclear>
<lb/>Of course I should if you 
<lb/>in love to our saviour 
<lb/>went to obey his command 
<lb/>" Do this in rememberance of 
<lb/>me. She would like to 
<lb/>know if you could go 
<lb/>with them to their church 
<lb/>on that occasion. As I see 
<lb/>much to admire &amp; something 
<lb/>to deplore in all churches, 
<lb/>I am not anxious about 
<lb/>what body of christians 
<lb/>you may join. I 
<w>communini-<lb break="no"/>cate</w> with any body of 
<lb/>Protestants <unclear cert="low">wherever</unclear> I have 

	<pb n="0003" facs="liv_001986_0003"/><!--pb/@n='26r'-->
<lb/><!--hand01topright26-->the priviledge, and as you 
<lb/>dont know where your 
<lb/>lot may be cast it 
<lb/>may be well to remember 
<lb/>that all the churches who 
<lb/>hold Jesus as the Head 
<lb/>belong to his flock. I 
<lb/>like the church of 
<lb/><placeName>Scotland</placeName> as well as 
<lb/>any, but you must 
<lb/>be guided by your own 
<lb/>convictions of what is 
<lb/>right. the matter is one 
<lb/>between you &amp; your Saviour</p>
<lb/><p>M<hi rend="sup underline">rs</hi> B. is right in telling 
<lb/>you not to sleep with a 
<lb/>woman much older than 
<lb/>yourself. A transference of 
<lb/>vitality often takes place 
<lb/>the younger person loses 
<lb/>life or power the elder 
<lb/>gains. A child often 
<lb/><supplied resp="#CO">becomes sickly</supplied> &amp; old 
<lb/><gap extent="1" unit="words" agent="damage"/><supplied resp="#CO">s</supplied>leeping 

	<pb n="0004" facs="liv_001986_0004"/><!--pb/@n='26v'-->
<lb/>with an aunt &amp; when put 
<lb/>into a crib of its own quickly 
<lb/>recovers without medicine 
<lb/>this was well known to 
<lb/>physicians as long ago as 
<lb/>when <persName>King David</persName> lived to be 
<lb/>an old man.</p>
<lb/><p>As you dislike the sayings 
<lb/>of that dreadful woman 
<lb/>dont imitate them and 
<lb/>when you see evils in 
<lb/>others take a lesson to avoid 
<lb/>them in yourself. and 
<lb/>always remember who 
<lb/>makes you to differ from 
<lb/>the worst. I have told her 
<lb/>that you could visit <persName>Aunt 
<lb/>Helen <unclear cert="low">Vavasseur</unclear></persName> M<hi rend="sup underline">rs</hi>
<lb/>Fitch- and M<hi rend="sup underline">rs</hi> Bevan 
<lb/>Braithwaite in London 
<lb/><unclear cert="low">we</unclear> hope soon to be home 
<lb/>i.e. sometime in summer 
<lb/>next.</p><!--autograph signature missing-->
			
</div>
		</body>
	</text></TEI>