<?xml version="1.0" encoding="UTF-8"?>
<?xml-model href="http://livingstoneonline.github.io/LEAP-ODD/leap.rng" type="application/xml" schematypens="http://relaxng.org/ns/structure/1.0"?>
<?xml-model href="http://livingstoneonline.github.io/LEAP-ODD/leap.rng" type="application/xml" schematypens="http://purl.oclc.org/dsdl/schematron"?>
 <?xml-stylesheet href="http://livingstoneonline.github.io/LEAP-XSLT/transcription.xsl" type="text/xsl"?>
 <!--Converted from a TEI P4 XML file to the LEAP TEI P5 Schema by James Cummings on 2015-03-02--><!--TEI encoding revised and standardized by Adrian S. Wisnicki, 2015-2016-->
         <TEI xmlns="http://www.tei-c.org/ns/1.0" xml:id="liv_002164">
	<teiHeader>
		<fileDesc>
			<titleStmt>
				<title>Letter to John Murray III</title>
                <title type="alternative">Letter to John Murray III, 20 January 1865</title>
				<author xml:id="DL">Livingstone, David, 1813-1873</author>
			</titleStmt>
			<publicationStmt>
				<authority>Livingstone Online</authority>
				<pubPlace>London</pubPlace>
				<date>2008-11-25</date>
				<publisher>Wellcome Centre for the History of Medicine, UCL</publisher>
				<idno type="LEAP-ID">liv_002164</idno>
			</publicationStmt>
			<sourceDesc>
				<bibl xml:id="shelfmark">National Library of Scotland; MS. 42421, ff. 35r-36v</bibl>
				<bibl xml:id="ccnumber">Letters, 1580</bibl>
				<bibl xml:id="recipient"><persName>Murray, John III, 1808-1892</persName></bibl>
				<bibl xml:id="date"><date when="1865-01-20">20 January 1865</date></bibl>
				<bibl xml:id="where">Newstead Abbey</bibl>
			</sourceDesc>
		</fileDesc>
		<profileDesc>
			<langUsage>
				<language ident="en">English</language>
			</langUsage>
			<handNotes>
				<handNote xml:id="hand01">Scribe: Unknown</handNote>
			</handNotes>
		</profileDesc>
		<revisionDesc>
			<change>
				<date>2008-11-25</date>
				<name xml:id="SM">Sharon Messenger</name>Initial Transcription by Sharon Messenger
			</change>
			<change>
				<date>2008-11-27</date>
				<name xml:id="CL">Chris Lawrence</name>Proofed by Chris Lawrence
			</change>
		</revisionDesc>
	</teiHeader>

	<text>
		<body xml:lang="en">
			<div>

	<pb n="0001" facs="liv_002164_0001"/><!--pb/@n='35r'-->
<!--MH: headed notepaper-->
				<lb/><p rend="center"><space extent="1" unit="words"/>20<hi rend="sup underline">th</hi> Jan /1865 </p>
<lb/><p rend="no-indent">My Dear <persName>M<hi rend="sup underline">r</hi> Murray</persName></p>
<lb/><p>I send you by today<reg>'</reg>s 
<lb/>Book Post 550-669 
<lb/>pages Manuscript 
<lb/>and I shall now 
<lb/>get to revision as 
<lb/>quickly as I can - 
<lb/>I have still a 
<lb/>journey to <placeName>Lake 
<lb/>Nyassa</placeName> alone to 
<lb/>write &amp; a note 

	<pb n="0002" facs="liv_002164_0002"/><!--pb/@n='35v'-->
<lb/>about the voyage 
<lb/>to <placeName>Bombay</placeName> and 
<lb/>will lose no time 
<lb/>I ought to have been 
<lb/>off ere now - though 
<lb/>I have every 
<w>com-<lb break="no"/>fort</w> that I can 
<lb/>desire here I often 
<lb/>take a sore longing 
<lb/>to be in <placeName>Africa</placeName><reg>.</reg>
<lb/>My family is 
<lb/>my only chain<reg>.</reg></p>
<lb/><p>I <choice><sic>recieved</sic><corr>received</corr></choice> the 
<lb/>plates &amp; will 
<lb/>attend to your 
<lb/>suggestion<reg>.</reg>

	<pb n="0003" facs="liv_002164_0003"/><!--pb/@n='36r'-->
<lb/>I was informed 
<lb/>by <persName>M<hi rend="sup underline">r</hi> <add place="above">Young</add></persName> of the £44 17 
<lb/>but did not think 
<lb/>of acknowledging 
<lb/>it myself - that 
<lb/>is the channel 
<lb/>I wish anything 
<lb/>you may have 
<lb/>to give me to 
<lb/>go through and</p>
<lb/><p>I am &amp;c</p>
<lb/><p rend="no-indent"><persName>David Livingstone</persName></p>

	<pb n="0004" facs="liv_002164_0004"/><!--pb/@n='36v'-->
<lb/><p rend="no-indent">The artist seems to have 
<lb/>succeeded very well 
<lb/>but I should like the 
<lb/>Baobab more like 
<lb/>the Photo - as it is 
<lb/>mentioned in <persName>Com. 
<lb/>Owen's</persName> book as 60 feet 
<lb/>in circumference - the 
<lb/>Fig tree in the middle &amp; 
<lb/>Bombax trees behind 
<lb/>the house are very 
<lb/>characteristic in their 
<lb/>shapes &amp; I have put 
<lb/>a note in pencil 
<lb/>on the enclosed drawing 
<lb/>to that effect<reg>.</reg></p>
			
</div>
		</body>
	</text></TEI>