<?xml version="1.0" encoding="UTF-8"?>
<?xml-model href="http://livingstoneonline.github.io/LEAP-ODD/leap.rng" type="application/xml" schematypens="http://relaxng.org/ns/structure/1.0"?>
<?xml-model href="http://livingstoneonline.github.io/LEAP-ODD/leap.rng" type="application/xml" schematypens="http://purl.oclc.org/dsdl/schematron"?>
 <?xml-stylesheet href="http://livingstoneonline.github.io/LEAP-XSLT/transcription.xsl" type="text/xsl"?>
 <!--Converted from a TEI P4 XML file to the LEAP TEI P5 Schema by James Cummings on 2015-03-02--><!--TEI encoding revised and standardized by Adrian S. Wisnicki, 2015-2016-->
         <TEI xmlns="http://www.tei-c.org/ns/1.0" xml:id="liv_002123">
	<teiHeader>
		<fileDesc>
			<titleStmt>
				<title>Letter to John Kirk 2</title>
                <title type="alternative">Letter to John Kirk 2, 27 November 1864</title>
				<author xml:id="DL">Livingstone, David, 1813-1873</author>
			</titleStmt>
			<publicationStmt>
				<authority>Livingstone Online</authority>
				<pubPlace>London</pubPlace>
				<date>2008-01-23</date>
				<publisher>Wellcome Centre for the History of Medicine, UCL</publisher>
				<idno type="LEAP-ID">liv_002123</idno>
			</publicationStmt>
			<sourceDesc>
				<bibl xml:id="shelfmark">National Library of Scotland; Acc. 9942, ff. 9r-10v</bibl>
				<bibl xml:id="ccnumber">Letters, 1544</bibl>
				<bibl xml:id="recipient"><persName>Kirk, John 2, 1832-1922</persName></bibl>
				<bibl xml:id="date"><date when="1864-11-27">27 November 1864</date></bibl>
				<bibl xml:id="where">Newstead Abbey</bibl>
			</sourceDesc>
		</fileDesc>
		<profileDesc>
			<langUsage>
				<language ident="en">English</language>
			</langUsage>
			<handNotes>
				<handNote xml:id="hand01">Scribe: Unknown</handNote>
			</handNotes>
		</profileDesc>
		<revisionDesc>
			<change>
				<date>2008-01-23</date>
				<name xml:id="SM">Sharon Messenger</name>Initial Transcription by Sharon Messenger
			</change>
		</revisionDesc>
	</teiHeader>

	<text>
		<body xml:lang="en">
			<div>

<!--odd foliation-->

	<pb n="0001" facs="liv_002123_0001"/><!--pb/@n='9r'-->
<lb/><p rend="no-indent">What tree is it with 
<lb/>which the bitter bark 
<lb/>corn <unclear cert="low">selpes</unclear> are 
<lb/>made by the Badéma 
<lb/>(Zandia's people)<reg>.</reg>
<lb/>What is the name 
<lb/>of the Sensi - the 
<lb/>little animal they 
<lb/>used to <unclear cert="low">burn</unclear> out of 
<lb/>the islands -- </p>
<lb/><p>Could you make 
<lb/>an errand to the 
<lb/>Colonial Office to 
<lb/>find out  <persName>Col Rigby</persName>, 
<lb/>despatch anent </p>

	<pb n="0002" facs="liv_002123_0002"/><!--pb/@n='9v'-->
<lb/><p rend="no-indent"><persName>Roscher's</persName> discovery. 
<lb/>I think I asked you 
<lb/>before - but I fear 
<lb/>he would communicate 
<lb/>with <placeName>India</placeName> or the 
<lb/>Indian Office - <persName>Cap<hi rend="sup">n</hi>
<lb/>Oldfield</persName> cannot charge 
<lb/>his memory as to 
<lb/>whether he <choice><sic>recieved</sic><corr>received</corr></choice>
<lb/>his information from 
<lb/><persName>Roscher</persName> or second hand<reg>.</reg>
<lb/>I have set <persName>Agnes</persName> to look 
<lb/>up the original letter 
<lb/>of <persName>Oldfield</persName> to me - </p>
<lb/><p rend="no-indent">Before you come 
<lb/>down will you give 
<lb/><persName>Murray<reg>'</reg>s</persName> artist a loan 
<lb/>of the photograph of 

	<pb n="0003" facs="liv_002123_0003"/><!--pb/@n='10r'-->
<lb/>the Baobab the grave 
<lb/>&amp; <placeName>Shupanga</placeName> house 
<lb/>to form with the fig 
<lb/>tree one picture<reg>.</reg> 
<lb/>I have only the Baobab 
<lb/>and grave here. </p>
<lb/><p>I think <persName>Oswell</persName> 
<lb/>only saw the Poku &amp; 
<lb/>it was not shot till 
<lb/>afterwards. I think 
<lb/>it is a kobus but 
<lb/>don<reg>'</reg>t recollect distinctly<reg>.</reg>
<lb/>It is half brother to the Leche - a thorough 
<lb/>water buck - <persName>D<hi rend="sup underline">r</hi>
<lb/>Gray</persName> (costume delle) 
<lb/>has made <persName>Reade's</persName>
<lb/>striped <unclear>Island</unclear> areas 
<lb/>Derbyana - Reade 
<addSpan spanTo="#p10r-01" place="marginleft"><!--addSpan/@place='left margin of fol. 10r'--></addSpan>
<lb/>Says it is called Djikijunka - a nice 
<lb/>name. I saw harte beasts West of the 
<lb/>Lake a little less in size than <unclear cert="low">sows</unclear><reg>.</reg><anchor xml:id="p10r-01"/></p>

	<pb n="0004" facs="liv_002123_0004"/><!--pb/@n='10v'-->
<lb/><p><space extent="2" unit="words"/>27 Nov<hi rend="sup underline">r</hi> 1864</p>
<lb/><p rend="no-indent">My Dear <persName>Kirk</persName></p>
				<lb/><p><space extent="5" unit="chars"/>I put a question 
<lb/>or two down just as I 
<lb/>thought of them - I thank 
<lb/>you for the compliment 
<lb/>you pay to my name<reg>.</reg>
<lb/>If you can come you 
<lb/>need not to be afraid of the 
<lb/>meeting. <persName>Webb</persName> will say 
<lb/>a little. You too if there 
<lb/>are anything African 
<lb/>&amp; I conclude - that is 
<lb/>all. <persName>Webb</persName> thinks <unclear cert="low"><placeName>Bjouk</placeName></unclear>
<lb/>a good place for the 
<lb/>like of you as there is 
<lb/>no good medico there 
<lb/>and that you ought not 
<lb/>to be thrown away<reg>.</reg></p>
			
</div>
		</body>
	</text></TEI>