<?xml version="1.0" encoding="UTF-8"?>
<?xml-model href="http://livingstoneonline.github.io/LEAP-ODD/leap.rng" type="application/xml" schematypens="http://relaxng.org/ns/structure/1.0"?>
<?xml-model href="http://livingstoneonline.github.io/LEAP-ODD/leap.rng" type="application/xml" schematypens="http://purl.oclc.org/dsdl/schematron"?>
 <?xml-stylesheet href="http://livingstoneonline.github.io/LEAP-XSLT/transcription.xsl" type="text/xsl"?>
 <!--Converted from a TEI P4 XML file to the LEAP TEI P5 Schema by James Cummings on 2015-03-02--><!--TEI encoding revised and standardized by Adrian S. Wisnicki, 2015-2016-->
         <TEI xmlns="http://www.tei-c.org/ns/1.0" xml:id="liv_002162">
	<teiHeader>
		<fileDesc>
			<titleStmt>
				<title>Letter to John Murray III</title>
                <title type="alternative">Letter to John Murray III, 17 January 1865</title>
				<author xml:id="DL">Livingstone, David, 1813-1873</author>
			</titleStmt>
			<publicationStmt>
				<authority>Livingstone Online</authority>
				<pubPlace>London</pubPlace>
				<date>2008-11-19</date>
				<publisher>Wellcome Centre for the History of Medicine, UCL</publisher>
				<idno type="LEAP-ID">liv_002162</idno>
			</publicationStmt>
			<sourceDesc>
				<bibl xml:id="shelfmark">National Library of Scotland; MS. 42421, ff. 33r-33v</bibl>
				<bibl xml:id="ccnumber">Letters, 1578</bibl>
				<bibl xml:id="recipient"><persName>Murray, John III, 1808-1892</persName></bibl>
				<bibl xml:id="date"><date when="1865-01-17">17 January 1865</date></bibl>
				<bibl xml:id="where">Newstead Abbey</bibl>
			</sourceDesc>
		</fileDesc>
		<profileDesc>
			<langUsage>
				<language ident="en">English</language>
			</langUsage>
			<handNotes>
				<handNote xml:id="hand01">Scribe: Unknown</handNote>
			</handNotes>
		</profileDesc>
		<revisionDesc>
			<change>
				<date>2008-11-19</date>
				<name xml:id="CO">Caroline Overy</name>Initial Transcription by Caroline Overy
			</change>
			<change>
				<date>2008-11-25</date>
				<name xml:id="CL">Chris Lawrence</name>Proof by Chris Lawrence
			</change>
		</revisionDesc>
	</teiHeader>

	<text>
		<body xml:lang="en">
			<div>

	<pb n="0001" facs="liv_002162_0001"/><!--pb/@n='33r'-->
<!--printed letterhead--><!--<p rend="center">Newstead Abbey,</p>
<p rend="center">Mansfield, Notts</p>
--><!--end of printed letterhead-->
<lb/><p rend="center">17 Jan<hi rend="sup">y</hi> 1865</p>
<lb/>
<lb/><p rend="no-indent">My Dear <persName>M<hi rend="sup underline">r</hi> Murray</persName></p>
<lb/><p>I send by Book 
<lb/>post today pages 
<lb/>487-569 of 
<lb/>manuscript and 
<lb/>seven <add place="above">revised</add> proofs I 
<lb/>think. I write 
<lb/>this to advise 
<lb/>you of them - 
<lb/>you need not answer 

	<pb n="0002" facs="liv_002162_0002"/><!--pb/@n='33v'-->
<lb/>unless they fail 
<lb/>to come to hand<reg>.</reg></p>
<lb/><p>I am &amp;c</p>
				<lb/><p rend="no-indent"><space extent="1" unit="chars"/>David Livingstone</p>
			
</div>
		</body>
	</text></TEI>