<?xml version="1.0" encoding="UTF-8"?>
<?xml-model href="http://livingstoneonline.github.io/LEAP-ODD/leap.rng" type="application/xml" schematypens="http://relaxng.org/ns/structure/1.0"?>
<?xml-model href="http://livingstoneonline.github.io/LEAP-ODD/leap.rng" type="application/xml" schematypens="http://purl.oclc.org/dsdl/schematron"?>
 <?xml-stylesheet href="http://livingstoneonline.github.io/LEAP-XSLT/transcription.xsl" type="text/xsl"?>
 <!--Converted from a TEI P4 XML file to the LEAP TEI P5 Schema by James Cummings on 2015-03-02--><!--TEI encoding revised and standardized by Adrian S. Wisnicki, 2015-2016-->
         <TEI xmlns="http://www.tei-c.org/ns/1.0" xml:id="liv_002093">
	<teiHeader>
		<fileDesc>
			<titleStmt>
				<title>Letter to John Murray III</title>
                <title type="alternative">Letter to John Murray III, 21 October 1864</title>
				<author xml:id="DL">Livingstone, David, 1813-1873</author>
			</titleStmt>
			<publicationStmt>
				<authority>Livingstone Online</authority>
				<pubPlace>London</pubPlace>
				<date>2008-04-07</date>
				<publisher>Wellcome Centre for the History of Medicine, UCL</publisher>
				<idno type="LEAP-ID">liv_002093</idno>
			</publicationStmt>
			<sourceDesc>
				<bibl xml:id="shelfmark">National Library of Scotland; MS. 42421, ff. 13r-14v</bibl>
				<bibl xml:id="ccnumber">Letters, 1514</bibl>
				<bibl xml:id="recipient"><persName>Murray, John III, 1808-1892</persName></bibl>
				<bibl xml:id="date"><date when="1864-10-21">21 October 1864</date></bibl>
				<bibl xml:id="where">Newstead Abbey</bibl>
			</sourceDesc>
		</fileDesc>
		<profileDesc>
			<langUsage>
				<language ident="en">English</language>
			</langUsage>
			<handNotes>
				<handNote xml:id="hand01">Scribe: Unknown</handNote>
			</handNotes>
		</profileDesc>
		<revisionDesc>
			<change>
				<date>2008-04-07</date>
				<name xml:id="SM">Sharon Messenger</name>Initial Transcription by Sharon Messenger
			</change>
			<change>
				<date>2008-06-15</date>
				<name xml:id="CL">Chris Lawrence</name>Proof by Chris Lawrence
			</change>
			<change>
				<date>2008-12-01</date>
				<name xml:id="JB">Janet Browne</name>Proofed by Janet Browne
			</change>
		</revisionDesc>
	</teiHeader>

	<text>
		<body xml:lang="en">
			<div>

	<pb n="0001" facs="liv_002093_0001"/><!--pb/@n='13r'-->
<addSpan spanTo="#p13r-01" place="marginleft"><!--addSpan/@place='left hand margin'--></addSpan>
<lb/><p rend="no-indent">department and all scientific description 
<lb/>for him. He is a capital fellow<reg>.</reg> I am &amp;c 
<lb/><persName>David Livingstone</persName></p><anchor xml:id="p13r-01"/>
				<lb/><p rend="center"><space extent="3" unit="chars"/>21<hi rend="sup underline">st</hi> Oct 1864 </p>
<lb/>
<lb/>
<lb/><p rend="no-indent">My Dear <persName>M<hi rend="sup underline">r</hi> Murray</perName></p>
				<lb/><p><space extent="1" unit="chars"/>You remember 
<lb/>a couple of volumes 
<lb/>of my journal 
<lb/>were stolen by a 
<lb/>trader at <placeName>Linyanti</placeName>. 
<lb/>When I said to the 
<lb/>chief <persName>Sekeletu</persName> that 
<lb/>trader says you 
<lb/>did not give the 
<lb/>book to him. "He 
<lb/>lies" said his queen 

	<pb n="0002" facs="liv_002093_0002"/><!--pb/@n='13v'-->
<lb/>Seipone "I gave them 
<lb/>to him myself " This 
<lb/>trader then <add place="above">after getting the volumes</add> went over 
<lb/>to <persName>Mosilikatze's</persName>
<lb/>country where another 
<lb/>trader named 
<lb/><persName>Chapman</persName> was 
<lb/>trading - This <persName>Chapman</persName> 
<lb/>has published a 
<lb/>book and I should 
<lb/>like to see it - because 
<lb/>when I lately went 
<lb/>back to <placeName>Linyanti</placeName>
<lb/>I got a mail bag 
<lb/>from <persName>M<hi rend="sup underline">r</hi> Moffat</persName>

	<pb n="0003" facs="liv_002093_0003"/><!--pb/@n='14r'-->
<lb/>through <persName>Mosilikatze's</persName>
<lb/>country in the 
<lb/>mouth of which 
<lb/>was one of the 
<lb/>lost volumes, the 
<lb/>lock taken off in 
<lb/>a more scientific 
<lb/>way than would 
<lb/>be done by a 
<lb/>native. I would 
<lb/>like to see his book 
<lb/>to see if I can 
<lb/>recognize my own 
<lb/>writing &amp; we have 
<lb/>sent to one of the 
<lb/>large libraries - not 

	<pb n="0004" facs="liv_002093_0004"/><!--pb/@n='14v'-->
<lb/>Mudies &amp; can<reg>'</reg>t get it. 
<lb/>I don<reg>'</reg>t know its 
<lb/>title or publisher<reg>.</reg></p>
<lb/><p>I cannot get <persName> <add place="above">D<hi rend="sup">r</hi></add> Kirk </persName>
<lb/>to agree to a proposition 
<lb/>of the <persName>Hookers</persName> to write the 
<lb/>Flora &amp; Zoology for 
<lb/>which the 
<w>Govern-<lb break="no"/>ment</w> is willing to 
<lb/>give £1200. I was 
<lb/>about to apply for 
<lb/>his Expedition salary 
<lb/>for three or four years 
<lb/>but he fears that his 
<lb/>labours might not 
<lb/>prove satisfactory to the 
<lb/>Gov<hi rend="sup underline">t</hi><reg>.</reg> He offers to name 
<lb/>any plants for me but 
<lb/>I have been leaving all that</p> 
			
</div>
		</body>
	</text></TEI>