<?xml version="1.0" encoding="UTF-8"?>
<?xml-model href="http://livingstoneonline.github.io/LEAP-ODD/leap.rng" type="application/xml" schematypens="http://relaxng.org/ns/structure/1.0"?>
<?xml-model href="http://livingstoneonline.github.io/LEAP-ODD/leap.rng" type="application/xml" schematypens="http://purl.oclc.org/dsdl/schematron"?>
 <?xml-stylesheet href="http://livingstoneonline.github.io/LEAP-XSLT/transcription.xsl" type="text/xsl"?>
 <!--Converted from a TEI P4 XML file to the LEAP TEI P5 Schema by James Cummings on 2015-03-02--><!--TEI encoding revised and standardized by Adrian S. Wisnicki, 2015-2016-->
         <TEI xmlns="http://www.tei-c.org/ns/1.0" xml:id="liv_001810"><!-- LP42 -->
	<teiHeader>
		<fileDesc>
			<titleStmt>
				<title>Letter to J.J. Wesley Bennett</title>
                <title type="alternative">Letter to J.J. Wesley Bennett, 5 August 1862</title>
				<author xml:id="DL">Livingstone, David, 1813-1873</author>
			</titleStmt>
			<publicationStmt>
				<authority>Livingstone Online</authority>
				<pubPlace>London</pubPlace>
				<date>2005-05-10</date>
				<publisher>Wellcome Centre for the History of Medicine, UCL</publisher>
				<idno type="LEAP-ID">liv_001810</idno>
			</publicationStmt>
			<sourceDesc>
				<bibl xml:id="ccnumber">Letters, 1257</bibl>
				<bibl xml:id="recipient"><persName>Bennett, J.J. Wesley</persName></bibl>
				<bibl xml:id="date"><date when="1862-08-05">5 August 1862</date></bibl>
				<bibl xml:id="where">Kongone</bibl>
				<bibl xml:id="shelfmark">Wellcome Institute for the History of Medicine. Library; 7329 42</bibl><!--1862-08-05--><!--Original:1862-08-05-->
				<bibl xml:id="extent">4 pages</bibl>
			</sourceDesc>
		</fileDesc>
		<revisionDesc>
			<change>
				<date>2005-05-04</date>
				<name xml:id="CO">Caroline Overy</name>Initial Transcription
			</change>
			<change>
				<date>2006-02-13</date>
				<name xml:id="JB">Janet Browne</name>first proof
			</change>
			<change>
				<date>2006-02-22</date>
				<name xml:id="CL">Chris Lawrence</name>second proof
			</change>
			<change>
				<date>2006-03-03</date>
				<name xml:id="SM">Sharon Messenger</name>final proof
			</change>
		</revisionDesc>
	</teiHeader>

	<text>
		<body>
			<div>

	<pb n="0001" facs="liv_001810_0001"/><!--pb/@n='1'-->
<!--Hand 01 36 top left--><!--Hand 02 64762 top right-->
				<lb/><p rend="center"><space extent="2" unit="chars"/><placeName>Kongone</placeName> 5<hi rend="sup underline">th</hi> August</p>
				<lb/><p rend="center"><space extent="4" unit="words"/><space extent="1" unit="chars"/>1862</p>
<lb/>
<lb/>
<lb/><p>Dear <persName>Sir</persName></p>
				<lb/><p><space extent="1" unit="words"/><space extent="1" unit="chars"/>I have no 
<lb/>great objection against 
<lb/>giving an autograph 
<lb/>to a Lady but I feel 
<lb/>to be such a silly 
<lb/>thing to write my 
<lb/>name for a great 
<lb/><unclear cert="high">heanimal</unclear> like you 
<lb/>would'nt be better 
<lb/>now to spend the 

	<pb n="0002" facs="liv_001810_0002"/><!--pb/@n='2'-->
<lb/>money you waste 
<lb/>in postage stamps 
<lb/>plaguing people, 
<lb/>in supporting a 
<lb/>poor shivering 
<lb/>half starved naked 
<lb/>boy or girl at a 
<lb/>ragged school. I 
<lb/>think one would 
<lb/>remember having 
<lb/>saved the perishing 
<lb/>with greater pleasure 
<lb/>on a dying bed 

	<pb n="0003" facs="liv_001810_0003"/><!--pb/@n='3'-->
<lb/>than that he had 
<lb/>secured all the autographs 
<lb/>from <persName>Ham's</persName> to old 
<lb/><persName>Abe Lincoln's</persName></p>
<lb/><p>David Livingstone</p>
<lb/>
<lb/>
<lb/>
<lb/><p rend="no-indent"><persName>M<hi rend="sup underline">r</hi> Bennett</persName></p>

	<pb n="0004" facs="liv_001810_0004"/><!--pb/@n='4'-->
<!--Hand 01 36 top left--><!--MH unclear postmark top left--><!--MH unclear postmark top right--><!--MH unclear postmark center--><!--Hand 02 64762 top right-->
<lb/><p rend="no-indent"><persName>J. J. Wesley Bennett Esq</persName>, </p>
<lb/><p>5 Corn St. </p>
<lb/><p rend="center"><space extent="3" unit="chars"/>Shepton Mallet </p>
<lb/><p rend="center">Co: Somerset </p>
				<lb/><p rend="center"><space extent="1" unit="words"/><space extent="2" unit="chars"/>England </p>
<lb/><p rend="no-indent">D<hi rend="sup">r </hi> L.</p>
			
</div>
		</body>
	</text></TEI>