<?xml version="1.0" encoding="UTF-8"?>
<?xml-model href="http://livingstoneonline.github.io/LEAP-ODD/leap.rng" type="application/xml" schematypens="http://relaxng.org/ns/structure/1.0"?>
<?xml-model href="http://livingstoneonline.github.io/LEAP-ODD/leap.rng" type="application/xml" schematypens="http://purl.oclc.org/dsdl/schematron"?>
<?xml-stylesheet href="http://livingstoneonline.github.io/LEAP-XSLT/transcription.xsl" type="text/xsl"?>
<!--TEI encoding revised and standardized by Adrian S. Wisnicki, 2015-2016-->
<TEI xmlns="http://www.tei-c.org/ns/1.0" xml:id="liv_002068">
    <!-- xml:id attribute value above should be same as the LEAP file name (without .xml suffix) -->
    <teiHeader>
        <fileDesc>
            <titleStmt>
				<title>Letter to Unknown</title>
                <title type="alternative">Letter to Unknown, [18-23 September 1864]</title>
				<author xml:id="DL">Livingstone, David, 1813-1873</author>
                <principal>Adrian S. Wisnicki</principal>
                <principal>Christopher Lawrence</principal>
                <respStmt xml:id="AW">
                    <name>Adrian S. Wisnicki</name>
                    <resp>Transcription</resp>
                    <resp>TEI Encoding</resp>
                    <resp>Editorial Decisions</resp>
					<resp>Proofing</resp>
					<resp>Encoding Review</resp>
                </respStmt>
				<respStmt xml:id="CL">
					<name>Christopher Lawrence</name>
					<resp>Final proofing</resp>
				</respStmt>
                <respStmt xml:id="HB">
                    <name>Heather F. Ball</name>
                    <resp>Transcription</resp>
                    <resp>TEI Encoding</resp>
                    <resp>Editorial Decisions</resp>
					<resp>Proofing</resp>
					<resp>Quality Control and Integration</resp>
                </respStmt>
                <respStmt xml:id="AM">
                    <name>Anne Martin</name>
                    <resp>Transcription</resp>
                    <resp>TEI Encoding</resp>
					<resp>Proofing</resp>
                </respStmt>
				<respStmt xml:id="SF">
					<name>Samantha Fitch</name>
					<resp>Transcription</resp>
                    <resp>TEI Encoding</resp>
					<resp>Proofing</resp>
                </respStmt>
            </titleStmt>
            <publicationStmt>
                <authority>Livingstone Online</authority>
                <publisher>University of Maryland Libraries</publisher>
                <pubPlace>College Park, MD, USA</pubPlace>
                <date>2015</date>
				<idno type="LEAP-ID">liv_002068</idno>
            </publicationStmt>
            <sourceDesc>
                <msDesc>
                    <msIdentifier>
                        <country>United Kingdom</country>
                        <settlement>Blantyre</settlement>
                        <repository>David Livingstone Centre</repository>
                        <idno type="shelfmark">819</idno>
                        <altIdentifier>
                            <idno type="ccnumber">Letters, 1489</idno>
                        </altIdentifier>
                    </msIdentifier>
                    <physDesc>
                        <handDesc>
                            <handNote xml:id="U"><label>Unknown Hand</label> This hand is unknown
                                but thought not David Livingstone's.</handNote>
                        </handDesc>
                    </physDesc>
                </msDesc>
                <bibl type="sourceMetadata">
                    <title>Letter to Unknown, [18-23 September 1864]</title>
                    <author>Livingstone, David, 1813-1873</author>
                    <date type="composition" when="1864-09-18">[18-23 September 64]</date>
                    <placeName type="compositionPlace">British Association, Bath</placeName>
                    <persName type="addressee">Unknown</persName>
                </bibl>
            </sourceDesc>
        </fileDesc>
        <profileDesc>
            <langUsage>
                <language ident="en">English</language>
            </langUsage>
        </profileDesc>
        <revisionDesc>
			<change when="2015-10-18" who="#CL">Corrections</change>
			<change when="2015-08-23" who="#AW">Coding Review</change>
            <change when="2015-08-01" who="#HB">Proofing and Quality Control</change>
			<change when="2014-10-07" who="#SF">Proofing</change>
            <change when="2014-08-17" who="#AM">Initial Transcription and TEI Encoding</change>
        </revisionDesc>
    </teiHeader>

    <text>
        <body>
            <div>
                
            <pb facs="liv_002068_0001" n="0001"/>
<lb/><space extent="1" unit="words"/><opener><dateline><orgName><term type="nationality">British</term> Association</orgName> 
<lb/><space extent="4" unit="words"/><placeName><settlement type="city">Bath</settlement></placeName></dateline>
<lb/>    
    <lb/><space extent="2" unit="chars"/><salute>Dear Sir</salute></opener>
                <lb/><p><space extent="3" unit="chars"/>I regret that I
<lb/>have none of the
<lb/>objects you mention
<lb/>but I wish you
<lb/>every success in
<lb/>your benevolent
<lb/>desire to enlighten
<lb/>the minds of your
<lb/><orgName>Sunday School</orgName>
<lb/>children</p>
                <lb/><p rend="no-indent"><space extent="2" unit="chars"/>&amp; am &amp;c</p>
<lb/><p rend="no-indent"><persName>David Livingstone</persName></p> 
            </div>
        </body>
    </text>

</TEI>
