<?xml version="1.0" encoding="UTF-8"?>
<?xml-model href="http://livingstoneonline.github.io/LEAP-ODD/leap.rng" type="application/xml" schematypens="http://relaxng.org/ns/structure/1.0"?>
<?xml-model href="http://livingstoneonline.github.io/LEAP-ODD/leap.rng" type="application/xml" schematypens="http://purl.oclc.org/dsdl/schematron"?>
 <?xml-stylesheet href="http://livingstoneonline.github.io/LEAP-XSLT/transcription.xsl" type="text/xsl"?>
 <!--Converted from a TEI P4 XML file to the LEAP TEI P5 Schema by James Cummings on 2015-03-02--><!--TEI encoding revised and standardized by Adrian S. Wisnicki, 2015-2016-->
         <TEI xmlns="http://www.tei-c.org/ns/1.0" xml:id="liv_002129">
	<teiHeader>
		<fileDesc>
			<titleStmt>
				<title>Letter to John Murray III</title>
                <title type="alternative">Letter to John Murray III, 30 November 1864</title>
				<author xml:id="DL">Livingstone, David, 1813-1873</author>
			</titleStmt>
			<publicationStmt>
				<authority>Livingstone Online</authority>
				<pubPlace>London</pubPlace>
				<date>2008-11-19</date>
				<publisher>Wellcome Centre for the History of Medicine, UCL</publisher>
				<idno type="LEAP-ID">liv_002129</idno>
			</publicationStmt>
			<sourceDesc>
				<bibl xml:id="shelfmark">National Library of Scotland; MS. 42421, ff. 27r-28r</bibl>
				<bibl xml:id="ccnumber">Letters, 1548</bibl>
				<bibl xml:id="recipient"><persName>Murray, John III, 1808-1892</persName></bibl>
				<bibl xml:id="date"><date when="1864-11-30">30 November 1864</date></bibl>
				<bibl xml:id="where">Newstead Abbey</bibl>
			</sourceDesc>
		</fileDesc>
		<profileDesc>
			<langUsage>
				<language ident="en">English</language>
			</langUsage>
			<handNotes>
				<handNote xml:id="hand01">Scribe: Unknown</handNote>
			</handNotes>
		</profileDesc>
		<revisionDesc>
			<change>
				<date>2008-11-19</date>
				<name xml:id="CO">Caroline Overy</name>Initial Transcription by Caroline Overy
			</change>
			<change>
				<date>2008-11-22</date>
				<name xml:id="CL">Chris Lawrence</name>Proof by Chris Lawrence
			</change>
		</revisionDesc>
	</teiHeader>

	<text>
		<body xml:lang="en">
			<div>

	<pb n="0001" facs="liv_002129_0001"/><!--pb/@n='27r'-->
<!--printed letterhead--><!--
<p rend="center">Newstead Abbey,</p>
<p rend="center">Mansfield, Notts</p>
--><!--end of printed letterhead-->
				<lb/><p rend="center"><space extent="1" unit="words"/>30 Nov<hi rend="sup underline">r</hi> 1864</p>
<lb/>
<lb/><p rend="no-indent">My Dear <persName>M<hi rend="sup underline">r</hi> Murray</persName></p>
				<lb/><p><space extent="2" unit="chars"/>Only a moment 
<lb/>of your time</p>
<lb/><p rend="no-indent"><persName>D<hi rend="sup underline">r</hi> Kirk</persName> would call 
<lb/>with a photograph 
<lb/>of the <del type="strikethrough">Baboba</del>
<lb/>Baobab tree - the 
<lb/>graves and <placeName>Shupanga</placeName>
<lb/>house which <add place="above">together</add> will 
<lb/>make a very nice 
<lb/>picture. I need 

	<pb n="0002" facs="liv_002129_0002"/><!--pb/@n='27v'-->
<lb/>scarcely say that 
<lb/>I would like that 
<lb/>one much.</p>
<lb/><p>If you could 
<lb/>send the first part 
<lb/>of the manuscript 
<lb/>I could give an 
<lb/>epitome of the 
<lb/>instructions in 
<lb/>it at once which 
<lb/>would save 
<lb/>interlining after 
<lb/>it is printed - </p>
<lb/><p>Excuse this 
<lb/>additional bother<reg>.</reg>

	<pb n="0003" facs="liv_002129_0003"/><!--pb/@n='28r'-->
<lb/>Parcels addressed 
<lb/>to <placeName>Newstead</placeName> come 
<lb/>safely<reg>.</reg></p>
<lb/><p rend="no-indent">David Livingstone</p>
<lb/>
<lb/><p rend="no-indent">I don<reg>'</reg>t think I shall 
<lb/>be up in London 
<lb/>soon but it will 
<lb/>be nearly as easy 
<lb/>to correct for the press 
<lb/>here as in town 
<lb/>so after I return 
<lb/>the part mentioned 
<lb/>above the printing 
<lb/>might begin<reg>.</reg></p>
			
</div>
		</body>
	</text></TEI>