<?xml version="1.0" encoding="UTF-8"?>
<?xml-model href="http://livingstoneonline.github.io/LEAP-ODD/leap.rng" type="application/xml" schematypens="http://relaxng.org/ns/structure/1.0"?>
<?xml-model href="http://livingstoneonline.github.io/LEAP-ODD/leap.rng" type="application/xml" schematypens="http://purl.oclc.org/dsdl/schematron"?>
 <?xml-stylesheet href="http://livingstoneonline.github.io/LEAP-XSLT/transcription.xsl" type="text/xsl"?>
 <!--Converted from a TEI P4 XML file to the LEAP TEI P5 Schema by James Cummings on 2015-03-02--><!--TEI encoding revised and standardized by Adrian S. Wisnicki, 2015-2016-->
         <TEI xmlns="http://www.tei-c.org/ns/1.0" xml:id="liv_001982">
	<teiHeader>
		<fileDesc>
			<titleStmt>
				<title>Letter to Horace Waller</title>
                <title type="alternative">Letter to Horace Waller, 18 December 1863</title>
				<author xml:id="DL">Livingstone, David, 1813-1873</author>
			</titleStmt>
			<publicationStmt>
				<authority>Livingstone Online</authority>
				<pubPlace>College Park, MD, USA</pubPlace>
				<publisher>University of Maryland Libraries</publisher>
				<date>2017</date>
				<idno type="LEAP-ID">liv_001982</idno>
			</publicationStmt>
			<sourceDesc>
				<bibl xml:id="shelfmark">Bodleian Library. Weston Library; Waller MSS. Afr. s. 16.1, ff. 61-66</bibl>
				<bibl xml:id="ccnumber">Letters, 1411</bibl>
				<bibl xml:id="recipient"><persName>Waller, Horace, 1833-1896</persName></bibl>
				<bibl xml:id="date"><date when="1863-12-18">18 December 1863</date></bibl>
				<bibl xml:id="where">Murchison's Cataracts</bibl>
			</sourceDesc>
		</fileDesc>
		<profileDesc>
			<langUsage>
				<language ident="en">English</language>
			</langUsage>
			<langUsage>
				<language ident="und">Undetermined</language>
			</langUsage>
		</profileDesc>
		<revisionDesc>
			<change>
				<date>2011-12-07</date>
				<name xml:id="AJS">A.J. Schmitz</name> initial transcription and XML encoding.
            
			</change>
			<change>
				<date>2012-09-18</date>
				<name xml:id="KS">Kathryn Simpson</name> proofreading.
            
			</change>
			<change>
				<date>2012-10-02</date>
				<name xml:id="HFB">Heather F. Ball</name> XML editing.
            
			</change>
			<change>
				<date>2016-10-27</date>
				<name xml:id="AM">Anne Martin</name> final review.
            
			</change>
		</revisionDesc>
	</teiHeader>

	<text>
		<body>
			<div>

	<pb n="0001" facs="liv_001982_0001"><!--pb/@n='61r'--></pb>
<lb/><p rend="right"><placeName><geogName type="cataract">Murchison's Cataracts</geogName></placeName>
<lb/><date when="1863-12-18">18 Dec<hi rend="sup underline">r</hi> 1863</date></p>
<lb/><p rend="no-indent">My dear <persName>Waller</persName></p>
<lb/><p>I wrote you 
<lb/>last month but a 
<lb/>short note as I was 
<lb/>not very well and 
<lb/>soon hoped to be down 
<lb/>to you - I got a slight 
<lb/><term type="ailment">sunstroke</term> in coming 
<lb/>home and have had 
<lb/>a constant singing 
<lb/>in the <term type="bodypart">Ears</term> &amp; <term type="ailment">deafness</term>
<lb/>ever since - It became 
<lb/>worse at times and 
<lb/>indisposes me for 

     

	<pb n="0002" facs="liv_001982_0002"><!--pb/@n='61v'--></pb>
<lb/>writing of which I have 
<lb/>a great deal to do. 
<lb/>In a note sent at the 
<lb/>same time to the <term type="occupation">bishop</term> 
<lb/>in answer to an offer 
<lb/>to help from private 
<lb/>means in <unclear cert="medium">aiding</unclear> the 
<lb/>women &amp; children I 
<lb/>told him that I had doubts 
<lb/>about taking them to 
<lb/><placeName><geogName type="island">Johanna</geogName></placeName> though had 
<lb/>the boys been free 
<lb/>I would have sent all to 
<lb/>the <placeName><region>Cape</region></placeName> - and some 
<lb/>would no doubt be 
<lb/>taken up by <persName>Bishop 
<lb/>Gray</persName>. As it was 
<lb/>I thought it might

	<pb n="0003" facs="liv_001982_0003"><!--pb/@n='62r'--></pb>
<lb/>be best to arrange with 
<lb/><persName>M<hi rend="sup underline">r</hi> Ferraõ</persName> for food for 
<lb/>a season but all this 
<lb/>was on the supposition 
<lb/>that the <orgName>mission</orgName> was  
<lb/>to continue.</p>
<lb/><p>I <choice><sic>recieved</sic><corr>received</corr></choice> a letter by 
<lb/><persName>Blair</persName> in which the 
<lb/><term type="occupation">Bishop</term> says that 
<lb/>he had kept you 
<lb/>for nearly three months 
<lb/>according to a previous 
<lb/>arrangement and 
<lb/>now he will be glad 
<lb/>to hear that <del type="cancelled">"</del> I "am taking 
<lb/>steps to place <persName>M<hi rend="sup underline">r</hi> Waller</persName>
<lb/>in an independent 
<lb/>position with respect 
<lb/>to the <orgName>mission</orgName>"

     

	<pb n="0004" facs="liv_001982_0004"><!--pb/@n='62v'--></pb>
<lb/>He says also that he 
<lb/>strongly disapproved of 
<lb/>your plans - and also 
<lb/>that he concludes from 
<lb/>an extract from <bibl>one 
<lb/>of my letters</bibl> <add place="below">^</add> <add place="above">to you</add> that you 
<lb/>are carrying out my 
<lb/>wishes - It is a regular 
<lb/>bit of law, and is 
<lb/>written on a separate 
<lb/>sheet of same date as 
<lb/>another letter on general 
<lb/>subjects - not a word 
<lb/>about the boys sent 
<lb/>away - This I reject 
<lb/>for I cannot trust 
<lb/><persName>Blair</persName> - <persName>Wikatani</persName>
<lb/>and two others came 
<lb/>up &amp; offered to take 
<lb/>him - He seemed to agree</p>

	<pb n="0005" facs="liv_001982_0005"><!--pb/@n='63r'--></pb>
<lb/><p>My answer amounts 
<lb/>to this - You took the 
<lb/>boys as I understood 
<lb/>to instruct them - I depart 
<lb/>to the <placeName><geogName type="lake">Lake</geogName></placeName> &amp; returning <!-- geog: Lake Nyasa -->
<lb/>heard with regret that 
<lb/><persName>M<hi rend="sup underline">r</hi> Waller</persName> had been separated 
<lb/>from the <orgName>Mission</orgName> -  it 
<lb/>never entered my head 
<lb/>that any objection 
<lb/>could be made to a 
<lb/>member of the <orgName>mission</orgName> 
<lb/>becoming a vehicle 
<lb/>of <term type="faith">christian</term> benevolence 
<lb/>to poor people living  
<lb/>in the vicinity of 
<lb/>the station</p>
<lb/><p>I tell him also that 
<lb/>on hearing of his 
<lb/>disinclination to keep

     

	<pb n="0006" facs="liv_001982_0006"><!--pb/@n='63v'--></pb>
<lb/>The captives attached to 
<lb/><orgName>mission</orgName> by <persName>Bishop 
<lb/>Mackenzie</persName> I at once 
<lb/>offered to provide for 
<lb/>them &amp; send them to the 
<lb/><placeName><region>Cape</region></placeName> - - He knew that 
<lb/>then why throw the 
<lb/>six boys among 
<lb/><orgName>heathen</orgName> <term type="tribe">Ajawa</term> who 
<lb/>will sell them by the 
<lb/>first opportunity -
<lb/>I also request him 
<lb/>to hand over the 
<lb/>remainder of the boys 
<lb/>to me and I shall still 
<lb/>send them to the <placeName><region>Cape</region></placeName>
<lb/>the sentence about 
<lb/>you is as follows</p>

	<pb n="0007" facs="liv_001982_0007"><!--pb/@n='64r'--></pb>
<lb/><p>With respect to <persName>M<hi rend="sup underline">r</hi>
<lb/>Waller</persName> it would be 
<lb/>wrong in me to take 
<lb/>a side either for or  
<lb/>against him or any 
<lb/>member of the <orgName>mission</orgName> 
<lb/>and it would not be 
<lb/>advisable to relieve 
<lb/>the <orgName>society</orgName> <del type="cancelled">of</del>from its 
<lb/>obligations to its 
<lb/><term type="occupation">agents</term> "Till it pleads <w>ina-
<lb break="no"/>-bility</w>" I hope you have 
<lb/>not given up your 
<lb/>claims to a passage 
<lb/>home - for if you 
<lb/>have we shall be in 
<lb/>a fix - You are quite 
<lb/>welcome to a 
<lb/>passage in the 

     

	<pb n="0008" facs="liv_001982_0008"><!--pb/@n='64v'--></pb>
<lb/>Lady Nyassa but she 
<lb/>is not going to <placeName><country>England</country></placeName>
<lb/>and after <placeName><geogName type="island">Johanna</geogName></placeName> it 
<lb/>would be more &amp; more 
<lb/>expensive for you 
<lb/>in the matter of passage 
<lb/>every day - I <choice><sic>dont</sic><corr>don't</corr></choice>
<lb/>think the <term type="occupation">bishop</term> will 
<lb/>venture on refusing 
<lb/>a passage but his 
<lb/>letter to me seems to say 
<lb/>if we can we shall 
<lb/>hook the <term type="occupation">doctor</term> in 
<lb/>for paying his passage 
<lb/>If I am not mistaken 
<lb/>the letter is an effort 
<lb/>of a <choice><sic>narrow minded</sic><corr>narrow-minded</corr></choice> 
<lb/><term type="occupation">Sea Lawyer</term></p>

	<pb n="0009" facs="liv_001982_0009"><!--pb/@n='65r'--></pb>
<lb/><p>You may guess how 
<lb/>anxiously we long for 
<lb/>the rise of the waters 
<lb/>but this as well 
<lb/>as everything else is 
<lb/><space extent="1" unit="words"/>in the hands of the 
<lb/>supreme ruler of all 
<lb/>things</p>
<lb/><p rend="no-indent"><persName>Blair</persName> has talked a 
<lb/>great deal and much 
<lb/>that appears to me 
<lb/>impossible - one ship - 
<lb/>he told me that the 
<lb/>boys had <choice><sic>recieved</sic><corr>received</corr></choice> nothing 
<lb/>now you speak of his <add place="below">^</add> <add place="above">(<persName>Wekatani</persName>'s)</add>
<lb/>blue cloth! He says 
<lb/>that the <term type="occupation">bishop</term> justifies 
<lb/>his <unclear cert="medium">burning will</unclear> by


	<pb n="0010" facs="liv_001982_0010"><!--pb/@n='65v'--></pb>
<lb/>"The Lord made all things 
<lb/>for himself, even the 
<lb/>wicked for the day of 
<lb/>evil<supplied cert="high">"</supplied> - That the death of 
<lb/>the <term type="occupation">missionaries</term> proves 
<lb/>the people of this country 
<lb/>to be among the doomed 
<lb/>this I <choice><sic>cant</sic><corr>can't</corr></choice> believe - 
<lb/>If I mistake not we 
<lb/>hear of him sneaking 
<lb/>away to <placeName><country>Madagascar</country></placeName>
<lb/>where all the hard work 
<lb/>has been done by men 
<lb/>of other <orgName>societies</orgName> - In 
<lb/><placeName><settlement type="city"><choice><sic>Hunololu</sic><corr>Honolulu</corr></choice></settlement></placeName> the <term type="occupation">bishop</term> 
<lb/>parades pictures and 
<lb/>crucifixes - refuses 
<lb/>fellowship with the 
<lb/><orgName><term type="nationality">American</term> <term type="occupation">missionaries</term></orgName> 
<lb/>who have been there 35

     

	<pb n="0011" facs="liv_001982_0011"><!--pb/@n='66r'--></pb>
<lb/>years and sidling up to 
<lb/>the <orgName><term type="faith">Catholic</term> <term type="occupation">priests</term></orgName> is 
<lb/>himself snubbed in 
<lb/>turn -</p>
<lb/><p rend="no-indent"><space extent="2" unit="chars"/>I am not <w>murder<gap agent="damage" extent="2" unit="chars"/><supplied cert="high">ed</supplied></w>
<lb/>yet thanks to the <gap agent="damage" extent="6" unit="chars"/>
<lb/>a lot of <term type="tribe">Mazite</term> or 
<lb/><term type="tribe">Zulus</term> gave chase 
<lb/>to us &amp; on my asking 
<lb/>what they wanted 
<lb/>vanished - there was 
<lb/>no other warlike <w>demon<supplied>-</supplied><lb break="no"/>-stration</w> - but in hopes 
<lb/>of soon seeing you</p>
<lb/><p>I am Ever with 
<lb/>Affection</p>
<lb/><p rend="center">Yours <persName><choice><abbr>D.</abbr><expan>David</expan></choice> Livingstone</persName></p>

	<pb n="0012" facs="liv_001982_0012"><!--pb/@n='66v'--></pb>
<lb/><p>I am sorry that I 
<lb/>cannot send you any 
<lb/>cloth or any money 
<lb/>either -  We are quite 
<lb/>out of everything and 
<lb/>thankful for what 
<lb/>the <term type="occupation">bishop</term> sent -
<lb/>I have sent to <persName>M<hi rend="sup underline">r</hi>
<lb/>Ferraõ</persName> for 100 <unclear cert="low">panjas</unclear> 
<lb/>of <foreign xml:lang="und"><term type="plant">mapira</term></foreign> &amp; <foreign xml:lang="und"><term type="plant_foodstuff">mexoeira</term></foreign> 
<lb/>take 30 when it 
<lb/>comes your length 
<lb/>but I hope I shall 
<lb/>be with you soon</p>
<lb/><p>I have told the <term type="occupation">bishop</term> 
<lb/>plainly what I think of 
<lb/>the cowardly retreat</p>
<lb/><p rend="right"><persName><choice><abbr>DL.</abbr><expan>David Livingstone</expan></choice></persName></p>
			
</div>
		</body>
	</text></TEI>