<?xml version="1.0" encoding="UTF-8"?>
<?xml-model href="http://livingstoneonline.github.io/LEAP-ODD/leap.rng" type="application/xml" schematypens="http://relaxng.org/ns/structure/1.0"?>
<?xml-model href="http://livingstoneonline.github.io/LEAP-ODD/leap.rng" type="application/xml" schematypens="http://purl.oclc.org/dsdl/schematron"?>
 <?xml-stylesheet href="http://livingstoneonline.github.io/LEAP-XSLT/transcription.xsl" type="text/xsl"?>
 <!--Converted from a TEI P4 XML file to the LEAP TEI P5 Schema by James Cummings on 2015-03-02--><!--TEI encoding revised and standardized by Adrian S. Wisnicki, 2015-2016-->
         <TEI xmlns="http://www.tei-c.org/ns/1.0" xml:id="liv_002067">
	<teiHeader>
		<fileDesc>
			<titleStmt>
				<title>Letter to Horace Waller</title>
                <title type="alternative">Letter to Horace Waller, [19 September 1864]</title>
				<author xml:id="DL">Livingstone, David, 1813-1873</author>
			</titleStmt>
			<publicationStmt>
				<authority>Livingstone Online</authority>
				<pubPlace>College Park, MD, USA</pubPlace>
				<publisher>University of Maryland Libraries</publisher>
				<date>2017</date>
				<idno type="LEAP-ID">liv_002067</idno>
			</publicationStmt>
			<sourceDesc>
				<bibl xml:id="shelfmark">Bodleian Library. Weston Library; Waller MSS. Afr. s. 16.1, ff. 78--79</bibl>
				<bibl xml:id="ccnumber">Letters, 1488</bibl>
				<bibl xml:id="recipient"><persName>Waller, Horace, 1833-1896</persName></bibl>
				<bibl xml:id="date"><date when="1864-09-19">[19 September 1864]</date></bibl>
				<bibl xml:id="where">[Bath]</bibl>
			</sourceDesc>
		</fileDesc>
		<profileDesc>
			<langUsage>
				<language ident="en">English</language>
			</langUsage>
		</profileDesc>
		<revisionDesc>
			<change>
				<date>2011-12-13</date>
				<name xml:id="JM">Jared McDonald</name> initial transcription and XML encoding.
            
			</change>
			<change>
				<date>2010-12-13</date>
				<name xml:id="AW">Adrian S. Wisnicki</name> XML corrections.
            
			</change>
			<change>
				<date>2010-12-15</date>
				<name xml:id="AJS">A.J. Schmitz</name> proof reading.
           
			</change>
			<change>
				<date>2012-09-25</date>
				<name xml:id="HFB">Heather F. Ball</name> second XML editing.
            
			</change>
			<change>
				<date>2016-10-30</date>
				<name xml:id="AM">Anne Martin</name> final review.
            
			</change>
		</revisionDesc>
	</teiHeader>

	<text>
		<body>
			<div>

	<pb n="0001" facs="liv_002067_0001"><!--pb/@n='78r'--></pb>
<lb/><p rend="right">Monday morning</p>
<lb/><space dim="vertical" extent="2" unit="lines"/>
<lb/><p rend="no-indent">My dear<persName>Waller</persName></p>
<lb/><p>Could you draw
<lb/>a gigantic human
<lb/>head - not an
<lb/>ugly one - with
<lb/>a lip ring in it
<lb/>to <choice><orig>shew</orig><reg>show</reg></choice> at the
<lb/>theatre tonight.
<lb/>I shall see you 
<lb/>at the section of 

	<pb n="0002" facs="liv_002067_0002"><!--pb/@n='78v'--></pb>
<lb/>of geography today</p>
<lb/><p><persName><choice><abbr>D L</abbr><expan>David Livingstone</expan></choice></persName> is in <add place="below">^</add> <add place="above">the</add> terrific
<lb/>labour pains of
<lb/>his <term type="animal">mouse</term> - <choice><sic>wont</sic><corr>won't</corr></choice>
<lb/>mention <persName>Bishop <choice><abbr>T.</abbr><expan>Tozer</expan></choice></persName>
<lb/>at all</p><!-- Bleedthrough from recto side evident HB 9/25/12 -->

	<pb n="0003" facs="liv_002067_0003"><!--pb/@n='79r'--></pb><!-- No Livingstone text on this page -->

	<pb n="0004" facs="liv_002067_0004"><!--pb/@n='79v'--></pb><!-- This page contains no text --><!-- Bleedthrough from recto side evident HB 9/25/12 -->
			
</div>
		</body>
	</text></TEI>