<?xml version="1.0" encoding="UTF-8"?>
<?xml-model href="http://livingstoneonline.github.io/LEAP-ODD/leap.rng" type="application/xml" schematypens="http://relaxng.org/ns/structure/1.0"?>
<?xml-model href="http://livingstoneonline.github.io/LEAP-ODD/leap.rng" type="application/xml" schematypens="http://purl.oclc.org/dsdl/schematron"?>
 <?xml-stylesheet href="http://livingstoneonline.github.io/LEAP-XSLT/transcription.xsl" type="text/xsl"?>
 <!--Converted from a TEI P4 XML file to the LEAP TEI P5 Schema by James Cummings on 2015-03-02--><!--TEI encoding revised and standardized by Adrian S. Wisnicki, 2015-2016-->
         <TEI xmlns="http://www.tei-c.org/ns/1.0" xml:id="liv_002627">
	<teiHeader>
		<fileDesc>
			<titleStmt>
				<title>Letter to William Thompson</title>
                <title type="alternative">Letter to William Thompson, November 1872</title>
				<author xml:id="DL">Livingstone, David, 1813-1873</author>
			</titleStmt>
			<publicationStmt>
				<authority>Livingstone Online</authority>
				<pubPlace>College Park, MD, USA</pubPlace>
				<publisher>University of Maryland Libraries</publisher>
				<date>2017</date>
				<idno type="LEAP-ID">liv_002627</idno>
			</publicationStmt>
			<sourceDesc>
				<bibl xml:id="shelfmark">University of London. School of Oriental and African Studies; CWM/LMS/Livingstone Wooden Box, item 115</bibl>
				<bibl xml:id="ccnumber">Letters, 2021</bibl>
				<bibl xml:id="recipient"><persName>Thompson, William, 1811-1889</persName></bibl>
				<bibl xml:id="date"><date when="1872-11">November 1872</date></bibl>
				<bibl xml:id="where">South Central Africa</bibl>
			</sourceDesc>
		</fileDesc>
		<profileDesc>
			<langUsage>
				<language ident="en">English</language>
			</langUsage>
		</profileDesc>
		<revisionDesc>
			<change>
				<date>2013-12-20</date>
				<name xml:id="AM">Anne Martin</name>Initial transcription and XML encoding.
            
			</change>
			<change>
				<date>2013-12-23</date>
				<name xml:id="HFB">Heather F. Ball</name>Proofreading and additional XML encoding.
            
			</change>
			<change>
				<date>2016-11-06</date>
				<name>Anne Martin</name>Final review.
            
			</change>
		</revisionDesc>
	</teiHeader>

	<text>
		<body>
			<div>

	<pb n="0001" facs="liv_002627_0001"><!--pb/@n='1r'--></pb>
<lb/><!-- In the left margin in pencil appears the following - "No 115  LIVINGSTONE LETTERS  LMC ARCHIVES" - this is not in Livingstone's hand AM --><p rend="right"><placeName><region>South Central Africa</region></placeName> <date when="1872-11">Nov<hi rend="sup underline">r</hi> 1872</date></p>
<lb/><p rend="no-indent">My dear <persName>M<hi rend="sup underline">r</hi> Thompson</persName></p>
<lb/><p>Your note
<lb/>and pamphlets kindly sent in <date when="1866-07">July
<lb/>1866</date> came to hand in <placeName><settlement type="town">Unyanyembe</settlement></placeName>
<lb/>in <date when="1872-08">August 1872</date>. Postal arrangements
<lb/>are scarcely perfect all over the
<lb/>world yet - but I was thankful to
<lb/>get anything at all - I was plundered
<lb/>of large amounts of goods <unclear cert="high">I own</unclear>
<lb/>several times through my money
<lb/>being handed over without any
<lb/>precautions that I know of to an
<lb/><choice><sic>oily tongued</sic><corr>oily-tongued</corr></choice> <orgName>Banian</orgName>, and by the 
<lb/>connivance of the <persName><term type="occupation">governor</term>
<lb/>of <placeName><settlement type="town">Unyanyembe</settlement></placeName></persName> the stores were
<lb/>nearly all plundered by <orgName>members
<lb/>of a <term type="occupation"><orgName>slave</orgName> trading</term> <orgName>ring</orgName> or <orgName>coterie</orgName></orgName>
<lb/>and every effort made by the
<lb/>destruction of <bibl>my letters</bibl> to prevent
<lb/>information of the losses going to the

       

	<pb n="0002" facs="liv_002627_0002"><!--pb/@n='1v'--></pb>
<lb/>coast. They were pretty successful for
<lb/>the <orgName>Banian</orgName> <add place="below">^</add> <add place="above"><persName>Ludha Danji</persName></add> who really was at the 
<lb/>bottom of all the villainy alone had
<lb/>the <term type="bodypart">ear</term> of my friend, and on the
<lb/>strength of a note from his <term type="occupation">agent</term>
<lb/><persName>Shereef</persName> who sold off all my goods
<lb/>at <placeName><settlement type="town">Ujiji</settlement></placeName> for <orgName>slaves</orgName> and ivory
<lb/>which stated that he was about to
<lb/>send off <orgName>slaves</orgName> with all I needed,
<lb/>the half truth was uttered "that
<lb/>all <persName>D<hi rend="sup underline">r</hi> <choice><abbr>L</abbr><expan>Livingstone</expan></choice></persName>'s wants had been supplied"
<lb/>and it was repeated in the <orgName>house of
<lb/>Lords</orgName>. the little sent was so little and so
<lb/>inferior, it was intended to force
<lb/>me back - the <orgName>slaves</orgName> <w>solem<add place="below">^</add><add place="above">n</add>ly</w> swore
<lb/>that they were instructed by the highest
<lb/>authority to force me back, and they
<lb/>persisted in this all over the country.
<lb/>In fact quite overacted their part -
<lb/>All expected me to die &amp; deprived of
<lb/>nearly all <orgName>European</orgName> comforts
<lb/>for two years it is a wonder that
<lb/>their expectations did not come true                

       

	<pb n="0003" facs="liv_002627_0003"><!--pb/@n='2r'--></pb>
<lb/>The <orgName>Arabs</orgName> outside the <orgName>ring</orgName> were all extremely
<lb/>kind but <orgName>Banian</orgName> money carried on 
<lb/>all the <orgName>slaving</orgName> in <placeName><region>Manyuema</region></placeName>, and I gave
<lb/>great umbrage by going into their <unclear cert="high">midst</unclear>.
<lb/>they work it quietly &amp; well for the
<lb/><orgName><placeName><region>Manyuema</region></placeName> women</orgName> are very pretty &amp; are
<lb/>usually sold off for very large prices
<lb/>as soon as captured or at least long
<lb/>before they reach the coast - no gang
<lb/>in chains is ever sent down, but
<lb/>these wretched <orgName><term type="nationality">British</term> <term type="nationality">Indian</term> subjects</orgName>
<lb/>who would not hurt a <term type="insect">flea</term> are really
<lb/>by their money arms ammunition
<lb/>&amp; goods in the hands of their <orgName>Arab</orgName> <term type="occupation">agents</term>
<lb/>really the worst <orgName>cannibals</orgName> in all
<lb/><placeName><bloc>Africa</bloc></placeName>. If my disclosures lead to
<lb/>the suppression of the wickedness
<lb/>I shall not grudge the pain &amp; toil I have
<lb/>endured. <choice><sic><persName>Captain Holmes</persName></sic><corr><persName>Captain Holmes</persName>'</corr></choice> countrymen
<lb/><persName><choice><abbr>H.M.</abbr><expan>Henry Morton</expan></choice> Stanley</persName> &amp; <persName>James Gordon Bennett</persName>
<lb/>of the <bibl>New York Herald</bibl> acted nobly,
<lb/>and both deserve &amp; have my lasting
<lb/>gratitude for the relief sent to me -
<lb/>and for <persName>Stanley</persName>'s truly noble

       

	<pb n="0004" facs="liv_002627_0004"><!--pb/@n='4'--></pb>
<lb/>braving of death &amp; danger to serve me
<lb/>as a son might have done - thanks
<lb/>for the notices of your family - I can
<lb/>recollect them only as children &amp; would
<lb/>pass them on the street unwittingly - <persName>Ralph</persName>
<lb/>was a lithe blithe boy - <persName>Jessie</persName> had smiles
<lb/>and tears in perfect command. the
<lb/><term type="occupation">banker</term> I cannot <choice><sic>recal</sic><corr>recall</corr></choice>. My blessing on
<lb/>them - <persName>Ralph</persName>'s ordination was well
<lb/>calculated to elicit all the pith &amp; unction
<lb/>in you, and you were very happy in your
<lb/>charge - your friends paid a graceful
<lb/>tribute to you in <unclear cert="low">franking</unclear> you home
<lb/>and back again, and conferred honour
<lb/>on themselves. May they long flourish
<lb/>in doing similar deeds. Glad to hear
<lb/>that the <orgName>Africanders</orgName> have got diamonds
<lb/>they first set the example of plundering
<lb/>me at <placeName><settlement type="village">Kolobeng</settlement></placeName> - if they heard of the
<lb/><orgName>Arab</orgName> &amp; <orgName>Banian</orgName> deeds in the same line 
<lb/>they would make amends by sending me
<lb/>lots of diamonds <add place="below">^</add> <add place="above">in expiation</add> - half a mind will do
<lb/><add place="below">^</add> <add place="above">to <unclear cert="medium">ease</unclear> my ghost from haunting them</add> as I am not greedy. Remember me fondly
<lb/>to <persName>Saul</persName> <persName>Solomon</persName> &amp; <persName>Rutherford</persName></p>
<lb/><p rend="center">David Livingstone</p>
			
</div>
		</body>
	</text></TEI>