<?xml version="1.0" encoding="UTF-8"?>
<?xml-model href="http://livingstoneonline.github.io/LEAP-ODD/leap.rng" type="application/xml" schematypens="http://relaxng.org/ns/structure/1.0"?>
<?xml-model href="http://livingstoneonline.github.io/LEAP-ODD/leap.rng" type="application/xml" schematypens="http://purl.oclc.org/dsdl/schematron"?>
 <?xml-stylesheet href="http://livingstoneonline.github.io/LEAP-XSLT/transcription.xsl" type="text/xsl"?>
 <!--Converted from a TEI P4 XML file to the LEAP TEI P5 Schema by James Cummings on 2015-03-02--><!--TEI encoding revised and standardized by Adrian S. Wisnicki, 2015-2016-->
         <TEI xmlns="http://www.tei-c.org/ns/1.0" xml:id="liv_001903">
	<teiHeader>
		<fileDesc>
			<titleStmt>
				<title>Letter to Horace Waller</title>
                <title type="alternative">Letter to Horace Waller, 24 April 1863</title>
				<author xml:id="DL">Livingstone, David, 1813-1873</author>
			</titleStmt>
			<publicationStmt>
				<authority>Livingstone Online</authority>
				<pubPlace>College Park, MD, USA</pubPlace>
				<publisher>University of Maryland Libraries</publisher>
				<date>2017</date>
				<idno type="LEAP-ID">liv_001903</idno>
			</publicationStmt>
			<sourceDesc>
				<bibl xml:id="shelfmark">Bodleian Library. Weston Library; Waller MSS. Afr. s. 16.1, ff. 15-18</bibl>
				<bibl xml:id="ccnumber">Letters, 1336</bibl>
				<bibl xml:id="recipient"><persName>Waller, Horace, 1833-1896</persName></bibl>
				<bibl xml:id="date"><date when="1863-04-24">24 April 1863</date></bibl>
				<bibl xml:id="where">Cataracts</bibl>
			</sourceDesc>
		</fileDesc>
		<profileDesc>
			<langUsage>
				<language ident="en">English</language>
			</langUsage>
		</profileDesc>
		<revisionDesc>
			<change>
				<date>2011-11-30</date>
				<name xml:id="AJS">A.J. Schmitz</name> initial transcription and XML encoding.
            
			</change>
			<change>
				<date>2011-12-18</date>
				<name xml:id="JM">Jared McDonald</name> proofreading.
            
			</change>
			<change>
				<date>2011-12-18</date>
				<name xml:id="AW">Adrian S. Wisnicki</name> editing.
            
			</change>
			<change>
				<date>2011-09-19</date>
				<name xml:id="HFB">Heather F. Ball</name> Second XML editing.
            
			</change>
			<change>
				<date>2016-10-20</date>
				<name xml:id="AM">Anne Martin</name> Final Review.
            
			</change>
		</revisionDesc>
	</teiHeader>

	<text>
		<body>
			<div>

	<pb n="0001" facs="liv_001903_0001"><!--pb/@n='15r'--></pb>
<lb/><p rend="right"><placeName><geogName type="cataract">Cataracts</geogName></placeName> <date when="1863-04-24">24<hi rend="sup underline">th</hi> April 1863</date></p>
<lb/><p rend="no-indent">My dear <persName>Waller</persName></p>
<lb/><p><persName>D<hi rend="sup underline">r</hi> Kirk</persName> &amp; I <w>con-
<lb break="no"/>sider</w> the value of the boat will 
<lb/>fully be covered by £5. This 
<lb/>arrangement will prevent 
<lb/>any grumbling on the part 
<lb/>of the heir. It must be 
<lb/>used to carry <persName>Ali</persName> &amp; <persName>Mabruck</persName>
<lb/>with their luggage first.</p>
<lb/><p>Be so kind as look into 
<lb/>Poor <persName>Thornton</persName>'s boxes for 
<lb/>any <bibl>manuscripts</bibl> or 
<lb/>other things that his friends 
<lb/>are likely to value as 
<lb/>keepsakes, and have them 
<lb/>ready for me by, say 
<lb/>Tuesday next to clap 

       

	<pb n="0002" facs="liv_001903_0002"><!--pb/@n='15v'--></pb>
<lb/>into a box which I take from 
<lb/>thus with all similar things 
<lb/>I <choice><sic>dont</sic><corr>don't</corr></choice> wish to stay more 
<lb/>than necessary with <orgName>my 
<lb/>motley crew</orgName>.</p>
<lb/><p>We tried our <term type="animal">oxen</term> yesterday 
<lb/>&amp; found them difficult to 
<lb/>manage after such long 
<lb/>idleness. For a heavy 
<lb/>load double the number are 
<lb/>necessary so I mean to 
<lb/>send to <placeName><settlement type="town">Senna</settlement></placeName> for some 
<lb/>more. They know the 
<lb/><term type="insect">Tsetse</term> &amp; will avoid it. This 
<lb/>may be a route for <term type="animal">cattle</term> 
<lb/>for us all but in the 
<lb/><choice><sic>mean time</sic><corr>meantime</corr></choice> I <choice><sic>dont</sic><corr>don't</corr></choice> know 
<lb/>whether <persName>M<hi rend="sup underline">r</hi> Ferraõ</persName> will 
<lb/>sell any and I offer young 

       

	<pb n="0003" facs="liv_001903_0003"><!--pb/@n='16r'--></pb>
<lb/><term type="animal">cows</term> to each as wages - rather 
<lb/>too much for a constancy</p>
<lb/><p>These sad events - <persName>Scudamore</persName>
<lb/><persName>Dickinson</persName> - <persName>Thornton</persName> called 
<lb/>away in addition to the 
<lb/>losses of the <persName>bishop</persName> &amp; <!-- persName: Bishop MacKenzie -->
<lb/><persName>Burrup</persName> cast a deep 
<lb/>gloom over our future 
<lb/>I should <add place="below">˄</add> <add place="above">not</add> wonder in the 
<lb/>least to be recalled. For 
<lb/>should the <term type="people">Portuguese</term> 
<lb/>persist in keeping the 
<lb/>rivers shut there would 
<lb/>be no use in trying 
<lb/>to <choice><sic>develope</sic><corr>develop</corr></choice> trade - they 
<lb/>have cleared this valley of 
<lb/>people - I put it on 
<lb/>them because famine 

       

	<pb n="0004" facs="liv_001903_0004"><!--pb/@n='16v'--></pb>
<lb/>from drought never utterly 
<lb/>exterminates - The lower 
<lb/>parts below <placeName><geogName><term type="animal">Elephant</term> marsh</geogName></placeName>
<lb/>would all have been 
<lb/>cultivated &amp; have yielded <term type="plant_foodstuff">maize</term> 
<lb/>in abundance &amp; saved 
<lb/>multitudes. The people 
<lb/>lost all spirit in consequence 
<lb/>of hunger &amp; disturbance 
<lb/>This is the way the case 
<lb/>appears to me. The 
<lb/><orgName>slaving</orgName> was the root of 
<lb/>all the evil &amp; <orgName>slaving</orgName> 
<lb/>has depopulated the 
<lb/>valley - <space dim="horizontal" extent="1" unit="words"/>In my case 
<lb/>duty would not lead 
<lb/>me home &amp; home therefore 
<lb/>I would not go - The 

       

	<pb n="0005" facs="liv_001903_0005"><!--pb/@n='17r'--></pb>
<lb/>Lady Nyassa would not be <!-- Is Lady Nyassa actually a person, or a boat/vehicle/inanimate object's name? HB 9/18/12 --><!-- It's a boat AM -->
<lb/>paid for by <orgName>Government</orgName> 
<lb/>if the <orgName>Expedition</orgName> were given <!-- orgName: Zambezi Expedition -->
<lb/>up because I would 
<lb/>not apply for it though 
<lb/>it cost me double 
<lb/>what I intended - I meant 
<lb/>to ask for half only &amp; 
<lb/>that when successsfully 
<lb/>launched on the <placeName><geogName>Lake</geogName></placeName> - <!-- geog: Lake Nyasa -->  
<lb/>This however is between 
<lb/>ourselves - I wish to 
<lb/>devote everything I have 
<lb/>to the service of our Lord 
<lb/>and only wish that.
<lb/>he may lead my children 
<lb/>to do the same - Come what 

       

	<pb n="0006" facs="liv_001903_0006"><!--pb/@n='17v'--></pb>
<lb/>may I have found it to be 
<lb/>a capital good thing 
<lb/>to "Commit thy way unto 
<lb/>the Lord" &amp;c. - and to cast 
<lb/>all cares on Him who 
<lb/>really &amp; truly does care 
<lb/>for us -</p>
<lb/><p>Kind regards to <persName>Procter</persName>
<lb/><persName>Rowley</persName> is well but he 
<lb/>looks more haggard now 
<lb/>than he used to do - He 
<lb/>will write you about 
<lb/><persName>Clarke</persName> should you think 
<lb/>of sending him - Any 
<lb/>commission I can 

       

	<pb n="0007" facs="liv_001903_0007"><!--pb/@n='18r'--></pb>
<lb/>execute for you down bye 
<lb/>I am at your service
    <!-- Section of letter excised, and notation not in Livingstone's hand underneath it HB 9/18/12 -->


	<pb n="0008" facs="liv_001903_0008"><!--pb/@n='18v'--></pb>
<lb/><!-- the faint lines on this page appear to be ink imprints from <pb n="17v"/> JM 18/12/2011 --></p>
			
</div>
		</body>
	</text></TEI>