<?xml version="1.0" encoding="UTF-8"?>
<?xml-model href="http://livingstoneonline.github.io/LEAP-ODD/leap.rng" type="application/xml" schematypens="http://relaxng.org/ns/structure/1.0"?>
<?xml-model href="http://livingstoneonline.github.io/LEAP-ODD/leap.rng" type="application/xml" schematypens="http://purl.oclc.org/dsdl/schematron"?>
 <?xml-stylesheet href="http://livingstoneonline.github.io/LEAP-XSLT/transcription.xsl" type="text/xsl"?>
 <!--Converted from a TEI P4 XML file to the LEAP TEI P5 Schema by James Cummings on 2015-03-02--><!--TEI encoding revised and standardized by Adrian S. Wisnicki, 2015-2016-->
         <TEI xmlns="http://www.tei-c.org/ns/1.0" xml:id="liv_000645">
	<teiHeader>
		<fileDesc>
			<titleStmt>
				<title>Letter to Robert Moffat 1</title>
                <title type="alternative">Letter to Robert Moffat 1, [November 1847?]</title>
				<author xml:id="DL">Livingstone, David, 1813-1873</author>
			</titleStmt>
			<publicationStmt>
				<authority>Livingstone Online</authority>
				<pubPlace>College Park, MD, USA</pubPlace>
				<publisher>University of Maryland Libraries</publisher>
				<date>2017</date>
				<idno type="LEAP-ID">liv_000645</idno>
			</publicationStmt>
			<sourceDesc>
				<bibl xml:id="shelfmark">University of London. School of Oriental and African Studies; CWM/LMS/Africa/Odds - Livingstone, Box 4-17</bibl><!-- note that for the fol. number we are no longer using "r" and "v", just the page numbers as per this example. -->
				<bibl xml:id="ccnumber">Letters, 0179</bibl>
				<bibl xml:id="recipient"><persName>Moffat, Robert 1, 1795-1883</persName></bibl>
				<bibl xml:id="date"><date when="1847-11">[November 1847?]</date></bibl>
				<bibl xml:id="where">[Kolobeng]</bibl>
			</sourceDesc>
		</fileDesc>
		<profileDesc>
			<langUsage>
				<language ident="en">English</language>
			</langUsage>
			<langUsage>
				<language ident="und">Undetermined</language>
			</langUsage>
            <handNotes>
                <handNote xml:id="U">Scribe: Unknown</handNote>
            </handNotes>
		</profileDesc>
		<revisionDesc>
			<change>
				<date>2012-10-02</date>
				<name xml:id="KS">AJ Schmitz</name>Initial transcription and XML encoding.
            
			</change>
			<change>
				<date>2013-03-01</date>
				<name xml:id="JM">Jared McDonald</name>Proofreading
            
			</change>
			<change>
				<date>2013-06-16</date>
				<name xml:id="HFB">Heather F. Ball</name>Additional encoding.
            
			</change>
			<change>
				<date>2016-06-23</date>
				<name xml:id="AM">Anne Martin</name>Final Review.
            
			</change>
		</revisionDesc>
	</teiHeader>

	<text>
		<body>
			<div>

	<pb n="0001" facs="liv_000645_0001"><!--pb/@n='1'--></pb>
<lb/><p rend="no-indent">I enclose a <bibl>letter to <persName>Robert</persName></bibl> with a few remarks in the way of <unclear cert="medium">attempts</unclear> at analyzing the language 
<lb/>after it is written I feel disinclined to send it but it is <foreign xml:lang="und">tuntunyeritse</foreign> filled to the brim and I <choice><sic>dont</sic><corr>don't</corr></choice> like 
<lb/>to throw it away. Will you read it at a <choice><orig>leizure</orig><reg>leisure</reg></choice> hour &amp; give me your remarks. I shall feel obliged               
<lb/>if you point out on what I am in error. We shall not hear from you for a
<lb/>long time. But must be content. We imagine <persName>Mameri</persName> is at the <placeName><region>Cape</region></placeName> now. <!-- geog: Cape Colony -->
<lb/>Remember us to <persName>M<hi rend="sup">r</hi> Hamilton</persName> &amp; <persName>Ann</persName>. <persName>Mary</persName> will write her tomorrow morning</p>
<lb/>
<lb/><milestone unit="section" rend="line"/>
<lb/><p rend="no-indent">I shall put down the contents so far as I remember</p>

<lb/><cb n="1"/>
<lb/><p rend="no-indent"><foreign xml:lang="und">Kaukashi</foreign> an oar
<lb/><foreign xml:lang="und">Lekase</foreign> a <term type="plant">reed</term> skiff 
<lb/><foreign xml:lang="und">Lecobobo</foreign> a thicket 
<lb/><foreign xml:lang="und">Lituguana</foreign> <choice><abbr>D<hi rend="sup">o</hi></abbr><expan>Ditto</expan></choice>
<lb/><foreign xml:lang="und">Mapakoana</foreign> a curtain 
<lb/><foreign xml:lang="und">Leposa to iketta</foreign> - drawl in 
<lb/>singing. <foreign xml:lang="und">Metse hula</foreign> seems 
<lb/>well known as the Sea 
<lb/><foreign xml:lang="und">Lotoe</foreign> too is known                
<lb/>but they say <foreign xml:lang="und">Metse hula</foreign> is on 
<lb/>both sides of the country 
<lb/><foreign xml:lang="und">Mathurra</foreign> rough 
<lb/><foreign xml:lang="und">Florohinpe</foreign> a dreamer 
<lb/><foreign xml:lang="und">hurua</foreign> to row </p>
<lb/><cb n="2"/>
<lb/><p rend="no-indent"><foreign xml:lang="und">Khoroana ea khute</foreign> is the nearest to ensign. It is the
<lb/><foreign xml:lang="und">Thobane ea beguera</foreign> I mentioned 
<lb/><foreign xml:lang="und">Sekiri</foreign> an island 
<lb/><foreign xml:lang="und">Bara</foreign> to swim (<foreign xml:lang="und">Meb</foreign> to create) 
<lb/>Some selections - first opportunity 
<lb/><foreign xml:lang="und">Lobila</foreign> - I was mistaken as to its use <gap extent="2" unit="chars" agent="hole"/> is a very 
<lb/>small path - one trodden only once or one which has 
<lb/>been abandoned &amp; so now nearly obliterated.</p>
<lb/><p>My time is up so I must conclude</p>
<lb/><p rend="right">ever affectionately yours</p>
<lb/><p rend="right"><space extent="4" unit="words"/><persName><choice><abbr>D</abbr><expan>David</expan></choice> <choice><orig>Livingston</orig><reg>Livingstone</reg></choice></persName></p>

	<pb n="0002" facs="liv_000645_0002"><!--pb/@n='2'--></pb>
<lb/><p rend="right"><space extent="3" unit="words"/><add place="inline" hand="#U"><persName><choice><orig>Livingston</orig><reg>Livingstone</reg></choice></persName></add></p>
<lb/><p rend="right"><space extent="3" unit="words"/><add place="inline" hand="#U"><date when="1847-09">September 1847</date></add></p>
<lb/><p rend="right"><space extent="3" unit="words"/><add place="inline" hand="#U"><placeName><settlement type="village"><unclear cert="high">Koloben</unclear></settlement></placeName></add></p>
<lb/><p rend="right"><space extent="3" unit="words"/><add place="inline" hand="#U"><choice><abbr>Rec<hi rend="sup">d</hi></abbr><expan>Received</expan></choice> by <persName><unclear cert="medium">Kaules</unclear></persName></add></p>
<lb/><p rend="right"><space extent="3" unit="words"/><add place="inline" hand="#U"><date when="1847-10-24"><choice><abbr>Oct<hi rend="sup underline">r</hi></abbr><expan>October</expan></choice> 24<hi rend="sup">th</hi></date></add></p>
	<ab/>
<lb/><p rend="no-indent"><persName>Rev<hi rend="sup">d</hi>. Robert Moffat</persName></p>
<lb/><p rend="no-indent"><space extent="1" unit="words"/><hi rend="underline"><placeName><settlement type="town">Kuruman</settlement></placeName></hi></p>
			
</div>
		</body>
	</text></TEI>