<?xml version="1.0" encoding="UTF-8"?>
<?xml-model href="http://livingstoneonline.github.io/LEAP-ODD/leap.rng" type="application/xml" schematypens="http://relaxng.org/ns/structure/1.0"?>
<?xml-model href="http://livingstoneonline.github.io/LEAP-ODD/leap.rng" type="application/xml" schematypens="http://purl.oclc.org/dsdl/schematron"?>
 <?xml-stylesheet href="http://livingstoneonline.github.io/LEAP-XSLT/transcription.xsl" type="text/xsl"?>
 <!--Converted from a TEI P4 XML file to the LEAP TEI P5 Schema by James Cummings on 2015-03-02--><!--TEI encoding revised and standardized by Adrian S. Wisnicki, 2015-2016-->
         <TEI xmlns="http://www.tei-c.org/ns/1.0" xml:id="liv_000618">
	<teiHeader>
		<fileDesc>
			<titleStmt>
				<title>Letter to Robert Moffat 1</title>
                <title type="alternative">Letter to Robert Moffat 1, 8 September 1846</title>
				<author xml:id="DL">Livingstone, David, 1813-1873</author>
			</titleStmt>
			<publicationStmt>
				<authority>Livingstone Online</authority>
				<pubPlace>College Park, MD, USA</pubPlace>
				<publisher>University of Maryland Libraries</publisher>
				<date>2017</date>
				<idno type="LEAP-ID">liv_000618</idno>
			</publicationStmt>
			<sourceDesc>
				<bibl xml:id="shelfmark">University of London. School of Oriental and African Studies; CWM/LMS/Africa/Odds - Livingstone, Box 4-12</bibl>
				<bibl xml:id="ccnumber">Letters, 0153</bibl>
				<bibl xml:id="recipient"><persName>Moffat, Robert 1, 1795-1883</persName></bibl>
				<bibl xml:id="date"><date when="1846-09-08">8 September 1846</date></bibl>
				<bibl xml:id="where">Chonuane</bibl>
			</sourceDesc>
		</fileDesc>
		<profileDesc>
			<langUsage>
				<language ident="en">English</language>
			</langUsage>
		</profileDesc>
		<revisionDesc>
			<change>
				<date>2012-04-20</date>
				<name xml:id="AJS">AJ Schmitz</name>Initial transcription and XML encoding.
            
			</change>
			<change>
				<date>2012-25-08</date>
				<name xml:id="KS">Kathryn Simpson</name>Proofreading.
            
			</change>
			<change>
				<date>2012-10-09</date>
				<name xml:id="HFB">Heather F. Ball</name> XML editing.
            
			</change>
			<change>
				<date>2016-06-18</date>
				<name xml:id="AM">Anne Martin</name>Final Review
            
			</change>
		</revisionDesc>
	</teiHeader>

	<text>
		<body>
			<div>

	<pb n="0001" facs="liv_000618_0001"><!--pb/@n='1r'--></pb>
<lb/><p rend="no-indent"><note place="marginleft" rend="gray vertical">of no importance</note></p>
<lb/>
<lb/><p rend="right"><space extent="2" unit="words"/><placeName><settlement type="village">Chonuane</settlement></placeName> <date when="1846-09-08">8 Sep<hi rend="sup">r</hi> 1846</date></p>
<lb/><p>My Dear Father</p>
<lb/><p><space extent="3" unit="words"/>As we are in daily expectation of the 
<lb/>arrival of your better half we feel as if the worse 
<lb/>did not deserve a letter ᅳ This is plain enough is it 
<lb/>not? It is perhaps rather a sort of nervousness 
<lb/>produced by stretching our necks frequently to 
<lb/>see if the <choice><orig>waggon</orig><reg>wagon</reg></choice> is in sight that quite indisposes 
<lb/>us to write. We wish heartily she would come 
<lb/>&amp; relieve our suspense May be after all she 
<lb/>is snugly at supper giving the <term type="foodstuff">meat</term> two 
<lb/>taps with her knife before she cuts it by way 
<lb/>of <unclear cert="medium">alagaing</unclear> it to make it more digestible</p>
<lb/><p>A <bibl>report</bibl> furnished by <persName>M<hi rend="sup">r</hi> Lauga</persName> respecting 
<lb/>the <orgName>party of <persName>M<hi rend="sup">r</hi> Arkwright</persName> &amp; <persName>Christie</persName></orgName> made us 
<lb/>think a little. We saw nothing improper in 
<lb/>their conduct while proceeding Northward and 
<lb/>now that <persName>M<hi rend="sup">r</hi> <choice><abbr>A.</abbr><expan>Arkwright</expan></choice></persName> returns We have neither seen 
<lb/>nor heard anything which induces us to believe 
<lb/><persName>M<hi rend="sup">r</hi> <choice><abbr>L.</abbr><expan>Lauga</expan></choice></persName>'s <bibl>report</bibl> as having originated in him 
<lb/><persName>M<hi rend="sup">r</hi> <choice><abbr>A.</abbr><expan>Arkwright</expan></choice></persName> has been here three days &amp; neither he nor 
<lb/><orgName>his people</orgName> have <choice><orig>shewn</orig><reg>shown</reg></choice> any disposition towards 
<lb/>illicit intercourse. He is the son of a <term type="occupation">clergyman</term></p>

	<pb n="0002" facs="liv_000618_0002"><!--pb/@n='1v'--></pb>
<lb/><p rend="no-indent">&amp; if there is truth in what <persName>M<hi rend="sup">r</hi> <choice><abbr>L.</abbr><expan>Lauga</expan></choice></persName> mentioned it must 
<lb/>have been perpetrated by <persName>Christie</persName> &amp; not by <persName>Arkwright</persName>
<lb/>the latter I believe abstains from traveling on 
<lb/>Sunday in accordance with a request of <persName>M<hi rend="sup">r</hi>
<lb/>Ashton</persName> and if he has so much respect for 
<lb/>a <term type="occupation">missionary</term> as to accede in one particular 
<lb/>he surely would not be guilty attempting to take 
<lb/>a <term type="occupation">prostitute</term> into <orgName>his company</orgName> a deed he knows 
<lb/>would soon be published over the whole 
<lb/>country. We have found him <choice><sic>agreable</sic><corr>agreeable</corr></choice> &amp; kind 
<lb/>&amp; he has during his whole sojourn here behaved 
<lb/>like a gentleman I say this much because 
<lb/>I feel it would be unfair to condemn any one 
<lb/>unless the evidence is pretty strong &amp; decided. Both 
<lb/><persName>M<hi rend="sup">r</hi> <choice><abbr>A.</abbr><expan>Arkwright</expan></choice></persName> &amp; <persName>M<hi rend="sup">r</hi> <choice><abbr>Ch.</abbr><expan>Christie</expan></choice></persName> have <term type="nationality">English</term> <term type="occupation">servants</term> who have 
<lb/>been <term type="occupation">soldiers</term>. They may have given <choice><sic>occassion</sic><corr>occasion</corr></choice>
<lb/>to the <bibl>report</bibl> above referred to</p>
<lb/><p>We go on much as usual. Walls of school 
<lb/>six feet high ᅳ  Measurement 48 by 20 ᅳ this morning
<lb/>Hope to finish it this month ᅳ We have much better 
<lb/>soil for building where the school is than we had 
<lb/>in this house - <persName>Apie</persName> came last week &amp; passed 
<lb/>on to the <term type="tribe">Bamangwato</term> ᅳ All is peace But we are 
<lb/>sorry to hear a report of <persName>Cumming</persName> lying ill at the 
<lb/><term type="tribe">Bakaas</term> ᅳ Hope it is not true ᅳ <persName>Paul</persName> was in

	<pb n="0003" facs="liv_000618_0003"><!--pb/@n='2r'--></pb>
<lb/>jeopardy last week: two <term type="animal">Buffaloes</term> attacked a <orgName>party</orgName> cutting 
<lb/><term type="plant">reeds</term> &amp; after trying in vain to lift two <term type="tribe">Bakwenas</term> from 
<lb/>the ground ran off ᅳ the men were hurt but will 
<lb/>recover the guns were at a distance &amp; they had no trees 
<lb/>A <orgName>Hottentot</orgName> is left here with a broken <term type="bodypart">thigh</term> bone 
<lb/>For two things I can feel <term type="ailment">toothache</term> &amp; <term type="ailment">broken bones</term>
<lb/><persName>M<hi rend="sup">r</hi> <choice><abbr>A.</abbr><expan>Arkwright</expan></choice></persName> presented me with an excellent gun in its case &amp;c. 
<lb/>He has <choice><orig>shewn</orig><reg>shown</reg></choice> great likeability &amp; is very thankful for 
<lb/>very small favours ᅳ <choice><sic>Beinghere</sic><corr>Being here</corr></choice> to do all the good we 
<lb/>can it is pleasant to meet here &amp; there with those 
<lb/>who feel that we are of some use ᅳ The Land is 
<lb/>full of <orgName>Griquas</orgName> seeking their new location 
<lb/>alias filling their bellies with <term type="animal">Eland</term> fat  No new <!-- Not sure if "alias" is correct word in sequence...possibly "alas/also"? HB 10/9/12 -->
<lb/>information respecting the <orgName><choice><sic>boers</sic><corr>Boers</corr></choice></orgName> ᅳ except that they 
<lb/>are anxious to know where <persName>Mosilikatse</persName> is in order 
<lb/>to attack him ordered <persName>Sechele</persName> to send men to advise 
<lb/><persName>Sekhonia</persName> to find it out for them ᅳ This <persName>S<add place="above">echele</add></persName> does not 
<lb/>feel disposed to do</p>
<lb/><p>I send to you three full grown <term type="plant_foodstuff">fruits of the 
<lb/>Mōana</term> kindly brought by <persName>M<hi rend="sup">r</hi> Arkwright</persName>. Will 
<lb/>you when convenient send them &amp; the <term type="plant_foodstuff">Thama</term> 
<lb/>to <placeName><country>India</country></placeName>?  The Roots of the <term type="plant_foodstuff">Thama</term> dry up &amp; 
<lb/>will not keep</p>
<lb/><p>Am happy to hear you proceed with the translation 
<lb/>Will you put P. I. above Isaiah as I. H. 
<lb/>above Sehela 49 I always laugh when I think 
<lb/>of my hymns. Spelled the new way too sharing the

	<pb n="0004" facs="liv_000618_0004"><!--pb/@n='2v'--></pb>
<lb/>fate of Pharaoh's fat <term type="animal">kine</term> ᅳ they were devoured by 
<lb/>the lean ones &amp; yet the ill<supplied>-</supplied>favoured are the worst in all 
<lb/>the land of <placeName><country>Egypt</country></placeName> still.  Something of the sort will 
<lb/>happen if yours &amp; his are brought with coaptation <!-- Not sure what this last word is? HB 10/9/12 -->
<lb/>How will the following motion in next <orgName><choice><abbr>Com.</abbr><expan>Committee</expan></choice></orgName> do 
<lb/>"that as certain friends of <persName>M<hi rend="sup">r</hi> <choice><abbr>L.</abbr><expan>Lauga</expan></choice></persName> ignorant of the 
<lb/>fact that he took no part in the translation of the 
<lb/><bibl>new testament</bibl> have produced the impression in 
<lb/>the country that he has not <choice><sic>recieved</sic><corr>received</corr></choice> his full share 
<lb/>of the honours belonging thereto, We now avoid 
<lb/>the production of a similar impression by 
<lb/>referring his translation of <bibl>Isaiah</bibl> to the Judgements 
<lb/>of our esteemed <choice><orig>bretheren</orig><reg>brethren</reg></choice> of the <orgName>French Society</orgName>"
<lb/>Translate <bibl>Isaiah</bibl> by all means &amp; if we have 
<lb/>nothing else we can at least compare ᅳ I cannot 
<lb/>see that you should take any notice of his 
<lb/>doings ᅳ  If his own <choice><orig>bretheren</orig><reg>brethren</reg></choice> <choice><sic>wont</sic><corr>won't</corr></choice> print it for 
<lb/>him why should we?  Will bad translations please 
<lb/>us more easily than them?</p>
<lb/><p>Is no protest to be entered against the keeping 
<lb/>back of the <bibl><orgName>Directors</orgName> letter</bibl>. Was it not <w>con- 
<lb break="no"/>-cocted</w> thus by E. R. &amp; I.  The third triumvirate <!-- Should these three letter abbrevs. be labeled as personal names? HB 10/9/12 -->
<lb/>I feel inclined to abandon the <orgName><choice><abbr>Com</abbr><expan>Committee</expan></choice></orgName> as a 
<lb/>root of Rotteness - We shall write by 
<lb/><persName>Vardon</persName> &amp; <persName>Oswell</persName> - They will soon be here 
<lb/>One <term type="plant_foodstuff">date</term> tree has come up &amp; we expect more</p>
			
</div>
		</body>
	</text></TEI>