<?xml version="1.0" encoding="UTF-8"?>
<?xml-model href="http://livingstoneonline.github.io/LEAP-ODD/leap.rng" type="application/xml" schematypens="http://relaxng.org/ns/structure/1.0"?>
<?xml-model href="http://livingstoneonline.github.io/LEAP-ODD/leap.rng" type="application/xml" schematypens="http://purl.oclc.org/dsdl/schematron"?>
 <?xml-stylesheet href="http://livingstoneonline.github.io/LEAP-XSLT/transcription.xsl" type="text/xsl"?>
 <!--Converted from a TEI P4 XML file to the LEAP TEI P5 Schema by James Cummings on 2015-03-02--><!--TEI encoding revised and standardized by Adrian S. Wisnicki, 2015-2016-->
         <TEI xmlns="http://www.tei-c.org/ns/1.0" xml:id="liv_001922">
	<teiHeader>
		<fileDesc>
			<titleStmt>
				<title>Letter to Horace Waller</title>
                <title type="alternative">Letter to Horace Waller, 30 May 1863</title>
				<author xml:id="DL">Livingstone, David, 1813-1873</author>
			</titleStmt>
			<publicationStmt>
				<authority>Livingstone Online</authority>
				<pubPlace>College Park, MD, USA</pubPlace>
				<publisher>University of Maryland Libraries</publisher>
				<date>2017</date>
				<idno type="LEAP-ID">liv_001922</idno>
			</publicationStmt>
			<sourceDesc>
				<bibl xml:id="shelfmark">Bodleian Library. Weston Library; Waller MSS. Afr. s. 16.1, ff. 30-31</bibl>
				<bibl xml:id="ccnumber">Letters, 1353</bibl>
				<bibl xml:id="recipient"><persName>Waller, Horace, 1833-1896</persName></bibl>
				<bibl xml:id="date"><date when="1863-05-30">30 May 1863</date></bibl>
				<bibl xml:id="where">[Cataracts]</bibl>
			</sourceDesc>
		</fileDesc>
		<profileDesc>
			<langUsage>
				<language ident="en">English</language>
			</langUsage>
		</profileDesc>
		<revisionDesc>
			<change>
				<date>2011-12-01</date>
				<name xml:id="AJS">A.J. Schmitz</name> initial transcription and XML encoding.
            
			</change>
			<change>
				<date>2012-02-04</date>
				<name xml:id="JM">Jared McDonald</name> proofreading.
            
			</change>
			<change>
				<date>2012-02-04</date>
				<name xml:id="AW">Adrian S. Wisnicki</name> editing.
            
			</change>
			<change>
				<date>2016-10-23</date>
				<name xml:id="AM">Anne Martin</name> final review.
            
			</change>

		</revisionDesc>
	</teiHeader>

	<text>
		<body>
			<div>

	<pb n="0001" facs="liv_001922_0001"><!--pb/@n='30r'--></pb>
<lb/><p rend="right"><date when="1863-05-30">Saturday 30 May 
<lb/>1863</date></p>
<lb/><p rend="no-indent">My dear <persName><choice><abbr>HW</abbr><expan>Horace Waller</expan></choice></persName></p>
<lb/><p>We send 
<lb/>back the books with  
<lb/>many thanks for 
<lb/>the use of them. 
<lb/>they are somewhat 
<lb/>damaged by <term type="insect">cockroaches</term> 
<lb/>and one is not 
<lb/>at hand, possibly 
<lb/>it may have gone 
<lb/>down - I mean 
<lb/><bibl>the volume of "All 
<lb/>the year round</bibl><supplied>"</supplied>

	<pb n="0002" facs="liv_001922_0002"><!--pb/@n='30v'--></pb>
<lb/>I retain <bibl>Keble</bibl> for 
<lb/>a little longer.</p>
<lb/><p>I am sorry that 
<lb/>you did not 
<lb/>succeed according 
<lb/>to all our wishes 
<lb/>and your own 
<lb/>I guess you uttered 
<lb/>some of your 
<lb/>terrific puns on 
<lb/>the way &amp; made 
<lb/><persName>Procter</persName> ill - I 
<lb/>escaped relapse 
<lb/>myself by holding 

    

	<pb n="0003" facs="liv_001922_0003"><!--pb/@n='31r'--></pb>
<lb/>in my breath as 
<lb/>I read them - send 
<lb/>a few more I wish 
<lb/>to try if they will 
<lb/>exorcise the <term type="insect">cockroaches</term> 
<lb/>Better luck next 
<lb/>time for you all 
<lb/>I hope <persName>Meller</persName> will 
<lb/>cure <persName>Procter</persName> as 
<lb/>quickly as he did 
<lb/>his own case. 
<lb/>Yesterday for 
<lb/>the first time 
<lb/>I walked a little 

    

	<pb n="0004" facs="liv_001922_0004"><!--pb/@n='31v'--></pb>
<lb/>without feeling as 
<lb/>if I should faint 
<lb/>this may be the 
<lb/>effects of the iron 
<lb/>which I have taken 
<lb/>three times -</p>
<lb/><p>With good wishes 
<lb/>for you all I am &amp;c</p>
<lb/><p rend="center"><persName><choice><abbr>DL</abbr><expan>David Livingstone</expan></choice></persName> His Mark <!-- here DL draws a little Cross AJS 12/1 --></p>
			
</div>
		</body>
	</text></TEI>