<?xml version="1.0" encoding="UTF-8"?>
<?xml-model href="http://livingstoneonline.github.io/LEAP-ODD/leap.rng" type="application/xml" schematypens="http://relaxng.org/ns/structure/1.0"?>
<?xml-model href="http://livingstoneonline.github.io/LEAP-ODD/leap.rng" type="application/xml" schematypens="http://purl.oclc.org/dsdl/schematron"?>
 <?xml-stylesheet href="http://livingstoneonline.github.io/LEAP-XSLT/transcription.xsl" type="text/xsl"?>
<TEI xmlns="http://www.tei-c.org/ns/1.0" xml:id="liv_000877"><!-- Change @xml:id -->
    <teiHeader>
        <fileDesc>
            <titleStmt>
                <title>Letter to Robert Moffat 1</title><!-- Change -->
                <title type="alternative">Letter to Robert Moffat 1, 6 January 1863</title><!-- Change -->
                <author>David Livingstone</author>
                <principal>Adrian S. Wisnicki</principal>
                <principal>Christopher Lawrence</principal>
                <respStmt xml:id="AW">
                    <name>Adrian S. Wisnicki</name>
					<resp>Proofing</resp>
                    <resp>Coding review</resp>
                </respStmt>
                <respStmt xml:id="JM"><!-- Add or remove individuals from the list as appropriate -->
                    <name>Jade Zuehlke</name><!-- Change -->
                    <resp>Transcription</resp><!-- Change, remove, or add more <resp> as appropriate -->
                    <resp>Encoding</resp>
                </respStmt>
                <respStmt xml:id="LG">
                    <name>Lauren Geiger</name>
                    <resp>Proofing</resp>
                </respStmt>
            </titleStmt>	
            <publicationStmt>
                <authority>Livingstone Online</authority>
                <publisher>University of Maryland Libraries</publisher>
                <pubPlace>College Park, MD, USA</pubPlace>
                <date>2016</date><!-- Change if necessary -->
                <idno type="LEAP-ID">liv_001867</idno><!-- Change -->
            </publicationStmt>
            <sourceDesc>
                <msDesc>
                    <msIdentifier>
                        <country>Scotland</country><!-- Change as needed -->
						<settlement>Edinburgh</settlement>
                        <repository>National Library of Scotland</repository><!-- Change as needed -->
                        <idno type="shelfmark">MS. 20312, ff. 113-114</idno><!-- Change as needed -->
                        <altIdentifier>
                            <idno type="ccnumber">Letters, 1308.5</idno><!-- This the CC number; change, as appropriate -->
                        </altIdentifier>
                    </msIdentifier>
                    <physDesc>
                        <handDesc>
                            <handNote xml:id="U"><label>Unknown Hand</label> This hand is unknown
                                but thought not David Livingstone's.</handNote>
                        </handDesc>
                    </physDesc>
                </msDesc>
                <bibl type="sourceMetadata">
                    <title>Letter to Robert Moffat 1, 6 January 1863</title><!-- Change -->
                    <author xml:id="DL">David Livingstone</author>
                    <date type="composition" when="1863-01-06">06 January 1863</date><!-- Change -->
                    <placeName type="compositionPlace">Shupanga</placeName><!-- Change -->
                    <persName type="addressee">Moffat, Robert 1, 1795-1883</persName><!-- Change -->
                </bibl>
            </sourceDesc>
        </fileDesc>
        <profileDesc>
            <langUsage>
                <language ident="en">English</language>
            </langUsage>
        </profileDesc>
        <revisionDesc>
            <change when="2016-10-29" who="#LG">Proofing</change>
            <change when="2016-09-23" who="#AW">Proofing and coding review</change>
			<change when="2016-09-21" who="#AW">Proofing and coding review</change>
            <change when="2016-07-26" who="#JZ">Initial transcription and XML encoding</change>
        </revisionDesc>
    </teiHeader>

    <text>
        <body>
            <div>
               
	<pb facs="liv_001867_0001" n="0001"/>
<lb/><opener><add place="above" rend="left gray" hand="#U">Acc. 6902</add> <dateline rend="right"><placeName>Shupanga</placeName> <date when="1863-01-06">6<hi rend="sup underline">th</hi> January <add place="above" rend="gray" hand="#U">113</add>
<lb/><space extent="4" unit="words"/>1863</date></dateline>
<lb/><salute>My Dear <persName>M<hi rend="sup underline">r</hi> Moffat</persName></salute></opener>

<lb/><p><space extent="3" unit="words"/>The enclosed letter
<lb/>for <persName>Ms Mackenzie</persName> I should like you
<lb/>to read it as it will give you my views
<lb/>and mind about renewing the mission
<lb/>to the <term type="tribe">Makololo</term> - I mention that I have
<lb/>requested you to do so to save writing
<lb/>the same thing over again - We are 
<lb/>ready to go up <placeName><geogName type="river">Shire</geogName></placeName> and the mail is
<lb/>to start for <placeName><settlement type="town">Quillimane</settlement></placeName> directly -</p>
<lb/><p>I enclose a photograph by <persName>D<hi rend="sup underline">r</hi>
<lb/>Kirk</persName> of the resting place of my dear
<lb/><persName>Mary</persName> - We have not the proper
<lb/>chemicals to make it back - I placed
<lb/>a cross over her tomb a sacred
<lb/>symbol in these regions and
<lb/>have sent for a grave stone with
<lb/>The inscription on<del>e</del> one side <term type="nationality">English</term>
<lb/>and on the other <term type="nationality">Portuguese</term> "Here
<lb/>repose the mortal remains of
<lb/><persName>Mary Moffat Livingstone</persName> in hope
<lb/>of a joyful resurrection by our
<lb/><persName>Saviour Jesus Christ</persName> - died
<lb/><date when="1862-04-27">27<hi rend="sup underline">th</hi> April 1862</date> aged 41 years" - 
<lb/>This has been a spot of much
<lb/>sorrow to me Well do I remember
<lb/>the feelings with which I looked at

	<pb facs="liv_001867_0002" n="0002"/>
<lb/>the red <unclear cert="medium">tiled building</unclear> in which she died when
<lb/>I sailed down the <unclear cert="medium">broad</unclear> river in 1856
<lb/>Possibly at some other spot which I have
<lb/>already passed I must lie down &amp; die -
<lb/>she would welcome <persName>Robert</persName> and I hope
<lb/>will come forward &amp; greet more of us 
<lb/>into the house of many mansions
<lb/>However now we must be up and
<lb/>doing our duty - We have been detained 
<lb/>here a full fortnight shifting the top
<lb/>to the bottom <unclear cert="low">brasses</unclear> of the paddle shafts
<lb/>We met <persName>M<hi rend="sup underline">s</hi> Procter</persName> the head of
<lb/>the <orgName>church mission</orgName> - He has improved
<lb/>wonderfully - was thankful for the
<lb/>Alphabet you sent - He means to 
<lb/>cut out x and put in z which they
<lb/>have in their tongue - they teach it
<lb/>Fee gee Hee ee jee Lee - mee &amp;c. and
<lb/>think it easier - They are working
<lb/>at a primer and will send it to the
<lb/><placeName><region>Cape</region></placeName> I suppose - the black men
<lb/>brought from the <placeName><region>Cape</region></placeName> have turned
<lb/>out badly - Great <term type="occupation">professors</term> there
<lb/>worthless blackguards - A white
<lb/>man imposed on them as an engineer
<lb/>guilty of stealing ststematically wished
<lb/>me to take him - or give him my
<lb/>protection in the country as he repented
<lb/>of his sin - I advised him to take himself
<lb/>away where his crime was unknown 
<lb/>and there begin by turning over an

	<pb facs="liv_001867_0003" n="0003"/>
<lb/>an entirely new leaf - the <term type="tribe">Makololo</term> have <add place="above" hand="#U" rend="gray">114</add>
<lb/>seen those blackguards and have learned
<lb/>no good I fear - <persName>Earl Russell</persName> approved
<lb/>all my doings so you may trust me
<lb/>to go in at these vile <term type="occupation">slave hunters</term>
<lb/>again if we can - I have just been 
<lb/>giving him an account of the way
<lb/>in which one side of the <placeName><geogName type="river">Shire</geogName></placeName>
<lb/>100 a week are taken away and on
<lb/>the other <space extent="1" unit="chars"/>the whole country is devastated
<lb/>by the fire and sword - Famine has 
<lb/>followed the <unclear cert="medium">flight</unclear> of the <term type="tribe">Manganja</term>
<lb/>from their well cultivated fields &amp;
<lb/>more die of hunger than of the sword
<lb/>many sell themselves and children
<lb/>to keep themselves from starving
<lb/>A silly fellow <persName>Rowley</persName> has said in a 
<lb/><bibl><placeName><region>Cape</region></placeName> paper</bibl> that I hunted the <term type="tribe">Ajawa</term>
<lb/>everywhere and set the missionaries
<lb/>on against them - that I had a 
<lb/>pitched battle with them all <foreign xml:lang="und">maka hela</foreign>
<lb/>We ran away and left the <term type="occupation">bishop</term>
<lb/>in the battle and our two <term type="occupation">quarter
<lb/>masters</term> and <term type="occupation">engineer</term> who were there
<lb/>reported it and we laughed &amp; raised 
<lb/><persName>Rowley</persName>'s bile - <persName>M<hi rend="sup underline">r</hi> Glover</persName> who
<lb/>published it wrote me an apology
<lb/>and I take no notice of it but
<lb/><persName>Rowley</persName> will not hear the last of it
<lb/>soon - I hunted the <term type="people">Portuguese</term> and
<lb/>hoped to bring matters to a head by
<lb/>their complaining to our <orgName>govern<supplied>-</supplied> 
<lb/>ment</orgName> against me but they know 

	<pb facs="liv_001867_0004" n="0004"/>
<lb/>better, and this silly letter puts the case as
<lb/>between one tribe and another and not
<lb/>between us and the <term type="nationality">Portuguese</term> - But we 
<lb/>shall come out clean at last - I hope the 
<lb/>new <term type="occupation">bishop</term> will be a man among
<lb/>men and not a <unclear cert="low">dane<subst><del>l</del><add place="over-text">t</add></subst>ling</unclear> - If we get
<lb/>free navigation of the <placeName><geogName type="river">Zambesi</geogName></placeName> at which 
<lb/>I have been striving for years everthing
<lb/>else will follow - <persName>M<hi rend="sup">s</hi> Stewart</persName> has been 
<lb/>up at <placeName><settlement type="town">Tette</settlement></placeName> - the mission - the top of the
<lb/>cataracts &amp; now sees home - Five <term type="people">Scotchmen</term>
<lb/>2 <term type="occupation">carpenters</term> - 2 <term type="occupation">masons</term> - 1 <term type="occupation">smith</term> &amp; a
<lb/>leader - a <term type="occupation">missionary</term> are to join us - 
<lb/>They worked at their trades at <placeName>Ahwal North</placeName>
<lb/>bought 2 waggons to go overland when the
<lb/><term type="occupation">Governor</term> wrote to me and I have pro-
<lb/>posed to them to aim at giving an example
<lb/>of independent industry and <term type="faith"><choice><sic>christian</sic><corr>Christian</corr></choice></term>
<lb/>life to the people on the Lake - They seem to 
<lb/>be the men we need brought to hand 
<lb/>without our seeking</p>
<lb/><p>Thanks for the seeds all came safely
<lb/>I tried <term type="plant">Gum trees</term> at the grave but they 
<lb/>sprang up and died - I now try <term type="plant">cypresses</term> 
<lb/>the sour <add place="above">or sweet</add> sop is an aroma - see <placeName><settlement type="city">London</settlement></placeName>
<lb/>or <bibl>Encyclopedia <choice><abbr>Brit.</abbr><expan>Britannica</expan></choice></bibl> - We have lots 
<lb/>of wild ones here - <placeName><settlement type="village">Kuruman</settlement></placeName> is too
<lb/>cold for them - I have 6 <term type="animal">oxen</term> - taught
<lb/>ones from <placeName><geogName type="island">Johanna</geogName></placeName> on board - and 2
<lb/><term type="animal">mules</term> - we have had them 2 months in 
<lb/>the ship also - a <term type="animal">cow</term> &amp; a <term type="animal">bull</term> - With kind 
<lb/>regards to <persName>M<hi rend="sup underline">rs</hi> <choice><abbr>M-</abbr><expan>Moffat</expan></choice></persName> and <persName>Jane</persName>. I am
<lb/>ever affectionately</p>
<lb/><p rend="right"><persName>David Livingstone</persName></p>

	<!-- envelope -->

	<pb facs="liv_001867_0005" n="0005"/>
	<ab>
<lb/><space extent="3" unit="words"/><hi rend="underline">Private</hi>
<lb/><term type="occupation">Admiral</term>
<lb/><space extent="1" unit="words"/><persName>Sir Baldwin Walker</persName>
<lb/><space extent="2" unit="words"/><choice><abbr>H. M S.</abbr><expan>Her Majesty's Ship</expan></choice> Narcissus
	</ab>
	
	<cb/><ab rend="vertical">
<lb/><space extent="1" unit="words"/><date when="1863">1863</date>
<lb/><persName>D<hi rend="sup underline">r</hi> Livingstone</persName>
<lb/><space extent="2" unit="chars"/><date when="1863-01-27">27<hi rend="sup underline">th</hi> Jan<unclear cert="medium">uary</unclear>  1863</date>
	</ab>

            </div>
        </body>
    </text>

</TEI>
