<?xml version="1.0" encoding="UTF-8"?>
<?xml-model href="http://livingstoneonline.github.io/LEAP-ODD/leap.rng" type="application/xml" schematypens="http://relaxng.org/ns/structure/1.0"?>
<?xml-model href="http://livingstoneonline.github.io/LEAP-ODD/leap.rng" type="application/xml" schematypens="http://purl.oclc.org/dsdl/schematron"?>
 <?xml-stylesheet href="http://livingstoneonline.github.io/LEAP-XSLT/transcription.xsl" type="text/xsl"?>
 <!--Converted from a TEI P4 XML file to the LEAP TEI P5 Schema by James Cummings on 2015-03-02--><!--TEI encoding revised and standardized by Adrian S. Wisnicki, 2015-2016-->s
         <TEI xmlns="http://www.tei-c.org/ns/1.0" xml:id="liv_000779">
	<teiHeader>
		<fileDesc>
			<titleStmt>
				<title>Letter to William Thompson</title>
                <title type="alternative">Letter to William Thompson, 24 November 1852</title>
				<author xml:id="DL">Livingstone, David, 1813-1873</author>
			</titleStmt>
			<publicationStmt>
				<authority>Livingstone Online</authority>
				<pubPlace>College Park, MD, USA</pubPlace>
				<publisher>University of Maryland Libraries</publisher>
				<date>2017</date>
				<idno type="LEAP-ID">liv_000779</idno>
			</publicationStmt>
			<sourceDesc>
				<bibl xml:id="shelfmark">University of London. School of Oriental and African Studies; CWM/LMS/Livingstone Wooden Box, item 73</bibl>
				<bibl xml:id="ccnumber">Letters, 0300</bibl>
				<bibl xml:id="recipient"><persName>Thompson, William, 1811-1889</persName></bibl>
				<bibl xml:id="date"><date when="1852-11-24">24 November 1852</date></bibl>
				<bibl xml:id="where">Kuruman</bibl>
			</sourceDesc>
		</fileDesc>
		<profileDesc>
			<langUsage>
				<language ident="en">English</language>
			</langUsage>
		</profileDesc>
		<revisionDesc>
			<change>
				<date>2013-03-14</date>
				<name xml:id="MS">Matthew Stumpf</name>Initial transcription and XML encoding.
            
			</change>
			<change>
				<date>2013-10-06</date>
				<name xml:id="AM">Anne Martin</name>Proofreading.
            
			</change>
			<change>
				<date>2013-12-05</date>
				<name xml:id="HFB">Heather F. Ball</name>Additional encoding.
            
			</change>
			<change>
				<date>2016-07-20</date>
				<name>Anne Martin</name>Final Review.
            
			</change>
		</revisionDesc>
	</teiHeader>

	<text>
		<body>
			<div>

<!-- The first two pages of this transcription were only transcribed at the 'final review' stage, presumably because the corresponding images were not present originally, but have subsequently turned up. Therefore this section of the transcription still needs to be proof-read, also the re-numbering of the existing pages (which were previously 0001-0004) AM -->

	<pb n="0001" facs="liv_000779_0001"><!--pb/@n='0001'--></pb>
<lb/><!-- on top line there is a number "73" at the left corner, written in pencil in another hand AM --><p rend="no-indent"><space extent="2" unit="words"/><placeName><settlement type="village">Kuruman</settlement></placeName> <date when="1852-11-24">November 24<hi rend="sup underline">th</hi> 1852</date></p>
<lb/>
<lb/><p rend="no-indent">My Dear <persName>M<hi rend="sup underline">r</hi> Thompson</persName></p>
<lb/><p><space extent="4" unit="words"/>Am sorry to say I am
<lb/>still here in durance vile - but matters are
<lb/>in a fair way now for effecting my escape
<lb/>I could not get <term type="occupation">drivers</term> - people were all
<lb/>so afraid of going Northward - I have made
<lb/>arrangements with two <orgName>Hottentots</orgName> and
<lb/>think I shall be off positively before the
<lb/>next moon - the delays which have
<lb/>occurred have prevented me falling into
<lb/><orgName>Boerish</orgName> hands so I am thankful and
<lb/>indulge the hope that God has still some
<lb/>little work for me to do - The belief that
<lb/>my hindrances from the <placeName><region>Cape</region></placeName> off to <!-- geog: Cape Colony -->
<lb/>the <placeName><settlement type="village">Kuruman</settlement></placeName> are providential makes
<lb/>me submit with a good grace -</p>
<lb/><p>Fine fellows you <orgName><placeName><region>Cape</region></placeName> worthies</orgName> are <!-- geog: Cape Colony -->
<lb/><persName>M<hi rend="sup underline">r</hi> Fairbairn</persName> tells his contemporaries that
<lb/>the connection of the <orgName><term type="nationality">Dutch</term> <orgName>Church</orgName></orgName> with
<lb/>the <orgName>state</orgName> is very slender - and you believe
<lb/>it of course - They get £200 per annum
<lb/>and the <orgName>state</orgName> appoints the <term type="occupation">ministers</term> - or
<lb/>has all the patronage in its hands - our
<lb/>connection with the <orgName>society</orgName> is half as
<lb/>slight again for we only get £100</p>

<lb/><cb rend="vertical"/>
<lb/><p rend="no-indent">I have sent a paper on the <orgName>Caffre</orgName> war to the <bibl><choice><abbr>B.</abbr><expan cert="low">Bulletin</expan></choice> <choice><abbr>Quart.</abbr><expan>Quarterly</expan></choice></bibl> - If this is blabbed
<lb/><space extent="5" unit="words"/>by the <persName><choice><abbr>D<hi rend="sup underline">r</hi></abbr><expan>Doctor</expan></choice></persName> I shall not write any more for him</p>

	<pb n="0002" facs="liv_000779_0002"><!--pb/@n='0002'--></pb>
<lb/><p rend="no-indent">He of course knows what sort of people
<lb/>he is speaking to - Humph. <persName>Sir George <choice><abbr>C.</abbr><expan>Cathcart</expan></choice></persName>
<lb/>tells the <orgName>Caffres</orgName> that they may <choice><sic>recieve</sic><corr>receive</corr></choice> the
<lb/><orgName><unclear cert="low">Goika</unclear> <term type="occupation">warriors</term></orgName> into their houses - Receipt
<lb/>of stolen goods is no crime in his eyes
<lb/><choice><sic>Its</sic><corr>It's</corr></choice> for any sake take them away - I can't <unclear>beat</unclear>
<lb/>them. Boohoo O thou mighty man of
<lb/>valour that's "extermination" "driving over
<lb/>the <placeName><geogName type="river">Kei</geogName></placeName>" - "unconditional submission"
<lb/>"complete subjugation" - <space extent="3" unit="chars"/>and £500 for
<lb/><unclear cert="low">Nitboalders</unclear> head too - I intend to offer
<lb/>£5000 for the <choice><sic><term type="animal">Lion</term>s</sic><corr><term type="animal">Lion</term>'s</corr></choice> Head which looks
<lb/>down at <placeName>Church square</placeName> - saw <term type="animal">Lion</term>'s
<lb/>head to be delivered at <placeName><settlement type="town">Lattakoo</settlement></placeName> and
<lb/>I give you the first offer - What
<lb/>unutterable <choice><sic>meaness</sic><corr>meanness</corr></choice> this <persName>Sir George
<lb/>Gibbet Cathcart</persName> can be guilty of - &amp;
<lb/>a <term type="person">Scotchman</term> too - Did I not tell
<lb/>you we <term type="people">Scotchmen</term> are a bad set -
<lb/>I <choice><sic>dont</sic><corr>don't</corr></choice> understand your questions about
<lb/>responsibility - the <term type="occupation">superintendent</term> will
<lb/>get all the blame of everything bad
<lb/>if he allows the <orgName>committees</orgName> to do wrong
<lb/>I think the <orgName>Directors</orgName> will do so - In <placeName><bloc>Africa</bloc></placeName>
<lb/>we all blame each other and we are blamed
<lb/>by every body else - Make them all
<lb/><choice><sic>independant</sic><corr>independent</corr></choice> <choice><sic>thats</sic><corr>that's</corr></choice> my advice</p>
<lb/><p rend="right"><persName><choice><abbr>D</abbr><expan>David</expan></choice> Livingstone</persName></p>

<!-- end of newly-transcribed (6/11/2016) section AM -->

	<pb n="0003" facs="liv_000779_0003"><!--pb/@n='0003'--></pb>
<lb/><p rend="no-indent"><choice><abbr>P.S.</abbr><expan>Post Script</expan></choice> By this post I send <bibl>10 letters</bibl> 
<lb/>addressed to your care and Post 
<lb/>paid as far as <placeName><settlement type="city">Cape Town</settlement></placeName>. There
<lb/>is no use in attempting to pay 
<lb/>beyond that - You must open 
<lb/>an account against me and 
<lb/>put down Postage - Forage
<lb/>and all other monies <del type="strikethrough">ex</del>pended
<lb/>on my behalf - I enclose <bibl>a letter 
<lb/>to <persName>M<hi rend="sup">r</hi> Macgibbon</persName></bibl> of the <orgName>Botanic 
<lb/>gardens</orgName> and if you can spare 
<lb/>time to glance over it you
<lb/>may oblige me in one of your 
<lb/>walks next winter by putting 
<lb/>him in remembrance 

	

	<pb n="0004" facs="liv_000779_0004"><!--pb/@n='0004'--></pb>
<lb/><bibl><persName>Macgibbon</persName>'s letter</bibl> contains 
<lb/>seeds. 2 of the above named 
<lb/><bibl>letters</bibl> are for yourself. I say 
<lb/>"put down all monies &amp;c." What 
<lb/>hypocrisy! if honest I would 
<lb/>say you may either put it 
<lb/>down or not I see no prospect 
<lb/>of ever paying you - If I live 
<lb/>to come back to <placeName><settlement type="city">Cape Town</settlement></placeName>
<lb/>I shall get a share of <persName>M<hi rend="sup">r</hi> Moll</persName>'s 
<lb/>parlour in the house by the jetty 
<lb/>or a lodging in the Union Workhouse 
<lb/>Please request <persName>M<hi rend="sup underline">r</hi> Pococke</persName> to 
<lb/>get a supply of <term type="medicament">vaccine virus</term> 
<lb/>from the institution for me 
	
	

	<pb n="0005" facs="liv_000779_0005"><!--pb/@n='0005'--></pb>
<lb/>I forgot it - If you are acquainted 
<lb/>with the <term type="occupation">officer</term> he will do it better 
<lb/>&amp; send it post free - I shall probably 
<lb/>draw £12 for <persName>Mebaloe</persName> - This is  
<lb/>all the business I have to transact
<lb/>or trouble you with</p>
<lb/><p rend="no-indent">One of the <bibl>letters</bibl> is for <placeName><country>America</country></placeName>
<lb/>through <persName>Captain Holmes</persName> &amp; 
<lb/>you <add place="below">^</add> <add place="above">will</add> perhaps be good enough 
<lb/>to present my kind remembrance 
<lb/>to him - As the post is not 
<lb/>going for an hour or two 
<lb/>I may have time to write 
<lb/>another <bibl>letter</bibl>, which will 

	

	<pb n="0006" facs="liv_000779_0006"><!--pb/@n='0006'--></pb>
<lb/>be eleven. to your care</p>
	<cb rend="vertical"/>
	<ab>
<lb/><hi rend="underline">Business</hi></ab>

			
			</div>
		</body>
	</text></TEI>