<?xml version="1.0" encoding="UTF-8"?>
<?xml-model href="http://livingstoneonline.github.io/LEAP-ODD/leap.rng" type="application/xml" schematypens="http://relaxng.org/ns/structure/1.0"?>
<?xml-model href="http://livingstoneonline.github.io/LEAP-ODD/leap.rng" type="application/xml" schematypens="http://purl.oclc.org/dsdl/schematron"?>
 <?xml-stylesheet href="http://livingstoneonline.github.io/LEAP-XSLT/transcription.xsl" type="text/xsl"?>
 <!--Converted from a TEI P4 XML file to the LEAP TEI P5 Schema by James Cummings on 2015-03-02--><!--TEI encoding revised and standardized by Adrian S. Wisnicki, 2015-2016-->
         <TEI xmlns="http://www.tei-c.org/ns/1.0" xml:id="liv_001395">
	<teiHeader>
		<fileDesc>
			<titleStmt>
				<title>Letter to John Blanche</title>
                <title type="alternative">Letter to John Blanche, 20 January 1859</title>
				<author xml:id="DL">Livingstone, David, 1813-1873</author>
			</titleStmt>
			<publicationStmt>
				<authority>Livingstone Online</authority>
				<pubPlace>College Park, MD, USA</pubPlace>
				<publisher>University of Maryland Libraries</publisher>
				<date>2017</date>
				<idno type="LEAP-ID">liv_001395</idno>
			</publicationStmt>
			<sourceDesc>
				<bibl xml:id="shelfmark">University of London. School of Oriental and African Studies; CWM/LMS/Livingstone Wooden Box, item 110</bibl>
				<bibl xml:id="ccnumber">Letters, 0863</bibl>
				<bibl xml:id="recipient"><persName>Blanche, John</persName></bibl>
				<bibl xml:id="date"><date when="1859-01-20">20 January 1859</date></bibl>
				<bibl xml:id="where">Zambesi River</bibl>
			</sourceDesc>
		</fileDesc>
		<profileDesc>
			<langUsage>
				<language ident="en">English</language>
			</langUsage>
		</profileDesc>
		<revisionDesc>
			<change>
				<date>2013-09-24</date>
				<name xml:id="MW">Megan Ward</name>Initial transcription and XML encoding.
            
			</change>
			<change>
				<date>2013-10-18</date>
				<name xml:id="HFB">Heather F. Ball</name>Proofreading and additional encoding.
            
			</change>
			<change>
				<date>2016-10-14</date>
				<name xml:id="AM">Anne Martin</name>Final Review.
            
			</change>
		</revisionDesc>
	</teiHeader>

	<text>
		<body>
			<div>

	<pb n="0001" facs="liv_001395_0001"><!--pb/@n='1r'--></pb>
<lb/><p rend="right"><placeName><geogName type="river">Zambesi River</geogName></placeName>, <placeName><bloc>Africa</bloc></placeName>.</p>
<lb/><p rend="no-indent"><hi rend="underline">Private</hi> <seg rend="right"><space extent="1" unit="words"/><date when="1859-01-20">20<hi rend="sup underline">th</hi> January 1859</date></seg></p>
<lb/><p rend="no-indent">My dear M<hi rend="sup underline">r</hi> Blanche
<lb/><space dim="horizontal" extent="11" unit="chars"/>I ought to have written
<lb/>you long ago in acknowledgement
<lb/>of your very kind &amp; truly useful &amp;
<lb/>handsome present. It was not 
<lb/>without many a sore tug at my 
<lb/>conscience either, but I have been
<lb/>so occupied that I really could not
<lb/>perform that duty. I was provided
<lb/>with a <term type="occupation">naval officer</term> to assist in 
<lb/>the navigation of this river, but
<lb/>the gentleman thinking that we 
<lb/>could not do without him took
<lb/>on such airs about the position
<lb/>he ought to occupy though incapable
<lb/>of making the simplest scientific
<lb/>observations that we were obliged
<lb/>to send him about his business.
<lb/>I then became "<term type="occupation">skipper</term>" myself
<lb/>and as we have been furnished
<lb/>with a badly constructed engine
    
    

	<pb n="0002" facs="liv_001395_0002"><!--pb/@n='1v'--></pb>
<lb/>my time has been swallowed up with
<lb/>pursuits I never contemplated on leaving
<lb/><placeName><country>England</country></placeName>. These have prevented me from
<lb/>doing my duty to many of my friends
<lb/>at home. Some of the <choice><sic>hard hearted</sic><corr>hard-hearted</corr></choice>
<lb/>will never forgive me but such
<lb/>I conclude you are not or else you
<lb/>would never have spontaneously
<lb/>served me in the way you have
<lb/>done. I value the revolver very
<lb/>highly and entreat you to accept
<lb/>my warmest thanks for it and
<lb/>for the kindly feelings which 
<lb/>prompted your generous present.
<lb/>I have not yet had an opportunity
<lb/>of trying it on game. I have been
<lb/>too much confined to the ship.
<lb/>but I feel sure it will be an
<lb/>exceedingly useful instrument. The 
<lb/>stock enables one to take a steady 
<lb/>aim and the size of the ball is
<lb/>sufficient for all small animals.
<lb/>About ten days ago we were up the
<lb/><placeName><geogName type="river">River Shire</geogName></placeName> 100 miles and came
<lb/>among enormous herds of <term type="animal">Elephants</term>
<lb/>on a swampy plain through which

    

	<pb n="0003" facs="liv_001395_0003"><!--pb/@n='2r'--></pb>
<lb/>the river winds giving off many
<lb/>departing &amp; re-entering branches. We
<lb/>chased some of them with the steamer
<lb/>and but for an unlucky storm
<lb/>of rain which set in when we caught
<lb/>one in the water we should have
<lb/>secured him. It was too large of
<lb/>course to try a revolver on but
<lb/>some weapon of the kind with a 
<lb/>larger ball would surely have
<lb/>been very effective. We gave him
<lb/>many shots with the Enfield rifle.
<lb/>Then several days afterwards found
<lb/>him lame and plied him with the 
<lb/>same but lost him in the storm
<lb/>Twice we were within fifty yards &amp;
<lb/>were very anxious to have him
<lb/>as fuel for our engine. The plain
<lb/>was 20 or 30 miles broad and not
<lb/>a tree could be got near the river
<lb/>The bones of another <term type="animal">elephant</term> which
<lb/>the <orgName>natives</orgName> had picked clean helped
<lb/>us nicely, hence our desire to get
<lb/>the one referred to. The <placeName><geogName type="river">shire</geogName></placeName> is
<lb/>deep and well adapted for navigation
<lb/>We were the first visitors the people
<lb/>ever had &amp; they seemed very suspicious
    
    

	<pb n="0004" facs="liv_001395_0004"><!--pb/@n='2v'--></pb>
<lb/>but brought <term type="animal"><term type="foodstuff">fowls</term></term> <term type="plant_foodstuff">bananas</term> and <term type="plant">cotton</term>
<lb/>yarn for sale. They use bows and poisoned
<lb/>arrows and only once offered to shoot
<lb/>at us. There was something comical
<lb/>in seeing them place their arrows
<lb/>ready to shoot utterly unconscious of
<lb/>the nature of the arms we carried. We
<lb/>had no encounter - never had &amp; hope
<lb/>we never may, but it is well to be <w>pre-
<lb break="no"/>-pared.</w> and thanks to you I am very much
<lb/>so, but still, not so much as to make
<lb/>me in the least desirous of using a
<lb/>weapon against my fellow men.</p>
<lb/><p>This river is filling now and a goodly
<lb/>sight it is to see. A large vessel could
<lb/>now, as I stated at home come up with
<lb/>ease to <placeName><settlement type="town"><choice><orig>Tette</orig><reg>Tete</reg></choice></settlement></placeName>. I chose the healthy time
<lb/>of year for coming, though that
<lb/>was not the most favourable for
<lb/>navigation, and you will be glad to 
<lb/>hear that my precautions have
<lb/>been completely successful - We have
<lb/>had no <term type="ailment">fever</term> except among the
<lb/><orgName>Kroomen</orgName>. You will remember the
<lb/>case of the <orgName>Great <placeName><geogName type="river">Niger</geogName></placeName> Expedition</orgName> - the 
<lb/>difference is cause for much <w>thank-
<lb break="no"/>-fulness</w> to the Almighty disposer of
<lb/>events. Please present my kind
<lb/>salutations to your son and believe
<lb/>yours gratefully</p>
<lb/><p rend="right"><persName>David Livingstone</persName></p>
			
</div>
		</body>
	</text></TEI>