<?xml version="1.0" encoding="UTF-8"?>
<?xml-model href="http://livingstoneonline.github.io/LEAP-ODD/leap.rng" type="application/xml" schematypens="http://relaxng.org/ns/structure/1.0"?>
<?xml-model href="http://livingstoneonline.github.io/LEAP-ODD/leap.rng" type="application/xml" schematypens="http://purl.oclc.org/dsdl/schematron"?>
<?xml-stylesheet href="http://livingstoneonline.github.io/LEAP-XSLT/transcription.xsl" type="text/xsl"?>
<!--TEI encoding revised and standardized by Adrian S. Wisnicki, 2015-2016-->
<TEI xmlns="http://www.tei-c.org/ns/1.0" xml:id="liv_001198"><!-- Change @xml:id -->
    <teiHeader>
        <fileDesc>
            <titleStmt>
				<title>Letter to [Reginald C.E. Abbot?]</title>
                <title type="alternative">Letter to [Reginald C.E. Abbot?], 28 January 1858</title>
				<author xml:id="DL">Livingstone, David, 1813-1873</author>
                <principal>Adrian S. Wisnicki</principal>
                <principal>Christopher Lawrence</principal>
                <respStmt xml:id="AW">
                    <name>Adrian S. Wisnicki</name><!-- Change -->
                    <resp>Transcription</resp><!-- Change -->
                    <resp>Encoding</resp><!-- Change, remove, or add more <resp> as appropriate -->
                </respStmt>
				<!-- Add here a new full <respStmt>, format as above, for each person who works on the file. -->
				<respStmt xml:id="EC">
                    <name>Erin Cheatham</name><!-- Change -->
                    <resp>Transcription</resp><!-- Change -->
                    <resp>Encoding</resp><!-- Change, remove, or add more <resp> as appropriate -->
                </respStmt>
            </titleStmt>
            <publicationStmt>
                <authority>Livingstone Online</authority>
                <publisher>University of Maryland Libraries</publisher>
                <pubPlace>College Park, MD, USA</pubPlace>
				<idno type="LEAP-ID">liv_001198</idno>
                <date>2014</date><!-- Change if necessary -->
                <availability>
                    <licence target="https://creativecommons.org/licenses/by-nc/3.0/">
                        All materials are licensed for use under the 
                        <ref target="https://creativecommons.org/licenses/by-nc/3.0/">
                            Creative Commons Attribution-Noncommercial 3.0 Unported License
                        </ref>. 
                        (c) Dr. Neil Imray Livingstone Wilson, 2014
                    </licence>
                </availability>
            </publicationStmt>
            <sourceDesc>
                <msDesc>
                    <msIdentifier>
                        <country>United Kingdom</country><!-- Change as needed -->
                        <settlement>Edinburgh</settlement><!-- Change as needed -->
                        <repository>National Library of Scotland</repository><!-- Change as needed -->
                        <idno type="shelfmark">MS. 10768, ff. 29-30</idno><!-- Change as needed -->
                        <altIdentifier>
                            <idno type="ccnumber">Letters, 0682</idno><!-- This the CC number; change, as appropriate -->
                        </altIdentifier>
                    </msIdentifier>
                    <physDesc>
                        <handDesc>
                            <handNote xml:id="U"><label>Unknown Hand</label> This hand is unknown
                                but thought not David Livingstone's.</handNote>
                        </handDesc>
                    </physDesc>
                </msDesc>
                <bibl type="sourceMetadata">
                    <title>Letter to [Reginald C.E. Abbot??], 28 January 1858</title><!-- Change -->
                    <author>Livingstone, David, 1813-1873</author>
                    <date type="composition" when="1858-01-28">28 January 1858</date><!-- Change -->
                    <placeName type="compositionPlace">50 Albemarle St., London</placeName><!-- Change -->
                    <persName type="addressee">Abbot, Reginald C.E.</persName><!-- Change -->
                </bibl>
            </sourceDesc>
        </fileDesc>
        <profileDesc>
            <langUsage>
                <language ident="en">English</language>
				<!-- See LEAP encoding manual sect. 20 for language abbreviations. English should be first,
				then add all other languages, as appropriate, in alphabetical order. -->
            </langUsage>
        </profileDesc>
        <revisionDesc>
			<change when="2014-09-18" who="#SF">Proofing</change>
            <change when="2014-09-03" who="#EC">Initial transcription and XML encoding</change>
			<!-- Note that @who initials are taken from <respStmt> above -->
			<!-- Most recent <change> should always be placed first -->
        </revisionDesc>
    </teiHeader>

    <text>
        <body>
            <div>
               
	<pb facs="liv_001198_0001" n="0001"/><!-- Change both @facs and @n -->
	<!-- Start each page with a <pb> formatted as above -->

<!-- If this is a letter or similar with an opener (with content such as dateline and/or salute) add it. For example: -->


<lb/><p rend="no-indent"><add place="inspace" rend="gray small" hand="#U">10 <space extent="6" unit="words"/>29</add>
<lb/><space extent="2" unit="words"/><placeName><placeName>50 Albermarle <choice><abbr>St.</abbr><expan>Street</expan></choice></placeName> 
<lb/><add place="inspace" rend="gray small" hand="#U">[not indexed]</add> <space extent="2" unit="chars"/><placeName>London</placeName></placeName> 
<lb/><space extent="3" unit="words"/><space extent="2" unit="chars"/><date when="1858-01-28">28 January 
<lb/><space extent="4" unit="words"/><space extent="3" unit="chars"/>1858</date></p>
<lb/>    
<lb/><p rend="no-indent">My Dear Boy</p>
<lb/><p>If it will not 
<lb/>be deemed an intrusion
<lb/>for one who has trod
<lb/>the path of life <w>some -
<lb break="no"/>what</w> ahead of you
<lb/>to address a few
<lb/>loving words to a
<lb/>person whom he has

	<pb facs="liv_001198_0002" n="0002"/>
<lb/>never seen I would
<lb/>say that one of the
<lb/>greatest comforts I
<lb/>have enjoyed in my
<lb/>chequered course
<lb/>has flowed from
<lb/>obedience to the command<!-- Should we correct this sentence by supplying a full stop? -->
<lb/>Commit thy way unto the
<lb/>Lord, trust also in
<lb/>him, and he shall
<lb/>bring it to pass. This
<lb/>resource has been
<lb/>present to my mind

	<pb facs="liv_001198_0003" n="0003"/>
<lb/><space extent="5" unit="words"/><add place="inspace" hand="#U" rend="small gray">30</add>
<lb/>in every step of my
<lb/>wanderings, I did 
<lb/>commit my way to
<lb/>him and he has guided
<lb/>me well. I never
<lb/>say much about my
<lb/>inward emotions,
<lb/>and have an inveterate
<lb/>hatred to count, but
<lb/>having derived so
<lb/>much internal strength
<lb/>from "acknowledging 
<lb/>the Lord in all my
<lb/>ways" I have thought

	<pb facs="liv_001198_0004" n="0004"/>
<lb/>from what your
<lb/>good Mama said to
<lb/>me about you, that
<lb/>in beginning the path
<lb/>of life you would
<lb/>like to know this
<lb/>little experience, and
<lb/>may the Lord guide
<lb/>you and preserve 
<lb/>you from all evil
<lb/><choice><sic>untill</sic><corr>until</corr></choice> through infinite
<lb/>mercy we meet in
<lb/>Heaven - yours be
</p>

<lb/><closer><signed><persName>David Livingstone</persName></signed></closer> 



            </div>
        </body>
    </text>

</TEI>
