<?xml version="1.0" encoding="UTF-8"?>
<?xml-model href="http://livingstoneonline.github.io/LEAP-ODD/leap.rng" type="application/xml" schematypens="http://relaxng.org/ns/structure/1.0"?>
<?xml-model href="http://livingstoneonline.github.io/LEAP-ODD/leap.rng" type="application/xml" schematypens="http://purl.oclc.org/dsdl/schematron"?>
 <?xml-stylesheet href="http://livingstoneonline.github.io/LEAP-XSLT/transcription.xsl" type="text/xsl"?>
 <!--Converted from a TEI P4 XML file to the LEAP TEI P5 Schema by James Cummings on 2015-03-02--><!--TEI encoding revised and standardized by Adrian S. Wisnicki, 2015-2016-->
         <TEI xmlns="http://www.tei-c.org/ns/1.0" xml:id="liv_000622">
	<teiHeader>
		<fileDesc>
			<titleStmt>
				<title>Letter to Robert Moffat 1</title>
                <title type="alternative">Letter to Robert Moffat 1, 27 October 1846</title>
				<author xml:id="DL">Livingstone, David, 1813-1873</author>
			</titleStmt>
			<publicationStmt>
				<authority>Livingstone Online</authority>
				<pubPlace>College Park, MD, USA</pubPlace>
				<publisher>University of Maryland Libraries</publisher>
				<date>2017</date>
				<idno type="LEAP-ID">liv_000622</idno>
			</publicationStmt>
			<sourceDesc>
				<bibl xml:id="shelfmark">University of London. School of Oriental and African Studies; CWM/LMS/Africa/Odds - Livingstone, Box 4-14</bibl>
				<bibl xml:id="ccnumber">Letters, 0157</bibl>
				<bibl xml:id="recipient"><persName>Moffat, Robert 1, 1795-1883</persName></bibl>
				<bibl xml:id="date"><date when="1846-10-27">27 October 1846</date></bibl>
				<bibl xml:id="where">[Chonuane]</bibl>
			</sourceDesc>
		</fileDesc>
		<profileDesc>
			<langUsage>
				<language ident="en">English</language>
			</langUsage>
		</profileDesc>
		<revisionDesc>
			<change>
				<date>2013-04-22</date>
				<name xml:id="AM">Anne Martin</name>Initial transcription and XML encoding.
            
			</change>
			<change>
				<date>2012-10-23</date>
				<name xml:id="HFB">Heather F. Ball</name>Proofreading and additional XML encoding.
            
			</change>
			<change>
				<date>2016-06-19</date>
				<name>Anne Martin</name>Final Review.
            
			</change>
		</revisionDesc>
	</teiHeader>

	<text>
		<body>
			<div>

	<pb n="0001" facs="liv_000622_0001"><!--pb/@n='1r'--></pb>
<lb/><p rend="right"><placeName><settlement type="village">Chonuane</settlement></placeName> <date when="1846-10-27">27 <choice><abbr>Oct<hi rend="sup">r</hi></abbr><expan>October</expan></choice> 1846</date></p>
<lb/><p rend="no-indent">My dear Father</p><!-- The number 14 (circled) appears above the word "Father". It does not appear to be in Livingstone's hand AM -->
<lb/><p><space extent="3" unit="words"/>As <persName>M<hi rend="sup">r</hi> Cumming</persName> leaves
<lb/>tomorrow morning I must write you a note
<lb/>But I have but little inclination to <supplied cert="high">be</supplied>
<lb/>writing at present. <persName>Robert</persName> has been
<lb/>very ill for three days past of
<lb/><term type="ailment">Bronchitis</term> or <term type="ailment"><choice><sic>inflamation</sic><corr>inflammation</corr></choice> of the lining
<lb/>membrane of the air tubes of the
<lb/><term type="bodypart">lungs</term></term>. How induced we <choice><sic>dont</sic><corr>don't</corr></choice> know
<lb/>A great many <term type="tribe">Bakwena</term> suffer
<lb/>from <term type="ailment">colds</term> &amp; <term type="ailment">dysentery</term>. perhaps it
<lb/>arises from the intense heat &amp;
<lb/>occasional disposition to showers
<lb/>the damp air comes from the
<lb/>parts where rain has fallen
<lb/>&amp; that too often in the evenings.-
<lb/>- very pleasant but pernicious after
<lb/>the hot sunshine

    

	<pb n="0002" facs="liv_000622_0002"><!--pb/@n='1v'--></pb>
<lb/>He could scarcely breathe for one day - the
<lb/>mucus collected so abundantly in the <term type="bodypart">air
<lb/>tubes</term>. The sound was like the cooing
<lb/>of <term type="animal">wood pigeons</term> in his <term type="bodypart">breast</term>. That
<lb/>has been removed but no medicine has
<lb/>any effect on the complaint. He has
<lb/>constant <term type="ailment">heat of skin</term> - loses <term type="bodypart">flesh</term> &amp;
<lb/>is much troubled with his <term type="ailment">cough</term>
<lb/>Remedies which usually produce a
<lb/>speedy change do nothing in his case
<lb/>the <term type="ailment">cough</term> gradually sounds worse &amp;
<lb/>worse. I am sorry I cannot
<lb/>speak of the favourable symptoms
<lb/>I can only hope they will soon
<lb/>appear. His cheerfulness is quite gone</p>
<lb/><p><persName>M<hi rend="sup">r</hi> Cumming</persName> has kindly favoured us
<lb/>with an adze so there is no need for
<lb/>that which went to <placeName><settlement type="village">Kuruman</settlement></placeName>. We hope
<lb/><persName>Mamary</persName> &amp; <orgName>party</orgName> arrived safe. <persName>M<hi rend="sup">r</hi> <choice><abbr>C</abbr><expan>Cumming</expan></choice></persName> will
<lb/>give all our news.

    

	<pb n="0003" facs="liv_000622_0003"><!--pb/@n='2r'--></pb>
<lb/>I have been shortening the bands of the <choice><orig>waggon</orig><reg>wagon</reg></choice>
<lb/>succeeded well with those of the "naves"
<lb/>except making one rather too little. Three
<lb/>of the large bands fitted well But one did
<lb/>not touch the wood <add place="below">^</add> <add place="above">at the weld</add> &amp; when trying to
<lb/>send it in (when cold) I broke it although
<lb/>the weld was one of the best made. I
<lb/>take it slowly welding one side then
<lb/>the other. What is the proper distance
<lb/>to place the band from the hole of the
<lb/>bellows? ought the centre of the band
<lb/>or the lower edge to be opposite
<lb/>the hole? I placed the band sometimes
<lb/>two sometimes three inches from the
<lb/>hole but could not get a heat over
<lb/>the whole part to be welded. It either
<lb/>went over the upper or lower edge
<lb/>My friends here say you put pieces of
<lb/>stone under the band to bring it into
<lb/>a proper position What that is I
<lb/><choice><sic>cant</sic><corr>can't</corr></choice> ascertain - this sort of work
<lb/>has suffered a few days<supplied cert="high">'</supplied> interruption
<lb/>School is finished - only one small

    

	<pb n="0004" facs="liv_000622_0004"><!--pb/@n='2v'--></pb>
<lb/>shower of rain yet. <term type="plant">Olive</term> grows briskly <!-- Is Olive the name of someone/thing, or is it just the food, and then should be "olives"? HB 6-16-13 -->
<lb/><choice><orig>Waggon</orig><reg>Wagon</reg></choice> tent suffered a severe fracture
<lb/>all along back bone - Ribs all shivered
<lb/>We shall patch it up &amp; go Eastward
<lb/>as soon as <persName>Robert</persName> recovers - <term type="plant_foodstuff">Corn</term>
<lb/>crop best this year - long ago
<lb/>you have heard of the departure of <persName>Baba</persName>
<lb/>to the land of the blessed. He worked hard
<!-- the next 7 lines seem to have been crossed out in another hand, but the cross not obscuring them. Lines 11-15 are further marked with a vertical line and the words "of no use", in the left margin AM -->
<lb/><del>for us - <term type="occupation">ploughing</term> &amp;c. I could not reckon
<lb/>with him being engaged with <persName>Vardon</persName>
<lb/>&amp; <persName><choice><sic>Oswel</sic><corr>Oswell</corr></choice></persName> But said in parting I shall
<lb/>add ten dollars to the amount for carriage
<lb/>&amp; reckon again with you. He said
<lb/>although I gave nothing for the work
<lb/>it did not matter. He worked to assist</del>
<lb/><note place="marginleft" rend="gray vertical">of no use</note>
<lb/>us. In their confusion after the accident
<lb/>they sent a man on <term type="animal">horse</term>back to <placeName><settlement type="village">Mabotsa</settlement></placeName>
<lb/>&amp; a man on foot here - the latter
<lb/>arrived late in the afternoon &amp; <persName>Mebaloe</persName> &amp;
<lb/>I immediately set off keeping up a gallop
<lb/>till it was dark. The moon arose
<lb/>about one <choice><sic>oclock</sic><corr>o'clock</corr></choice> and a <term type="animal">rhinoceros</term> at
<lb/>the same time disputed our path

    

	<pb n="0005" facs="liv_000622_0005"><!--pb/@n='3r'--></pb>
<lb/>standing snorting at us. We went off at right
<lb/>angles with the path &amp; our minds being
<lb/>impressed with the accident <choice><sic>concieved</sic><corr>conceived</corr></choice> every
<lb/>big dark bush after that a real <unclear cert="low">burile</unclear>
<lb/>moving &amp; making towards us, Directing
<lb/>our course to a fire in the distance we
<lb/>found it at <add place="below">^</add> <add place="above">a</add> <term type="animal">cattle</term> post of <term type="tribe">Bakhatla</term> who
<lb/>gave the melancholy intelligence that
<lb/>the spirit of <persName>Baba</persName> had departed just
<lb/>about the time we left home. Had the
<lb/>man on <term type="animal">horse</term>back come here we might have
<lb/><gap extent="2" unit="chars" agent="tear"/><unclear cert="high">wi</unclear>tnessed his dying moments &amp; it would have
<lb/>been satisfactory to our feelings to have
<lb/><choice><orig>shewn</orig><reg>shown</reg></choice> respect to him though we could
<lb/>do little else. We returned in the morning
<lb/>with sorrowful hearts</p>
<lb/><p>If an opportunity should occur
<lb/>we shall feel obliged by your sending
<lb/>some alphabets &amp; first spelling books
<lb/>We <choice><sic>recieved</sic><corr>received</corr></choice> by some <unclear cert="low"><term type="tribe">Wanketze</term></unclear>
<lb/>a parcel &amp; (we supposed) letters
<lb/>addressed to <persName>Mrs <choice><abbr>M.</abbr><expan>Moffat</expan></choice></persName> After letting them

    

	<pb n="0006" facs="liv_000622_0006"><!--pb/@n='3v'--></pb>
<lb/>lie some time We concluded we might
<lb/>open &amp; it in order to take our share
<lb/>&amp; trusted you would take our word
<lb/>that we had not read any but
<lb/>our own But after opening the
<lb/>envelope we felt what appeared
<lb/>only one letter so we return it
<lb/>in nearly the same state it left
<lb/>you</p>
<lb/><p>We send if <persName>M<hi rend="sup underline">r</hi> <choice><abbr>C.</abbr><expan>Cumming</expan></choice></persName> will take it
<lb/>a <term type="plant"><unclear cert="high">Macaca</unclear></term> root hoping you will <gap extent="2" unit="chars" agent="tear"/>
<lb/>enclose it for <persName>D<hi rend="sup">r</hi> Buchanan</persName>, in
<lb/>the Box. If you think it will
<lb/>do mischief it can be left out<!-- There appears to be some ink/possibly text over "left", but cannot make out whether it's blotting or intentional HB 10-23-13 -->
<lb/>Intend as soon as the present brush
<lb/>of work is over to collect some of
<lb/>the rarer bulbs for your botanic
<lb/>garden I know one <term type="plant"><unclear cert="low">Mocaca</unclear></term> as
<lb/>big as a small water <unclear cert="low">vatchy</unclear> - this
<lb/>upper portion (stems leaves) &amp;c. is
<lb/>used as a <term type="plant">vegetable</term> by <orgName>nati<gap extent="3" unit="chars" agent="stain"/><supplied cert="medium">ves</supplied></orgName></p>
			
</div>
		</body>
	</text></TEI>