<?xml version="1.0" encoding="UTF-8"?>
<?xml-model href="http://livingstoneonline.github.io/LEAP-ODD/leap.rng" type="application/xml" schematypens="http://relaxng.org/ns/structure/1.0"?>
<?xml-model href="http://livingstoneonline.github.io/LEAP-ODD/leap.rng" type="application/xml" schematypens="http://purl.oclc.org/dsdl/schematron"?>
 <?xml-stylesheet href="http://livingstoneonline.github.io/LEAP-XSLT/transcription.xsl" type="text/xsl"?>
 <!--Converted from a TEI P4 XML file to the LEAP TEI P5 Schema by James Cummings on 2015-03-02--><!--TEI encoding revised and standardized by Adrian S. Wisnicki, 2015-2016-->
         <TEI xmlns="http://www.tei-c.org/ns/1.0" xml:id="liv_001899">
	<teiHeader>
		<fileDesc>
			<titleStmt>
				<title>Letter to Horace Waller</title>
                <title type="alternative">Letter to Horace Waller, 20 April 1863</title>
				<author xml:id="DL">Livingstone, David, 1813-1873</author>
			</titleStmt>
			<publicationStmt>
				<authority>Livingstone Online</authority>
				<pubPlace>College Park, MD, USA</pubPlace>
				<publisher>University of Maryland Libraries</publisher>
				<date>2017</date>
				<idno type="LEAP-ID">liv_001899</idno>
			</publicationStmt>
			<sourceDesc>
				<bibl xml:id="shelfmark">Bodleian Library. Weston Library; Waller MSS. Afr. s. 16.1, ff. 19-20</bibl>
				<bibl xml:id="ccnumber">Letters, 1332</bibl>
				<bibl xml:id="recipient"><persName>Horace Waller</persName></bibl>
				<bibl xml:id="date"><date when="1863-04-20">20 April 1863</date></bibl>
				<bibl xml:id="where">[Murchison's Cataracts]</bibl>
			</sourceDesc>
		</fileDesc>
		<profileDesc>
			<langUsage>
				<language ident="en">English</language>
			</langUsage>
		</profileDesc>
		<revisionDesc>
			<change>
				<date>2011-11-30</date>
				<name xml:id="AJS">A.J. Schmitz</name> initial transcription and XML encoding.
            
			</change>
			<change>
				<date>2011-12-16</date>
				<name xml:id="JM">Jared McDonald</name> proofreading.
            
			</change>
			<change>
				<date>2011-12-16</date>
				<name xml:id="AW">Adrian S. Wisnicki</name> editing.
            
			</change>
			<change>
				<date>2012-09-18</date>
				<name xml:id="HFB">Heather F. Ball</name> Second XML editing.

			</change>
			<change>
				<date>2016-10-20</date>
				<name xml:id="AM">Anne Martin</name> Final Review.
            
			</change>
		</revisionDesc>
	</teiHeader>

	<text>
		<body>
			<div>

	<pb n="0001" facs="liv_001899_0001"><!--pb/@n='19r'--></pb>
<lb/><p rend="right"><date when="1863-04-20">20<hi rend="sup underline">th</hi> April 1863</date></p>
<lb/><p rend="no-indent">My dear <persName>Waller</persName></p>
<lb/><p>My conscience 
<lb/>reproved me for 
<lb/>saying some things 
<lb/>to you which I 
<lb/>ought not to have 
<lb/>said but I was too 
<lb/>much of an <term type="animal">ass</term> 
<lb/>to confess it. I 
<lb/>ought not to have 
<lb/>said that the <term type="tribe">Makololo</term>
<lb/>began to capture 
<lb/><term type="animal">sheep</term> &amp; <term type="animal">goats</term> under 

       

	<pb n="0002" facs="liv_001899_0002"><!--pb/@n='19v'--></pb>
<lb/><orgName>Episcopal</orgName> sanction 
<lb/>It is possible that you 
<lb/>may have taken up 
<lb/>reports with too 
<lb/>much facility but 
<lb/>I ought not to have 
<lb/>said that you did 
<lb/>or anything else 
<lb/>that might give 
<lb/>you pain. I am 
<lb/>heartily sorry for 
<lb/>it and have 
<lb/>grieved over it 
<lb/>again &amp; again. I 
<lb/>hoped to tell you 
<lb/>so when we met 

       

	<pb n="0003" facs="liv_001899_0003"><!--pb/@n='20r'--></pb>
<lb/>but might then 
<lb/>lack an opportunity 
<lb/>In my heart &amp; soul 
<lb/>I feel kindly to you 
<lb/>all and what came 
<lb/>out and anything 
<lb/>else you may 
<lb/>have disliked 
<lb/>you must please 
<lb/>take as not 
<lb/>according to the 
<lb/>general current 
<lb/>of my affections 
<lb/>I feel that we 
<lb/>ought all to be 

       

	<pb n="0004" facs="liv_001899_0004"><!--pb/@n='20v'--></pb>
<lb/>trying who can be 
<lb/>kindest to each 
<lb/>other - I believe 
<lb/>you will take this 
<lb/>note in the spirit 
<lb/>I send it and I 
<lb/>trust till death 
<lb/>parts another 
<lb/>will not be 
<lb/>necessary</p>
<lb/><p>I am Affectionately</p>
<lb/><p rend="center">Yours</p>
<lb/><p rend="center"><persName>David Livingstone</persName></p>
			
</div>
		</body>
	</text></TEI>