<?xml version="1.0" encoding="UTF-8"?>
<?xml-model href="http://livingstoneonline.github.io/LEAP-ODD/leap.rng" type="application/xml" schematypens="http://relaxng.org/ns/structure/1.0"?>
<?xml-model href="http://livingstoneonline.github.io/LEAP-ODD/leap.rng" type="application/xml" schematypens="http://purl.oclc.org/dsdl/schematron"?>
 <?xml-stylesheet href="http://livingstoneonline.github.io/LEAP-XSLT/transcription.xsl" type="text/xsl"?>
<TEI xmlns="http://www.tei-c.org/ns/1.0" xml:id="liv_000877"><!-- Change @xml:id -->
    <teiHeader>
        <fileDesc>
            <titleStmt>
                <title>Letter to Mrs. Noel</title><!-- Removed underline coding -->
                <title type="alternative">Letter to Mrs. Noel, 8 August 1864</title><!-- Removed underline coding -->
                <author>David Livingstone</author>
                <principal>Adrian S. Wisnicki</principal>
                <respStmt xml:id="AW">
                    <name>Adrian S. Wisnicki</name>
                    <resp>Coding review</resp>
                </respStmt>
                <respStmt xml:id="JZ"><!-- Add or remove individuals from the list as appropriate -->
                    <name>Jade Zuehlke</name><!-- Change -->
                    <resp>Transcription</resp><!-- Change, remove, or add more <resp> as appropriate -->
                    <resp>Transcription</resp>
                    <resp>Encoding</resp>
                </respStmt>
            	<respStmt xml:id="AD"><!-- Add or remove individuals from the list as appropriate -->
            		<name>Amzie Dunekacke</name><!-- Change -->
            		<resp>Proofing</resp>
            	</respStmt>
                <respStmt xml:id="LG">
                    <name>Lauren Geiger</name>
                    <resp>Proofing</resp>
                </respStmt>
            </titleStmt>	
            <publicationStmt>
                <authority>Livingstone Online</authority>
                <publisher>University of Maryland Libraries</publisher>
                <pubPlace>College Park, MD, USA</pubPlace>
                <date>2016</date><!-- Change if necessary -->
                <idno type="LEAP-ID">liv_002043</idno><!-- Change -->
            </publicationStmt>
            <sourceDesc>
                <msDesc>
                    <msIdentifier>
                        <country>Scotland</country><!-- Change as needed -->
                        <settlement>Hamilton</settlement><!-- Change as needed -->
                        <repository>National Library of Scotland</repository><!-- Change as needed -->
                        <idno type="shelfmark">MS. 10768, ff. 62-63</idno><!-- Change as needed -->
                        <altIdentifier>
                            <idno type="ccnumber">Letters, 1465</idno><!-- This the CC number; change, as appropriate -->
                        </altIdentifier>
                    </msIdentifier>
                    <physDesc>
                        <handDesc>
                            <handNote xml:id="U"><label>Unknown Hand</label> This hand is unknown
                                but thought not David Livingstone's.</handNote>
                        </handDesc>
                    </physDesc>
                </msDesc>
                <bibl type="sourceMetadata">
                    <title>Letter to M<hi rend="sup underline">rs</hi> Noel, 8 August 1864</title><!-- I don't think this needs to include underline-->
                    <author xml:id="DL">David Livingstone</author>
                    <date type="composition" when="1865-08-08">8 August 1864</date><!-- Change -->
                    <placeName type="compositionPlace">Hamilton</placeName><!-- Change -->
                    <persName type="addressee">Noel, Mrs.</persName><!-- Change -->
                </bibl>
            </sourceDesc>
        </fileDesc>
        <profileDesc>
            <langUsage>
                <language ident="en">English</language>
				<!-- See LEAP encoding manual sect. 20 for language abbreviations. English should be first,
				then add all other languages, as appropriate, in alphabetical order. -->
            </langUsage>
        </profileDesc>
        <revisionDesc>
            <change when="2016-10-31" who="#LG">Proofing</change>
            <change when="2016-06-16" who="#AW">Proofing</change>
        	<change when="2016-06-16" who="#AD">Proofing</change>
			<change when="2016-06-14" who="#JZ">Initial transcription and XML encoding</change>
			<!-- Note that @who initials are taken from <respStmt> above -->
			<!-- Most recent <change> should always be placed first -->
        </revisionDesc>
    </teiHeader>

    <text>
        <body>
            <div>
               
	<pb facs="liv_002043_0001" n="0001"/>
<lb/><p rend="no-indent"><placeName><settlement type="town">Hamilton</settlement></placeName> <add place="above" rend="gray" hand="#U">25</add> <date when="1865-08-08">8 August <add place="above" rend="gray" hand="#U">62</add>
<lb/><space extent="3" unit="words"/>18<add place="inline">[64]</add></date></p>
<lb/>
<lb/><p rend="no-indent">My Dear <persName>M<hi rend="sup underline">rs</hi> Noel</persName></p>
<lb/><p>The kind true
<lb/>heartedness of your
<lb/>father and mother
<lb/>at <unclear cert="medium"><placeName>Warley House</placeName></unclear>
<lb/>I can never forget
<lb/>and I thank you 
<lb/>for your very
<lb/>kind invitation
<lb/>and evident
<lb/>desire to follow

	<pb facs="liv_002043_0002" n="0002"/>
<lb/>in your dear parents
<lb/>"spoor" but I am
<lb/>very anxious to get
<lb/>back to <placeName><bloc>Africa</bloc></placeName> again
<lb/>and endeavour to
<lb/>open up the country
<lb/>North of the <term type="people"><term type="nationality">Portuguese</term></term>
<lb/>so that my past
<lb/>labours may not
<lb/>be rendered fruitless
<lb/>by these inveterate
<lb/><term type="occupation"><orgName>slavers</orgName></term> - I left my
<lb/>steamer at <placeName><settlement type="city">Bombay</settlement></placeName>
<lb/>for this very purpose
<lb/>and am now only
<lb/>anxious to get into
<lb/>a retired nook to do

	<pb facs="liv_002043_0003" n="0003"/>
<lb/>a little work and then <add place="above" hand="#U" rend="gray">63</add>
<lb/>be off. <choice><sic>my</sic><corr>My</corr></choice> daughter
<lb/>now woman grown
<lb/>is to keep my cottage
<lb/>as I wish to be near
<lb/>her as much as
<lb/>possible - I avoid
<lb/>all public engagements
<lb/>except <placeName><settlement type="town">Bath</settlement></placeName> - I
<lb/>mention these
<lb/>things that you
<lb/>may see that I do 
<lb/>not undervalue
<lb/>your generous
<lb/>hospitality though
<lb/>I have to decline it

	<pb facs="liv_002043_0004" n="0004"/>
<lb/>I beg you to present
<lb/>my kind salutation 
<lb/>to your husband &amp;
<lb/>accept my warmest
<lb/>thanks for your
<lb/>kind offer</p>

<!-- More transcribed text -->


<!-- If there is a letter or similar with a closer with content such as salute or signed -->
<lb/><p rend="no-indent"><space extent="1" unit="words"/>&amp; am &amp;<!-- Change as appropriate -->
<lb/>
<lb/><persName>David Livingstone</persName></p><!-- Change as appropriate --> 
<lb/>
<lb/>
<lb/><p rend="no-indent"><persName>M<hi rend="sup underline">rs</hi> Noel</persName></p>



            </div>
        </body>
    </text>

</TEI>
