<?xml version="1.0" encoding="UTF-8"?>
<?xml-model href="http://livingstoneonline.github.io/LEAP-ODD/leap.rng" type="application/xml" schematypens="http://relaxng.org/ns/structure/1.0"?>
<?xml-model href="http://livingstoneonline.github.io/LEAP-ODD/leap.rng" type="application/xml" schematypens="http://purl.oclc.org/dsdl/schematron"?>
 <?xml-stylesheet href="http://livingstoneonline.github.io/LEAP-XSLT/transcription.xsl" type="text/xsl"?>
 <!--Converted from a TEI P4 XML file to the LEAP TEI P5 Schema by James Cummings on 2015-03-02--><!--TEI encoding revised and standardized by Adrian S. Wisnicki, 2015-2016-->
         <TEI xmlns="http://www.tei-c.org/ns/1.0" xml:id="liv_000784">
	<teiHeader>
		<fileDesc>
			<titleStmt>
				<title>Letter to Arthur Tidman</title>
                <title type="alternative">Letter to Arthur Tidman, 12 December 1852</title>
				<author xml:id="DL">Livingstone, David, 1813-1873</author>
			</titleStmt>
			<publicationStmt>
				<authority>Livingstone Online</authority>
				<pubPlace>College Park, MD, USA</pubPlace>
				<publisher>University of Maryland Libraries</publisher>
				<date>2017</date>
				<idno type="LEAP-ID">liv_000784</idno>
			</publicationStmt>
			<sourceDesc>
				<bibl xml:id="shelfmark">University of London. School of Oriental and African Studies; CWM/LMS/Livingstone Wooden Box, item 74</bibl>
				<bibl xml:id="ccnumber">Letters, 0305</bibl>
				<bibl xml:id="recipient"><persName>Tidman, Arthur, 1792-1868</persName></bibl>
				<bibl xml:id="date"><date when="1852-12-12">12 December 1852</date></bibl>
				<bibl xml:id="where">Kuruman</bibl>
			</sourceDesc>
		</fileDesc>
		<profileDesc>
			<langUsage>
				<language ident="en">English</language>
			</langUsage>
		</profileDesc>
		<revisionDesc>
			<change>
				<date>2013-03-14</date>
				<name xml:id="MS">Matthew Stumpf</name>Initial transcription and XML encoding.
            
			</change>
			<change>
				<date>2013-10-06</date>
				<name xml:id="AM">Anne Martin</name>Proofreading.
            
			</change>
			<change>
				<date>2012-12-04</date>
				<name xml:id="HFB">Heather F. Ball</name>Additional encoding.
            
			</change>
			<change>
				<date>2016-07-22</date>
				<name>Anne Martin</name>Final Review.
            
			</change>
		</revisionDesc>
	</teiHeader>

	<text>
		<body>
			<div>

	<pb n="0001" facs="liv_000784_0001"><!--pb/@n='0001'--></pb>
<lb/><p rend="right"><space extent="1" unit="words"/><placeName><settlement type="village">Kuruman</settlement></placeName> <date when="1852-12-12">12 December
<lb/><space extent="5" unit="words"/>1852</date></p>
<lb/><p rend="no-indent"><space extent="1" unit="words"/><persName>Rev<hi rend="sup underline">d</hi> D<hi rend="sup underline">r </hi>Tidman</persName></p>
<lb/><p rend="center"><space extent="3" unit="words"/>Dear Sir</p>
<lb/><p><space extent="6" unit="words"/>Enclosed you will  
<lb/><choice><sic>recieve</sic><corr>receive</corr></choice> a <bibl>letter</bibl> to <persName>Sir John Pakington</persName>, <orgName><choice><abbr>H.M.</abbr><expan cert="medium">Her Majesty's</expan></choice> <term type="occupation">Secretary</term>  
<lb/>for the <orgName>Colonies</orgName></orgName>, I wrote to the <persName>Lieutenant <!-- Not sure if "Colonies" should be tagged as a bloc or region HB 12-5-13 --> <!-- I don't think it can be either, because "the Colonies" refers to various British dependencies that were scattered throughout the world rather than being in the one area AM -->
<lb/>Governor Darling</persName> an account of the attack 
<lb/>of the <orgName>Boers</orgName> on <placeName><settlement type="village">Kolobeng</settlement></placeName> and sent also  
<lb/><bibl>a similar letter</bibl> to <persName><unclear cert="medium">H.</unclear></persName> Green the <orgName><term type="nationality">British</term>  
<lb/>Resident</orgName> with the addition of a claim  
<lb/>for compensation, my property having 
<lb/>been destroyed in the violation of a <bibl>treaty</bibl> 
<lb/>I scarcely expect any compensation but  
<lb/>thought the more noise we made the less
<lb/>likely would they be to do the same thing 
<lb/>over again. But the more I become  
<lb/>acquainted with <add place="below">^</add> <add place="above">the</add> present <term type="occupation">Governor</term> - <persName>Sir  
<lb/>George Cathcart</persName>'s feelings the less hope 

       

	<pb n="0002" facs="liv_000784_0002"><!--pb/@n='0002'--></pb>
<lb/>I have of the least favour being <choice><orig>shewn</orig><reg>shown</reg></choice> to  
<lb/>anything in the shape of either <term type="occupation">missionary</term> or 
<lb/><orgName>Hottentot</orgName>. Indeed it would be unspeakably 
<lb/>pleasing to <persName>Sir George</persName> to hang us all on 
<lb/>one gibbet. He will never forgive the  
<lb/><orgName>Hottentots</orgName> for completely foiling him in war  
<lb/>nor us <term type="occupation">missionaries</term> because our belief 
<lb/>that <orgName>Hottentots</orgName> have souls has turned out 
<lb/>in connection with the name of this mighty
<lb/>man of valour, true all the world over. 
<lb/>Such being the case I mustered courage to  
<lb/>write to his <term type="occupation">master</term> <persName>Sir John Pakington</persName>. 
<lb/>I think I have good cause for complaint  
<lb/>but whether I have done it in a proper 
<lb/>manner and whether it ought to be presented 
<lb/>at all I leave entirely to your decision</p>
<lb/><p>A <persName>M<hi rend="sup">r</hi> Codrington</persName>, a gentleman of large  
<lb/>landed property in <placeName><region>Wiltshire</region></placeName> lost a good  
<lb/>deal of property at <placeName><settlement type="village">Kolobeng</settlement></placeName>. He had gone  

       

	<pb n="0003" facs="liv_000784_0003"><!--pb/@n='0003'--></pb>
<lb/>down the <placeName><geogName type="river">Limpopo</geogName></placeName> on a <orgName><term type="occupation">hunting</term> expedition</orgName> and when 
<lb/>he returned his <term type="animal">cattle</term> and goods were gone. As he  
<lb/>has <orgName>Parliamentary</orgName> influence he will make some noise 
<lb/>about the affair. He goes home to <placeName><country>England</country></placeName>. now 
<lb/>only one half of his <term type="animal">cattle</term> were taken and the other 
<lb/>half were by some mistake left behind. <persName>Sechele</persName>
<lb/>sent them out to <persName>M<hi rend="sup underline">r</hi> Moffat</persName>, and though an 
<lb/>attempt was made by the person who had them  
<lb/>in charge to steal them, the people here pursued  
<lb/>them - overtook the thievish <term type="person">Englishman</term> - <add place="below">^</add> <add place="above">(a <persName>M<hi rend="sup">r</hi> Simpson</persName>)</add> fined
<lb/>him and the price of the missing <term type="animal">cattle</term> and such  
<lb/>as remained are in custody here for the 
<lb/>owner. It is pleasant to see the people making 
<lb/>efforts to promote justice and perhaps it is 
<lb/>not always wrong even to fight for their country 
<lb/><seg type="weather">Rains have fallen</seg> and I have nearly succeeded  
<lb/>in getting a <orgName>complement of men</orgName>. I fully intend 
<lb/>starting from this on the <date when="1852-12-14">14<hi rend="sup underline">th</hi> <choice><abbr>currt.</abbr><expan>current</expan></choice></date></p>
<lb/><p>I advised you of £10. for books from <persName>M<hi rend="sup">r</hi>
<lb/>MacLehose</persName> and another £10. for clothing from 
<lb/><persName>M<hi rend="sup">r</hi> Drummond</persName>, neither of which sums, though 
<lb/>deducted from my salary have yet been drawn   

       

	<pb n="0004" facs="liv_000784_0004"><!--pb/@n='0004'--></pb>
<lb/>They will be applied for soon. I gave <persName>Mebaloe</persName> £10. in 
<lb/>consideration of his losses at <placeName><settlement type="village">Kolobeng</settlement></placeName> and because 
<lb/>he had kept school and other services and remained  
<lb/>at his work up to the commencement of the  
<lb/>firing. He is now at <placeName><settlement type="village">Kuruman</settlement></placeName></p>
<lb/><p rend="center"><space extent="2" unit="words"/>Believe me yours Affectionately</p>
<lb/><p rend="right"><space extent="4" unit="words"/><persName>David <choice><orig>Livingston</orig><reg>Livingstone</reg></choice></persName></p>
<lb/>
<lb/><p rend="no-indent">I have written during my sojourn here <bibl>An Analysis of the Sechuana</bibl> <!-- Should "Sechuana" be tagged as something? HB 12-5-13 -->
<lb/>It may be accepted by the <bibl>Asiatic Journal</bibl>. If <choice><sic>publised</sic><corr>published</corr></choice> some 
<lb/>months hence you will see I have some important objects in view <add place="below">in it</add></p>

	<cb rend="vertical"/>
	<ab>
<lb/><space extent="2" unit="words"/><hi rend="underline">Care of <persName>Rev<hi rend="sup underline">d</hi> <choice><abbr>W.</abbr><expan>William</expan></choice> Thompson</persName></hi>
<lb/><space extent="6" unit="words"/><placeName><settlement type="city">Cape <hi rend="underline">Town</hi></settlement></placeName>
<lb/><hi rend="underline">Prepaid</hi> 
<lb/><space extent="3" unit="words"/><persName>Rev<hi rend="sup underline">d</hi> D<hi rend="sup underline">r</hi> Tidman</persName>
<lb/><space extent="4" unit="words"/><placeName>Mission House</placeName>
<lb/><space extent="5" unit="words"/><placeName>Blomfield St</placeName>
<lb/><space extent="6" unit="words"/><placeName><settlement type="city">London</settlement></placeName></ab>
	<ab>
<lb/><date when="1852-12-13">13<hi rend="sup underline">th</hi> December</date> I leave this <date when="1852-12-14">tomorrow</date> afternoon
<lb/><persName><choice><abbr>DL.</abbr><expan>David Livingstone</expan></choice></persName></ab>

			
</div>
		</body>
	</text></TEI>