<?xml version="1.0" encoding="UTF-8"?>
<?xml-model href="http://livingstoneonline.github.io/LEAP-ODD/leap.rng" type="application/xml" schematypens="http://relaxng.org/ns/structure/1.0"?>
<?xml-model href="http://livingstoneonline.github.io/LEAP-ODD/leap.rng" type="application/xml" schematypens="http://purl.oclc.org/dsdl/schematron"?>
 <?xml-stylesheet href="http://livingstoneonline.github.io/LEAP-XSLT/transcription.xsl" type="text/xsl"?>
 <!--Converted from a TEI P4 XML file to the LEAP TEI P5 Schema by James Cummings on 2015-03-02--><!--TEI encoding revised and standardized by Adrian S. Wisnicki, 2015-2016-->
         <TEI xmlns="http://www.tei-c.org/ns/1.0" xml:id="liv_000525">
	<teiHeader>
		<fileDesc>
			<titleStmt>
				<title>Letter to David G. Watt</title>
                <title type="alternative">Letter to David G. Watt, 18 June 1843</title>
				<author xml:id="DL">Livingstone, David, 1813-1873</author>
			</titleStmt>
			<publicationStmt>
				<authority>Livingstone Online</authority>
				<pubPlace>College Park, MD, USA</pubPlace>
				<publisher>University of Maryland Libraries</publisher>
				<date>2017</date>
				<idno type="LEAP-ID">liv_000525</idno>
			</publicationStmt>
			<sourceDesc>
				<bibl xml:id="shelfmark">University of London. School of Oriental and African Studies; CWM/LMS/Livingstone Wooden Box, item 23A</bibl>
				<bibl xml:id="ccnumber">Letters, 0070</bibl>
				<bibl xml:id="recipient"><persName>Watt, David G., 1817-1897</persName></bibl>
				<bibl xml:id="date"><date when="1843-06-18">18 June 1843</date></bibl>
				<bibl xml:id="where">Kuruman</bibl>
			</sourceDesc>
		</fileDesc>
		<encodingDesc>
			<projectDesc><p>We have transcribed and represented David Livingstone's letter to David G. Watt on 18 June 1843 in Text Encoding Initiative (TEI) P5 XML encoding.</p>
			</projectDesc>
		</encodingDesc>
		<profileDesc>
			<langUsage>
				<language ident="en">English</language>
			</langUsage>
		</profileDesc>
		<revisionDesc>
			<change>
				<date>2012-06-14</date>
				<name xml:id="AJS">Jared McDonald</name> initial transcription and XML encoding.
            
			</change>
			<change>
				<date>2012-10-28</date>
				<name xml:id="CL">Kathryn Simpson</name> proofreading.
            
			</change>
			<change>
				<date>2013-06-16</date>
				<name xml:id="HFB">Heather F. Ball</name> editing.
            
			</change>
			<change>
				<date>2016-05-08</date>
				<name xml:id="AM">Anne Marin</name>Final Review
            
			</change>
		</revisionDesc>
	</teiHeader>

	<text>
		<body>
			<div>

	<pb n="0001" facs="liv_000525_0001"><!--pb/@n='1r'--></pb>
<lb/><p rend="right"><space extent="4" unit="words"/><placeName><settlement type="village">Kuruman</settlement></placeName> <date when="1843-06-18">18<hi rend="sup">th</hi> June 1843</date></p>
<lb/><p rend="no-indent">My dear <persName>Watt</persName></p>
<lb/><p>Your <bibl>long and excellent letter</bibl> I found awaiting my return from
<lb/>the <placeName><region>Interior</region></placeName> a few days ago. I wrote you twice previous to leaving
<lb/>the <date when="1843-02-21">21<hi rend="sup">st</hi> of <choice><abbr>Feby</abbr><expan>February</expan></choice></date> &amp; now I shall give you some account
<lb/>of my sayings &amp; doings since that period. I passed northward
<lb/>in nearly the same path I trode last year but I had now
<lb/>different objects in view. I have told you of the massacre
<lb/><add place="above">of the <orgName>people</orgName></add> of the unfortunate but brave <persName>Sebegoe</persName>. No one would go
<lb/>with me to him for several months as every one feared
<lb/>for his life. And they had some cause to fear for <w>sever<supplied>-</supplied><lb break="no"/>al</w> of the people of <placeName><settlement type="village">Kuruman</settlement></placeName> were there at the period
<lb/>of attack on a <term type="occupation">trading</term> visit &amp; the night previous
<lb/>to the attack by <persName>Mahura</persName> they had accidentally fired a
<lb/>gun &amp; as usual engaged in family worship. The
<lb/>former deed is considered by the <orgName>people of <choice><abbr>S.</abbr><expan><persName>Sebegoe</persName></expan></choice></orgName> as the <w>sign<supplied>-</supplied><lb break="no"/>al</w> by which they apprised <persName>Mahura</persName> where they were
<lb/>&amp; the latter as incantations to ensure success in
<lb/>their undertaking. I longed to go to him &amp; disabuse
<lb/>his mind of the unfavourable impression against the
<lb/><bibl>gospel</bibl> it had received but it was the above date
<lb/>before I could prevail on <choice><sic>any one</sic><corr>anyone</corr></choice> to drive my
<lb/>waggon. Well I went straight to the town
<lb/>where he with the remains of his tribe have taken
<lb/>taken up their abode &amp; entering squatted down beside
<lb/>him as if I had been an old acquaintance. He
<lb/>&amp; his <orgName>people</orgName> recognized a young man who was 
<lb/>with me as having been of the <orgName><term type="occupation">trading</term> <orgName>party</orgName></orgName>
<lb/>&amp; after the prove identification had passed <!-- Is "prove" correct here, or should it be "proof"? HB 6-16-13 -->
<lb/><choice><abbr>S.</abbr><expan><persName>Sebegoe</persName></expan></choice> turned to me and said Why have you attacked &amp;
<lb/>destroyed all my <orgName>people</orgName>. I gave him a <term type="nationality">Scotch</term>
<lb/>answer &amp; said Why did you refuse to listen
<lb/>to the <choice><sic>advise</sic><corr>advice</corr></choice> I gave your <term type="occupation">messengers</term> last year
<lb/>not to leave the <placeName><geogName type="desert">Bakalihari desert</geogName></placeName> as <persName>Mahura</persName>
<lb/>would certainly attack you if you did. Did your
<lb/><term type="occupation">messengers</term> not deliver my message or did you
<lb/>discredit it &amp; thus destroy yourself? I was</p>
	<cb rend="vertical"/><ab>
<lb/>If you could procure the seeds of the "<foreign xml:lang="la"><term type="plant">asclepia gigantica</term></foreign>" or any other
<lb/>medicinal plants &amp; seal them carefully up in a bottle or tin you would
<lb/>oblige me much. Of <term type="foodstuff">Cardamoms</term>, all must be sealed from sea air</ab>

	<pb n="0002" facs="liv_000525_0002"><!--pb/@n='1v'--></pb>
<lb/><p rend="no-indent">He was evidently surprised to get such an answer as he
<lb/>imagined he had acted quite properly in all he had done. He said
<lb/>he did not disbelieve my message but had been compelled by the 
<lb/>sickness &amp; <unclear cert="high">deaths</unclear> of his <orgName>people</orgName>, want of water &amp; <term type="plant_foodstuff">corn</term> to
<lb/>come out of the desert &amp; was on his way when he sent
<lb/><term type="occupation">messengers</term> with the <term type="animal"><choice><abbr>ox</abbr><expan>oxen</expan></choice></term> to me. The <term type="occupation">messengers</term> who have
<lb/>escaped the slaughter recognized me again &amp; our subsequent
<lb/>intercourse was of a most friendly description. By the
<lb/>bye <persName>Sebegoe</persName> lives about 10 days from this &amp; near the
<lb/>place where <persName>M<hi rend="sup">r</hi> Campbell</persName> faced about to go home. The
<lb/>oven foundries, he mentions as not having been permitted
<lb/>to see I gave you an account of the reason he was
<lb/>not permitted to see them as no one who has had <!-- seems to be added writing above "as no" HB 6-16-13 -->
<lb/><del type="strikethrough">female</del> intercourse with the other sex since the period
<lb/>of the year when they commence to work the iron
<lb/>is permitted to approach as they believe firmly the
<lb/>presence of such a one would certainly bewitch alias
<lb/>burn the metal. This which of course always occurs
<lb/>when they blow too hard is invariably attributed to
<lb/>witchcraft. I who am a <choice><sic>batchelor</sic><corr>bachelor</corr></choice> am permitted
<lb/>to examine freely. And this spot is that at which
<lb/><persName>M<hi rend="sup">r</hi> Moffat</persName> saw the notorious <persName>Moselekatze</persName>, I walked
<lb/>over the site of his town &amp; the place where he
<lb/>suffered his last sad defeat by the <orgName><choice><orig><sic>boors</sic></orig><corr>Boors</corr><reg>Boers</reg></choice></orgName> &amp; a few
<lb/>human bones are the only remains I could
<lb/>observe of the former greatness of the tyrant
<lb/>I am thus circumstantial because I shall probably be
<lb/>for some time located in that very neighbourhood
<lb/>I passed on to the <term type="tribe">Bakwains</term> but the commotions
<lb/>lately convulsed the country have produced great
<lb/>changes in all I saw. <persName>Bubi</persName> has fled to another
<lb/>part of the country, <persName>Sechele</persName> was fulminating
<lb/>against me when I had passed him last year but
<lb/><gap agent="fading" extent="4" unit="chars"/> he did not know what to do with me for
<lb/>kindness. He told many he would lay hold on me
<lb/>if I came back to this country again But to think
<lb/>of laying hold of me when I am absent &amp; to look
<lb/>me in the face &amp; do it are two very different things</p>
	<cb rend="vertical"/><ab>
<lb/>Please refrain from apologies it fills up so much valuable
<lb/>space &amp; they are not worth the ink you write them with</ab>

	<pb n="0003" facs="liv_000525_0003"><!--pb/@n='2r'--></pb>
<lb/><p rend="no-indent">I had a <orgName>set of most dastardly fellows</orgName> with me who refused to 
<lb/>go with me beyond the <term type="tribe">Bakwains</term>. Woe betide them for they
<lb/>alone prevented me seeing the lake and now <persName>Moffat</persName> is on his
<lb/>way hither &amp; is going to do wonders in the way of going
<lb/>northward. I left the <choice><orig>waggon</orig><reg>wagon</reg></choice> at <placeName><persName>Bubi</persName>'s</placeName> &amp; proceeded on my
<lb/>pack <term type="animal"><choice><abbr>ox</abbr><expan>oxen</expan></choice></term> more than 200 miles north of that, a distance
<lb/>greater than I should have been obliged to go had I
<lb/>according to my plan got the <choice><orig>waggon</orig><reg>wagon</reg></choice> on to the <term type="tribe"><w>Bamang<supplied>-</supplied><lb break="no"/>-wato</w></term> &amp; thence proceeded to the lake. As it is if <persName>Moffat</persName>
<lb/>goes beyond every other <orgName>white man</orgName> I can tell you
<lb/>he will go a good way, for I have been as far beyond
<lb/>his furthest point <placeName><region>north</region></placeName> as he has been beyond <placeName><settlement type="village">Kuruman</settlement></placeName>
<lb/>A weary way it was &amp; that too beneath a burning sun
<lb/>But I can bear thirst better than the <orgName>natives</orgName> &amp; am as
<lb/>tough as a "wuddy"<!-- this word is Scots for a hangman's noose usually made from willow, ks, 14.11.12 --> I had the privilege of making known
<lb/>the glad tidings of mercy to many who never before
<lb/>heard them or saw the face of a <orgName>European</orgName>. I had
<lb/>three wild <term type="tribe">Bakwains</term> as my only <term type="occupation">attendants</term> &amp; poor
<lb/>fellows they served me faithfully. Every night
<lb/>gave me the best place at the fire &amp; the first 
<lb/>dive at the <term type="foodstuff">meat</term>. We were entirely <choice><sic>dependant</sic><corr>dependent</corr></choice> on
<lb/>my gun for food and many a weary <unclear cert="low">man</unclear> with an empty
<lb/>stomach <unclear cert="medium">I had</unclear> after the game. I killed 2 <term type="animal">rhinoceros</term>
<lb/>8 large <term type="animal">antelopes</term>, we ate or rather took a "blow out"
<lb/>over the carcass, each one then took a piece &amp;
<lb/>away we trudged. You go with a tent. My tents
<lb/>were growing <choice><sic>every where</sic><corr>everywhere</corr></choice>. A bush at my head &amp;
<lb/>a fire at my feet with some grass spread under
<lb/>were my necessary abodes for 3 weeks &amp; 10 days
<lb/>The <term type="animal">lions</term> were very numerous &amp; sometimes came
<lb/>so close, roaring tremendously, we were or rather I
<lb/>was obliged to get up &amp; fire at them. I became
<lb/>acquainted with many of that poor oppressed 
<lb/>tribe called <term type="tribe">Bakalahari</term> who are usually used by
<lb/>all the other <term type="tribe">Bechuanas</term>. They usually have fled
<lb/>from us but now I got into friendship with
<lb/>many as they came when they saw me in the
<lb/>wilderness &amp; invited me to their villages which
<lb/>are usually so situated it is very difficult to 

	

	<pb n="0004" facs="liv_000525_0004"><!--pb/@n='2v'--></pb>
<lb/>find them out. They are obliged to <term type="occupation">hunt</term> almost constant<supplied cert="high">ly</supplied>
<lb/>for their <term type="occupation">masters</term> &amp; are not allowed to keep anything to
<lb/>themselves of what they take Once they supplied my want
<lb/>when I should have been put to shifts without their aid I
<lb/>had the misfortune to break my finger bone when descending
<lb/>the lofty rocks of the <term type="tribe">Bakaa</term> &amp; was unable to procure
<lb/>food for my <orgName>party</orgName> with the gun. They had had the
<lb/>fortune to kill a <term type="animal">horse</term> a little before &amp; generously gave
<lb/>me a supply which lasted till we arrived at the <choice><orig>waggon</orig><reg>wagon</reg></choice>
<lb/><term type="foodstuff">Meat</term> was my staple article of diet but I eat <w>every<supplied cert="high">-</supplied><lb break="no"/>thing</w> eaten by the <orgName>natives</orgName>. <term type="foodstuff">Bread</term> is quite out of 
<lb/>the question. <term type="insect">locusts</term> a kind of large <term type="animal">caterpillar</term> &amp;c &amp;c
<lb/>every thing goes down with them &amp; so they had to
<lb/>do with me. I lost my way one day &amp; became
<lb/>entirely separated from my <orgName>companions</orgName>. I wandered
<lb/>on &amp; on &amp; on the country was a flat forest, I slept
<lb/>on a tree while the <term type="animal">lions</term> &amp; <term type="animal"><choice><sic>hyeanas</sic><corr>hyenas</corr></choice></term> howled around
<lb/>my airy couch. The following night late I arrived at
<lb/>a <placeName><settlement type="village">village of <term type="tribe">Bakalahari</term></settlement></placeName> &amp; right thankful I was to see
<lb/>the human face divine or rather dirty for hungry
<lb/>&amp; faint &amp; weary I had often thrown myself down under
<lb/>a <term type="plant">bush</term> &amp; thought that here I should surely die. But <choice><sic>the 
<lb/>the</sic><corr>the</corr></choice> Lord was merciful to me &amp; <add place="below">˄</add> <add place="above">next day</add> I got food &amp; two
<lb/>men to go in search of my <unclear cert="high">surviving</unclear> <orgName>companions</orgName>.</p>
<lb/><p><persName>Professor Owen</persName> has got one box but I am waiting
<lb/>for further instructions before I shall send the other, a
<lb/>third box I gave in charge to <persName>M<hi rend="sup">r</hi> Williams</persName> of <placeName><settlement type="village">Hankey</settlement></placeName> an
<lb/>excellent man who is now compelled to leave for <placeName><country>England</country></placeName>
<lb/>in consequence of a <term type="ailment">disease in the throat</term>. He was
<lb/>fully bent on accompanying me to the <placeName><region>Interior</region></placeName> But
<lb/>was prevented by the opinions of <term type="occupation">medical men</term>
<lb/>in the colony. As soon as he gets well he intends to <!-- Should "colony" be tagged in some way? HB 6-16-13 --><!-- geog: Cape Colony -->
<lb/>come out &amp; strike fair across the country to
<lb/>where I am. He is no shilly shallier but a right <w>good<supplied cert="high">-</supplied><lb break="no"/>hearted</w> <term type="person">Welshman</term>. I hope he will succeed in one
<lb/>object he has in view by the Establishment of a
<lb/><bibl><term type="nationality">Welsh</term> missionary magazine</bibl> &amp; if so I shall give in
<lb/>the <persName>Rev<hi rend="sup">d</hi> D. G Watt </persName> <placeName><settlement type="city">Benares</settlement></placeName> as a <term type="occupation">contributor</term> to its pages

	

	<pb n="0005" facs="liv_000525_0005"><!--pb/@n='3r'--></pb>
<lb/>Tell me if you object. He has been most successful among
<lb/>the <orgName>Hottentots</orgName> of <placeName><settlement type="village">Hankey</settlement></placeName> &amp; I pray be may be still more <w>success<supplied>-</supplied><lb break="no"/>ful</w> amongst the <orgName>inhabitants of the <placeName><region>Interior</region></placeName></orgName>
<lb/>What do you think. I am appointed <orgName>member of the
<lb/><orgName>district committee</orgName></orgName> about to be established here and
<lb/>this without asking me whether I liked the affair or
<lb/>not. A strange world we live in this <placeName><bloc>Africa</bloc></placeName>. But we
<lb/>shall see. I mean to vote against its coming into the
<lb/>world at all &amp; after that give myself not trouble
<lb/>at all about it, for to meet only once a year
<lb/>would in this slow travelling country cost me at
<lb/>least <choice><orig>⅟₁₂</orig><reg>1/12</reg></choice> of my time. How is your <orgName>committee</orgName>
<lb/>organized? <persName>Inglis</persName> &amp; <persName>Ashton</persName> are on their way
<lb/>to this place &amp; are designed by the <orgName>directors</orgName> to
<lb/>go to the <placeName><region>Interior</region></placeName>, they are both intent on obeying
<lb/>the command to increase &amp; multiply &amp; replenish the
<lb/>earth. Last night I was called up to assist but
<lb/>in another way the same laudable undertaking, the night
<lb/>before to another &amp; in a day or two I expect to be
<lb/>at a third so you see we are all tending one way
<lb/>Please present my very kind regards to <persName>Budden</persName>
<lb/>&amp; <persName>Kennedy</persName>. If they become ill they must not
<lb/>run away to <placeName><country>England</country></placeName> <add place="below">˄</add> <add place="above">at once</add>. It will do them good to
<lb/>take a look at this outlandish quarter before
<lb/>they go. Poor <persName>Giles</persName> is gone &amp; so is <persName>M<hi rend="sup">r</hi> Wright</persName>
<lb/>of <placeName><settlement type="village">Phillipolis</settlement></placeName>. May we be enabled to improve 
<lb/>by these warning voices. <persName>M<hi rend="sup">r</hi> Moore</persName> is gone to
<lb/><placeName><region>South Seas</region></placeName>. He expected till within a month of
<lb/>sailing to come to me. Alas my brother, he wrote
<lb/>me a note which betokened a man in a <w>predicam<supplied cert="high">-</supplied><lb break="no"/>-ent</w> Had been married yesterday. All my linen down 
<lb/>in the hold &amp; compelled to purchase other today and will
<lb/>sail tomorrow. Yours Most affectionately <persName><choice><abbr>DL</abbr><expan>David Livingstone</expan></choice></persName>.</p>

	<pb n="0006" facs="liv_000525_0006"><!--pb/@n='3v'--></pb>
<lb/><cb rend="vertical"/><ab>Care of <persName>Rev<hi rend="sup underline">d</hi> D<hi rend="sup">r</hi> Phillip</persName> <placeName><settlement type="city"><hi rend="underline">Cape Town</hi></settlement></placeName>
<lb/><space extent="1" unit="words"/>The <persName>Rev<hi rend="sup underline">d</hi> D. G. Watt.</persName>
<lb/><space extent="2" unit="words"/><!-- large figure in red written to right of address --><placeName><settlement type="city"><hi rend="underline">Benares</hi></settlement></placeName>
<lb/><space extent="3" unit="words"/><gap agent="deletion" extent="9" unit="chars"/>
<lb/><space extent="4" unit="words"/><placeName><country>India</country></placeName>
<lb/><figure><figDesc>Two lines of Arabic text</figDesc></figure>
<lb/><!-- Figure, 2 post stamps: "Culcutta, Ship Letter December 9" --></ab>
			
</div>
		</body>
	</text></TEI>