<?xml version="1.0" encoding="UTF-8"?>
<?xml-model href="http://livingstoneonline.github.io/LEAP-ODD/leap.rng" type="application/xml" schematypens="http://relaxng.org/ns/structure/1.0"?>
<?xml-model href="http://livingstoneonline.github.io/LEAP-ODD/leap.rng" type="application/xml" schematypens="http://purl.oclc.org/dsdl/schematron"?>
 <?xml-stylesheet href="http://livingstoneonline.github.io/LEAP-XSLT/transcription.xsl" type="text/xsl"?>
 <!--Converted from a TEI P4 XML file to the LEAP TEI P5 Schema by James Cummings on 2015-03-02--><!--TEI encoding revised and standardized by Adrian S. Wisnicki, 2015-2016-->
         <TEI xmlns="http://www.tei-c.org/ns/1.0" xml:id="liv_000588">
	<teiHeader>
		<fileDesc>
			<titleStmt>
				<title>Letter to Robert Moffat 1</title>
                <title type="alternative">Letter to Robert Moffat 1, [18 July 1845]</title>
				<author xml:id="DL">Livingstone, David, 1813-1873</author>
			</titleStmt>
			<publicationStmt>
				<authority>Livingstone Online</authority>
				<pubPlace>College Park, MD, USA</pubPlace>
				<publisher>University of Maryland Libraries</publisher>
				<date>2017</date>
				<idno type="LEAP-ID">liv_000588</idno>
			</publicationStmt>
			<sourceDesc>
				<bibl xml:id="shelfmark">University of London. School of Oriental and African Studies; CWM/LMS/Africa/Odds - Livingstone, Box 4-05</bibl><!-- note that for the fol. number we are no longer using "r" and "v", just the page numbers as per this example. -->
				<bibl xml:id="ccnumber">Letters, 0126</bibl>
				<bibl xml:id="recipient"><persName>Moffat, Robert 1, 1795-1883</persName></bibl>
				<bibl xml:id="date"><date when="1845-07-18">[18 July 1845]</date></bibl>
				<bibl xml:id="where">[Mabotsa]</bibl>
			</sourceDesc>
		</fileDesc>
		<profileDesc>
			<langUsage>
				<language ident="en">English</language>
			</langUsage>
			<langUsage>
				<language ident="und">Undetermined</language>
			</langUsage>
            <handNotes>
                <handNote xml:id="U">Scribe: Unknown</handNote>
            </handNotes>
		</profileDesc>
		<revisionDesc>
			<change>
				<date>2012-20-09</date>
				<name xml:id="KS">Kate Simpson</name>Initial transcription and XML encoding.
            
			</change>
			<change>
				<date>2013-02-14</date>
				<name xml:id="AJS">AJ Schmitz</name>Proofreading
            
			</change>
			<change>
				<date>2013-05-02</date>
				<name xml:id="HFB">Heather F. Ball</name>Additional encoding.
            
			</change>
			<change>
				<date>2016-06-09</date>
				<name xml:id="AM">Anne Martin</name>Final Review
            
			</change>
		</revisionDesc>
	</teiHeader>

	<text>
		<body>
			<div>

	<pb n="0001" facs="liv_000588_0001"><!--pb/@n='1'--></pb>
<!-- Transcription based on Schapera Critical Edition -->
<lb/><p rend="no-indent"><date when="1845-07-18"/>We hear that <persName>Inglis</persName>' visit to the <term type="tribe">Bahurutse</term><!-- Date note included on letter- in critical edition? HB 5-2-13 -->
<lb/>has put a quietus upon their removal<supplied cert="high">.</supplied>
<lb/>We suppose he will find out you are
<lb/>of more weight in effecting removal, &amp;c <!-- Not sure if "effecting" should be "affecting" HB 5-2-13 -->
<lb/>than either he or <persName>Andries</persName><!-- this name may be Andrews, AJS --> or both
<lb/>put together<supplied cert="high">.</supplied></p>
<lb/><p>We <choice><sic>recieved</sic><corr>received</corr></choice> the <term type="animal">cow</term> bought by
<lb/><persName>Mameri</persName> and another I had at <placeName><settlement type="village">Motito</settlement></placeName>
<lb/>but what do you mean by "your
<lb/><term type="animal">cow</term>"<supplied cert="high">?</supplied> If you refer to that which
<lb/>was at <placeName><settlement type="village">Obonyeñ</settlement></placeName> you do very wrong
<lb/>(excuse my saying so) for I shall never
<lb/>accept it. It did not come &amp; I hope
<lb/>never will. If it lies on your
<lb/>conscience give it to <persName>Ann</persName> as part 
<lb/>of her dowr<del type="strikethrough">e</del>y<supplied cert="high">.</supplied></p>
<lb/><p>I thank you most heartily for
<lb/>the gun affairs <term type="plant_foodstuff">barley</term> &amp; every thing<del type="strikethrough">s</del>
<lb/>else, but I shall do so more fully
<lb/>by <persName>Paul</persName> who will go on <choice><sic>Wedensday</sic><corr>Wednesday</corr></choice> next</p>


	<pb n="0002" facs="liv_000588_0002"><!--pb/@n='2'--></pb>
<lb/><p>We have enclosed thoughts on
<lb/><persName>Helen</persName>'s affair. We think the young
<lb/>man did right in speaking to <persName>Helen</persName> first
<lb/>but it is a pity she was not at the
<lb/>time of age. I would not have
<lb/>come to you first for the world
<lb/>It may be well for her future
<lb/>prosperity if she is directed past
<lb/>this match<supplied cert="high">.</supplied> But all we say is
<lb/>freely &amp; after we know your
<lb/>decision has been given</p>
<lb/><p rend="no-indent">My dear <persName>Mary</persName> is very well. In fact
<lb/>improving on the subject, this 
<lb/>journey is evidence. She could not
<lb/>have taken it three weeks ago
<lb/>We were much better without <persName>M<hi rend="sup">r</hi>
<lb/>Edwards</persName><supplied cert="high">'</supplied> presence. The <term type="occupation">chief</term> once
<lb/>asked me when <persName>M<hi rend="sup">r</hi> <choice><abbr>E</abbr><expan>Edwards</expan></choice></persName> would come
<lb/>with his gun &amp; <term type="animal">cow</term><supplied cert="high">.</supplied> I told him I believed
      
      

	<pb n="0003" facs="liv_000588_0003"><!--pb/@n='3'--></pb>
<lb/>he would get to the <placeName><region>Colony</region></placeName> first, perhaps <!-- Should "Colony" be tagged in some way? HB 5-2-13 --> <!-- I have tagged it as a region AM -->
<lb/>this statement may be included in the
<lb/>charges. He told the <term type="occupation">chief</term> on his arrival
<lb/>that he had come to ask the loan of 
<lb/>his brother. (A fine young man) to take
<lb/>him to the <placeName><region>Colony</region></placeName> <!-- not sure about this bracket here, AJS --><foreign xml:lang="und">go mo kopela
<lb/>khumo</foreign><!-- Adrian, unknown language here, ks, 20.9.12--></p>
<lb/><p>This is not a letter, it is
<lb/>a <foreign xml:lang="und">turmerisho</foreign> <!-- Adrian, unknown language here, AJS -->only. You must never
<lb/>take any expression in <bibl>my letters</bibl>
<lb/>as implying disrespect or dis<supplied cert="high">-</supplied>anything <unclear cert="high">bad</unclear>
<lb/>unless I tell you it is such in addition
<lb/>to the expression. Take this to prevent
<lb/>any misapprehension <!-- not sure about this bracket here, AJS --><foreign xml:lang="und">ka bosina
<lb/>bokhutlo yotle</foreign><!-- Adrian unknown language here, ks, 20.9.12 --> Amen</p>
<lb/><p>Our united love to <persName>Mameri</persName> &amp; all others</p>


	<pb n="0004" facs="liv_000588_0004"><!--pb/@n='4'--></pb>
<lb/><p rend="no-indent">There is <bibl>a letter of <persName>M<hi rend="sup">r</hi> Murray</persName></bibl>
<lb/>&amp; be forwarded
<lb/><space extent="1" unit="words"/><persName>Rev<hi rend="sup underline">d</hi> <choice><abbr>R</abbr><expan>Robert</expan></choice> Moffat</persName>
<lb/><space extent="2" unit="words"/><placeName><settlement type="village">Kuruman</settlement></placeName></p>
	<ab/>
<lb/><p rend="no-indent"><add place="inline" hand="#U"><persName><choice><orig>Livingston</orig><reg>Livingstone</reg></choice></persName></add></p>
<lb/><p rend="no-indent"><space extent="1" unit="words"/><add place="inline" hand="#U"><placeName><settlement type="village">Mabotsa</settlement></placeName></add></p>
<lb/><p rend="no-indent"><add place="inline" hand="#U"><hi rend="underline"><date when="1845-07-18">18<hi rend="sup">th</hi> July 1845</date></hi></add></p>
			
</div>
		</body>
	</text></TEI>