<?xml version="1.0" encoding="UTF-8"?>
<?xml-model href="http://livingstoneonline.github.io/LEAP-ODD/leap.rng" type="application/xml" schematypens="http://relaxng.org/ns/structure/1.0"?>
<?xml-model href="http://livingstoneonline.github.io/LEAP-ODD/leap.rng" type="application/xml" schematypens="http://purl.oclc.org/dsdl/schematron"?>
 <?xml-stylesheet href="http://livingstoneonline.github.io/LEAP-XSLT/transcription.xsl" type="text/xsl"?>
 <!--Converted from a TEI P4 XML file to the LEAP TEI P5 Schema by James Cummings on 2015-03-02--><!--TEI encoding revised and standardized by Adrian S. Wisnicki, 2015-2016-->
         <TEI xmlns="http://www.tei-c.org/ns/1.0" xml:id="liv_000609">
	<teiHeader>
		<fileDesc>
			<titleStmt>
				<title>Letter to Robert Moffat 1</title>
                <title type="alternative">Letter to Robert Moffat 1, 11 February 1846</title>
				<author xml:id="DL">Livingstone, David, 1813-1873</author>
			</titleStmt>
			<publicationStmt>
				<authority>Livingstone Online</authority>
				<pubPlace>College Park, MD, USA</pubPlace>
				<publisher>University of Maryland Libraries</publisher>
				<date>2017</date>
				<idno type="LEAP-ID">liv_000609</idno>
			</publicationStmt>
			<sourceDesc>
				<bibl xml:id="shelfmark">University of London. School of Oriental and African Studies; CWM/LMS/Africa/Odds - Livingstone, Box 4-09</bibl>
				<bibl xml:id="ccnumber">Letters, 0146</bibl>
				<bibl xml:id="recipient"><persName>Moffat, Robert 1, 1795-1883</persName></bibl>
				<bibl xml:id="date"><date when="1846-02-11">11 February 1846</date></bibl>
				<bibl xml:id="where">Chonuane</bibl>
			</sourceDesc>
		</fileDesc>
		<profileDesc>
			<langUsage>
				<language ident="en">English</language>
			</langUsage>
            <handNotes>
                <handNote xml:id="U">Scribe: Unknown</handNote>
            </handNotes>
		</profileDesc>
		<revisionDesc>
			<change>
				<date>2012-11-02</date>
				<name xml:id="JM">Jared McDonald</name>Initial transcription and XML encoding.
            
			</change>
			<change>
				<date>2013-01-09</date>
				<name xml:id="KS">Kathryn Simpson</name>Proofreading.
            
			</change>
			<change>
				<date>2012-12-04</date>
				<name xml:id="HFB">Heather F. Ball</name>Additional encoding.
            
			</change>
			<change>
				<date>2016-06-16</date>
				<name xml:id="AM">Anne Martin</name>Final Review
            
			</change>
		</revisionDesc>
	</teiHeader>

	<text>
		<body>
			<div>

	<pb n="0001" facs="liv_000609_0001"><!--pb/@n='1r'--></pb>
<lb/><p rend="right"><space extent="3" unit="words"/><placeName><settlement type="village">Chonuane</settlement></placeName> <date when="1846-02-11">11 <choice><abbr>Feb<hi rend="sup">y</hi></abbr><expan>February</expan></choice> 1846</date></p>
<lb/>
<lb/><p>My Dear Father</p>
<lb/><p><space extent="4" unit="words"/>We were very sorry to hear of the toss 
<lb/>your system <choice><sic>recieved</sic><corr>received</corr></choice> from the mill. The pain must
<lb/>have been intense for an extensive <term type="ailment">laceration</term>
<lb/>is of all others the most irritating. <persName>M<hi rend="sup">r</hi> Ashton</persName>
<lb/>seems to have done his duty in the surgical line
<lb/>the only difference I should have suggested in
<lb/>the treatment might not have pleased you as 
<lb/>it would have been a simplification and
<lb/>might have appeared as doing less than duty
<lb/>You ought to have had a strong <term type="medicament">opiate</term> as <!-- Not sure if opiate and Morphia (line 15) are medicaments or prescriptions... HB 6-19-13 -->
<lb/>soon as possible in order to allay or
<lb/>prevent the effects of the shock on the
<lb/>system. <term type="medicament">Morphia</term> perhaps repeated for a day
<lb/>or two and afterwards if pain prevented
<lb/>sleep, the wound dressed with lint dipped
<lb/>in water after the bleeding ceased or suppurati<add place="above">-on</add>
<lb/>fairly begun. Till then nothing but dry
<lb/>lint is necessary. If there is too much
<lb/>inflammation set up in the wound and
<lb/>it looks red &amp; angry (Like <persName>M<hi rend="sup">rs</hi> R</persName>) warm 
<lb/>water frequently poured over the lint and
<lb/>evaporation prevented by the whole being covered
    
	

	<pb n="0002" facs="liv_000609_0002"><!--pb/@n='1v'--></pb>
<lb/><choice><sic>covered</sic><corr/></choice> over with oil silk or oil cloth and a <!-- Adrian, is this additional "covered" coded correctly? HB 6-19-13 -->
<lb/>little cooling medicine will soon relieve it and
<lb/>is far better than <term type="medicament">poultices</term>. The wound <!-- Is poultices a medicament, or no coding needed? HB 6-19-13 -->
<lb/>should never be washed. Pus is the best
<lb/>salve. In dressing the skin around alone
<lb/>needs cleaning - the sponge ought not to
<lb/>touch the red flesh. If the new parts
<lb/>springing up use above the surrounding 
<lb/>skin or are too large &amp; flabby a little of  
<lb/>what salves are usually composed, Zinc
<lb/><choice><abbr>Alum.</abbr><expan>Aluminium</expan></choice><unclear cert="high">lunar</unclear> caustic &amp;c may be dissolved
<lb/>in the water and applied Nature does all
<lb/>the water dressing is now used more than
<lb/>any other where people are willing to pay
<lb/>without a farrago of <term type="occupation">doctoring</term> and is
<lb/>asserted by those who have the best 
<lb/>means of judging as better than any other
<lb/>Hope you will never need to apply it on 
<lb/>your own person. Shall not be surprised
<lb/>if you feel numbness &amp;c in your little &amp; 
<lb/>next finger for some time to come. It
<lb/>was a mercy the arm was not lost you 
<lb/>will be obliged to spend your time in 
<lb/>better work than <term type="occupation">roofing</term> &amp; other manual  

	

	<pb n="0003" facs="liv_000609_0003"><!--pb/@n='2r'--></pb>
<lb/>labours. That which although all very necessary
<lb/>are not to be compared to the effects of translations
<lb/>for these will be known when our stations
<lb/>swept away &amp; we all dead &amp; rotten. I am glad
<lb/>to think as it is the left arm you may be just
<lb/>as useful as ever. I have got up the roof
<lb/>and <persName>Mebola</persName> is now at the third row in <term type="occupation">thatching</term>
<lb/>I felt very nervous in <term type="occupation">roofing</term> this time in <w>conseq<supplied>-</supplied><lb break="no"/>uence</w> of a piece of lath breaking &amp; setting me 
<lb/>aswinging in the air like a pendulum. All my
<lb/>operations aloft were conducted after that in  
<lb/>the crawling order and in perpetual fear of 
<lb/>coming down by the run. The walls
<lb/>in consequence of long detention at <placeName><settlement type="village">Mabotsa</settlement></placeName>
<lb/>were sadly dilapidated on my return and 
<lb/>had we enjoyed the usual supply of rain 
<lb/>we should have found them prostrate. Is
<lb/>it the prince of the power of the air who 
<lb/>avenges drought at <placeName><settlement type="village">Chonuane</settlement></placeName> this year
<lb/>As was last season at <placeName><settlement type="village">Mabotsa</settlement></placeName>? If he has
<lb/>the power I suppose we may say He has the 
<lb/>will &amp; no mistake. The <term type="plant_foodstuff">corn</term> is short 
<lb/>burned &amp; shooting into ear at about 2 feet
<lb/>from the ground and I suppose many think 
<lb/>we are the cause</p>


	<pb n="0004" facs="liv_000609_0004"><!--pb/@n='2v'--></pb>
<lb/><p rend="no-indent">We have so many clouds around us I believe
<lb/>we are to be favoured with success soon 
<lb/>And I feel the more inclined to stick to
<lb/>and persevere in the great work: I would 
<lb/>not go back to live at <placeName><settlement type="village">Mabotsa</settlement></placeName> with <persName>M<hi rend="sup">r</hi> <choice><abbr>E</abbr><expan>Edwards</expan></choice></persName>
<lb/>for the good word of seven or even seventeen 
<lb/>ladies, for though I liked &amp; do still love 
<lb/>the <term type="tribe">Bakhatla</term> the prospects are so much 
<lb/>more encouraging, here there is no <w>com<supplied>-</supplied><lb break="no"/>-parison</w>. This although in addition contentions 
<lb/>between the tribes. <persName>Edwards</persName> dirt &amp;c I have got 
<lb/>the <orgName>Boers</orgName> about my ears. I send a note we 
<lb/>got last week, almost if I understand it right  
<lb/>prohibiting farther operations without their 
<lb/>sanction. As they seem to know perfectly 
<lb/>of this station and are only five days distant 
<lb/>We thought it would be imprudent to take 
<lb/>no notice of their mandate so I answered 
<lb/>shortly in English by informing them <!-- Are languages tagged? HB 6-19-13 --> <!-- I don't think so AM -->
<lb/>of my object. An object which they 
<lb/>as professing <orgName>Christians</orgName> approve (?) and 
<lb/>which they I hoped would endeavour to promote 
<lb/>To this I added I was a <term type="nationality">Scotchman</term> &amp; MC. <!-- unsure of abbr, ks, 9.1.13- Possibly Mr Cumming? HB 6-19-13 -->and 

	

	<pb n="0005" facs="liv_000609_0005"><!--pb/@n='3r'--></pb>
<lb/><choice><sic>and</sic><corr/></choice> without promising any obedience to their order <!-- Adrian, is this additional "and" coded correctly? HB 6-19-13 -->
<lb/>I hoped to visit them at some future time and  
<lb/>might be of some service to the afflicted.
<lb/>We thought civility the best mode of dealing in the 
<lb/>affair. <space dim="horizontal" extent="5" unit="chars"/>A <term type="occupation">chief</term> named <persName>Mokhatla</persName> lives in their <!-- Is this really the end of a paragraph, or just one of DL's spacings? HB 6-19-13 -->
<lb/>direction and although he would be glad of <persName>Paul</persName>
<lb/>to come and live with him he says the <orgName>Boers</orgName>
<lb/>would not allow it. As it seems a favourable  
<lb/>opening. He being a sensible <choice><sic>agreable</sic><corr>agreeable</corr></choice> man <w>per-
<lb break="no"/>-haps</w> some friendly intercourse with the <orgName><choice><sic>b</sic><corr>B</corr></choice>oers</orgName> 
<lb/>may smooth the path for <persName>Paul</persName>. They will 
<lb/>be sure to visit us as they come to the <placeName>Marikoe</placeName><!-- Is this a region, town, city? HB 6-19-13 -->
<lb/>to hunt every winter for <term type="animal">sealcows</term>. They may come 
<lb/>sooner But we feel at perfect ease whether 
<lb/>they come or not - I should not like them  
<lb/>to come in my absence. If here I have no 
<lb/>apprehensions of any unpleasantness, But 
<lb/><choice><sic>dont</sic><corr>don't</corr></choice> know what they might do if they found 
<lb/>the house standing unoccupied</p>
<lb/><p><persName>Mamary</persName> mentions <persName>M<hi rend="sup underline">rs</hi> Lemue</persName>'s fears about 
<lb/><persName>Saul</persName> coming here. He will not be so well as  
<lb/>he is at <placeName><settlement type="village">Motito</settlement></placeName> and those who invited him 
<lb/>must have told him so. <persName>Mebala</persName> has far 
<lb/>fewer <term type="animal">cattle</term> now than he had on leaving <placeName><settlement type="village">Kuruman</settlement></placeName>


	<pb n="0006" facs="liv_000609_0006"><!--pb/@n='3v'--></pb>
<lb/>every one of his <term type="animal">goats</term> and <term type="animal">sheep</term> died. The ground
<lb/>he could irrigate is about 100 <choice><abbr>yds</abbr><expan>yards</expan></choice> in length and in
<lb/>my garden which is situated in every respect 
<lb/>as his is, if drought continues a week although 
<lb/>I turn the whole of the water in a piece of ground 
<lb/>four yards in breadth &amp; one hundred paces in 
<lb/>length will not be irrigated in half a day - <persName>Saul</persName>
<lb/>knows all both losses in <term type="animal">cattle</term> at <placeName><settlement type="village">Mabotsa</settlement></placeName>
<lb/>and that <placeName><settlement type="village">Chonuane</settlement></placeName> is worse than <placeName><settlement type="village">Mabotsa</settlement></placeName> so
<lb/>if he comes it must be for other reasons 
<lb/>than those <persName>M<hi rend="sup">rs</hi> <choice><abbr>L</abbr><expan>Lemue</expan></choice></persName> might ascribe And indeed ascribe 
<lb/>what she likes her words are wind to me.</p>
<lb/><p rend="no-indent">When <persName>Saul</persName> came to <term type="occupation">nurse</term> <persName>Mebala</persName> after the bite
<lb/>of the <term type="animal">lion</term> he said to me "Marry &amp; I shall come &amp;
<lb/>live with you" To this I only replied by the joke 
<lb/>of offering to employ him to go &amp; seek a wife for  
<lb/>me as I had then no time myself. I should 
<lb/>be sorry to write him as a member of another 
<lb/>society and equally so to say a word against him 
<lb/>coming ᅳ I put <persName>M<hi rend="sup">rs</hi> <choice><abbr>L</abbr><expan>Lemue</expan></choice></persName> in nearly the same
<lb/>category with <persName>M<hi rend="sup">rs</hi> Ross</persName>. She must side with 
<lb/><persName>M<hi rend="sup">rs</hi> <choice><abbr>E</abbr><expan>Edwards</expan></choice></persName> or woe betide her ᅳ It is not now 
<lb/>convenient to indulge in the style of invective 
<lb/>against your egotism &amp; ingratitude for the immense 
<lb/>assistance <persName>M<hi rend="sup">r</hi> Lemue</persName> afforded you in criticism
<lb/>(of which criticism by the bye they confessed
<lb/>you had not availed yourself in actual printing)
<lb/>And which was the burden of their song on
<lb/>every occasion your speeches or <bibl>letters</bibl> came

	

	<pb n="0007" facs="liv_000609_0007"><!--pb/@n='4r'--></pb>
<lb/><persName>M<hi rend="sup underline">rs</hi> <choice><abbr>L</abbr><expan>Lemue</expan></choice></persName> knows <persName>M<hi rend="sup">rs</hi> <choice><abbr>E</abbr><expan>Edwards</expan></choice></persName> would make disclosures if she did
<lb/>not keep friendly. Having heard so much of your  
<lb/>egotism before I ever saw you in this country 
<lb/>I remember having considerable dislike to you 
<lb/>and as your faults were always mentioned in the 
<lb/>deploring <term type="animal">crocodile</term> strain I thought the men 
<lb/>really mourning <add place="below">˄</add> <add place="above">&amp; praying</add> over your frailties. As however 
<lb/>I am now favoured with the same lugubrious
<lb/>prayers and dolorous wailings I know their
<lb/>value &amp; wonder at my own utter ignorance 
<lb/>of mankind</p>
<lb/><p>As for <persName>M<hi rend="sup">r</hi> <supplied cert="high">Ross</supplied></persName> &amp; <persName>M<hi rend="sup">rs</hi> Ross</persName> I feel strongly inclined 
<lb/>to expose their conduct towards me. I believed 
<lb/>he treated me most ungentlemanly in the way 
<lb/>and when I looked back after our arrival at 
<lb/><placeName><settlement type="village">Kuruman</settlement></placeName> I felt humbled that I had not 
<lb/>been more patient of insult &amp;c than I had been 
<lb/>I thought I should have borne more and 
<lb/>have uniformly taken the blame in part 
<lb/>upon myself. After accusing me of an 
<lb/>intention "to impose on his wife", calling me 
<lb/>"a liar" when I denied it &amp; repeating the 
<lb/>insult in several ways. I could <hi rend="underline">not</hi> esteem 
<lb/>him. My heart burned with indignation 
<lb/>for I was conscious of just as little inclination 
<lb/>towards his wife as I now have towards
<lb/>my grandmother<supplied>'</supplied>s <term type="animal">cat</term>. Yet I felt distressed

	

	<pb n="0008" facs="liv_000609_0008"><!--pb/@n='4v'--></pb>
<lb/><note place="marginleft" rend="gray vertical">not usable</note>
<lb/>that being a <term type="occupation">missionary</term> I had these feelings. Many
<lb/>a sleepless night I spent &amp; wished I were not
<lb/>a <term type="occupation">missionary</term>. Well when I came to <placeName><settlement type="village">Kuruman</settlement></placeName>
<lb/>I tried to subdue my feelings &amp; never mentioned 
<lb/><choice><sic>any thing</sic><corr>anything</corr></choice> to any one. <persName>M<hi rend="sup">rs</hi> Edwards</persName> has repeatedly 
<lb/>told that <persName>M<hi rend="sup">rs</hi> Ross</persName> did not allow three days to
<lb/>pass over before she began and made statements 
<lb/>respecting me which to use <persName>M<hi rend="sup">rs</hi> <choice><abbr>E</abbr><expan>Edwards</expan></choice></persName>'s own words 
<lb/>"made us afraid of you" And - that I never 
<lb/>said one word about the <persName>Ross</persName>es for more 
<lb/>than three months. Why did I then begin? 
<lb/>Because <persName>M<hi rend="sup">r</hi><supplied cert="high">Edwards</supplied></persName> &amp; <persName>M<hi rend="sup">rs</hi> <choice><abbr>E</abbr><expan>Edwards</expan></choice></persName> then began to tell me all
<lb/>that they had heard from the <persName>Ross</persName>es about me  
<lb/>their statements being gross misrepresentations 
<lb/>I was compelled to tell my way of viewing the 
<lb/>subject. The <persName>Ross</persName>es went on month 
<lb/>after month retailing scandal <add place="below">˅</add> <add place="above">against me</add> &amp; that was 
<lb/>just as regularly reretailed to me at table 
<lb/><choice><orig>untill</orig><reg>until</reg></choice> I was sick of it. I would have spoken 
<lb/>to the <persName>Ross</persName>es about it But was so disgusted 
<lb/>with them I could not. This continuous 
<lb/>scandalizing which I bore as a nail in my 
<lb/>shoe for two years determined on no 
<lb/>account to quarrel again I called to 
<lb/>my friends and to <persName>Inglis</persName> amongst the
<lb/>number most abominable <term type="animal">mule</term> headed
<lb/>wickedness and I shall repeat it as long
<lb/>as I live if <persName>Ross</persName> does not acknowledge it

	<pb n="0009" facs="liv_000609_0009"><!--pb/@n='5r'--></pb>
<lb/>As a specimen of the details with which I was furnished
<lb/>her first child was on the point of strangulation 
<lb/>in birth as <persName>Rachel</persName> did not know how to deliver 
<lb/>the head, I assisted the child immediately by doing what 
<lb/>you know. But as it is very simple I never thought 
<lb/>of mentioning it <choice><orig>untill</orig><reg>until</reg></choice> told by <persName>M<hi rend="sup">rs</hi> <choice><abbr>E</abbr><expan>Edwards</expan></choice></persName> that <persName>M<hi rend="sup">rs</hi> <choice><abbr>R</abbr><expan>Ross</expan></choice></persName>
<lb/>told both <persName>M<hi rend="sup">rs</hi> Helmore</persName> &amp; <persName><supplied>M<hi rend="sup">rs</hi></supplied> Lemue</persName> that I had "done 
<lb/>nothing at all but pretend that the child was 
<lb/>in danger in order to take credit to myself. I was 
<lb/>also told that <persName>M<hi rend="sup">r</hi> Ross</persName> said that when previously 
<lb/>consulted by <persName>M<hi rend="sup">rs</hi> <choice><abbr>R</abbr><expan>Ross</expan></choice></persName> (Having explained the nature 
<lb/>of the pains) I had tried to make her afraid 
<lb/>and other things of a like nature. Now in  
<lb/>reference to this I have felt if they did not 
<lb/>choose to feel gratitude &amp; <persName>Ross</persName> never once 
<lb/>thanked meᅳ They need not have told a lie 
<lb/>in order to detract from my character. I never 
<lb/>boasted of what I had done. Why <choice><orig>shew</orig><reg>show</reg></choice> hatred 
<lb/>towards me. Why pursue me with such 
<lb/>inveterate enmity when during my whole 
<lb/>intercourse with them after coming to 
<lb/><placeName><settlement type="village">Kuruman</settlement></placeName> I never said an uncivil word 
<lb/>or did one uncivil thing. Why begin 
<lb/>detraction and lie to <persName>Mary Moffat</persName> about 
<lb/>me as soon as she came to <placeName><settlement type="village">Kuruman</settlement></placeName>
<lb/>If I did <add place="inline">˄</add> <add place="above">not</add> feel that I should degrade myself
<lb/>by giving her an opportunity of familiar

	

	<pb n="0010" facs="liv_000609_0010"><!--pb/@n='5v'--></pb>
<lb/>intercourse I should speak to her frankly But
<lb/>after being told by <persName>Mr <choice><abbr>R</abbr><expan>Ross</expan></choice></persName> that he looked to me 
<lb/>"with infinite contempt" "never mind" said 
<lb/>he to <persName>M<hi rend="sup">rs</hi> <choice><abbr>R</abbr><expan>Ross</expan></choice></persName> "We are far above him" I never
<lb/>come near them but feel I have no more 
<lb/>esteem for them than I have <add place="below">˄</add> <add place="above">for</add> <bibl>Punch the <placeName><settlement type="city">London</settlement></placeName>
<lb/>Charivari</bibl>. I give these few particulars <!-- Should Punch the London Charivari be coded as a name/place/together? HB 6-19-13 --> <!-- I have now coded it using <bibl> AM -->
<lb/>that you may know whether I have had 
<lb/>reason to speak against them. I have 
<lb/>spoken against them and can repeat
<lb/>every word again. I should like to bring 
<lb/>a few things like the above to their remembrance 
<lb/>and if I met him should probably do so</p>
<lb/><p>We thank you heartily for the bellows 
<lb/>&amp; beads. I was getting quite low spirited
<lb/>&amp; gloomy but these arrival<supplied cert="high">s</supplied> put fresh steam 
<lb/>into our boilers. I was foolishly beginning  
<lb/>to feel as if we were forgotten. Pictured
<lb/><unclear cert="medium">to come</unclear> as not come. You as no longer wishing
<lb/>to be bothered perpetually sending. My walls 
<lb/>lying like droppings from a <term type="animal">cow</term>'s tail 
<lb/>Perhaps you see it in <bibl>my late letters</bibl> for 
<lb/>I cannot write cheerfully if dull within 
<lb/>I hasten now with inside walls. Perhaps 
<lb/>we may finish one room in order to remove

	

	<pb n="0011" facs="liv_000609_0011"><!--pb/@n='6r'--></pb>
<lb/>speedily. Glad to hear of <term type="plant_foodstuff">coffee seed</term> &amp; will
<lb/>be thankful for a little also <term type="plant_foodstuff">Rhubarb</term>. I see 
<lb/><persName>D<hi rend="sup">r</hi> Wallich</persName> mentions my answer to his Did 
<lb/>you write by the box. I have not written again 
<lb/>and the lot sent was but a poor assortment 
<lb/>I expected you to tell this but suppose you 
<lb/>were busy. Ought we not in sending off 
<lb/>another to beg some <term type="nationality">Indian</term> <term type="plant_foodstuff">fruits</term>?</p>
<lb/><p>I expect the <orgName>Committee</orgName> will decide that
<lb/><persName>M<hi rend="sup">r</hi> <choice><abbr>E</abbr><expan>Edwards</expan></choice></persName> furnish me with something like what 
<lb/>most of them know to have been his 
<lb/>charges against me. I have no doubt but 
<lb/>he has written to the <orgName>Directors</orgName> long ago  
<lb/>"Minds of iron" are so "honest" breaches of
<lb/>honour make scratches no deeper than 
<lb/>cobwebs on long noses. The <bibl>letters</bibl> sent 
<lb/>by the <term type="tribe">Bakwains</term> to the <term type="tribe">Bahurutse</term> were 
<lb/>delivered into <persName>M<hi rend="sup">r</hi> Inglis</persName> hand. We spoke 
<lb/>in them of <persName>M<hi rend="sup">r</hi> Murray</persName> &amp; <persName>Oswal</persName><supplied cert="high">'</supplied>s opinion 
<lb/>of <persName>Edwards</persName>, given unsolicited by us 
<lb/>"the coarsest most uncouth man  
<lb/>they ever saw" "He will never make 
<lb/>conversions". &amp;c. I send a note by these 
<lb/>open, requesting <persName>M<hi rend="sup">r</hi> Inglis</persName> on the back of 
<lb/>it the name of the person to whom he sent

	

	<pb n="0012" facs="liv_000609_0012"><!--pb/@n='6v'--></pb>
<lb/>the present <term type="occupation">messengers</term> will take on the note to you
<lb/>if he refuses to write we shall have a guess</p>
<lb/><p rend="no-indent"><persName>Sechele</persName> was very much pleased with your message 
<lb/>but complains that he is plagued by <persName>Khake</persName>'s 
<lb/>people robbing his <term type="tribe">Bakalihari</term> as <unclear cert="medium">the</unclear><supplied cert="medium">y</supplied> come
<lb/>to him with skins. If another people he would 
<lb/>bear all but they hire his own subjects and he
<lb/>thinks he ought to remove them from that part 
<lb/>of the country. He says he will do so but will 
<lb/>tell me before he does it. He sends a Karros  
<lb/>to <persName>Mamary</persName> partly as an acknolwedgement 
<lb/>for the little red cap sent and partly to buy 
<lb/>clothing. Shirts &amp; handkerchiefs would be  
<lb/>very acceptable to him. She will know the 
<lb/>value to be sent. He dresses in <term type="animal">haartebeest</term> skin 
<lb/>on week days and in a red coat on Sundays 
<lb/>Can spell all through the spelling book fluently 
<lb/>and reads with a little help. He lost his 
<lb/>spelling book when out <term type="occupation">hunting</term> during our 
<lb/>absence. (the second) which rather retarded 
<lb/>him for he had to revert to the first. He is
<lb/>greatly in love with your rifles and wishes 
<lb/>to know if he could buy one with either ivory 
<lb/>or Karroses. And requests me to ask if you</p>
<lb/><p><note place="marginleft" rend="vertical gray" hand="#U"><hi rend="underline">no correspondence</hi></note></p>
			
</div>
		</body>
	</text></TEI>