<?xml version="1.0" encoding="UTF-8"?>
<?xml-model href="http://livingstoneonline.github.io/LEAP-ODD/leap.rng" type="application/xml" schematypens="http://relaxng.org/ns/structure/1.0"?>
<?xml-model href="http://livingstoneonline.github.io/LEAP-ODD/leap.rng" type="application/xml" schematypens="http://purl.oclc.org/dsdl/schematron"?>
<?xml-stylesheet href="http://livingstoneonline.github.io/LEAP-XSLT/transcription-1870-html.xsl" type="text/xsl"?> 
<!--<?xml-stylesheet href="transcription-1870.xsl" type="text/xsl"?>-->
<TEI xmlns="http://www.tei-c.org/ns/1.0" xml:id="liv_002570">
    <teiHeader>
        <fileDesc>
            <titleStmt>
                <title>Letter to Agnes Livingstone 3</title>
                <title type="alternative">Letter to Agnes Livingstone 3, March 1871</title>
                <author>David Livingstone</author>
                <principal>Adrian S. Wisnicki</principal>
                <principal>Christopher Lawrence</principal>
				<respStmt xml:id="AW">
					<name>Adrian S. Wisnicki</name>
					<resp>Transcription</resp>
					<resp>TEI Encoding</resp>
					<resp>Proofreading</resp>
                    <resp>Editorial Decisions</resp>
					<resp>Coding Review</resp>
				</respStmt>
                <respStmt xml:id="MW">
                    <name>Megan Ward</name>
                    <resp>Transcription</resp>
                    <resp>TEI Encoding</resp>
					<resp>Proofreading</resp>
                    <resp>Editorial Decisions</resp>
                </respStmt>
                <respStmt xml:id="HB">
                    <name>Heather F. Ball</name>
                    <resp>Transcription</resp>
                    <resp>TEI Encoding</resp>
                    <resp>Editorial Decisions</resp>
					<resp>Proofreading</resp>
					<resp>Quality Control and Integration</resp>
                </respStmt>
                <respStmt xml:id="KS">
                    <name>Kate Simpson</name>
                    <resp>Transcription</resp>
                    <resp>TEI Encoding</resp>
                    <resp>Editorial Decisions</resp>
					<resp>Proofreading</resp>
                </respStmt>
                <respStmt xml:id="AK">
                    <name>Ashanka Kumari</name>
                    <resp>Transcription</resp>
                    <resp>TEI Encoding</resp>
					<resp>Proofreading</resp>
                </respStmt>
				<respStmt xml:id="EM">
                    <name>Alexander Munson</name>
                    <resp>TEI Encoding</resp>
					<resp>Proofreading</resp>
                </respStmt>
            </titleStmt>
            <publicationStmt>
                <authority>Livingstone Online</authority>
                <publisher>University of Maryland Libraries</publisher>
                <pubPlace>College Park, MD, USA</pubPlace>
                <date>2016</date>
				<idno type="LEAP-ID">liv_002570</idno>
            </publicationStmt>
            <sourceDesc>
                <msDesc>
                    <msIdentifier>
                        <country>United Kingdom</country>
                        <settlement>Edinburgh</settlement>
                        <repository>National Library of Scotland</repository>
                        <idno type="shelfmark">MS.10707, f. 85</idno>
                        <altIdentifier>
                            <idno type="ccnumber">Letters, 1969</idno>
                        </altIdentifier>
                    </msIdentifier>
                    <physDesc>
                        <handDesc>
                            <handNote xml:id="U"><label>Unknown Hand</label> This hand is unknown
                                but thought not David Livingstone's.</handNote>
                        </handDesc>
                    </physDesc>
                </msDesc>
                <bibl type="sourceMetadata">
                    <title>Letter to Agnes Livingstone 3, March 1871</title>
                    <author xml:id="DL">David Livingstone</author>
                    <date type="composition" when="1871-03">March 1871</date>
                    <placeName type="compositionPlace">Webb's Lualaba or Lacustrine River</placeName>
                    <persName type="addressee">Agnes Livingstone</persName>
                </bibl>
            </sourceDesc>
        </fileDesc>
        <profileDesc>
            <langUsage>
                <language ident="en">English</language>
                <language ident="und">Undetermined</language>
            </langUsage>
        </profileDesc>
        <revisionDesc>
			<change when="2016-04-27" who="#AW">Review and corrections</change>
			<change when="2016-04-27" who="#EM">Addition of @refs</change>
			<change when="2016-02-10" who="#AW">Coding corrections</change>
			<change when="2015-04-03" who="#AW">Coding Review</change>
			<change when="2015-02-22" who="#HB">Quality Control and Integration</change>
            <change when="2015-01-14" who="#AW">Conversion to LEAP Standards</change>
			<change when="2014-12-22" who="#AK">Proofing and TEI Encoding</change>
			<change when="2014-12-15" who="#MW">Proofing and TEI Encoding</change>
			<change when="2011-09-16" who="#AW">Editing</change>
			<change when="2011-09-16" who="#KS">Proofing</change>
			<change when="2011-06-07" who="#AW">Initial Transcription and TEI Encoding</change>	
        </revisionDesc>
    </teiHeader>

    <text>
        <body>
            <div>
                
    <pb facs="liv_002570_0001" n="0001"/>
<lb/><opener><dateline><space extent="3" unit="chars"/><placeName><geogName type="river" ref="geogName.xml#geog0034"><persName ref="people.xml#pers0192">Webb</persName>'s Lualaba</geogName></placeName> or <placeName><geogName type="river" ref="geogName.xml#geog0033">Lacustrine River</geogName></placeName> <date when="1871-03">March 1871</date>  <placeName><region ref="region.xml#region0013">Manyema</region></placeName></dateline></opener> 
<lb/><addSpan spanTo="#add1"/><p rend="center red">For <space extent="2" unit="chars"/><persName ref="people.xml#pers0076">Miss <space extent="2" unit="chars"/>Livingstone</persName></p><anchor xml:id="add1"/>
<lb/><p>My Darling <persName ref="people.xml#pers0076">Nannie</persName> - I put down a few notes by way of being prepared
<lb/>in case of meeting any <orgName><orgName>native</orgName> <term type="occupation">traders</term></orgName> from the <placeName><region>West coast</region></placeName> on <placeName><geogName type="lake" ref="geogName.xml#geog0021">Lake <persName ref="people.xml#pers0075">Lincoln</persName></geogName></placeName> the <w>Western<supplied>-</supplied>
<lb break="no"/>-most</w> of the <placeName><geogName type="lake" ref="geogName.xml#geog0049"><choice><orig>Riverein</orig><reg>Riverine</reg></choice> Lakes</geogName></placeName> the <orgName>native</orgName> name of which <choice><sic><add place="below">^</add> is</sic><corr>is <add place="below">^</add></corr></choice> <add place="above"><placeName><geogName type="river" ref="geogName.xml#geog0029">Lomame</geogName></placeName> or</add> <placeName><geogName type="river" ref="geogName.xml#geog0029">Loéki</geogName></placeName> - é being
<lb/>sounded as e in wet set met - I hear that some come from the <term type="nationality">French</term> <choice><sic>settlementss</sic><corr>settlements</corr></choice>
<lb/><add place="above">or <space extent="5" unit="chars"/><placeName><geogName type="river" ref="geogName.xml#geog0004">Congo</geogName></placeName></add> to buy <term type="plant_foodstuff">palm oil</term> which is very abundant and cheap in all this region - a friend <!-- Adrian, should Congo also be tagged as settlement/region since the sentence is referring to either the French or Congo settlements? HB --><!-- No, just a river at this point. AW -->
<lb/>lately gave me another daughter in the shape of a young <foreign xml:lang="und"><term xml:lang="und" ref="foreign-word.xml#frgn0014"><term type="animal">Soko</term></term></foreign> or <term type="animal"><choice><orig>gorillah</orig><reg>gorilla</reg></choice></term> - she
<lb/>sits crouching 18 inches high and is most intelligent and least mischievous of
<lb/>all the <term type="animal">monkeys</term> I have seen - she holds out her hand to be lifted up &amp; carried and if
<lb/>refused makes her face as in a bitter human weeping and wrings her hands quite
<lb/>humanly sometimes adding a foot or third hand to make the appeal more touching
<lb/>she walks by putting the backs of the four fingers on the ground - the space leaned
<lb/>on being that from the first to the second joint - the nails <choice><sic>dont</sic><corr>don't</corr></choice> touch it nor do the
<lb/>thumbs <add place="below">^</add> <add place="above">or <space extent="6" unit="chars"/>knuckles</add> - the arms are thus made into crutches &amp; she hitches the lower limbs <w>for-
<lb break="no"/>ward</w> between the crutches - sometimes one foot after the other - sometimes she walks
<lb/>upright - a nasty fellow spat in her face she resented this bitterly and wiped the face with
<lb/>a piece of <term type="plant">banana leaf</term> - she loosed her cord in <unclear cert="high">quite</unclear> a business way using the thumbs
<lb/>opposed to the fingers not <term type="animal">monkey</term> fashion with fingers above and when one
<lb/>interfered with her she struck out with her hands <choice><sic>shewing</sic><corr>showing</corr></choice> that an adult could <w>giv<del><gap reason="damage" extent="1" unit="chars" agent="hole"/></del><supplied cert="high">e</supplied></w>
<lb/><gap reason="damage" extent="5" unit="chars" agent="blot"/> slap - she knew <unclear cert="high">me</unclear> at once <w>a<del><gap reason="damage" extent="1" unit="chars" agent="hole"/></del><supplied cert="high">s</supplied></w> a friend and when plagued by any one
<lb/>always placed her back to me for safety - came &amp; sat on my mat - decently made
<lb/>a nest of grass &amp; leaves &amp; covered herself with the mat to sleep = I could not take
<lb/>her with me though I fear that she will die before I return from people plaguing her
<lb/>Her fine long black hair was beautiful when tended by her mother who was killed
<lb/>It is now disheveled - I am mobbed enough alone - two <foreign xml:lang="und"><term xml:lang="und" ref="foreign-word.xml#frgn0014"><term type="animal"><choice><orig>sokos</orig><reg>Sokos</reg></choice></term></term></foreign> - she &amp; I would not
<lb/>have got breath - I have to submit to be a gazing stock - I don't altogether relish
<lb/>here or elsewhere but try to get over it good naturedly - get into the most shady spot
<lb/>of the village and <choice><orig>leizurely</orig><reg>leisurely</reg></choice> look at all my admirers - When the first crowd begins
<lb/>to go away I go into my lodging to take what food may be prepared as <term type="plant_foodstuff">coffee</term> when
<lb/>I have it or roasted <unclear cert="medium"><term type="plant_foodstuff">maize</term>d</unclear> infusion when I have none - the door is shut
<lb/>all save a space to admit light - It is made of the inner bark of a gigantic tree
<lb/>not a quarter of an inch thick and slides in a groove behind a post on each side
<lb/>of the doorway - When partially open it is supported by only one of the posts =
<lb/>Eager heads sometimes crowd the open space and crash goes the thin door landing
<lb/>a <term type="tribe" ref="ethnic-group.xml#ethnic0010">Manyema</term> beauty on the floor - "It was not I" she gasps out "It was <persName ref="people.xml#pers0018">Bessie
<lb/>Bell</persName> and <persName ref="people.xml#pers0198">Jeanie Gray</persName> that shoved me in and" as she scrambles out of the
<lb/><choice><sic><term type="animal">lion</term>s</sic><corr><term type="animal">lion</term>'s</corr></choice> den - "see they're laughing" and fairly out she joins in the merry giggle <add place="above">too</add>
<lb/>To avoid darkness or being half smothered I often eat in public - <space extent="2" unit="chars"/>draw a
<lb/>line on the ground - They "toe the line" and keep each other out of the circle
<lb/>To see eating with knife fork &amp; spoon is wonderful "see <unclear cert="medium">they <choice><sic>dont</sic><corr>don't</corr></choice> <w>touc<del><gap reason="damage" extent="1" unit="chars" agent="hole"/></del><supplied cert="medium">h</supplied></w></unclear>
<lb/><unclear cert="high">their</unclear> <unclear cert="medium">food = What</unclear> oddities to be sure <unclear cert="low">&amp;</unclear> some remarks are not <w>com-
<lb break="no"/>plimentary</w> but they think that they are not understood, and indeed many
<lb/>are not comprehended - I always pay for my lodging and as the <orgName>Arabs</orgName> never
<lb/>do in <placeName><region ref="region.xml#region0013">Manyema</region></placeName>, the lady of the house brings water wood, and bless their motherly
<lb/>hearts, often cook for me - a mess of <term type="foodstuff">porridge</term> and <term type="foodstuff">boiled <term type="plant_foodstuff">vegetables</term></term> as a <term type="foodstuff">relish</term>
<lb/>with <term type="plant_foodstuff">bananas</term> are their best - They seem distressed if refused - a woman with
<lb/>the <term type="ailment" ref="ailment.xml#ailm0027">white leprosy</term> on her hands such as rose <add place="below">^</add> <add place="above">on</add> <persName ref="people.xml#pers0102">Miriam</persName>'s forehead when she spoke against
<lb/>her great brother, made <term type="foodstuff">dumplings of <term type="plant_foodstuff">green maize</term></term> which are sweet and having been
<lb/>obliged by weakness to sleep at her village she watched to see if "I eat them<supplied cert="high">"</supplied> "Eat"
<lb/>she enjoined "you are ill &amp; weak only through hunger"; I am always sorry if I
<lb/>cannot take a mouthful or two - Many of the <orgName><term type="tribe" ref="ethnic-group.xml#ethnic0010">Manyema</term> women</orgName> are very
<lb/>pretty - their hands feet &amp; limbs <add place="below">^</add> <add place="above">&amp; forms</add> are perfect - <space extent="2" unit="chars"/>The men are handsome - compared
<lb/>with them the <orgName><placeName><geogName type="island" ref="geogName.xml#geog0060">Zanzibar</geogName></placeName> <orgName>slaves</orgName></orgName> are like <placeName><settlement type="city">London</settlement></placeName> door knockers which some
<lb/>atrocious iron founder thought were like <term type="animal">Lion</term>'s faces = The way in which these
<lb/>same <orgName><placeName><geogName type="island" ref="geogName.xml#geog0060">Zanzibar</geogName></placeName> <orgName><choice><orig>Muhamadans</orig><reg>Muhammadans</reg></choice></orgName></orgName> murder the men &amp; seize the women &amp; children makes
<lb/>me sick at heart - It is not <orgName>slave trade</orgName> it is murdering <orgName>free people</orgName> to make <orgName>slaves</orgName>
<lb/>It is perfectly indescribable - <persName ref="people.xml#pers0071">Kirk</persName> has been working hard to get this murderous system
<lb/>put a stop <add place="below">^</add> <add place="above">to</add>. Heaven prosper his noble efforts - He says in <bibl>one letter to me</bibl> it is <w>mon<unclear cert="high">str</unclear>ous</w>
<lb/>injustice to compare the <orgName>free people</orgName> in the <placeName><region>Interior</region></placeName> living under their own <term type="occupation">chiefs</term>
<lb/>and laws with what <orgName>slaves</orgName> at <placeName><geogName type="island" ref="geogName.xml#geog0060">Zanzibar</geogName></placeName> afterwards become by the abominable
<lb/>system which robs them of their manhood - <space extent="2" unit="chars"/>I think it is like comparing the
<lb/><w><del><gap reason="damage" extent="1" unit="chars" agent="hole"/></del><supplied cert="high">a</supplied>nthropologists</w> with their ancestral <foreign xml:lang="und"><term xml:lang="und" ref="foreign-word.xml#frgn0014"><term type="animal"><choice><orig>sokos</orig><reg>Sokos</reg></choice></term></term></foreign> - I have seen four <foreign xml:lang="und"><term xml:lang="und" ref="foreign-word.xml#frgn0014"><term type="animal"><choice><orig>sokos</orig><reg>Sokos</reg></choice></term></term></foreign> killed
<lb/><w><del><gap reason="damage" extent="1" unit="chars" agent="hole"/></del><supplied cert="high">s</supplied>peared</w> in the back - It seems quite impossible to stalk them in front - they
<lb/>have such sharp eyes - I saw a man who was overpowered by one - He yelled out
<lb/>"<foreign xml:lang="und"><term xml:lang="und" ref="foreign-word.xml#frgn0014"><term type="animal">Soko</term></term></foreign> has caught me" and before his companions could rescue him <foreign xml:lang="und"><term xml:lang="und" ref="foreign-word.xml#frgn0014"><term type="animal"><choice><orig>soko</orig><reg>Soko</reg></choice></term></term></foreign>,
<lb/>as his custom is, had bitten off the ends of two fingers &amp; two toes - He got clear off
<lb/>some animals attack the throat - some the jugular veins - some the Tendo
<lb/>Achilles - that is the tendon which enables you to tilt up the heel in dancing &amp;
<lb/><add place="above">madly</add> make yourself a whirligig - but <foreign xml:lang="und"><term xml:lang="und" ref="foreign-word.xml#frgn0014"><term type="animal"><choice><orig>soko</orig><reg>Soko</reg></choice></term></term></foreign> invariably attacks the ends of <space extent="2" unit="chars"/>the 
<lb/>fingers and spits them out - He does no harm to women but sometimes runs
<lb/>up a tree with a <orgName>native</orgName> child - The women in these cases run for a bunch of
<lb/>small <term type="plant_foodstuff">bananas</term> - He takes these &amp; leaves the child - In the forest he is seen walking
<lb/>sometimes with his hands on his <add place="below">^</add> <add place="above">head</add> - To me he is a potbellied bandy legged low looking
<lb/>villain without a particle of the gentleman in him - His ugliness after
<lb/>death is <w>ap<del type="strikethrough">p</del>alling</w> - one of the <placeName><settlement type="city" ref="settlement.xml#sett0011">Nineveh</settlement></placeName> marbles intended to represent the
<lb/>Evil one is not half so ugly - the only use I can see for <foreign xml:lang="und"><term xml:lang="und" ref="foreign-word.xml#frgn0014"><term type="animal">Soko</term></term></foreign> is to sit at
<lb/>the <orgName ref="orgName.xml#org0022">Royal Academy</orgName> for a portrait of the old beast Satan -</p>
<lb/><p>I am grieved to hear of the departure of good <persName ref="people.xml#pers0131">Lady Murchison</persName>. Had I known
<lb/>that she kindly remembered me in her prayers it would have been great
<lb/>encouragement - It pleases me to think that our friends know about us even
<lb/><w><del><gap reason="damage" extent="2" unit="chars" agent="hole"/></del><supplied cert="medium">in</supplied></w> their state of bliss which in <w>man<unclear cert="high">y</unclear></w> <w><del><gap reason="damage" extent="3" unit="chars" agent="hole"/></del><supplied cert="high">res</supplied>pects</w> <unclear cert="high">must</unclear> be like the present world <gap reason="damage" agent="hole" extent="1" unit="words"/>

    <pb facs="liv_002570_0002" n="0002"/>
<lb/>Those who like work here will get work there - our saviour eat a piece of a
<lb/><term type="foodstuff">broiled <term type="animal">fish</term></term><!-- Is this correct? I wasn't sure if we added animal_foodstuff at the same time as plant_foodstuff. There is another instance on this line as well. MW--><!-- Great point, Megan - we don't have animal_foodstuff yet, but will confer with Adrian to see if we should implement. HB --><!-- Let's just keep separate, as here. AW --> and of a <term type="foodstuff">honey comb</term> - and <term type="foodstuff"><term type="animal">fish</term></term> &amp; <term type="foodstuff">bread</term> - after he was risen from
<lb/>the dead &amp; became as we hope to be - even like him - <persName ref="people.xml#pers0085">Luther</persName> believed that people
<lb/>would feast above just as I do - When <persName ref="people.xml#pers0171"><choice><abbr>St</abbr><expan>Saint</expan></choice> John</persName> fell down to worship the angel he
<lb/>forbade him because he was his fellow <term type="occupation">servant</term> and one of the <term type="occupation">prophets</term> - We have <!-- Adrian, I am tagging servant like we do master or other occupations, but let me know if you think should be orgName like slaves instead. HB --><!-- Looks OK. AW -->
<lb/>not enough to enable us to speak positively but I like to think of all my friends
<lb/>being still friends who will welcome us as old acquaintances into the mansions
<lb/>above - I sympathize with the <orgName>Youngs</orgName> - From what you say she does not seem to
<lb/>have known that she had
<lb/>arrived at the climax of
<lb/>life - The most dangerous
<lb/>crisis that women <w>experi-
<lb break="no"/>-ence</w> - she thought lightly
<lb/>of it for want of knowledge
<lb/>which every woman ought
<lb/>to possess Had she been
<lb/>guided over that period
<lb/>she would have lived to old
<lb/>age for she had a sound
<lb/><w><del><gap reason="damage" extent="2" unit="chars" agent="hole"/></del><supplied cert="high">co</supplied>nstitution</w> &amp; no bad habits -
<lb/>I have not <choice><sic>recieved</sic><corr>received</corr></choice> a line
<lb/>from <persName ref="people.xml#pers0194">Sir Paraffin Young</persName>
<lb/>since I left <placeName><country>England</country></placeName> and
<lb/>I wrote to <persName ref="people.xml#pers0132">Sir Roderick</persName> &amp;
<lb/>him by every occasion -
<lb/>but he must have written
<lb/>and <bibl>letters from both</bibl> may
<lb/>be in the box at <placeName><settlement type="village" ref="settlement.xml#sett0014">Ujiji</settlement></placeName> -
<lb/>The <orgName ref="orgName.xml#org0004">men sent by <persName ref="people.xml#pers0071">D<hi rend="sup">r</hi> Kirk</persName></orgName>
<lb/>are <orgName><choice><sic>Muhamaddans</sic><corr>Muhammadans</corr></choice></orgName> that is
<lb/>unmitigated liars - <persName ref="people.xml#pers0136">Musa</persName>
<lb/>and companions are fair
<lb/>average specimens of the
<lb/>lower classes of <orgName>Moslems</orgName>
<lb/>The two head men remained
<lb/>at <placeName><settlement type="village" ref="settlement.xml#sett0014">Ujiji</settlement></placeName> to feast on my
<lb/>goods &amp; get pay without
<lb/>work - seven came to <placeName><settlement type="village" ref="settlement.xml#sett0002"><w>Bam-
<lb break="no"/>-barre</w></settlement></placeName> and in true <term type="faith">Moslem</term>
<lb/>style swore that they were
<lb/>sent by <persName ref="people.xml#pers0071">D<hi rend="sup underline">r</hi> Kirk</persName> "to bring
<lb/><w><del><gap reason="damage" extent="2" unit="chars" agent="hole"/></del><supplied cert="high">me</supplied></w> back" <unclear cert="medium">not to go with</unclear>
<lb/><w><del><gap reason="damage" extent="2" unit="chars" agent="hole"/></del><supplied cert="low">me</supplied></w> if the country were
<lb/>bad or dangerous "forward
<lb/>they would not go" I read
<lb/><persName ref="people.xml#pers0071">D<hi rend="sup underline">r</hi> Kirk</persName>'s words to them to
<lb/>follow wherever I led - "No
<lb/>by the old liar <persName ref="people.xml#pers0001">Muhamad</persName>
<lb/>they were to force me back to
<lb/><placeName><geogName type="island" ref="geogName.xml#geog0060">Zanzibar</geogName></placeName>"- after a <w>super-
<lb break="no"/>abundance</w> of falsehood it
<lb/>turned out that it all meant
<lb/>only an advance of pay
<lb/>though they had double the
<lb/><placeName><geogName type="island" ref="geogName.xml#geog0060">Zanzibar</geogName></placeName> wages - I gave it -
<lb/>but had to threaten on the 
<lb/>word of an <term type="person">Englishman</term> to
<lb/>shoot the ringleaders before
<lb/>I got them to go - They all
<lb/>speak of the <term type="people">English</term> as men
<lb/>who <choice><sic>dont</sic><corr>don't</corr></choice> lie - The <term type="occupation">Sultan</term>
<lb/>who knows <orgName>his people</orgName>
<lb/>better than anyone else
<lb/>cannot employ his men
<lb/>even of the highest class to
<lb/>manage any branch of his
<lb/>revenue - He says they would
<lb/>purloin it all -  He entrusts
<lb/>all his customs &amp; money to
<lb/><orgName ref="orgName.xml#org0005"><orgName ref="orgName.xml#org0005">Banians</orgName></orgName> from <placeName><country>India</country></placeName> and 
<lb/>his father did the same before
<lb/>him - It suits <persName ref="people.xml#pers0023">Burton</persName> to <w><subst><del>Bl</del><add place="above">b</add></subst>abble</w>
<lb/>about <orgName>Moslems</orgName> though he had to part with all his following at <placeName><settlement type="village" ref="settlement.xml#sett0014">Ujiji</settlement></placeName> for
<lb/>stealing and lying <space extent="3" unit="chars"/>My two <term type="occupation">headmen</term> refused to send me my own goods
<lb/>though a man there had my written orders to open the box mentioned &amp;
<lb/>take out medicines and <bibl>letters</bibl> if he could not send the box entire - "No"
<lb/>said the <orgName><term type="faith"><choice><orig>Muhamadan</orig><reg>Muhammadan</reg></choice></term> <orgName>slave</orgName></orgName> we are to bring him back and he sent
<lb/>only a few beads out of over 500 <choice><abbr>lbs</abbr><expan>pounds</expan></choice> of them - <space extent="3" unit="chars"/>a little cloth out of loads
<lb/>a little <term type="medicament">quinine</term> and no <term type="foodstuff">wine</term> - <term type="medicament">Quinine</term> nauseates me if take alone -
<lb/>no clothing or paper or books and but <bibl>a few letters</bibl> - It was a mercy
<lb/>he let me have a little <term type="plant_foodstuff">coffee</term> and <term type="plant_foodstuff">sugar</term> - I could have put matters to
<lb/>rights only by going back <measure>150 miles</measure> to eject this drunkard, but <measure>150 miles</measure>
<lb/>back again - These <measure>300 miles</measure> would have taken 4 or 5 months - with
<lb/>contingent sickness half a year so I chose rather to go short of every
<lb/>thing and possibly finish all I have to do in exploration - our high
<lb/>wages and truthfulness are an inconvenience for the low liars say
<lb/><w><del><gap reason="damage" extent="2" unit="chars" agent="hole"/></del><supplied cert="high">we</supplied></w> shall get pay no matter whether we work or not - Lying is safety with them</p>

    <cb rend="vertical"/>
<lb/><p><space extent="3" unit="chars"/>I have travelled more than most people and with all sorts of followers - The <orgName><choice><sic>christians</sic><corr>Christians</corr></choice></orgName> of <placeName><settlement type="village" ref="settlement.xml#sett0007">Kuruman</settlement></placeName> and <placeName><settlement type="village" ref="settlement.xml#sett0006">Kolobeng</settlement></placeName> were
<lb/>out of sight the best I ever had - The <term type="tribe" ref="ethnic-group.xml#ethnic0008"><choice><orig>Makololo</orig><reg>Kololo</reg></choice></term> who were very partially christianized were next best honest truthful &amp; brave -
<lb/><orgName>Heathen Africans</orgName> are far superior to <orgName><choice><orig>Muhamadans</orig><reg>Muhammadans</reg></choice></orgName> who are the most worthless one can have - My <orgName>liberated slaves</orgName> did
<lb/>fairly except laziness will we came into close contact with <orgName><choice><orig>Muhamadans</orig><reg>Muhammadans</reg></choice></orgName> again - <choice><sic>there</sic><corr>they</corr></choice> had been their <term type="occupation">masters</term> in infancy &amp; now
<lb/>they swung back to the lying &amp; stealing of the low class again - they were connived at and aided by an <orgName>Arab</orgName> who got his freedom
<lb/>from <persName ref="people.xml#pers0067">Cazembe</persName> after being long a prisoner by my <bibl><term type="occupation">Sultan</term>'s letter</bibl> - They absconded to him - and he sold the <space extent="2" unit="chars"/>favours of his
<lb/><orgName>slaves</orgName> for goods which he knew were stolen from me - Before me he scolded them behind my back he encouraged them to desert
<lb/>and he lied till I was like to vomit - Yet judged by the <term type="faith">Moslem</term> standard and not by ours he is a good man <space extent="3" unit="chars"/>and he and I are
<lb/>friends - I have learned to keep my own counsel - I protest loudly against the deeds of blood and <space extent="3" unit="chars"/>they admit that I am
<lb/>right - lying I denounce in the abstract and they agree to what I say <space extent="4" unit="chars"/><persName ref="people.xml#pers0190">Von Der Decken</persName> could not hold his tongue but told
<lb/>everyone "You <orgName>Moslems</orgName> lie" true enough was his word but he wanted <unclear cert="medium">command</unclear> of himself <unclear cert="high">&amp;</unclear> got into a rage <w>per-
<lb break="no"/><del><gap reason="damage" extent="2" unit="chars" agent="hole"/></del><supplied cert="high">pe</supplied>tually</w> - I think my <w>wo<del><gap reason="damage" extent="3" unit="chars" agent="hole"/></del><supplied cert="high">rds</supplied></w> may have some <choice><sic>affect</sic><corr>effect</corr></choice> on <space extent="2" unit="chars"/>some</p> <space extent="2" unit="chars"/><closer rend="right">Affectionately Ever <signed><persName ref="people.xml#pers0078">David Livingstone</persName></signed></closer>
    <postscript rend="vertical">
<lb/><p><space extent="2" unit="chars"/>Please to take good care to whose hands <bibl>my letters</bibl> come
<lb/>Thieves eagerly catch them and make <bibl>pamphlets</bibl> which low <term type="occupation">book
<lb/>sellers</term> buy and palm off as if from me - Four spurious books
<lb/>and <space extent="2" unit="chars"/><bibl>pamphlets</bibl> were sold all over the world as mine <unclear cert="low">after</unclear> my
<lb/>great journey across the continent = I am not very sorry
<lb/>at <bibl>my 40 letters</bibl> being lost I gave full information - did
<lb/>my duty like a <term type="person">Briton</term> though so weak I could not walk <measure>50 <choice><abbr>yds</abbr><expan>yards</expan></choice></measure>
<lb/>and now they are gone by <w><del><gap reason="damage" extent="2" unit="chars" agent="fading"/></del><supplied cert="high">th</supplied>e</w> <choice><sic><term type="occupation">Governor</term>s</sic><corr><term type="occupation">Governor</term>'s</corr></choice> villainy I am not to
<lb/>blame - No one could protect my property when <persName>Prout</persName> stole and
<lb/>sold it - "It is an ill wind that blows no body good" Thanks to the
<lb/><term type="occupation">Governor</term> I am safe so far - <persName ref="people.xml#pers0080">Tom</persName> and <persName ref="people.xml#pers0229">Oswell</persName>'s <bibl>letters</bibl> never
<lb/>came to hand but may be at <placeName><settlement type="village" ref="settlement.xml#sett0014">Ujiji</settlement></placeName> I did not know that <persName ref="people.xml#pers0071">D<hi rend="sup">r</hi> Kirk</persName>
<lb/>was married till he sent a <bibl>letter to him in which you congratulate
<lb/>him on the birth of a daughter</bibl> - <persName ref="people.xml#pers0191">Waller</persName> is woefully behind hand in
<lb/>telling me what I insisted on <space extent="2" unit="chars"/>in <date from="1858" to="1860">1858 <choice><abbr>/60</abbr><expan>1860</expan></choice></date> - <date from="1861" to="1863"><choice><abbr>/61</abbr><expan>1861</expan></choice> <choice><abbr>/62</abbr><expan>1862</expan></choice><choice><abbr>/63</abbr><expan>1863</expan></choice></date> that nothing can <!-- Adrian, I went back and changed these dates to fit within the from/to date tags, but let me know if you'd like to do another way. HB --><!-- Fixed. AW -->
<lb/>be done till <orgName>slave <w><unclear cert="medium">trad</unclear>e</w></orgName> is abolished but better <space extent="11" unit="chars"/>late than <space extent="3" unit="chars"/>never</p>
    </postscript>
            </div>
        </body>
    </text>

</TEI>
