<?xml version="1.0" encoding="UTF-8"?>
<?xml-model href="http://livingstoneonline.github.io/LEAP-ODD/leap.rng" type="application/xml" schematypens="http://relaxng.org/ns/structure/1.0"?>
<?xml-model href="http://livingstoneonline.github.io/LEAP-ODD/leap.rng" type="application/xml" schematypens="http://purl.oclc.org/dsdl/schematron"?>
 <?xml-stylesheet href="http://livingstoneonline.github.io/LEAP-XSLT/transcription.xsl" type="text/xsl"?>
 <!--Converted from a TEI P4 XML file to the LEAP TEI P5 Schema by James Cummings on 2015-03-02--><!--TEI encoding revised and standardized by Adrian S. Wisnicki, 2015-2016-->
         <TEI xmlns="http://www.tei-c.org/ns/1.0" xml:id="liv_001060">
	<teiHeader>
		<fileDesc>
			<titleStmt>
				<title>Letter to H. Norton Shaw</title>
                <title type="alternative">Letter to H. Norton Shaw, 10 July [1857]</title>
				<author xml:id="DL">Livingstone, David, 1813-1873</author>
			</titleStmt>
			<publicationStmt>
				<authority>Livingstone Online</authority>
				<pubPlace>London</pubPlace>
				<date>2008-10-17</date>
				<publisher>Wellcome Centre for the History of Medicine, UCL</publisher>
				<idno type="LEAP-ID">liv_001060</idno>
			</publicationStmt>
			<sourceDesc>
				<bibl xml:id="shelfmark">Royal Geographical Society (Great Britain); Archives, DL 2/15/10</bibl>
				<bibl xml:id="ccnumber">Letters, 0555</bibl>
				<bibl xml:id="recipient"><persName>Shaw, H. Norton, ?-1868</persName></bibl>
				<bibl xml:id="date"><date when="1857-07-10">10 July [1857]</date></bibl>
				<bibl xml:id="where">Hadley Green</bibl>
			</sourceDesc>
		</fileDesc>
		<profileDesc>
			<langUsage>
				<language ident="en">English</language>
			</langUsage>
			<handNotes>
				<handNote xml:id="hand01">Scribe: unknown</handNote>
				<handNote xml:id="hand02">Scribe: unknown</handNote>
			</handNotes>
		</profileDesc>
		<revisionDesc>
			<change>
				<date>2008-07-01</date>
				<name xml:id="SM">Sharon Messenger</name>Initial Transcription by Sharon Messenger
			</change>
			<change>
				<date>2009-02-21</date>
				<name xml:id="CL">Chris Lawrence</name>Proof by Chris Lawrence
			</change>
		</revisionDesc>
	</teiHeader>

	<text>
		<body xml:lang="en">
			<div>

	<pb n="0001" facs="liv_001060_0001"/><!--pb/@n='1r'-->
<lb/><p rend="right"><placeName>Hadley Green</placeName></p>
<lb/><p rend="right">10<hi rend="sup underline">th</hi> July</p>
<lb/>
<lb/><p rend="no-indent">My Dear <persName>Shaw</persName></p>
<lb/><p><space extent="2" unit="chars"/><choice><reg>T</reg><orig>t</orig></choice>he little girls' 
<lb/>eyes having become 
<lb/>worse from a 
<lb/>slight cold I send 
<lb/>her to <persName>Lawrence</persName>
<lb/>if you will 
<lb/>kindly take her 

	<pb n="0002" facs="liv_001060_0002"/><!--pb/@n='1v'--> 
<lb/>I have given her 
<lb/>a little of the 
<lb/>tincture of the 
<lb/>muriate of iron 
<lb/>&amp; applied a 
<lb/>Colly<hi rend="sup">m</hi> of nitrate 
<lb/>of silver 1 1/2 gr to 
<lb/>the ounce of water 
<lb/>that<reg>'</reg>s all I have 
<lb/>done - complains 
<lb/>of weariness 

	<pb n="0003" facs="liv_001060_0003"/><!--pb/@n='2r'--> 
<lb/>&amp; headache - probably 
<lb/>effects of quick 
<lb/>growth. Her 
<lb/>mother will 
<lb/>answer any other 
<lb/>questions.</p>
<lb/><p>Will you introduce 
<lb/><persName>M<hi rend="sup">rs </hi>L</persName> to <persName>Stanford</persName>
<lb/>or get some 
<lb/>envelopes for 
<lb/>her - stamped 
<lb/>&amp; gummed. 

	<pb n="0004" facs="liv_001060_0004"/><!--pb/@n='2v'--> 
<lb/>I shall come tomorrow 
<lb/>to the Physicians 
<lb/>shall I call at 
<lb/>Lawrence's for 
<lb/>you or at the 
<lb/>R.G.S. <persName>Milne</persName> 
<lb/>wants to present 
<lb/>a book on <placeName>China</placeName>
<lb/>to the Soc. I say 
<lb/>yes to him. </p>
<lb/><p rend="center">Ever Yours </p>
<lb/><p rend="no-indent"><space extent="2" unit="chars"/><persName>D Livingstone</persName></p>
<lb/><p rend="no-indent">I am going to <placeName>Exeter Hall</placeName>
<lb/>on Sunday </p>
			
</div>
		</body>
	</text></TEI>