<?xml version="1.0" encoding="UTF-8"?>
<?xml-model href="http://livingstoneonline.github.io/LEAP-ODD/leap.rng" type="application/xml" schematypens="http://relaxng.org/ns/structure/1.0"?>
<?xml-model href="http://livingstoneonline.github.io/LEAP-ODD/leap.rng" type="application/xml" schematypens="http://purl.oclc.org/dsdl/schematron"?>
 <?xml-stylesheet href="http://livingstoneonline.github.io/LEAP-XSLT/transcription.xsl" type="text/xsl"?>
 <!--Converted from a TEI P4 XML file to the LEAP TEI P5 Schema by James Cummings on 2015-03-02--><!--TEI encoding revised and standardized by Adrian S. Wisnicki, 2015-2016-->
         <TEI xmlns="http://www.tei-c.org/ns/1.0" xml:id="liv_001238">
	<teiHeader>
		<fileDesc>
			<titleStmt>
				<title>Letter to John Murray III</title>
                <title type="alternative">Letter to John Murray III, 16 February 1858</title>
				<author xml:id="DL">Livingstone, David, 1813-1873</author>
			</titleStmt>
			<publicationStmt>
				<authority>Livingstone Online</authority>
				<pubPlace>London</pubPlace>
				<date>2008-11-12</date>
				<publisher>Wellcome Centre for the History of Medicine, UCL</publisher>
				<idno type="LEAP-ID">liv_001238</idno>
			</publicationStmt>
			<sourceDesc>
				<bibl xml:id="shelfmark">National Library of Scotland; MS. 42420, ff. 95r-96r</bibl>
				<bibl xml:id="ccnumber">Letters, 0719</bibl>
				<bibl xml:id="recipient"><persName>Murray, John III, 1808-1892</persName></bibl>
				<bibl xml:id="date"><date when="1858-02-16">16 February 1858</date></bibl>
				<bibl xml:id="where">[50 Albemarle St., London]</bibl>
			</sourceDesc>
		</fileDesc>
		<profileDesc>
			<langUsage>
				<language ident="en">English</language>
			</langUsage>
			<handNotes>
				<handNote xml:id="hand01">Scribe: Unknown</handNote>
			</handNotes>
		</profileDesc>
		<revisionDesc>
			<change>
				<date>2008-11-12</date>
				<name xml:id="CO">Caroline Overy</name>Initial Transcription by Caroline Overy
			</change>
			<change>
				<date>2008-11-22</date>
				<name xml:id="CL">Chris Lawrence</name>Proof by Chris Lawrence
			</change>
		</revisionDesc>
	</teiHeader>

	<text>
		<body xml:lang="en">
			<div>

	<pb n="0001" facs="liv_001238_0001"/><!--pb/@n='95r'--> 
<!--printed letterhead--><!--
<p rend="center"><placeName>50A Albemarle Street, London, W.</placeName></p>
--><!--end of printed letterhead-->
<lb/><p rend="center">16 Feby <space extent="1" unit="words"/><space extent="1" unit="chars"/>1858</p>
<lb/>
<lb/><p rend="no-indent">My dear <persName>M<hi rend="sup underline">r</hi> Murray</persName></p>
<lb/><p><space extent="1" unit="chars"/>As it is desirable 
<lb/>that an abridgement 
<lb/>of my work 
<lb/>the Missionary 
<lb/>travels should 
<lb/>be issued and 
<lb/>I have the fullest 
<lb/>confidence 

	<pb n="0002" facs="liv_001238_0002"/><!--pb/@n='95v'--> 
<lb/>in <persName>M<hi rend="sup underline">r</hi> Elwin<reg>'</reg>s</persName>
<lb/>ability and sympathy 
<lb/>for such abridgement 
<lb/>and in your 
<lb/>management of 
<lb/>it I hereby 
<lb/><del type="strikethrough">by</del> authorize 
<lb/>you to take 
<lb/>whatever steps 
<lb/>you may 

	<pb n="0003" facs="liv_001238_0003"/><!--pb/@n='96r'--> 
<lb/>deem advisable 
<lb/>in the matter 
<lb/>and I leave it 
<lb/>entirely to your 
<lb/>judgment as 
<lb/>to the time &amp;c 
<lb/>of publication<reg>.</reg></p>
<lb/><p>I am &amp;</p>
<lb/><p rend="no-indent">David Livingstone</p>
<lb/>
<lb/><p rend="no-indent"><persName>John Murray</persName> Esq</p>
			
</div>
		</body>
	</text></TEI>