<?xml version="1.0" encoding="UTF-8"?>
<?xml-model href="http://livingstoneonline.github.io/LEAP-ODD/leap.rng" type="application/xml" schematypens="http://relaxng.org/ns/structure/1.0"?>
<?xml-model href="http://livingstoneonline.github.io/LEAP-ODD/leap.rng" type="application/xml" schematypens="http://purl.oclc.org/dsdl/schematron"?>
 <?xml-stylesheet href="http://livingstoneonline.github.io/LEAP-XSLT/transcription.xsl" type="text/xsl"?>
 <!--Converted from a TEI P4 XML file to the LEAP TEI P5 Schema by James Cummings on 2015-03-02--><!--TEI encoding revised and standardized by Adrian S. Wisnicki, 2015-2016-->
         <TEI xmlns="http://www.tei-c.org/ns/1.0" xml:id="liv_001079">
	<teiHeader>
		<fileDesc>
			<titleStmt>
				<title>Letter to John Murray III</title>
                <title type="alternative">Letter to John Murray III, 24 August 1857</title>
				<author xml:id="DL">Livingstone, David, 1813-1873</author>
			</titleStmt>
			<publicationStmt>
				<authority>Livingstone Online</authority>
				<pubPlace>London</pubPlace>
				<date>2008-04-02</date>
				<publisher>Wellcome Centre for the History of Medicine, UCL</publisher>
				<idno type="LEAP-ID">liv_001079</idno>
			</publicationStmt>
			<sourceDesc>
				<bibl xml:id="shelfmark">National Library of Scotland; MS. 42420, ff. 74r-77r</bibl>
				<bibl xml:id="ccnumber">Letters, 0572</bibl>
				<bibl xml:id="recipient"><persName>Murray, John III, 1808-1892</persName></bibl>
				<bibl xml:id="date"><date when="1857-08-24">24 August 1857</date></bibl>
				<bibl xml:id="where">Hadley Green</bibl>
			</sourceDesc>
		</fileDesc>
		<profileDesc>
			<langUsage>
				<language ident="en">English</language>
			</langUsage>
			<handNotes>
				<handNote xml:id="hand01">Scribe: Unknown</handNote>
			</handNotes>
		</profileDesc>
		<revisionDesc>
			<change>
				<date>2008-04-02</date>
				<name xml:id="SM">Sharon Messenger</name>Initial Transcription by Sharon Messenger
			</change>
			<change>
				<date>2008-06-15</date>
				<name xml:id="CL">Chris Lawrence</name>Initial Transcription by Chris Lawrence
			</change>
			<change>
				<date>2008-12-01</date>
				<name xml:id="JB">Janet Browne</name>Proofed by Janet Browne
			</change>
		</revisionDesc>
	</teiHeader>

	<text>
		<body xml:lang="en">
			<div>

	<pb n="0001" facs="liv_001079_0001"/><!--pb/@n='74r'-->
<lb/><p rend="right"><placeName>Hadley Green</placeName>
<lb/>24<hi rend="sup underline">th</hi> Aug<hi rend="sup">st</hi>
<lb/><space extent="3" unit="chars"/>1857 </p>
<lb/>
<lb/><p rend="no-indent">My Dear <persName>M<hi rend="sup underline">r</hi> Murray</persName></p>
<lb/><p>When you 
<lb/>asked about 
<lb/>appendices I 
<lb/>forgot my ob <hi rend="sup underline">ns</hi>
<lb/>calculated by 
<lb/><persName>Maclear</persName>. <persName>Admiral 
<lb/>Smythe's</persName> son in law 

	<pb n="0002" facs="liv_001079_0002"/><!--pb/@n='74v'--> 
<lb/>has very promptly 
<lb/>undertaken the 
<lb/>editorship and 
<lb/>as he has found 
<lb/>out a new way 
<lb/>of correcting 
<lb/>Lunars and says 
<lb/><persName>Maclear<reg>'</reg>s</persName> work 
<lb/>is admirable 
<lb/>I think it will 
<lb/>lend interest to 
<lb/>the book among the 

	<pb n="0003" facs="liv_001079_0003"/><!--pb/@n='75r'--> 
<lb/>scientific. Printed 
<lb/>in small type 
<lb/>I suppose it will 
<lb/>not occupy 
<lb/>much space<reg>.</reg>
<lb/><persName>Captain Toynbee</persName>
<lb/>will perhaps 
<lb/>need a few 
<lb/>Nautical Almanacs 
<lb/>from you. I am 
<lb/>at <placeName>Tete</placeName> in correction 
<lb/><add place="above">of slips</add> will finish all 
<lb/>except the set up 
<lb/>sheets 

	<pb n="0004" facs="liv_001079_0004"/><!--pb/@n='75v'--> 
<lb/>on Wednesday. I go 
<lb/>to <placeName>Dublin</placeName> on Thursday<reg>.</reg>
<lb/>Did you ever get 
<lb/>an opinion on 
<lb/>the grammar 
<lb/>perhaps the observations 
<lb/>will be a better 
<lb/>appendix than it<reg>.</reg>
<lb/><persName>M<hi rend="sup">r</hi> Rae</persName>, Common
<lb/>wealth newspaper 
<lb/>wants an early 
<lb/>copy for friendly 
<lb/>review. I said 
<lb/>I would send the order 

	<pb n="0005" facs="liv_001079_0005"/><!--pb/@n='76r'--> 
<lb/>to you<reg>.</reg> He is 37 
<lb/>Jamaica St. <placeName>Glasgow</placeName><reg>.</reg>
<lb/>If you send 
<lb/>a copy to the 
<lb/>Editor of the 
<lb/>Edinburgh 
<lb/>pray let it be 
<lb/>one in which 
<lb/>an error in 
<lb/>page 96 is 
<lb/>corrected. He 
<lb/>has printed some 

	<pb n="0006" facs="liv_001079_0006"/><!--pb/@n='76v'--> 
<lb/>sheets correctly. 
<lb/>I would like to 
<lb/>give <persName>Captain 
<lb/>Need</persName> &amp; <persName>D<hi rend="sup">r</hi>
<lb/>Smith</persName> a copy 
<lb/>each for 
<lb/>their kindness 
<lb/>in giving the 
<lb/>drawings - 
<lb/>I sent off this 
<lb/>morning page 544 <hi rend="underline">Press</hi>

	<pb n="0007" facs="liv_001079_0007"/><!--pb/@n='77r'--> 
<lb/>and the last bundle 
<lb/>of slips but two<reg>.</reg></p>
<lb/><p>If you ever 
<lb/>were afraid 
<lb/>of my not 
<lb/>giving you 
<lb/>bulk<reg>,</reg> you 
<lb/>are not so 
<lb/>now for I 
<lb/>have an index<reg>.</reg></p>
<lb/><p rend="no-indent"><space extent="3" unit="chars"/>I am &amp;c </p>
<lb/><p rend="no-indent"><space extent="1" unit="chars"/><persName>D. Livingstone</persName></p>
			
</div>
		</body>
	</text></TEI>