<?xml version="1.0" encoding="UTF-8"?>
<?xml-model href="http://livingstoneonline.github.io/LEAP-ODD/leap.rng" type="application/xml" schematypens="http://relaxng.org/ns/structure/1.0"?>
<?xml-model href="http://livingstoneonline.github.io/LEAP-ODD/leap.rng" type="application/xml" schematypens="http://purl.oclc.org/dsdl/schematron"?>
 <?xml-stylesheet href="http://livingstoneonline.github.io/LEAP-XSLT/transcription.xsl" type="text/xsl"?>
 <!--Converted from a TEI P4 XML file to the LEAP TEI P5 Schema by James Cummings on 2015-03-02--><!--TEI encoding revised and standardized by Adrian S. Wisnicki, 2015-2016-->
         <TEI xmlns="http://www.tei-c.org/ns/1.0" xml:id="liv_001330">
	<teiHeader>
		<fileDesc>
			<titleStmt>
				<title>Letter to Samuel M. Peto</title>
                <title type="alternative">Letter to Samuel M. Peto, 21 June 1858</title>
				<author xml:id="DL">Livingstone, David, 1813-1873</author>
			</titleStmt>
			<publicationStmt>
				<authority>Livingstone Online</authority>
				<pubPlace>London</pubPlace>
				<date>2008-06-03</date>
				<publisher>Wellcome Centre for the History of Medicine, UCL</publisher>
				<idno type="LEAP-ID">liv_001330</idno>
			</publicationStmt>
			<sourceDesc>
				<bibl xml:id="shelfmark">David Livingstone Centre; T0316</bibl>
				<bibl xml:id="ccnumber">Letters, 0800</bibl>
				<bibl xml:id="recipient"><persName>Peto, Samuel M., 1809-1889</persName></bibl>
				<bibl xml:id="date"><date when="1858-06-21">21 June 1858</date></bibl>
				<bibl xml:id="where">Zambesi River</bibl>
			</sourceDesc>
		</fileDesc>
		<profileDesc>
			<langUsage>
				<language ident="en">English</language>
			</langUsage>
			<handNotes>
				<handNote xml:id="hand01">Scribe: Unknown</handNote>
			</handNotes>
		</profileDesc>
		<revisionDesc>
			<change>
				<date>2007-06-03</date>
				<name xml:id="SM">Sharon Messenger</name>Initial Transcription by Sharon Messenger
			</change>
			<change>
				<date>2007-08-16</date>
				<name xml:id="CL">Chris Lawrence</name>Proofed by Chris Lawrence
			</change>
		</revisionDesc>
	</teiHeader>

	<text>
		<body xml:lang="en">
			<div>

	<pb n="0001" facs="liv_001330_0001"/><!--pb/@n='1r'-->
<addSpan spanTo="#p1r-01" place="marginleft"><!--addSpan/@place='left hand margin of fol. 1r'--></addSpan>
<lb/><p rend="no-indent">Sorry I did not get Havelock's life before leaving<reg>.</reg>
<lb/>My kindest salutations to <persName>Lady Peto</persName>, <persName>Aunt Helen</persName>
<lb/>and <persName>M<hi rend="sup">r</hi> Brock</persName>. 
<lb/>David Livingstone </p><anchor xml:id="p1r-01"/>
<lb/><p rend="right"><placeName>Zambesi river</placeName> 21<hi rend="sup">st</hi> June </p>
<lb/><p rend="right"><space extent="2" unit="words"/><space extent="2" unit="chars"/>1858 </p>
<lb/>
<lb/><p>Dear <persName>Sir Morton</persName></p>
<lb/><p><space extent="2" unit="words"/>We have been for 
<lb/>more than a month exploring the 
<lb/>delta of this river in order to 
<lb/>find a safe entrance, and having 
<lb/>succeeded beyond our expectations 
<lb/>after giving up hopes of entering 
<lb/>by the <placeName>Lualio</placeName> as recommended 
<lb/>by <persName>Captain Parker</persName> we find it 
<lb/>prudent to send away the <term type="boat">Pearl</term>
<lb/>and go up in the steam Launch 
<lb/><term type="boat">Ma Robert</term>. The <term type="boat">Pearl</term> draws </p>

	<pb n="0002" facs="liv_001330_0002"/><!--pb/@n='1v'--> 
<addSpan spanTo="#p1v-01" place="marginleft"><!--addSpan/@place='left hand margin of fol. 1v'--></addSpan>
<lb/><p rend="no-indent">I have referred to your offer in my dispatch &amp; 
<lb/>told <persName>Lord Malmesbury</persName> that a copy is with <persName>Washington</persName><reg>.</reg></p><anchor xml:id="p1v-01"/>
<lb/><p rend="no-indent">9f<hi rend="sup">t</hi> 7. and though at this time 
<lb/>of a falling river we could get a 
<lb/>channel never less than 12 ft *
<lb/>as we were specially charged not 
<lb/>to risk her detention in the river 
<lb/>we have set up the iron house 
<lb/>on an island about 40 miles 
<lb/>from the sea and when all our 
<lb/>goods are in it the <term type="boat">Pearl</term> will 
<lb/>be sent off to <placeName>Ceylon</placeName>. We shall 
<lb/>take them up to <placeName>Tete</placeName> by successive 
<lb/>trips and the iron house last 
<lb/>of all. Now if we had a ship, (paddle) 
<lb/>of four or five feet such as 
<lb/>you offered to build we could 
<lb/>even now go with ease up to 
<lb/><placeName>Tete</placeName>. I gave you estimate to
<lb/><note n="x" anchored="true" place="marginright">* We have long reaches of four or six miles 
<lb/>of from 5 to 7 fathoms then a crossing of 12 ft. 
<lb/>but it has to be searched for<reg>.</reg></note> 

	<pb n="0003" facs="liv_001330_0003"/><!--pb/@n='2r'--> 
<lb/><persName>Captain Washington</persName> and he took a copy 
<lb/>and desired me to apply to the Foreign 
<lb/>Office for such a vessel and he 
<lb/>will I am sure second the application.
<lb/>But these matters are generally put into 
<lb/><persName>Macgregor Laird's</persName> hands in this 
<lb/>way. He writes to <persName>Washington</persName> an 
<lb/>official letter telling what kind of 
<lb/>vessel he thinks best for such an 
<lb/>expedition and it saves the great 
<lb/>folks the trouble of thinking the 
<lb/>job is at once handed over to 
<lb/>him. By this mail I apply for 
<lb/>the vessel described by you and 
<lb/>I earnestly hope it will be put 
<lb/>into your hands for I am sure 
<lb/>you do the work efficiently and 
<lb/>con amore. I don<reg>'</reg>t know whether 
<lb/>you are acquainted with <persName>Washington</persName>

	<pb n="0004" facs="liv_001330_0004"/><!--pb/@n='2v'--> 
<lb/>if so you would hear how my proposition 
<lb/>is viewed and might assist me 
<w>other-<lb break="no"/>wise</w> by your influence with the higher 
<lb/>officials. </p>
<lb/><p><choice><reg>T</reg><orig>t</orig></choice>he first news we got of the Portuguese 
<lb/>was that they had been expelled the 
<lb/>country by the natives. <choice><reg>T</reg><orig>t</orig></choice>his alters 
<lb/>the aspect of affairs in the river for 
<lb/>me - but as it happened before we 
<lb/>came we cannot be blamed for 
<lb/>what the Portuguese call rebellion<reg>.</reg>
<lb/>I visited a party of the rebels at <placeName>Mazaro</placeName>
<lb/>and though about 200 appeared well 
<lb/>armed ready to dispute our progress 
<lb/>on my calling out that we were 
<lb/>English they raised a shout of joy 
<lb/>and at once ran off to bring 
<lb/>bananas &amp; fowls for sale. We have 
<lb/>had no fever. <persName>M<hi rend="sup underline">rs</hi> L</persName> was obliged to 
<lb/>leave us at the <placeName>Cape</placeName> but fortunately 
<lb/>met <persName>M<hi rend="sup underline">r</hi> &amp; M<hi rend="sup underline">rs</hi> Moffat</persName> there and will after 
<lb/>her confinement join us by coming overland<reg>.</reg></p> 
			
</div>
		</body>
	</text></TEI>