<?xml version="1.0" encoding="UTF-8"?>
<?xml-model href="http://livingstoneonline.github.io/LEAP-ODD/leap.rng" type="application/xml" schematypens="http://relaxng.org/ns/structure/1.0"?>
<?xml-model href="http://livingstoneonline.github.io/LEAP-ODD/leap.rng" type="application/xml" schematypens="http://purl.oclc.org/dsdl/schematron"?>
 <?xml-stylesheet href="http://livingstoneonline.github.io/LEAP-XSLT/transcription.xsl" type="text/xsl"?>
 <!--Converted from a TEI P4 XML file to the LEAP TEI P5 Schema by James Cummings on 2015-03-02--><!--TEI encoding revised and standardized by Adrian S. Wisnicki, 2015-2016-->
         <TEI xmlns="http://www.tei-c.org/ns/1.0" xml:id="liv_001235"><!-- LP67 -->
	<teiHeader>
		<fileDesc>
			<titleStmt>
				<title>Letter to [C.S. Hanbury?]</title>
                <title type="alternative">Letter to [C.S. Hanbury?], [19 January-15 February 1858]</title>
				<author xml:id="DL">Livingstone, David, 1813-1873</author>
			</titleStmt>
			<publicationStmt>
				<authority>Livingstone Online</authority>
				<pubPlace>London</pubPlace>
				<date>2005-04-20</date>
				<publisher>Wellcome Centre for the History of Medicine, UCL</publisher>
				<idno type="LEAP-ID">liv_001235</idno>
			</publicationStmt>
			<sourceDesc>
				<bibl xml:id="ccnumber">Letters, 0716</bibl>
				<bibl xml:id="recipient"><persName>Hanbury, C.S.</persName></bibl>
				<bibl xml:id="date"><date from="1858-01-19" to="1858-02-15">[19 January-15 February 1858]</date></bibl>
				<bibl xml:id="where">[London]</bibl>
				<bibl xml:id="shelfmark">Wellcome Institute for the History of Medicine. Library; 7329 67</bibl><!--0000-00-00--><!--Original:Unknown-->
				<bibl xml:id="extent">2 pages</bibl>
			</sourceDesc>
		</fileDesc>
		<revisionDesc>
			<change>
				<date>2005-04-20</date>
				<name xml:id="CO">Caroline Overy</name>Initial Transcription
			</change>
			<change>
				<date>2006-02-14</date>
				<name xml:id="JB">Janet Browne</name>first proof
			</change>
			<change>
				<date>2006-02-23</date>
				<name xml:id="CL">Chris Lawrence</name>second proof
			</change>
			<change>
				<date>2005-02-27</date>
				<name xml:id="SM">Sharon Messenger</name>final proof
			</change>
		</revisionDesc>
	</teiHeader>

	<text>
		<body>
			<div>

	<pb n="0001" facs="liv_001235_0001"/><!--pb/@n='1'--> 
<!--fragment of letter--><!--Hand 01 68325 top left-->
<lb/><p rend="no-indent">and thank the kind donor 
<lb/>who bestowed them. 
<lb/>I have no doubt but that 
<lb/>we shall find the ale 
<lb/>superb no matter 
<lb/>where it is opened 
<lb/>and I thank you 
<lb/>most unfeignedly 
<lb/>for your kindness</p>
<lb/><p><space extent="2" unit="chars"/>We find it to 
<lb/>be difficult to get 
<lb/>a proper ship. A 
<lb/>steam launch is 
<lb/>building and will 

	<pb n="0002" facs="liv_001235_0002"/><!--pb/@n='2'--> 
<lb/><!--Hand 02 62 top left-->draw 18 inches water 
<lb/>This is for the river 
<lb/>alone. We are not 
<lb/>yet certain as to the 
<lb/>vessel which will 
<lb/>carry us out but 
<lb/>probably we shall go 
<lb/>in a vessel which 
<lb/>has lately been built 
<lb/>for the Ceylon Govern-
<lb break="no"/>-ment. This will leave 
<lb/>us in the river with the 
<lb/>steam launch. Thanks 
<lb/>for the good wishes with 
<lb/>which you close</p>
<lb/><p rend="no-indent">I am &amp;c David Livingstone</p>
			
</div>
		</body>
	</text></TEI>