<?xml version="1.0" encoding="UTF-8"?>
<?xml-model href="http://livingstoneonline.github.io/LEAP-ODD/leap.rng" type="application/xml" schematypens="http://relaxng.org/ns/structure/1.0"?>
<?xml-model href="http://livingstoneonline.github.io/LEAP-ODD/leap.rng" type="application/xml" schematypens="http://purl.oclc.org/dsdl/schematron"?>
 <?xml-stylesheet href="http://livingstoneonline.github.io/LEAP-XSLT/transcription.xsl" type="text/xsl"?>
 <!--Converted from a TEI P4 XML file to the LEAP TEI P5 Schema by James Cummings on 2015-03-02--><!--TEI encoding revised and standardized by Adrian S. Wisnicki, 2015-2016-->
         <TEI xmlns="http://www.tei-c.org/ns/1.0" xml:id="liv_001159">
	<teiHeader>
		<fileDesc>
			<titleStmt>
				<title>Letter to John Washington</title>
                <title type="alternative">Letter to John Washington, 19 December 1857</title>
				<author xml:id="DL">Livingstone, David, 1813-1873</author>
			</titleStmt>
			<publicationStmt>
				<authority>Livingstone Online</authority>
				<pubPlace>London</pubPlace>
				<date>2009</date>
				<publisher>Wellcome Centre for the History of Medicine, UCL</publisher>
				<idno type="LEAP-ID">liv_001159</idno>
			</publicationStmt>
			<sourceDesc>
				<bibl xml:id="shelfmark">National Museum of the Royal Navy (Great Britain); MSS. 120</bibl>
				<bibl xml:id="ccnumber">Letters, 0645</bibl>
				<bibl xml:id="recipient"><persName>Washington, John, 1800-1863</persName></bibl>
				<bibl xml:id="date"><date when="1857-12-19">19 December 1857</date></bibl>
				<bibl xml:id="where">[20 Bedford Square, London]</bibl>
			</sourceDesc>
		</fileDesc>
		<profileDesc>
			<langUsage>
				<language ident="en">English</language>
			</langUsage>
			<handNotes>
				<handNote xml:id="hand01">Scribe: Unknown</handNote>
			</handNotes>
		</profileDesc>
		<revisionDesc>
			<change>
				<date>2009</date>
				<name xml:id="SM">Sharon Messenger</name>Initial Transcription by Sharon Messenger
			</change>
			<change>
				<date>2009-08-17</date>
				<name xml:id="CL">Chris Lawrence</name>Proofed by Chris
			</change>
		</revisionDesc>
	</teiHeader>

	<text>
		<body xml:lang="en">
			<div>

	<pb n="0001" facs="liv_001159_0001"/><!--pb/@n='1r'-->
<lb/><p rend="no-indent">Dear <persName>Captain Washington</persName></p>
<lb/><p><space extent="4" unit="chars"/>I have just <choice><sic>recieved</sic><corr>received</corr></choice>
<lb/>this from <persName>Rennie</persName> the Engineer 
<lb/>and I hope to get others 
<lb/>from <persName>Bourne</persName> and 
<lb/>from <persName>Napier</persName> of 
<lb/><placeName>Glasgow</placeName> immediately<reg>.</reg>
<lb/><persName>Rennie<reg>'</reg>s</persName> gun boats are 
<lb/>now about ready<reg>.</reg></p>
<lb/><p>I am yours most truly </p>
<lb/><p><space extent="2" unit="chars"/><persName>David Livingstone</persName></p>
<lb/><p rend="no-indent">18<hi rend="sup">th</hi> Dec </p>
<lb/><p rend="no-indent">1857 </p>
			
</div>
		</body>
	</text></TEI>