<?xml version="1.0" encoding="UTF-8"?>
<?xml-model href="http://livingstoneonline.github.io/LEAP-ODD/leap.rng" type="application/xml" schematypens="http://relaxng.org/ns/structure/1.0"?>
<?xml-model href="http://livingstoneonline.github.io/LEAP-ODD/leap.rng" type="application/xml" schematypens="http://purl.oclc.org/dsdl/schematron"?>
 <?xml-stylesheet href="http://livingstoneonline.github.io/LEAP-XSLT/transcription.xsl" type="text/xsl"?>
 <!--Converted from a TEI P4 XML file to the LEAP TEI P5 Schema by James Cummings on 2015-03-02--><!--TEI encoding revised and standardized by Adrian S. Wisnicki, 2015-2016-->
         <TEI xmlns="http://www.tei-c.org/ns/1.0" xml:id="liv_001125">
	<teiHeader>
		<fileDesc>
			<titleStmt>
				<title>Letter to Unknown</title>
                <title type="alternative">Letter to Unknown, 30 October 1857</title>
				<author xml:id="DL">Livingstone, David, 1813-1873</author>
			</titleStmt>
			<publicationStmt>
				<authority>Livingstone Online</authority>
				<pubPlace>London</pubPlace>
				<date>2005-04-28</date>
				<publisher>Wellcome Centre for the History of Medicine, UCL</publisher>
				<idno type="LEAP-ID">liv_001125</idno>
			</publicationStmt>
			<sourceDesc>
				<bibl xml:id="ccnumber">Letters, 0613</bibl>
				<bibl xml:id="recipient">Unknown</bibl>
				<bibl xml:id="date"><date when="1857-10-30">30 October 1857</date></bibl>
				<bibl xml:id="where">50 Albemarle St., London</bibl>
				<bibl xml:id="shelfmark">Wellcome Institute for the History of Medicine. Library; 7329 24</bibl>
			</sourceDesc>
		</fileDesc>
		<revisionDesc>
			<change>
				<date>2005-04-28</date>
				<name xml:id="CO">Caroline Overy</name>Initial Transcription
			</change>
			<change>
				<date>2006-02-13</date>
				<name xml:id="CL">Chris Lawrence</name>first proof
			</change>
			<change>
				<date>2006-02-12</date>
				<name xml:id="JB">Janet Browne</name>second proof
			</change>
			<change>
				<date>2005-02-19</date>
				<name xml:id="SM">Sharon Messenger</name>final proof
			</change>
		</revisionDesc>
	</teiHeader>

	<text>
		<body>
			<div>

	<pb n="0001" facs="liv_001125_0001"/><!--pb/@n='1'--> 
<!--hand 01 19 top left--><!--hand 02 63380 top right-->
<lb/><p rend="right"><placeName>50 Albemarle <choice><abbr>St</abbr><expan>Street</expan></choice></placeName></p>
<lb/><p rend="right"><space extent="1" unit="chars"/>30<hi rend="sup">th</hi> <choice><abbr>Oct<hi rend="sup">r</hi></abbr><expan>October</expan></choice></p>
<lb/><p rend="right"><space extent="4" unit="chars"/>1857</p>
<lb/>
<lb/><p rend="no-indent">My Dear Sir</p>
<lb/><p><space extent="3" unit="chars"/>It will be 
<lb/>quite agreeable to 
<lb/>me if you 
<lb/>invite any friends 
<lb/>you may desire 
<lb/>to be present 
<lb/>on Tuesday Evening 

	<pb n="0002" facs="liv_001125_0002"/><!--pb/@n='2'--> 
<lb/>It is large public 
<lb/>meetings that 
<lb/>are distasteful 
<lb/>but in a case 
<lb/>like the present 
<lb/>I shall be most 
<lb/>happy to meet 
<lb/>all whom you 
<lb/>would like to 
<lb/>be present</p>
<lb/><p>I am &amp;c</p>
<lb/><p rend="no-indent">David Livingstone</p>
			
</div>
		</body>
	</text></TEI>