<?xml version="1.0" encoding="UTF-8"?>
<?xml-model href="http://livingstoneonline.github.io/LEAP-ODD/leap.rng" type="application/xml" schematypens="http://relaxng.org/ns/structure/1.0"?>
<?xml-model href="http://livingstoneonline.github.io/LEAP-ODD/leap.rng" type="application/xml" schematypens="http://purl.oclc.org/dsdl/schematron"?>
 <?xml-stylesheet href="http://livingstoneonline.github.io/LEAP-XSLT/transcription.xsl" type="text/xsl"?>
 <!--Converted from a TEI P4 XML file to the LEAP TEI P5 Schema by James Cummings on 2015-03-02--><!--TEI encoding revised and standardized by Adrian S. Wisnicki, 2015-2016-->
         <TEI xmlns="http://www.tei-c.org/ns/1.0" xml:id="liv_001081">
	<teiHeader>
		<fileDesc>
			<titleStmt>
				<title>Letter to John Murray III</title>
                <title type="alternative">Letter to John Murray III, [24 May-27 August] 1857</title>
				<author xml:id="DL">Livingstone, David, 1813-1873</author>
			</titleStmt>
			<publicationStmt>
				<authority>Livingstone Online</authority>
				<pubPlace>London</pubPlace>
				<date>2008-04-02</date>
				<publisher>Wellcome Centre for the History of Medicine, UCL</publisher>
				<idno type="LEAP-ID">liv_001081</idno>
			</publicationStmt>
			<sourceDesc>
				<bibl xml:id="shelfmark">National Library of Scotland; MS. 42421, ff. 78r-79v</bibl>
				<bibl xml:id="ccnumber">Letters, 0574</bibl>
				<bibl xml:id="recipient"><persName>Murray, John III, 1808-1892</persName></bibl>
				<bibl xml:id="date"><date from="1857-05-24" to="1857-08-27">[24 May-27 August] 1857</date></bibl>
				<bibl xml:id="where">Hadley Green</bibl>
			</sourceDesc>
		</fileDesc>
		<profileDesc>
			<langUsage>
				<language ident="en">English</language>
			</langUsage>
			<handNotes>
				<handNote xml:id="hand01">Scribe: Unknown</handNote>
			</handNotes>
		</profileDesc>
		<revisionDesc>
			<change>
				<date>2008-04-02</date>
				<name xml:id="SM">Sharon Messenger</name>Initial Transcription by Sharon Messenger
			</change>
			<change>
				<date>2008-06-14</date>
				<name xml:id="CL">Chris Lawrence</name>Proof by Chris Lawrence
			</change>
			<change>
				<date>2008-12-01</date>
				<name xml:id="JB">Janet Browne</name>Proofed by Janet Browne
			</change>
		</revisionDesc>
	</teiHeader>

	<text>
		<body xml:lang="en">
			<div>

	<pb n="0001" facs="liv_001081_0001"/><!--pb/@n='78r'-->
 <addSpan spanTo="#p78r-01" place="marginleft"><!--addSpan/@place='left hand margin'--></addSpan>
<lb/><p rend="no-indent"><persName>M<hi rend="sup underline">rs</hi> Grimstone</persName> wishes the drawing of 
<lb/><placeName>Lake Ngami</placeName> at your convenience<reg>.</reg>
<lb/><placeName>47 Grt Marlborough St</placeName>
<lb/><placeName>Regent St</placeName></p><anchor xml:id="p78r-01"/>
<lb/><p rend="right"><placeName>Hadley Green</placeName></p>
<lb/>
<lb/><p rend="no-indent">My dear <persName>M<hi rend="sup underline">r</hi> Murray</persName></p>
<lb/><p><space extent="1" unit="chars"/>I return the drawings<reg>.</reg>
<lb/>If the artist could put 
<lb/>rings on the legs 
<lb/>of Shinte up to 
<lb/>the knees &amp; on 
<lb/>the arms it would 
<lb/>be an improvement 
<lb/>as I mention the 
<lb/>gait of the <term type="tribe">Balonda</term>

	<pb n="0002" facs="liv_001081_0002"/><!--pb/@n='78v'--> 
<lb/>gentlemen as regulated 
<lb/>by the weight 
<lb/>either real or 
<lb/>supposed of these 
<lb/>ornaments<reg>.</reg></p>
<lb/><p>I send an imaginary 
<lb/>section of 
<lb/>the the <choice><sic>Fizzure</sic><corr>fissure</corr></choice> of 
<lb/>the Falls in order 
<lb/>to explain the 
<lb/>wearing away 
<lb/>side-ways of the 

	<pb n="0003" facs="liv_001081_0003"/><!--pb/@n='79r'--> 
<lb/>rock in which 
<lb/>it occurs. Can 
<lb/>a wood cut in 
<lb/>the page be made 
<lb/>of it? </p>
<lb/><p>Also a rude pen &amp; 
<lb/>ink sketch of the 
<lb/>Marimba or 
<lb/>musical instruments 
<lb/>of the North from 
<lb/>my description<reg>.</reg>
<lb/>If the keys laid 
<lb/>across the calabashes 
<lb/>were larger it 

	<pb n="0004" facs="liv_001081_0004"/><!--pb/@n='79v'--> 
<lb/>would convey 
<lb/>a good idea 
<lb/>but I don<reg>'</reg>t care 
<lb/>much about 
<lb/>it - </p>
<lb/><p>I have thought it 
<lb/>better to detain it for 
<lb/>a lady friend who 
<lb/>draws well - but 
<lb/>is now in childbed<reg>.</reg>
<lb/><choice><reg>I</reg><orig>i</orig></choice>f she makes a 
<lb/>good thing of it I shall 
<lb/>forward it. Will you 
<lb/>oblige me with a copy 
<lb/>of the Falls to shew 
<addSpan spanTo="#p79v-01" place="marginleft"><!--addSpan/@place='left hand margin'--></addSpan>
<lb/>my friends here. I shall take care no 
<lb/>one will copy or see it who 
<lb/>will make a bad use of it<reg>.</reg></p><anchor xml:id="p79v-01"/>
			
</div>
		</body>
	</text></TEI>