<?xml version="1.0" encoding="UTF-8"?>
<?xml-model href="http://livingstoneonline.github.io/LEAP-ODD/leap.rng" type="application/xml" schematypens="http://relaxng.org/ns/structure/1.0"?>
<?xml-model href="http://livingstoneonline.github.io/LEAP-ODD/leap.rng" type="application/xml" schematypens="http://purl.oclc.org/dsdl/schematron"?>
 <?xml-stylesheet href="http://livingstoneonline.github.io/LEAP-XSLT/transcription.xsl" type="text/xsl"?>
 <!--Converted from a TEI P4 XML file to the LEAP TEI P5 Schema by James Cummings on 2015-03-02--><!--TEI encoding revised and standardized by Adrian S. Wisnicki, 2015-2016-->
         <TEI xmlns="http://www.tei-c.org/ns/1.0" xml:id="liv_001078">
	<teiHeader>
		<fileDesc>
			<titleStmt>
				<title>Letter to Henry Toynbee</title>
                <title type="alternative">Letter to Henry Toynbee, 22 August 1857</title>
				<author xml:id="DL">Livingstone, David, 1813-1873</author>
			</titleStmt>
			<publicationStmt>
				<authority>Livingstone Online</authority>
				<pubPlace>London</pubPlace>
				<date>2005-04-27</date>
				<publisher>Wellcome Centre for the History of Medicine, UCL</publisher>
				<idno type="LEAP-ID">liv_001078</idno>
			</publicationStmt>
			<sourceDesc>
				<bibl xml:id="ccnumber">Letters, 0571</bibl>
				<bibl xml:id="recipient"><persName>Toynbee, Henry</persName></bibl>
				<bibl xml:id="date"><date when="1857-08-22">22 August 1857</date></bibl>
				<bibl xml:id="where">Hadley Green</bibl>
				<bibl xml:id="shelfmark">Wellcome Institute for the History of Medicine. Library; 7329 17</bibl>
			</sourceDesc>
		</fileDesc>
		<revisionDesc>
			<change>
				<date>2005-04-26</date>
				<name xml:id="CO">Caroline Overy</name>Initial Transcription
			</change>
			<change>
				<date>2006-02-11</date>
				<name xml:id="CL">Chris Lawrence</name>first proof
			</change>
			<change>
				<date>2006-02-19</date>
				<name xml:id="JB">Janet Browne</name>second proof
			</change>
			<change>
				<date>2006-03-02</date>
				<name xml:id="SM">Sharon Messenger</name>final proof
			</change>
		</revisionDesc>
	</teiHeader>

	<text>
		<body>
			<div>

	<pb n="0001" facs="liv_001078_0001"/><!--pb/@n='1'--> 
<!--Hand 01 73 top left--><!--Hand 02 91798 top right-->
<lb/><p rend="right">Hadley Green</p>
<lb/><p rend="right"><space extent="3" unit="chars"/>22 August</p>
<lb/><p rend="right"><space extent="1" unit="words"/><space extent="2" unit="chars"/>1857</p>
<lb/>
<lb/><p rend="no-indent">My Dear <persName>Sir</persName></p>
<lb/><p><space extent="1" unit="words"/><space extent="1" unit="chars"/>I was absent untill 
<lb/>now 8 P M. &amp; fear there is 
<lb/>no chance of this reaching 
<lb/>you tomorrow. I shall leave 
<lb/>or send to be left on Monday 
<lb/>morning <persName>Maclears</persName> work 
<lb/>so far as I have it, your 
<lb/>own work and <term type="reference">my 
<lb/>observation book</term>, at 3 
<lb/>Royal Exchange buildings 
<lb/>But I have not any Nautical 

	<pb n="0002" facs="liv_001078_0002"/><!--pb/@n='2'--> 
<lb/>Almanacs by me. <term type="reference">The observation 
<lb/>book</term> is quite a mass of 
<lb/>confusion. It contains in 
<lb/>fact a history of my gropings 
<lb/>in calculating my positions 
<lb/>in the most simple humdrum 
<lb/>manner. I fear most the 
<lb/>errors which must have 
<lb/>arisen in transcribing. The 
<lb/>slips of paper put in were 
<lb/>for the <persName>Astronomer Royal</persName>
<lb/>and indicate those I have 
<lb/>most doubts on. <persName>Arrowsmith</persName>
<lb/>promises to give his deductions 
<lb/>One at <placeName>Kalomo</placeName> &amp; another 
<lb/>near the confluence of 
<lb/><placeName>Kafue</placeName> &amp; <placeName>Zambesi</placeName> seem 

	<pb n="0003" facs="liv_001078_0003"/><!--pb/@n='3'--> 
<lb/>erroneous, and he says that 
<lb/>from <placeName>Tete</placeName> downwards all are 
<lb/>too much to the Westward. His 
<lb/>mean of <hi rend="underline">all</hi> my observations 
<lb/>(12) at <placeName>Tete</placeName> make it 33° 33'</p>
<lb/><p>How many pages will 
<lb/>it require? I have not spoken 
<lb/>to <persName>Murray</persName> yet but am very 
<lb/>much gratified &amp; obliged 
<lb/>by your undertaking this 
<lb/>labour. If the bulk is 
<lb/>too much for the boards 
<lb/>of the book then the <choice><abbr>R.G.S.</abbr><expan>Royal Geographical Society</expan></choice>
<lb/>will do that work but 
<lb/>I suppose the sooner they 
<lb/>are published the better 
<lb/>If you could give me an 
<lb/>idea of the bulk I should 

	<pb n="0004" facs="liv_001078_0004"/><!--pb/@n='4'--> 
<lb/><!--Hand 02 91798 top right-->speak to <persName>Murray</persName> at once. 
<lb/>Pray let me know before Wednes
<lb/>day as I go off to Dublin on that 
<lb/>day or on Thursday.</p>
<lb/><p>I am quite at a loss for 
<lb/>Nautical Almanacs for 
<lb/>I am not acquainted with 
<lb/>any of the Societies except 
<lb/>the <choice><abbr>R.G.S.</abbr><expan>Royal Geographical Society</expan></choice> and I believe 
<lb/><persName>D<hi rend="sup">r</hi> Shaw</persName> is off on Monday 
<lb/>for Dublin But I shall 
<lb/>try. <space extent="2" unit="words"/><space extent="2" unit="chars"/>I am Dear Sir</p>
<lb/><p rend="right">Most truly yours</p>
<lb/><p rend="right">David Livingstone</p>
<lb/><p rend="right"><space extent="4" unit="chars"/><!-- written underneath along side name of Captain Toynbee-->I shall send to</p> 
<lb/><p rend="no-indent"><persName>Captain Toynbee</persName><space extent="2" unit="chars"/><placeName>Pimlico</placeName></p>
<!-- Hand 03 16250 botton centre-->
	
</div>
		</body>
	</text></TEI>