<?xml version="1.0" encoding="UTF-8"?>
<?xml-model href="http://livingstoneonline.github.io/LEAP-ODD/leap.rng" type="application/xml" schematypens="http://relaxng.org/ns/structure/1.0"?>
<?xml-model href="http://livingstoneonline.github.io/LEAP-ODD/leap.rng" type="application/xml" schematypens="http://purl.oclc.org/dsdl/schematron"?>
 <?xml-stylesheet href="http://livingstoneonline.github.io/LEAP-XSLT/transcription.xsl" type="text/xsl"?>
 <!--Converted from a TEI P4 XML file to the LEAP TEI P5 Schema by James Cummings on 2015-03-02--><!--TEI encoding revised and standardized by Adrian S. Wisnicki, 2015-2016-->
         <TEI xmlns="http://www.tei-c.org/ns/1.0" xml:id="liv_001120">
	<teiHeader>
		<fileDesc>
			<titleStmt>
				<title>Letter to Unknown</title>
                <title type="alternative">Letter to Unknown, 26 October 1857</title>
				<author xml:id="DL">Livingstone, David, 1813-1873</author>
			</titleStmt>
			<publicationStmt>
				<authority>Livingstone Online</authority>
				<pubPlace>London</pubPlace>
				<date>2005-04-28</date>
				<publisher>Wellcome Centre for the History of Medicine, UCL</publisher>
				<idno type="LEAP-ID">liv_001120</idno>
			</publicationStmt>
			<sourceDesc>
				<bibl xml:id="ccnumber">Letters, 0609</bibl>
				<bibl xml:id="recipient">Unknown</bibl>
				<bibl xml:id="date"><date when="1857-10-26">26 October 1857</date></bibl>
				<bibl xml:id="where">50 Albemarle St., London</bibl>
				<bibl xml:id="shelfmark">Wellcome Institute for the History of Medicine. Library; 7329 23</bibl>
			</sourceDesc>
		</fileDesc>
		<revisionDesc>
			<change>
				<date>2005-04-28</date>
				<name xml:id="CO">Caroline Overy</name>Initial Transcription
			</change>
			<change>
				<date>2006-02-12</date>
				<name xml:id="CL">Chris Lawrence</name>first proof
			</change>
			<change>
				<date>2006-02-19</date>
				<name xml:id="JB">Janet Browne</name>second proof
			</change>
			<change>
				<date>2006-03-02</date>
				<name xml:id="SM">Sharon Messenger</name>final proof
			</change>
		</revisionDesc>
	</teiHeader>

	<text>
		<body>
			<div>

	<pb n="0001" facs="liv_001120_0001"/><!--pb/@n='1'--> 
<!--Hand 01 18 top left--><!--Hand 02 64758 top right-->
<lb/><p rend="center"><space extent="1" unit="chars"/><placeName>50 Albemarle <choice><abbr>St</abbr><expan>Street</expan></choice></placeName></p>
<lb/><p rend="center"><space extent="3" unit="chars"/>26<hi rend="sup">th</hi> <choice><abbr>Oct<hi rend="sup">r</hi></abbr><expan>October</expan></choice></p>
<lb/><p rend="center"><space extent="2" unit="words"/>1857</p>
<lb/><p rend="no-indent">My Dear Sir</p>
<lb/><p><space extent="1" unit="chars"/>Circumstances 
<lb/>over which I have 
<lb/>no control will 
<lb/>prevent my accepting 
<lb/>your very kind 
<lb/>invitation to 
<lb/>lecture at Birmingham 

	<pb n="0002" facs="liv_001120_0002"/><!--pb/@n='2'--> 
<lb/>With thanks for 
<lb/>your kindly 
<lb/>feelings towards 
<lb/>me</p>
<lb/><p rend="center">I am &amp;c</p>
<lb/><p rend="no-indent">David Livingstone</p>
			
</div>
		</body>
	</text></TEI>