<?xml version="1.0" encoding="UTF-8"?>
<?xml-model href="http://livingstoneonline.github.io/LEAP-ODD/leap.rng" type="application/xml" schematypens="http://relaxng.org/ns/structure/1.0"?>
<?xml-model href="http://livingstoneonline.github.io/LEAP-ODD/leap.rng" type="application/xml" schematypens="http://purl.oclc.org/dsdl/schematron"?>
 <?xml-stylesheet href="http://livingstoneonline.github.io/LEAP-XSLT/transcription.xsl" type="text/xsl"?>
 <!--Converted from a TEI P4 XML file to the LEAP TEI P5 Schema by James Cummings on 2015-03-02--><!--TEI encoding revised and standardized by Adrian S. Wisnicki, 2015-2016-->
         <TEI xmlns="http://www.tei-c.org/ns/1.0" xml:id="liv_001132">
	<teiHeader>
		<fileDesc>
			<titleStmt>
				<title>Letter to John Murray III</title>
                <title type="alternative">Letter to John Murray III, 12 November 1857</title>
				<author xml:id="DL">Livingstone, David, 1813-1873</author>
			</titleStmt>
			<publicationStmt>
				<authority>Livingstone Online</authority>
				<pubPlace>London</pubPlace>
				<date>2008-11-04</date>
				<publisher>Wellcome Centre for the History of Medicine, UCL</publisher>
				<idno type="LEAP-ID">liv_001132</idno>
			</publicationStmt>
			<sourceDesc>
				<bibl xml:id="shelfmark">National Library of Scotland; MS. 42420, ff. 83r-84v</bibl>
				<bibl xml:id="ccnumber">Letters, 0620</bibl>
				<bibl xml:id="recipient"><persName>Murray, John III, 1808-1892</persName></bibl>
				<bibl xml:id="date"><date when="1857-11-12">12 November 1857</date></bibl>
				<bibl xml:id="where">Highbury New Park</bibl>
			</sourceDesc>
		</fileDesc>
		<profileDesc>
			<langUsage>
				<language ident="en">English</language>
			</langUsage>
			<handNotes>
				<handNote xml:id="hand01">Scribe: Unknown</handNote>
			</handNotes>
		</profileDesc>
		<revisionDesc>
			<change>
				<date>2008-11-21</date>
				<name xml:id="SM">Sharon Messenger</name>Initial Transcription by Sharon Messenger
			</change>
			<change>
				<date>2008-11-26</date>
				<name xml:id="CL">Chris Lawrence</name>Proofed by Chris Lawrence
			</change>
		</revisionDesc>
	</teiHeader>

	<text>
		<body xml:lang="en">
			<div>

	<pb n="0001" facs="liv_001132_0001"/><!--pb/@n='83r'-->
<lb/><p rend="right"><placeName>Hadleigh House</placeName></p>
<lb/><p rend="right"><placeName>Highbury New Park</placeName></p>
<lb/><p rend="right"><space extent="2" unit="chars"/>12<hi rend="sup underline">th</hi> Nov<hi rend="sup">r</hi></p>
<lb/><p rend="right"><space extent="2" unit="words"/>1857</p>
<lb/>
<lb/><p rend="no-indent">My Dear <persName>M<hi rend="sup underline">r</hi> Murray</persName></p>
<lb/><p><space extent="1" unit="chars"/>I beg to 
<lb/>acknowledge the 
<lb/>receipt of two 
<lb/>notes of hand of 
<lb/>eight &amp; ten months 
<lb/>date <add place="above">each</add> for £1050 this 
<lb/>morning &amp; return you 
<lb/>my best thanks 
<lb/>for the same.

	<pb n="0002" facs="liv_001132_0002"/><!--pb/@n='83v'--> 
<lb/>We came out here 
<lb/>last night and 
<lb/>remain a few 
<lb/>days in quiet, 
<lb/>though I fear that 
<lb/>I must come to 
<lb/>the West End for 
<lb/>a dinner this 
<lb/>evening - at 
<lb/><persName>Captain Washington's</persName><reg>.</reg>
<lb/>I have got a bad 
<lb/>cold &amp; only hope 

	<pb n="0003" facs="liv_001132_0003"/><!--pb/@n='84r'--> 
<lb/>it will be better 
<lb/>before going to 
<lb/><placeName>Oxford</placeName>. I am 
<lb/>thus out of 
<lb/><persName>Arrowsmith<reg>'</reg>s</persName> beat 
<lb/>so you must 
<lb/>apply some other 
<lb/>long pole to stir 
<lb/>him up. Set <persName>Cooke</persName>
<lb/>at him! My 
<lb/>brother will call 
<lb/>for my letters. </p>
<lb/><p>I am &amp;c </p>
<lb/><p rend="no-indent"><persName>David Livingstone</persName></p>

	<pb n="0004" facs="liv_001132_0004"/><!--pb/@n='84v'-->
<lb/><p rend="no-indent">My friends all 
<lb/>call out against 
<lb/>the portrait by 
<lb/><persName>Philips</persName>, <persName>Vardon</persName>
<lb/>says it will do 
<lb/>for any one between 
<lb/><persName>Captain Cook</persName> &amp; 
<lb/><persName>Guy Fawkes</persName>! </p>
			
</div>
		</body>
	</text></TEI>