<?xml version="1.0" encoding="UTF-8"?>
<?xml-model href="http://livingstoneonline.github.io/LEAP-ODD/leap.rng" type="application/xml" schematypens="http://relaxng.org/ns/structure/1.0"?>
<?xml-model href="http://livingstoneonline.github.io/LEAP-ODD/leap.rng" type="application/xml" schematypens="http://purl.oclc.org/dsdl/schematron"?>
 <?xml-stylesheet href="http://livingstoneonline.github.io/LEAP-XSLT/transcription.xsl" type="text/xsl"?>
 <!--Converted from a TEI P4 XML file to the LEAP TEI P5 Schema by James Cummings on 2015-03-02--><!--TEI encoding revised and standardized by Adrian S. Wisnicki, 2015-2016-->
         <TEI xmlns="http://www.tei-c.org/ns/1.0" xml:id="liv_001141"><!-- LP26 -->
	<teiHeader>
		<fileDesc>
			<titleStmt>
				<title>Letter to [Wilbraham?] Taylor</title>
                <title type="alternative">Letter to [Wilbraham?] Taylor, 28 November 1857</title>
				<author xml:id="DL">Livingstone, David, 1813-1873</author>
			</titleStmt>
			<publicationStmt>
				<authority>Livingstone Online</authority>
				<pubPlace>London</pubPlace>
				<date>2005-04-27</date>
				<publisher>Wellcome Centre for the History of Medicine, UCL</publisher>
				<idno type="LEAP-ID">liv_001141</idno>
			</publicationStmt>
			<sourceDesc>
				<bibl xml:id="ccnumber">Letters, 0629</bibl>
				<bibl xml:id="recipient"><persName>Taylor, Wilbraham, 1816-1895</persName></bibl>
				<bibl xml:id="date"><date when="1857-11-28">28 November 1857</date></bibl>
				<bibl xml:id="where">50 Albemarle St., London</bibl>
				<bibl xml:id="shelfmark">Wellcome Institute for the History of Medicine. Library; 7329 26</bibl><!--1857-11-28--><!--Original:1857-11-28-->
				<bibl xml:id="extent">4 pages</bibl>
			</sourceDesc>
		</fileDesc>
		<revisionDesc>
			<change>
				<date>2005-04-27</date>
				<name xml:id="SM">Sharon Messenger</name>Initial Transcription
			</change>
			<change>
				<date>2006-02-12</date>
				<name xml:id="CL">Chris Lawrence</name>first proof
			</change>
			<change>
				<date>2006-02-19</date>
				<name xml:id="JB">Janet Browne</name>second proof
			</change>
			<change>
				<date>2006-03-02</date>
				<name xml:id="CO">Caroline Overy</name>final proof
			</change>
		</revisionDesc>
	</teiHeader>

	<text>
		<body>
			<div>

	<pb n="0001" facs="liv_001141_0001"/><!--pb/@n='1'--> 
<!--Hand 01 21 top left--><!--Hand 02 67464 top right--><!--Hand 03 <p>Livingstone</p><p>b: 1817</p><p>d: 1873</p> top left-->
<lb/><p rend="right"><placeName>50 Albemarle <choice><abbr>St</abbr><expan>Street</expan></choice></placeName></p>
<lb/><p rend="right"><space extent="1" unit="chars"/>28<hi rend="sup">th</hi> <choice><abbr>Nov<hi rend="sup">r</hi></abbr><expan>November</expan></choice></p>
<lb/><p rend="right"><space extent="1" unit="words"/>1857</p>
<lb/>
<lb/><p rend="no-indent">My Dear <persName>M<hi rend="sup underline">r</hi> Taylor</persName></p>
<lb/><p>Our plans came 
<lb/>all to nothing and 
<lb/>I was partly to 
<lb/>blame for not 
<lb/>writing you at once 
<lb/>and more for 
<lb/>not enlightening 
<lb/>my better half too 

	<pb n="0002" facs="liv_001141_0002"/><!--pb/@n='2'--> 
<lb/>I was on the point 
<lb/>of starting for 
<lb/>Lisbon yesterday 
<lb/>&amp; had all packed up 
<lb/>for Southampton 
<lb/>but on going to 
<lb/>our minister to 
<lb/>Portugal before 
<lb/>starting he informed 
<lb/>me that such 
<lb/>was the paralysis 
<lb/>produced by the 
<lb/><term type="medical">epidemic</term> that no 
<lb/>business could be 

	<pb n="0003" facs="liv_001141_0003"/><!--pb/@n='3'--> 
<lb/>transacted at Lisbon 
<lb/>I have therefore to 
<lb/>wait another 
<w>fort-<lb break="no"/>night</w><!--two hyphens--> before going 
<lb/>I made a desperate 
<lb/>effort to explain 
<lb/>&amp; apologize in person 
<lb/>but blundered in 
<lb/>on Saturday when 
<lb/>you were of course 
<lb/>not there. I shall 
<lb/>come the first time 
<lb/>I can manage it 
<lb/>I have to draw up 
<lb/>my requisition 

	<pb n="0004" facs="liv_001141_0004"/><!--pb/@n='4'--> 
<lb/>and shew it here 
<lb/>on Monday. I 
<lb/>may go to Cambridge 
<lb/>as they want me 
<lb/>much and it is 
<lb/>a precious opportunity 
<lb/>Did not see <persName><choice><sic>Lord Skeleme
<lb/>rsdale</sic><corr>Skelmersdale</corr></choice></persName>. He did not 
<lb/>come. My kindest 
<lb/><del type="strikethrough">love</del> salutations to
<lb/><persName>M<hi rend="sup underline">rs</hi> T.</persName> &amp; <persName>aunt <unclear cert="medium">Gretty</unclear></persName>
<lb/>and all. May all 
<lb/>grace abound towards 
<lb/>you all from our 
<lb/>common Lord</p>
<lb/><p rend="no-indent">David Livingstone</p>
			
</div>
		</body>
	</text></TEI>