<?xml version="1.0" encoding="UTF-8"?>
<?xml-model href="http://livingstoneonline.github.io/LEAP-ODD/leap.rng" type="application/xml" schematypens="http://relaxng.org/ns/structure/1.0"?>
<?xml-model href="http://livingstoneonline.github.io/LEAP-ODD/leap.rng" type="application/xml" schematypens="http://purl.oclc.org/dsdl/schematron"?>
 <?xml-stylesheet href="http://livingstoneonline.github.io/LEAP-XSLT/transcription.xsl" type="text/xsl"?>
 <!--Converted from a TEI P4 XML file to the LEAP TEI P5 Schema by James Cummings on 2015-03-02--><!--TEI encoding revised and standardized by Adrian S. Wisnicki, 2015-2016-->
         <TEI xmlns="http://www.tei-c.org/ns/1.0" xml:id="liv_001261">
	<teiHeader>
		<fileDesc>
			<titleStmt>
				<title>Letter to John Washington</title>
                <title type="alternative">Letter to John Washington, 28 February 1858</title>
				<author xml:id="DL">Livingstone, David, 1813-1873</author>
			</titleStmt>
			<publicationStmt>
				<authority>Livingstone Online</authority>
				<pubPlace>London</pubPlace>
				<date>2009-08-10</date>
				<publisher>Wellcome Centre for the History of Medicine, UCL</publisher>
				<idno type="LEAP-ID">liv_001261</idno>
			</publicationStmt>
			<sourceDesc>
				<bibl xml:id="shelfmark">National Museum of the Royal Navy (Great Britain); MSS. 120</bibl>
				<bibl xml:id="ccnumber">Letters, 0739</bibl>
				<bibl xml:id="recipient"><persName>Washington, John, 1800-1863</persName></bibl>
				<bibl xml:id="date"><date when="1858-02-28">28 February 1858</date></bibl>
				<bibl xml:id="where">4 Athol Place, Glasgow</bibl>
			</sourceDesc>
		</fileDesc>
		<profileDesc>
			<langUsage>
				<language ident="en">English</language>
			</langUsage>
			<handNotes>
				<handNote xml:id="hand01">Scribe: Unknown</handNote>
			</handNotes>
		</profileDesc>
		<revisionDesc>
			<change>
				<date>2009-08-10</date>
				<name xml:id="CO">Caroline Overy</name>Initial Transcription by Caroline Overy
			</change>
			<change>
				<date>2009-08-21</date>
				<name xml:id="CL">Chris Lawrence</name>Proofed by Chris
			</change>
		</revisionDesc>
	</teiHeader>

	<text>
		<body xml:lang="en">
			<div>

	<pb n="0001" facs="liv_001261_0001"/><!--pb/@n='1r'-->
<lb/><p rend="right"><placeName>4 Athol Place</placeName></p>
<lb/><p rend="right"><space extent="2" unit="chars"/><placeName>Glasgow</placeName></p>
<lb/><p rend="right"><space extent="2" unit="chars"/>28<hi rend="sup underline">th</hi> Feby</p>
<lb/><p rend="right"><space extent="1" unit="words"/>1858</p>
<lb/>
<lb/><p rend="no-indent">Dear <persName>Captain Washington</persName></p>
<lb/><p>The <term type="boat">Pearl</term> was 
<lb/>got of the slips 
<lb/>today and will 
<lb/>it is said proceed 
<lb/>to <placeName>Liverpool</placeName> on 

	<pb n="0002" facs="liv_001261_0002"/><!--pb/@n='1v'--> 
<lb/><choice><reg>M</reg><orig>m</orig></choice>onday next. I have 
<lb/>therefore notified 
<lb/>the different members 
<lb/>to be at <placeName>Liverpool</placeName> 
<lb/>on Tuesday - I have 
<lb/>not written to 
<lb/><persName>Bedingfeld</persName> nor 
<lb/><persName>Baines</persName> as I suppose 
<lb/>they are there already<reg>.</reg> 
<lb/>We shall join 
<lb/>them on Wednesday 
<lb/>at noon - the 
<lb/>Captain who seems 

	<pb n="0003" facs="liv_001261_0003"/><!--pb/@n='2r'--> 
<lb/>to be well qualified 
<lb/>for the work 
<lb/>thinks some stanchions 
<lb/>will be needed 
<lb/>to support the 
<lb/>weight of those 
<lb/>parts of the launch 
<lb/>which are placed 
<lb/>in the front part 
<lb/>of the steamer. She 
<lb/>looks well to a 
<lb/>landsman.</p>
<lb/><p>Please remember 

	<pb n="0004" facs="liv_001261_0004"/><!--pb/@n='2v'--> 
<lb/>the order to <persName>M<hi rend="sup underline">r</hi>
<lb/>Maclear</persName> for the 
<lb/>telescope and 
<lb/>oblige yours &amp;c<reg>.</reg>
<lb/>David Livingstone</p>
<lb/>
<lb/><p rend="no-indent">I enclose the last 
<lb/>account for presents 
<lb/>except one which 
<lb/>will be about 
<lb/>£10.</p>
			
</div>
		</body>
	</text></TEI>