<?xml version="1.0" encoding="UTF-8"?>
<?xml-model href="http://livingstoneonline.github.io/LEAP-ODD/leap.rng" type="application/xml" schematypens="http://relaxng.org/ns/structure/1.0"?>
<?xml-model href="http://livingstoneonline.github.io/LEAP-ODD/leap.rng" type="application/xml" schematypens="http://purl.oclc.org/dsdl/schematron"?>
 <?xml-stylesheet href="http://livingstoneonline.github.io/LEAP-XSLT/transcription.xsl" type="text/xsl"?>
 <!--Converted from a TEI P4 XML file to the LEAP TEI P5 Schema by James Cummings on 2015-03-02--><!--TEI encoding revised and standardized by Adrian S. Wisnicki, 2015-2016-->
         <TEI xmlns="http://www.tei-c.org/ns/1.0" xml:id="liv_001131">
	<teiHeader>
		<fileDesc>
			<titleStmt>
				<title>Letter to [John Washington]</title>
                <title type="alternative">Letter to [John Washington], 11 November 1857</title>
				<author xml:id="DL">Livingstone, David, 1813-1873</author>
			</titleStmt>
			<publicationStmt>
				<authority>Livingstone Online</authority>
				<pubPlace>London</pubPlace>
				<date>09-08-2009</date>
				<publisher>Wellcome Centre for the History of Medicine, UCL</publisher>
				<idno type="LEAP-ID">liv_001131</idno>
			</publicationStmt>
			<sourceDesc>
				<bibl xml:id="shelfmark">National Museum of the Royal Navy (Great Britain); MSS. 120</bibl>
				<bibl xml:id="ccnumber">Letters, 0619</bibl>
				<bibl xml:id="recipient"><persName>Washington, John, 1800-1863</persName></bibl>
				<bibl xml:id="date"><date when="1857-11-11">11 November 1857</date></bibl>
				<bibl xml:id="where">10 Soho Square</bibl>
			</sourceDesc>
		</fileDesc>
		<profileDesc>
			<langUsage>
				<language ident="en">English</language>
			</langUsage>
			<handNotes>
				<handNote xml:id="hand01">Scribe: Unknown</handNote>
			</handNotes>
		</profileDesc>
		<revisionDesc>
			<change>
				<date>2009</date>
				<name xml:id="SM">Sharon Messenger</name>Initial Transcription by Sharon Messenger
			</change>
			<change>
				<date>2009-08-17</date>
				<name xml:id="CL">Chris Lawrence</name>Proofed by Chris
			</change>
		</revisionDesc>
	</teiHeader>

	<text>
		<body xml:lang="en">
			<div>

	<pb n="0001" facs="liv_001131_0001"/><!--pb/@n='1r'-->
<lb/><p rend="right"><placeName>10 Soho Square</placeName></p>
<lb/><p rend="right">11<hi rend="sup underline">th</hi> Nov<hi rend="sup">r</hi></p>
<lb/><p rend="right"><space extent="1" unit="words"/>1857 </p>
<lb/>
<lb/><p rend="no-indent">My Dear Sir </p>
<lb/><p><space extent="1" unit="chars"/><persName>M<hi rend="sup underline">r</hi> Arrowsmith</persName>
<lb/>sends you a spare 
<lb/>map per bearer. 
<lb/>I am better this 
<lb/>morning and 
<lb/>will I hope be 
<lb/>able to come 

	<pb n="0002" facs="liv_001131_0002"/><!--pb/@n='1v'--> 
<lb/>tomorrow according 
<lb/>to your kind 
<lb/>invitation. I have 
<lb/>a crude mass of 
<lb/>words of various 
<lb/>African dialects 
<lb/>&amp; one pretty full 
<lb/>vocabulary of 
<lb/>Sichuana the 
<lb/>language of the 
<lb/><term type="tribe">Bechuanas</term> but 
<lb/>have not time 

	<pb n="0003" facs="liv_001131_0003"/><!--pb/@n='2r'--> 
<lb/>to put it in form 
<lb/>for printing. I 
<lb/>have an analysis 
<lb/>of African languages 
<lb/>too but the same 
<lb/>want of time is 
<lb/>a serious obstacle 
<lb/>to doing anything 
<lb/>with it. <persName>Admiral 
<lb/>Trotter</persName> is in 
<lb/><placeName>Leamington</placeName>
<lb/><placeName>Warwick</placeName>
<lb/>Can you forward 
<lb/>a few of my 

	<pb n="0004" facs="liv_001131_0004"/><!--pb/@n='2v'--> 
<lb/>books to <choice><sic>to</sic><corr>no text</corr></choice> our 
<lb/>friend <persName>Maclear</persName>
<lb/>free of expense 
<lb/>to him - ? </p>
<lb/><p>Hoping to be 
<lb/>with you tomorrow<reg>.</reg></p>
<lb/><p>I am sincerely </p>
<lb/><p rend="center">yours </p>
<lb/><p rend="no-indent"><persName>David Livingstone</persName></p>
			
</div>
		</body>
	</text></TEI>