<?xml version="1.0" encoding="UTF-8"?>
<?xml-model href="http://livingstoneonline.github.io/LEAP-ODD/leap.rng" type="application/xml" schematypens="http://relaxng.org/ns/structure/1.0"?>
<?xml-model href="http://livingstoneonline.github.io/LEAP-ODD/leap.rng" type="application/xml" schematypens="http://purl.oclc.org/dsdl/schematron"?>
 <?xml-stylesheet href="http://livingstoneonline.github.io/LEAP-XSLT/transcription.xsl" type="text/xsl"?>
 <!--Converted from a TEI P4 XML file to the LEAP TEI P5 Schema by James Cummings on 2015-03-02--><!--TEI encoding revised and standardized by Adrian S. Wisnicki, 2015-2016-->
         <TEI xmlns="http://www.tei-c.org/ns/1.0" xml:id="liv_001243">
	<teiHeader>
		<fileDesc>
			<titleStmt>
				<title>Letter to John Washington</title>
                <title type="alternative">Letter to John Washington, 17 February 1858</title>
				<author xml:id="DL">Livingstone, David, 1813-1873</author>
			</titleStmt>
			<publicationStmt>
				<authority>Livingstone Online</authority>
				<pubPlace>London</pubPlace>
				<date>2009-08-10</date>
				<publisher>Wellcome Centre for the History of Medicine, UCL</publisher>
				<idno type="LEAP-ID">liv_001243</idno>
			</publicationStmt>
			<sourceDesc>
				<bibl xml:id="shelfmark">National Museum of the Royal Navy (Great Britain); MSS. 120</bibl>
				<bibl xml:id="ccnumber">Letters, 0723</bibl>
				<bibl xml:id="recipient"><persName>Washington, John, 1800-1863</persName></bibl>
				<bibl xml:id="date"><date when="1858-02-17">17 February 1858</date></bibl>
				<bibl xml:id="where">18 Hart St., London</bibl>
			</sourceDesc>
		</fileDesc>
		<profileDesc>
			<langUsage>
				<language ident="en">English</language>
			</langUsage>
			<handNotes>
				<handNote xml:id="hand01">Scribe: Unknown</handNote>
			</handNotes>
		</profileDesc>
		<revisionDesc>
			<change>
				<date>2009-08-10</date>
				<name xml:id="CO">Caroline Overy</name>Initial Transcription by Caroline Overy
			</change>
			<change>
				<date>2009-08-18</date>
				<name xml:id="CL">Chris Lawrence</name>Proofed by Chris
			</change>
		</revisionDesc>
	</teiHeader>

	<text>
		<body xml:lang="en">
			<div>

	<pb n="0001" facs="liv_001243_0001"/><!--pb/@n='1'-->
<lb/><p rend="center"><space extent="1" unit="chars"/><placeName>18 Hart St.</placeName></p>
<lb/><p rend="center"><space extent="3" unit="chars"/>17<hi rend="sup underline">th</hi> Feby 1858</p>
<lb/>
<lb/>
<lb/><p rend="no-indent">Dear <persName>Captain Washington</persName></p>
<lb/><p>Will you be 
<lb/>so kind as to send 
<lb/>the bill for my 
<lb/>chronometer to 
<lb/><persName>Wilbraham Taylor</persName>
<lb/><placeName>1 Robert St.</placeName>
<lb/><placeName>Adelphi - Strand</placeName><reg>.</reg></p>

	<pb n="0002" facs="liv_001243_0002"/><!--pb/@n='2'-->
<lb/><p>I find by a 
<lb/>letter from <persName>Sir 
<lb/>Roderick</persName> that he 
<lb/>thinks our 
<lb/>proposed arrangement 
<lb/>with <persName>Thornton</persName>
<lb/>would be a 
<lb/>breach of faith 
<lb/>as he <add place="above">has drawn a part &amp; moreover</add> is a first 
<lb/>rate met<del type="strikethrough">t</del>allurgist 
<lb/>&amp; might get £400 
<lb/>at home<reg>.</reg></p>

	<pb n="0003" facs="liv_001243_0003"/><!--pb/@n='3'-->
<lb/><p rend="no-indent">I earnestly hope 
<lb/>that the matter 
<lb/>may be comfortably 
<lb/>arranged with 
<lb/><persName>Baines</persName>. <persName>M<hi rend="sup">r</hi>
<lb/>Wilson</persName> seemed 
<lb/>to suggest no 
<lb/>obstacle if <del type="strikethrough">(</del>it 
<lb/>(an increase in 
<lb/><persName>Baines<reg>'</reg></persName> pay) 
<lb/>came in a regular 
<lb/>way through the 

	<pb n="0004" facs="liv_001243_0004"/><!--pb/@n='4'--> 
<lb/>Foreign Office but 
<lb/>nothing can of 
<lb/>course be done 
<lb/>without your 
<lb/>full consent<reg>.</reg>
<lb/>I did not go to 
<lb/><persName>M<hi rend="sup">r</hi> Hammond</persName>
<lb/>but have been 
<lb/>busy all day 
<lb/>leave taking - but 
<lb/>will tomorrow 
<lb/>after I have seen 
<lb/>you<reg>.</reg></p>

	<pb n="0005" facs="liv_001243_0005"/><!--pb/@n='5'-->
<lb/><p rend="no-indent">Are our instructions 
<lb/>drawn up? and 
<lb/>the agreement to 
<lb/>be signed? I don<reg>'</reg>t 
<lb/>expect you to 
<lb/>answer these 
<lb/>questions but 
<lb/>I often forget 
<lb/>points when in 
<lb/>your presence 
<lb/>which are on 

	<pb n="0006" facs="liv_001243_0006"/><!--pb/@n='6'--> 
<lb/>my mind when 
<lb/>quietly writing<reg>.</reg>
<lb/>For this reason 
<lb/>too I mention 
<lb/>now that I got 
<lb/>a copy of a 
<lb/>decree of the 
<lb/>Portuguese Gov<hi rend="sup">t</hi>
<lb/>which decides 
<lb/>that the valley 
<lb/>of the <placeName>Zambesi</placeName>
<lb/>to which the 

	<pb n="0007" facs="liv_001243_0007"/><!--pb/@n='7'--> 
<lb/>Portuguese <add place="above">crown</add> lays 
<lb/>claim is henceforth 
<lb/>to be called</p>
<lb/><p rend="center">Zambesia</p>
<lb/><p rend="no-indent">and it extends 
<lb/>to beyond <placeName>Zumbo</placeName><reg>.</reg>
<lb/>Had they named 
<lb/>the Longitude 
<lb/>it would have 
<lb/>coincided exactly 
<lb/>with what I 
<lb/>pointed out to 

	<pb n="0008" facs="liv_001243_0008"/><!--pb/@n='8'--> 
<lb/><persName>M<hi rend="sup underline">r</hi> Hammond</persName> for 
<lb/><persName>Lord Clarendon's</persName>
<lb/>information viz. 
<lb/>30º E. of Greenwich 
<lb/>and the decree makes 
<lb/>all that we take 
<lb/>in free of duty. 
<lb/>That when they have 
<lb/>no custom house 
<lb/>nor even a village 
<lb/>at the entrance 
<lb/>(<placeName>Luabo</placeName>)<reg>.</reg> I am &amp;c 
<lb/>David Livingstone</p>
			
</div>
		</body>
	</text></TEI>