<?xml version="1.0" encoding="UTF-8"?>
<?xml-model href="http://livingstoneonline.github.io/LEAP-ODD/leap.rng" type="application/xml" schematypens="http://relaxng.org/ns/structure/1.0"?>
<?xml-model href="http://livingstoneonline.github.io/LEAP-ODD/leap.rng" type="application/xml" schematypens="http://purl.oclc.org/dsdl/schematron"?>
 <?xml-stylesheet href="http://livingstoneonline.github.io/LEAP-XSLT/transcription.xsl" type="text/xsl"?>
 <!--Converted from a TEI P4 XML file to the LEAP TEI P5 Schema by James Cummings on 2015-03-02--><!--TEI encoding revised and standardized by Adrian S. Wisnicki, 2015-2016-->
         <TEI xmlns="http://www.tei-c.org/ns/1.0" xml:id="liv_001219">
	<teiHeader>
		<fileDesc>
			<titleStmt>
				<title>Letter to H. Norton Shaw</title>
                <title type="alternative">Letter to H. Norton Shaw, 11 February 1858</title>
				<author xml:id="DL">Livingstone, David, 1813-1873</author>
			</titleStmt>
			<publicationStmt>
				<authority>Livingstone Online</authority>
				<pubPlace>London</pubPlace>
				<date>2007</date>
				<publisher>Wellcome Centre for the History of Medicine, UCL</publisher>
				<idno type="LEAP-ID">liv_001219</idno>
			</publicationStmt>
			<sourceDesc>
				<bibl xml:id="shelfmark">Royal Geographical Society (Great Britain); Archives, DL 2/15/19</bibl>
				<bibl xml:id="ccnumber">Letters, 0700</bibl>
				<bibl xml:id="recipient"><persName>Shaw, H. Norton, ?-1868</persName></bibl>
				<bibl xml:id="date"><date when="1858-02-11">11 February 1858</date></bibl>
				<bibl xml:id="where">18 Hart St., London</bibl>
			</sourceDesc>
		</fileDesc>
		<profileDesc>
			<langUsage>
				<language ident="en">English</language>
			</langUsage>
			<handNotes>
				<handNote xml:id="hand01">Scribe: Unknown</handNote>
			</handNotes>
		</profileDesc>
		<revisionDesc>
			<change>
				<date>2007-05-23</date>
				<name xml:id="SM">Sharon Messenger</name>Intial Transcription by Sharon Messenger
			</change>
			<change>
				<date>2007-06-06</date>
				<name xml:id="CL">Chris Lawrence</name>Proofed by Chris Lawrence
			</change>
			<change>
				<date>2007-06-27</date>
				<name xml:id="JB">Janet Browne</name>Proofed by Janet Browne
			</change>
		</revisionDesc>
	</teiHeader>

	<text>
		<body xml:lang="en">
			<div>

	<pb n="0001" facs="liv_001219_0001"/><!--pb/@n='1r'-->
<lb/><p><placeName>18 Hart St</placeName></p>
<lb/><p><space extent="2" unit="chars"/>11<hi rend="sup underline">th</hi> Feby </p>
<lb/><p rend="left">1858 </p>
<lb/>
<lb/><p rend="no-indent">My Dear Shaw</p>
<lb/><p><space extent="1" unit="chars"/>I was but 
<lb/>once at the 
<lb/>Society<reg>'</reg>s house 
<lb/>and found 
<lb/>you were 
<lb/>engaged with 
<lb/>some people 

	<pb n="0002" facs="liv_001219_0002"/><!--pb/@n='1v'--> 
<lb/>in the library<reg>.</reg>
<lb/>I had nothing 
<lb/>to say. <persName>Sir</persName>
<lb/>Roderick asked 
<lb/>me to meet 
<lb/>him and I 
<lb/>did so and walked 
<lb/>to the end of 
<lb/>the street with 
<lb/>him then went 
<lb/>to the Foreign 

	<pb n="0003" facs="liv_001219_0003"/><!--pb/@n='2r'--> 
<lb/>Office where 
<lb/>I was detained 
<lb/>till past three 
<lb/>and having 
<lb/>another engagement 
<lb/>at two! I hurried 
<lb/>up and for two reasons 
<lb/>did not call 
<lb/>again. 1<hi rend="sup underline">st</hi> I 
<lb/>had nothing to 
<lb/>say and did <supplied resp="#SM">not</supplied>

	<pb n="0004" facs="liv_001219_0004"/><!--pb/@n='2v'--> 
<lb/>wish to disturb 
<lb/>you for nothing<reg>.</reg>
<lb/>2<hi rend="sup underline">d</hi> I had an 
<lb/>engagement up 
<lb/>here &amp; was more 
<lb/>than 1/2 an 
<lb/>hour behind 
<lb/>my time. I think 
<lb/><persName>Wyon</persName> has got 
<lb/>on well. </p>
<lb/><p>I am &amp;c </p>
<lb/><p rend="no-indent"><persName>David Livingstone</persName></p>
			
</div>
		</body>
	</text></TEI>