<?xml version="1.0" encoding="UTF-8"?>
<?xml-model href="http://livingstoneonline.github.io/LEAP-ODD/leap.rng" type="application/xml" schematypens="http://relaxng.org/ns/structure/1.0"?>
<?xml-model href="http://livingstoneonline.github.io/LEAP-ODD/leap.rng" type="application/xml" schematypens="http://purl.oclc.org/dsdl/schematron"?>
 <?xml-stylesheet href="http://livingstoneonline.github.io/LEAP-XSLT/transcription.xsl" type="text/xsl"?>
 <!--Converted from a TEI P4 XML file to the LEAP TEI P5 Schema by James Cummings on 2015-03-02--><!--TEI encoding revised and standardized by Adrian S. Wisnicki, 2015-2016-->
         <TEI xmlns="http://www.tei-c.org/ns/1.0" xml:id="liv_001123">
	<teiHeader>
		<fileDesc>
			<titleStmt>
				<title>Letter to Titus Salt</title>
                <title type="alternative">Letter to Titus Salt, 29 October 1857</title>
				<author xml:id="DL">Livingstone, David, 1813-1873</author>
			</titleStmt>
			<publicationStmt>
				<authority>Livingstone Online</authority>
				<pubPlace>London</pubPlace>
				<date>2007</date>
				<publisher>Wellcome Centre for the History of Medicine, UCL</publisher>
				<idno type="LEAP-ID">liv_001123</idno>
			</publicationStmt>
			<sourceDesc>
				<bibl xml:id="shelfmark">National Library of Scotland; MS. 20312, ff. 35-36</bibl>
				<bibl xml:id="ccnumber">Letters, 0611.5</bibl>
				<bibl xml:id="recipient"><persName>Salt, Titus, 1803-1876</persName></bibl>
				<bibl xml:id="date"><date when="1857-10-29">29 October 1857</date></bibl>
				<bibl xml:id="where">50 Albemarle St., London</bibl>
			</sourceDesc>
		</fileDesc>
		<profileDesc>
			<langUsage>
				<language ident="en">English</language>
			</langUsage>
			<handNotes>
				<handNote xml:id="hand01">Scribe: Unknown</handNote>
			</handNotes>
		</profileDesc>
		<revisionDesc>
			<change>
				<date>2007</date>
				<name xml:id="SM">Sharon Messenger</name>Initial Transcription by Sharon Messenger
			</change>
			<change>
				<date>2007-08-07</date>
				<name xml:id="CL">Chris Lawrence</name>Proofed by Chris
			</change>
		</revisionDesc>
	</teiHeader>

	<text>
		<body xml:lang="en">
			<div>

	<pb n="0001" facs="liv_001123_0001"/><!--pb/@n='1'-->
<lb/><p rend="center"><space extent="2" unit="chars"/><placeName>50 Abermarle St</placeName></p>
<lb/><p rend="center"><space extent="3" unit="chars"/>29<hi rend="sup underline">th</hi> Oct<hi rend="sup">r</hi></p>
<lb/><p rend="center"><space extent="4" unit="chars"/>1857 </p>
<lb/>
<lb/><p rend="no-indent">My Dear Sir</p>
<lb/><p>Having been 
<lb/>advised by my 
<lb/>friends to delay my 
<lb/>visit to <placeName>Portugal</placeName>
<lb/>for a week or so 
<lb/>on account of 
<lb/>the epidemic now 
<lb/>raging at <placeName>Lisbon</placeName>

	<pb n="0002" facs="liv_001123_0002"/><!--pb/@n='2'--> 
<lb/>I have <add place="above">thought</add> that I might 
<lb/>accomplish my 
<lb/>visit to <placeName>Bradford</placeName>
<lb/>in the meantime, 
<lb/>and therefore propose 
<lb/>to go thither on <choice><reg>T</reg><orig>t</orig></choice>uesday 
<lb/>the 10<hi rend="sup underline">th</hi> Nov<hi rend="sup underline">r</hi> if 
<lb/>that day will be 
<lb/>convenient for the 
<lb/>friends there. </p>
<lb/><p>The Mayor kindly 
<lb/>invited me to his 
<lb/>house and I believe 
<lb/>that I have a 

	<pb n="0003" facs="liv_001123_0003"/><!--pb/@n='3'--> 
<lb/>similar invitation 
<lb/>from yourself. I feel 
<lb/>much obliged to you 
<lb/>both and as I am 
<lb/>quite content with 
<lb/>the smallest accom
<lb/>modation I should 
<lb/>like to accept 
<lb/>of that which will 
<lb/>entail the least 
<lb/>trouble. I am not 
<lb/>aware whether <persName>M<hi rend="sup">r</hi>
<lb/>Darlington</persName> with 
<lb/>whom I have 
<w>cor-<lb break="no"/>responded</w> is the Mayor 

	<pb n="0004" facs="liv_001123_0004"/><!--pb/@n='4'--> 
<lb/>but if either you 
<lb/>or he will drop 
<lb/>a line of directions 
<lb/>you will much 
<lb/>oblige yours &amp;c 
<lb/><persName>David Livingstone</persName></p>
<lb/>
<lb/>
<lb/>
<lb/><p rend="no-indent"><persName>Titus Salt Esq.</persName></p>
			
</div>
		</body>
	</text></TEI>