<?xml version="1.0" encoding="UTF-8"?>
<?xml-model href="http://livingstoneonline.github.io/LEAP-ODD/leap.rng" type="application/xml" schematypens="http://relaxng.org/ns/structure/1.0"?>
<?xml-model href="http://livingstoneonline.github.io/LEAP-ODD/leap.rng" type="application/xml" schematypens="http://purl.oclc.org/dsdl/schematron"?>
 <?xml-stylesheet href="http://livingstoneonline.github.io/LEAP-XSLT/transcription.xsl" type="text/xsl"?>
 <!--Converted from a TEI P4 XML file to the LEAP TEI P5 Schema by James Cummings on 2015-03-02--><!--TEI encoding revised and standardized by Adrian S. Wisnicki, 2015-2016-->
         <TEI xmlns="http://www.tei-c.org/ns/1.0" xml:id="liv_001063">
	<teiHeader>
		<fileDesc>
			<titleStmt>
				<title>Letter to John Murray III</title>
                <title type="alternative">Letter to John Murray III, 14 July 1857</title>
				<author xml:id="DL">Livingstone, David, 1813-1873</author>
			</titleStmt>
			<publicationStmt>
				<authority>Livingstone Online</authority>
				<pubPlace>London</pubPlace>
				<date>2008-11-24</date>
				<publisher>Wellcome Centre for the History of Medicine, UCL</publisher>
				<idno type="LEAP-ID">liv_001063</idno>
			</publicationStmt>
			<sourceDesc>
				<bibl xml:id="shelfmark">National Library of Scotland; MS. 42420, ff. 65r-66v</bibl>
				<bibl xml:id="ccnumber">Letters, 0558</bibl>
				<bibl xml:id="recipient"><persName>Murray, John III, 1808-1892</persName></bibl>
				<bibl xml:id="date"><date when="1857-07-14">14 July 1857</date></bibl>
				<bibl xml:id="where">Hadley Green</bibl>
			</sourceDesc>
		</fileDesc>
		<profileDesc>
			<langUsage>
				<language ident="en">English</language>
			</langUsage>
			<handNotes>
				<handNote xml:id="hand01">Scribe: Unknown</handNote>
			</handNotes>
		</profileDesc>
		<revisionDesc>
			<change>
				<date>2008-11-24</date>
				<name xml:id="SM">Sharon Messenger</name>Initial Transcription by Sharon Messenger
			</change>
			<change>
				<date>2008-11-27</date>
				<name xml:id="CL">Chris Lawrence</name>Proofed by Chris Lawrence
			</change>
		</revisionDesc>
	</teiHeader>

	<text>
		<body xml:lang="en">
			<div>

	<pb n="0001" facs="liv_001063_0001"/><!--pb/@n='65r'-->
<lb/><p rend="right"><placeName>Hadley Green</placeName></p>
<lb/><p rend="right">14<hi rend="sup">th</hi> July 1857</p>
<lb/>
<lb/><p rend="no-indent">My Dear <persName>M<hi rend="sup">r</hi> Murray</persName></p>
<lb/><p><space extent="3" unit="chars"/>I was totally 
<lb/>unable to fulfill
<lb/>my intention of 
<lb/>calling on you 
<lb/>yesterday but 
<lb/>if you will 
<lb/>kindly send or 
<lb/>give the "copy" 
<lb/>I mentioned 

	<pb n="0002" facs="liv_001063_0002"/><!--pb/@n='65v'--> 
<lb/>to <persName>M<hi rend="sup underline">r</hi> Taylor</persName><placeName>1/ Robert 
<lb/>St Adelphi</placeName> he 
<lb/>will deliver it 
<lb/>safely. You had 
<lb/>better give him 
<lb/>the Medal too at 
<lb/>the same time. I shall 
<lb/>tell him to send 
<lb/>for it - he will 
<lb/>take care of it<reg>.</reg></p>
<lb/><p>I would like a 
<lb/>woodcut of the 
<lb/>Balonda mode 

	<pb n="0003" facs="liv_001063_0003"/><!--pb/@n='66r'--> 
<lb/>of carrying a chief 
<lb/>namely on the 
<lb/>shoulders. A lady 
<lb/>here who draws 
<lb/>well - the same 
<lb/>who did the head 
<lb/>dresses would 
<lb/>draw what I 
<lb/>want on a block 
<lb/>of wood if we 
<lb/>had it<reg>.</reg> It could then 
<lb/>be cut more speedily<reg>.</reg>
<lb/>If you could either 
<lb/>send one the size 
<lb/>of the musical instrument 

	<pb n="0004" facs="liv_001063_0004"/><!--pb/@n='66v'--> 
<lb/>or tell <persName>M<hi rend="sup underline">r</hi> Taylor</persName>
<lb/>where it could be had 
<lb/>we could soon put 
<lb/>the work in hand<reg>.</reg>
<lb/>I sent "Kane" with 
<lb/>3 pieces of M.S.S. 
<lb/>yesterday. Many 
<lb/>thanks for Kane<reg>.</reg></p>
<lb/><p>I am &amp;c. </p>
<lb/><p><persName>D. Livingstone</persName></p>
			
</div>
		</body>
	</text></TEI>