<?xml version="1.0" encoding="UTF-8"?>
<?xml-model href="http://livingstoneonline.github.io/LEAP-ODD/leap.rng" type="application/xml" schematypens="http://relaxng.org/ns/structure/1.0"?>
<?xml-model href="http://livingstoneonline.github.io/LEAP-ODD/leap.rng" type="application/xml" schematypens="http://purl.oclc.org/dsdl/schematron"?>
 <?xml-stylesheet href="http://livingstoneonline.github.io/LEAP-XSLT/transcription.xsl" type="text/xsl"?>
 <!--Converted from a TEI P4 XML file to the LEAP TEI P5 Schema by James Cummings on 2015-03-02--><!--TEI encoding revised and standardized by Adrian S. Wisnicki, 2015-2016-->
         <TEI xmlns="http://www.tei-c.org/ns/1.0" xml:id="liv_001128">
	<teiHeader>
		<fileDesc>
			<titleStmt>
				<title>Letter to Heinrich Barth</title>
                <title type="alternative">Letter to Heinrich Barth, 10 November 1857</title>
				<author xml:id="DL">Livingstone, David, 1813-1873</author>
			</titleStmt>
			<publicationStmt>
				<authority>Livingstone Online</authority>
				<pubPlace>London</pubPlace>
				<date>2009</date>
				<publisher>Wellcome Centre for the History of Medicine, UCL</publisher>
				<idno type="LEAP-ID">liv_001128</idno>
			</publicationStmt>
			<sourceDesc>
				<bibl xml:id="shelfmark">Royal Geographical Society (Great Britain); Barth Correspondence</bibl>
				<bibl xml:id="ccnumber">Letters, 0616</bibl>
				<bibl xml:id="recipient"><persName>Barth, Heinrich, 1821-1865</persName></bibl>
				<bibl xml:id="date"><date when="1857-11-10">10 November 1857</date></bibl>
				<bibl xml:id="where">50 Albemarle St., London</bibl>
			</sourceDesc>
		</fileDesc>
		<profileDesc>
			<langUsage>
				<language ident="en">English</language>
			</langUsage>
			<handNotes>
				<handNote xml:id="hand01">Scribe: Unknown</handNote>
			</handNotes>
		</profileDesc>
		<revisionDesc>
			<change>
				<date>2009-01-16</date>
				<name xml:id="SM">Sharon Messenger</name>Initial Transcription by Sharon Messenger
			</change>
			<change>
				<date>2009-01-25</date>
				<name xml:id="CL">Christopher Lawrence</name>Proof by Chris Lawrence
			</change>
		</revisionDesc>
	</teiHeader>

	<text>
		<body xml:lang="en">
			<div>

	<pb n="0001" facs="liv_001128_0001"/><!--pb/@n='1'--> 


<lb/><p>D. Livingstone an H. Barth  -1- <space extent="2" unit="words"/>StA</p>
<lb/>  
<lb/>
<lb/><p rend="right"><space extent="6" unit="words"/><placeName>50 Albemarle Str.</placeName></p>
<lb/><p rend="right"><space extent="6" unit="words"/>10<hi rend="sup">th</hi> Nov<hi rend="sup">r</hi> 1857 </p>
<lb/><p>My Dear Sir </p>
<lb/><p>It was only on my return from <placeName>Staffordshire</placeName> yesterday that I 
<lb/>received your kind note of the 7<hi rend="sup">th</hi>. I saw you at the meeting of the 
<lb/>R.G.S. and intended then to acknowledge the kindness which prompted 
<lb/>you to think of me in connection with your remaining volumes. But 
<lb/>you escaped my sight in the crowd. I shall always be heard of at 
<lb/><add place="marginleft">I shall <lb/>peruse your <lb/>works with <lb/>double interest <lb/>from</add>
<lb/><persName>Murrays</persName><placeName> 56 Abermarle St.</placeName> and beg to assure you that <metamark/> the circumstance 
<lb/>of having known you and participated so <choice><sic>lagely</sic><corr>largely</corr></choice> in your generosity. 
<lb/>I am keeping the other three to be a treat where far away from the 
<lb/><choice><sic>hastle</sic><corr>hassle</corr></choice> of civilisation<reg>.</reg> My countrymen give me little leizure now, 
<lb/>just as I suppose yours to do when in <placeName>Germany</placeName>. I however cannot get 
<lb/>away into quiet by going over there as you do by coming over here. 
<lb/>I hope that you found your family well. As for me, my poor father 
<lb/>died when I was near <choice><sic>Sete</sic><corr>Tete</corr></choice> on my way to the East coast and there is 
<lb/>no one to whom I should have been more pleased to relate my 
<w>ad-<lb break="no"/>ventures</w> than to him. My poor mother is ill through the excitement 
<lb/>of parting with three sons from distant parts of the world on one 
<lb/>day. </p>
<lb/><p><choice><sic>Tere</sic><corr>There</corr></choice> is some prospect of my getting back to my adopted land in 
<lb/>January, but I go first to <placeName><choice><sic>Potugal</sic><corr>Portugal</corr></choice></placeName>. Wherever you may be placed I <del type="strikethrough">sh</del>
<lb/>shall always read every word I see about you with pleasing interest.
<lb/>And I pray that our Heavenly Father may protect you and that through 
<lb/>the merits of our blessed <choice><sic>Redumer</sic><corr>Redeemer</corr></choice> you &amp; I may meet in joy after 
<lb/>all our wanderings all over.</p>

	<pb n="0002" facs="liv_001128_0002"/><!--pb/@n='2'--> 
<!--<p rend="center">-2-<lb/></p>
<p rend="right">StA <lb/></p>-->
<lb/><p rend="center">I am most sincerely </p>
<lb/><p rend="center"><space extent="1" unit="words"/>yours </p>
<lb/><p rend="center"><space extent="2" unit="chars"/><persName>David Livingstone</persName></p>
<lb/><p rend="no-indent">My work which you receive so kindly is a poor little thing as 
<lb/>compared to yours. You have at least five times as much perseverance 
<lb/>in handling the pen that I have. </p>
			
</div>
		</body>
	</text></TEI>