<?xml version="1.0" encoding="UTF-8"?>
<?xml-model href="http://livingstoneonline.github.io/LEAP-ODD/leap.rng" type="application/xml" schematypens="http://relaxng.org/ns/structure/1.0"?>
<?xml-model href="http://livingstoneonline.github.io/LEAP-ODD/leap.rng" type="application/xml" schematypens="http://purl.oclc.org/dsdl/schematron"?>
 <?xml-stylesheet href="http://livingstoneonline.github.io/LEAP-XSLT/transcription.xsl" type="text/xsl"?>
 <!--Converted from a TEI P4 XML file to the LEAP TEI P5 Schema by James Cummings on 2015-03-02--><!--TEI encoding revised and standardized by Adrian S. Wisnicki, 2015-2016-->
         <TEI xmlns="http://www.tei-c.org/ns/1.0" xml:id="liv_001071">
	<teiHeader>
		<fileDesc>
			<titleStmt>
				<title>Letter to John Murray III</title>
                <title type="alternative">Letter to John Murray III, 4 August 1857</title>
				<author xml:id="DL">Livingstone, David, 1813-1873</author>
			</titleStmt>
			<publicationStmt>
				<authority>Livingstone Online</authority>
				<pubPlace>London</pubPlace>
				<date>2008-11-04</date>
				<publisher>Wellcome Centre for the History of Medicine, UCL</publisher>
				<idno type="LEAP-ID">liv_001071</idno>
			</publicationStmt>
			<sourceDesc>
				<bibl xml:id="shelfmark">National Library of Scotland; MS. 42420, ff. 72r-73v</bibl>
				<bibl xml:id="ccnumber">Letters, 0564</bibl>
				<bibl xml:id="recipient"><persName>Murray, John III, 1808-1892</persName></bibl>
				<bibl xml:id="date"><date when="1857-08-04">4 August 1857</date></bibl>
				<bibl xml:id="where">Hadley Green</bibl>
			</sourceDesc>
		</fileDesc>
		<profileDesc>
			<langUsage>
				<language ident="en">English</language>
			</langUsage>
			<handNotes>
				<handNote xml:id="hand01">Scribe: Unknown</handNote>
			</handNotes>
		</profileDesc>
		<revisionDesc>
			<change>
				<date>2008-11-21</date>
				<name xml:id="SM">Sharon Messenger</name>Initial Transcription by Sharon Messenger
			</change>
			<change>
				<date>2008-11-26</date>
				<name xml:id="CL">Chris Lawrence</name>Proofed by Chris Lawrence
			</change>
		</revisionDesc>
	</teiHeader>

	<text>
		<body xml:lang="en">
			<div>

	<pb n="0001" facs="liv_001071_0001"/><!--pb/@n='72r'-->
<lb/><p rend="right"><placeName>Hadley Green</placeName></p>
<lb/><p rend="right">4<hi rend="sup underline">th</hi> Aug<hi rend="sup">st</hi></p>
<lb/><p rend="right"><space extent="3" unit="chars"/>1857</p>
<lb/>
<lb/><p rend="no-indent">My Dear <persName>M<hi rend="sup underline">r</hi> Murray</persName></p>
<lb/><p><space extent="1" unit="chars"/>I have always 
<lb/>thought that <persName>Sir 
<lb/>Roderick</persName> ought 
<lb/>to have all the 
<lb/>honour which 
<lb/>a dedication 
<lb/>could give. <choice><reg>T</reg><orig>t</orig></choice>he 

	<pb n="0002" facs="liv_001071_0002"/><!--pb/@n='72v'--> 
<lb/>only thing which 
<lb/>struck my mind 
<lb/>in addition to this 
<lb/>was that <persName>M<hi rend="sup">r</hi> 
<lb/>Maclear</persName> having 
<lb/>shewn a great 
<lb/>deal of disinterested 
<lb/>kindness - I 
<lb/>perhaps might 
<lb/>make a sort of 
<lb/>double dedication 

	<pb n="0003" facs="liv_001071_0003"/><!--pb/@n='73r'--> 
<lb/>to <persName>Sir R.</persName> &amp; <persName>T. Maclear</persName>
<lb/>but there is no 
<lb/>precedent for 
<lb/>this. Is there? </p>
<lb/><p>I go for <persName>Sir R</persName>
<lb/>at all events. </p>
<lb/><p>I have heard 
<lb/>nothing from 
<lb/>the printers but 
<lb/>sent all the paged 
<lb/>matter &amp; a lot more. </p>

	<pb n="0004" facs="liv_001071_0004"/><!--pb/@n='73v'-->
<lb/><p rend="no-indent">I was a few days 
<lb/>at a section of the 
<lb/>geological structure 
<lb/>which with the 
<lb/>aid of <persName>Sir R.</persName> is 
<lb/>very good. Wrote 
<lb/>to <persName>Gray</persName> about tsetse 
<lb/>he will get <persName>Ford</persName>
<lb/>to do it. I have 
<lb/>not given the 
<w>con-<lb break="no"/>cluding</w> chapter but 
<lb/>will send in all 
<lb/>the rest speedily. I went 
<lb/>to <persName>Sir H Holland</persName>. Kind regards 
<lb/>
to <persName>M<hi rend="sup">rs</hi> Murray</persName><reg>.</reg><persName> D Livingstone</persName></p>
			
</div>
		</body>
	</text></TEI>