<?xml version="1.0" encoding="UTF-8"?>
<?xml-model href="http://livingstoneonline.github.io/LEAP-ODD/leap.rng" type="application/xml" schematypens="http://relaxng.org/ns/structure/1.0"?>
<?xml-model href="http://livingstoneonline.github.io/LEAP-ODD/leap.rng" type="application/xml" schematypens="http://purl.oclc.org/dsdl/schematron"?>
 <?xml-stylesheet href="http://livingstoneonline.github.io/LEAP-XSLT/transcription.xsl" type="text/xsl"?>
 <!--Converted from a TEI P4 XML file to the LEAP TEI P5 Schema by James Cummings on 2015-03-02--><!--TEI encoding revised and standardized by Adrian S. Wisnicki, 2015-2016-->
         <TEI xmlns="http://www.tei-c.org/ns/1.0" xml:id="liv_001091">
	<teiHeader>
		<fileDesc>
			<titleStmt>
				<title>Letter to H. Norton Shaw</title>
                <title type="alternative">Letter to H. Norton Shaw, 9 September 1857</title>
				<author xml:id="DL">Livingstone, David, 1813-1873</author>
			</titleStmt>
			<publicationStmt>
				<authority>Livingstone Online</authority>
				<pubPlace>London</pubPlace>
				<date>2007</date>
				<publisher>Wellcome Centre for the History of Medicine, UCL</publisher>
				<idno type="LEAP-ID">liv_001091</idno>
			</publicationStmt>
			<sourceDesc>
				<bibl xml:id="shelfmark">Royal Geographical Society (Great Britain); Archives, DL 2/15/17</bibl>
				<bibl xml:id="ccnumber">Letters, 0582</bibl>
				<bibl xml:id="recipient"><persName>Shaw, H. Norton, ?-1868</persName></bibl>
				<bibl xml:id="date"><date when="1857-09-09">9 September 1857</date></bibl>
				<bibl xml:id="where">Manchester</bibl>
			</sourceDesc>
		</fileDesc>
		<profileDesc>
			<langUsage>
				<language ident="en">English</language>
			</langUsage>
			<handNotes>
				<handNote xml:id="hand01">Scribe: Unknown</handNote>
			</handNotes>
		</profileDesc>
		<revisionDesc>
			<change>
				<date>2007-05-10</date>
				<name xml:id="SM">Sharon Messenger</name>Intial Transcription by Sharon Messenger
			</change>
			<change>
				<date>2007-05-18</date>
				<name xml:id="CL">Chris Lawrence</name>Proofed by Chris Lawrence
			</change>
			<change>
				<date>2007-06-26</date>
				<name xml:id="JB">Janet Browne</name>Proofed by Janet Browne
			</change>
		</revisionDesc>
	</teiHeader>

	<text>
		<body xml:lang="en">
			<div>

	<pb n="0001" facs="liv_001091_0001"/><!--pb/@n='1r'-->
<lb/><p><hi rend="underline">Private</hi></p>
<lb/><p rend="right"><placeName>Manchester</placeName></p>
<lb/><p rend="right"><space extent="1" unit="chars"/>9<hi rend="sup underline">th</hi> Sep<hi rend="sup underline">t</hi></p>
<lb/><p rend="right"><space extent="3" unit="chars"/>1857 </p>
<lb/>
<lb/><p rend="no-indent">My dear <persName>D<hi rend="sup underline">r</hi> Shaw</persName></p>
<lb/><p><space extent="1" unit="chars"/>I telegraphed 
<lb/>to <persName>Arrowsmith</persName>
<lb/>yesterday afternoon 
<lb/>and was truly 
<lb/>thankful to have 
<lb/>the map here in 
<lb/>time for a meeting

	<pb n="0002" facs="liv_001091_0002"/><!--pb/@n='1v'--> 
<lb/>of the chamber of 
<lb/>commerce this 
<lb/>morning at 11 AM. 
<lb/><choice><reg>T</reg><orig>t</orig></choice>he Merchants came 
<lb/>out strongly about 
<lb/>a steamer for the 
<lb/><placeName>Zambesi,</placeName> and they 
<lb/>are to have a deputation 
<lb/>on the matter. </p>
<lb/><p>I put down 
<lb/>"com. member" on the 
<lb/>title page of the 
<lb/>book on the strength 
<lb/>of a belief that you 

	<pb n="0003" facs="liv_001091_0003"/><!--pb/@n='2r'--> 
<lb/>will make me afterwards! 
<lb/>I shall write to <persName>Sir 
<lb/>Roderick</persName>, I suppose 
<lb/>via <persName>Lady M.</persName></p>
<lb/><p>Many thanks for 
<lb/>the map. I shall 
<lb/>take the liberty of 
<lb/>using it for 
<lb/><placeName>Scotland.</placeName> I left 
<lb/>the analysis of 
<lb/>Sichuana the 
<lb/>language of the 
<lb/><term type="tribe">Bechuanas</term> for <persName>Norris</persName> at <persName>Murray<reg>'</reg>s</persName>

	<pb n="0004" facs="liv_001091_0004"/><!--pb/@n='2v'--> 
<lb/>some time ago. Has 
<lb/>he not got it<reg>?</reg>
<lb/>I should like to 
<lb/>know what he 
<lb/>thinks of it. Will 
<lb/>you be seeing him 
<lb/>say so &amp; he may 
<lb/>send or call for 
<lb/>it. <persName>Agnes</persName> is gone 
<lb/>to the <placeName>sea coast</placeName> with <persName>M<hi rend="sup underline">rs</hi>  L's sister 
<w>Vavass-<lb break="no"/>eur</w></persName> on account of her eyes. With kind 
<lb/>regards I am &amp;c </p>
<lb/><p><persName>David Livingstone</persName></p>
			
</div>
		</body>
	</text></TEI>