<?xml version="1.0" encoding="UTF-8"?>
<?xml-model href="http://livingstoneonline.github.io/LEAP-ODD/leap.rng" type="application/xml" schematypens="http://relaxng.org/ns/structure/1.0"?>
<?xml-model href="http://livingstoneonline.github.io/LEAP-ODD/leap.rng" type="application/xml" schematypens="http://purl.oclc.org/dsdl/schematron"?>
 <?xml-stylesheet href="http://livingstoneonline.github.io/LEAP-XSLT/transcription.xsl" type="text/xsl"?>
 <!--Converted from a TEI P4 XML file to the LEAP TEI P5 Schema by James Cummings on 2015-03-02--><!--TEI encoding revised and standardized by Adrian S. Wisnicki, 2015-2016-->
         <TEI xmlns="http://www.tei-c.org/ns/1.0" xml:id="liv_001210">
	<teiHeader>
		<fileDesc>
			<titleStmt>
				<title>Letter to John Murray III</title>
                <title type="alternative">Letter to John Murray III, 8 February 1858</title>
				<author xml:id="DL">Livingstone, David, 1813-1873</author>
			</titleStmt>
			<publicationStmt>
				<authority>Livingstone Online</authority>
				<pubPlace>London</pubPlace>
				<date>2008-04-03</date>
				<publisher>Wellcome Centre for the History of Medicine, UCL</publisher>
				<idno type="LEAP-ID">liv_001210</idno>
			</publicationStmt>
			<sourceDesc>
				<bibl xml:id="shelfmark">National Library of Scotland; MS. 42420, ff. 89r-90v</bibl>
				<bibl xml:id="ccnumber">Letters, 0692</bibl>
				<bibl xml:id="recipient"><persName>Murray, John III, 1808-1892</persName></bibl>
				<bibl xml:id="date"><date when="1858-02-08">8 February 1858</date></bibl>
				<bibl xml:id="where">18 Hart St., London</bibl>
			</sourceDesc>
		</fileDesc>
		<profileDesc>
			<langUsage>
				<language ident="en">English</language>
			</langUsage>
			<handNotes>
				<handNote xml:id="hand01">Scribe: Unknown</handNote>
			</handNotes>
		</profileDesc>
		<revisionDesc>
			<change>
				<date>2008-04-03</date>
				<name xml:id="SM">Sharon Messenger</name>Initial Transcription by Sharon Messenger
			</change>
			<change>
				<date>2008-08-12</date>
				<name xml:id="CL">Chris Lawrence</name>Proofed by Chris Lawrence
			</change>
			<change>
				<date>2008-12-01</date>
				<name xml:id="JB">Janet Browne</name>Proofed by Janet Browne
			</change>
		</revisionDesc>
	</teiHeader>

	<text>
		<body xml:lang="en">
			<div>

	<pb n="0001" facs="liv_001210_0001"/><!--pb/@n='89r'-->
<lb/><p rend="right"><placeName>18 Hart St</placeName>
<lb/><placeName>Bloomsbury Sq</placeName></p>
<lb/><p rend="right">8<hi rend="sup underline">th</hi> Feby 1858 </p>
<lb/>
<lb/><p rend="no-indent">My Dear <persName>M<hi rend="sup">r</hi> Murray</persName></p>
<lb/><p>Would it be 
<lb/>possible to print 
<lb/>my little analysis 
<lb/>of the Sichuana 
<lb/>language for <hi rend="underline">private</hi>
<lb/>use with a margin 
<lb/>for future corrections 
<lb/>in a week from 
<lb/>this time? <choice><reg>A</reg><orig>a</orig></choice>nd 

	<pb n="0002" facs="liv_001210_0002"/><!--pb/@n='89v'--> 
<lb/>if so at what cost? 
<lb/>It would be so 
<w>con-<lb break="no"/>venient</w> for my 
<lb/>studies that I beg 
<lb/>leave to trouble 
<lb/>you with the 
<lb/>question<reg>.</reg></p>
<lb/><p>Will you be 
<lb/>kind enough to 
<lb/>get BB Nautical 
<lb/>almanacks for 
<lb/>me. viz. 1858-9-60 
<lb/>Also the very latest 

	<pb n="0003" facs="liv_001210_0003"/><!--pb/@n='90r'--> 
<lb/>edition of <persName>Thomson's</persName>
<lb/>Tables, Linear and 
<lb/>Lunary. I think it 
<lb/>was published within 
<lb/>the last few years. 
<lb/>The old one I have 
<lb/>already. </p>
<lb/><p>I may say 
<lb/>that you have 
<lb/>kindly put by 
<lb/>the analysis in 
<lb/>your drawer if 
<lb/>you <del type="strikethrough">wish</del> think right 
<lb/>to glance at its size<reg>.</reg></p>

	<pb n="0004" facs="liv_001210_0004"/><!--pb/@n='90v'--> 
<addSpan spanTo="#p90v-01" hand="#hand01" place="marginleft"><!--addSpan/@place='left hand margin'--></addSpan>
<lb/><p rend="no-indent"><persName>D<hi rend="sup">r</hi> L.</persName> found the essays in his own possession 
<lb/>&amp; the observations he had given to <persName>Arrowsmith</persName></p><anchor xml:id="p90v-01"/>
<lb/><p rend="no-indent">And in case I forget 
<lb/>when with you 
<lb/>I would ask you 
<lb/>to leave out my 
<lb/>observation book 
<lb/>as I wish to take 
<lb/>it to the <placeName>Cape</placeName></p>
<lb/><p>I shall call 
<lb/>tomorrow - perhaps 
<lb/>today but am 
<lb/>going up to 
<lb/><placeName>Wandsworth</placeName><reg>.</reg></p>
<lb/><p>I am &amp;c </p>
<lb/><p rend="no-indent"><persName>David Livingstone</persName></p> 
			
</div>
		</body>
	</text></TEI>