<?xml version="1.0" encoding="UTF-8"?>
<?xml-model href="http://livingstoneonline.github.io/LEAP-ODD/leap.rng" type="application/xml" schematypens="http://relaxng.org/ns/structure/1.0"?>
<?xml-model href="http://livingstoneonline.github.io/LEAP-ODD/leap.rng" type="application/xml" schematypens="http://purl.oclc.org/dsdl/schematron"?>
 <?xml-stylesheet href="http://livingstoneonline.github.io/LEAP-XSLT/transcription.xsl" type="text/xsl"?>
 <!--Converted from a TEI P4 XML file to the LEAP TEI P5 Schema by James Cummings on 2015-03-02--><!--TEI encoding revised and standardized by Adrian S. Wisnicki, 2015-2016-->
         <TEI xmlns="http://www.tei-c.org/ns/1.0" xml:id="liv_001104">
	<teiHeader>
		<fileDesc>
			<titleStmt>
				<title>Letter to John Murray III</title>
                <title type="alternative">Letter to John Murray III, 27 September 1857</title>
				<author xml:id="DL">Livingstone, David, 1813-1873</author>
			</titleStmt>
			<publicationStmt>
				<authority>Livingstone Online</authority>
				<pubPlace>London</pubPlace>
				<date>2008-11-24</date>
				<publisher>Wellcome Centre for the History of Medicine, UCL</publisher>
				<idno type="LEAP-ID">liv_001104</idno>
			</publicationStmt>
			<sourceDesc>
				<bibl xml:id="shelfmark">National Library of Scotland; MS. 42420, f. 80r</bibl>
				<bibl xml:id="ccnumber">Letters, 0595</bibl>
				<bibl xml:id="recipient"><persName>Murray, John III, 1808-1892</persName></bibl>
				<bibl xml:id="date"><date when="1857-09-27">27 September 1857</date></bibl>
				<bibl xml:id="where">Near Dundee</bibl>
			</sourceDesc>
		</fileDesc>
		<profileDesc>
			<langUsage>
				<language ident="en">English</language>
			</langUsage>
			<handNotes>
				<handNote xml:id="hand01">Scribe: Unknown</handNote>
			</handNotes>
		</profileDesc>
		<revisionDesc>
			<change>
				<date>2008-11-24</date>
				<name xml:id="CO">Caroline Overy</name>Initial Transcription by Caroline Overy
			</change>
			<change>
				<date>2008-11-26</date>
				<name xml:id="CL">Chris Lawrence</name>Proofed by Chris Lawrence
			</change>
		</revisionDesc>
	</teiHeader>

	<text>
		<body xml:lang="en">
			<div>

	<pb n="0001" facs="liv_001104_0001"/><!--pb/@n='80r'-->
<lb/>
<lb/><milestone unit="section" rend="line"/>
<lb/><milestone unit="section" rend="line"/>
<lb/><p><space extent="1" unit="words"/>My Dear <persName>M<hi rend="sup underline">r</hi> Murray</persName><reg>,</reg> I shall feel obliged 
<lb/>if you add the titles of <persName>Sir Roderick</persName> as they appear in 
<lb/>his last Presidential address before the R.G.S. &amp; 
<lb/>send this dedication to the printer. As he is to be home 
<lb/>on <choice><reg>M</reg><orig>m</orig></choice>onday I would like him to see the proof &amp; he 
<lb/>might suggest some alteration. I have not been 
<lb/>able to get the preface finished though half done<reg>.</reg>
<lb/>This "lionizing" is very hard work but I am on my 
<lb/>way South &amp; will soon be done with it. I am quite 
<lb/>tired out. I am now with your namesake <persName>Murray</persName> of 
<lb/><placeName>Lintrose</placeName>, Cupar Angus but leave today &amp; if my mother 
<lb/>is better will go to <placeName>Kendal</placeName>, Westmoreland on <choice><reg>M</reg><orig>m</orig></choice>onday<reg>.</reg></p>
<lb/><p rend="right"><space extent="2" unit="chars"/>near <placeName>Dundee</placeName> 27<hi rend="sup underline">th</hi> Sept<hi rend="sup">r</hi> 1857 David Livingstone</p>
			
</div>
		</body>
	</text></TEI>