<?xml version="1.0" encoding="UTF-8"?>
<?xml-model href="http://livingstoneonline.github.io/LEAP-ODD/leap.rng" type="application/xml" schematypens="http://relaxng.org/ns/structure/1.0"?>
<?xml-model href="http://livingstoneonline.github.io/LEAP-ODD/leap.rng" type="application/xml" schematypens="http://purl.oclc.org/dsdl/schematron"?>
 <?xml-stylesheet href="http://livingstoneonline.github.io/LEAP-XSLT/transcription.xsl" type="text/xsl"?>
 <!--Converted from a TEI P4 XML file to the LEAP TEI P5 Schema by James Cummings on 2015-03-02--><!--TEI encoding revised and standardized by Adrian S. Wisnicki, 2015-2016-->
         <TEI xmlns="http://www.tei-c.org/ns/1.0" xml:id="liv_001155">
	<teiHeader>
		<fileDesc>
			<titleStmt>
				<title>Letter to Joseph D. Hooker</title>
                <title type="alternative">Letter to Joseph D. Hooker, 16 December 1857</title>
				<author xml:id="DL">Livingstone, David, 1813-1873</author>
			</titleStmt>
			<publicationStmt>
				<authority>Livingstone Online</authority>
				<pubPlace>London</pubPlace>
				<date>2008-04-15</date>
				<publisher>Wellcome Centre for the History of Medicine, UCL</publisher>
				<idno type="LEAP-ID">liv_001155</idno>
			</publicationStmt>
			<sourceDesc>
				<bibl xml:id="shelfmark">Royal Botanic Gardens, Kew. Library; English Letters, 1865-1900, 92, f. 132</bibl>
				<bibl xml:id="ccnumber">Letters, 0641</bibl>
				<bibl xml:id="recipient"><persName>Hooker, Joseph D., 1817-1911</persName></bibl>
				<bibl xml:id="date"><date when="1857-12-16">16 December 1857</date></bibl>
				<bibl xml:id="where">20 Bedford Square, London</bibl>
			</sourceDesc>
		</fileDesc>
		<profileDesc>
			<langUsage>
				<language ident="en">English</language>
			</langUsage>
			<handNotes>
				<handNote xml:id="hand01">Scribe: Unknown</handNote>
			</handNotes>
		</profileDesc>
		<revisionDesc>
			<change>
				<date>2008-04-15</date>
				<name xml:id="SM">Sharon Messenger</name>Initial Transcription by Sharon Messenger
			</change>
			<change>
				<date>2008-05-03</date>
				<name xml:id="CL">Chris Lawrence</name>Proof by Chris Lawrence
			</change>
			<change>
				<date>2008-06-28</date>
				<name xml:id="JB">Janet Browne</name>Proofed by Janet
			</change>
		</revisionDesc>
	</teiHeader>

	<text>
		<body xml:lang="en">
			<div>

	<pb n="0001" facs="liv_001155_0001"/><!--pb/@n='132-1'-->
<lb/><p rend="right"><placeName>20 Bedford Squ</placeName>
<lb/>16<hi rend="sup underline">th</hi> Dec<hi rend="sup">r</hi>
<lb/><space extent="3" unit="chars"/>1857 </p>
<lb/>
<lb/><p rend="no-indent">My Dear <persName>Hooker</persName></p>
<lb/><p>I am very 
<lb/>sorry that an 
<lb/>engagement to dine 
<lb/>with <persName>Lord Chancellor</persName>
<lb/>tomorrow (Thursday) 
<lb/>evening will 
<lb/>prevent my meeting 
<lb/>you and <persName>Nichol</persName>
<lb/>at <placeName>Burlington House</placeName>

	<pb n="0002" facs="liv_001155_0002"/><!--pb/@n='132a-2'--> 
<lb/>I have mentioned 
<lb/><persName>Nichol</persName> as a proper 
<lb/>person and as none 
<lb/>will be appointed 
<lb/>without my sanction 
<lb/>it might be well 
<lb/>for you to ask 
<lb/>him if he would 
<lb/>like to go and work 
<lb/>a year or two 
<lb/>with me so that 
<lb/>if nothing else comes 
<lb/>up I might be 
<lb/>able to speak positively 
<lb/>about him. I am 

	<pb n="0003" facs="liv_001155_0003"/><!--pb/@n='132a-3'--> 
<lb/>writing to <placeName>Edinburgh</placeName>
<lb/>for a few of his 
<lb/>antecedents but 
<lb/>I have such confidence 
<lb/>in your judgement 
<lb/>that I am almost 
<lb/>quite satisfied that 
<lb/>he will be the proper 
<lb/>man. You might 
<lb/>expatiate a little 
<lb/>on the disagreables 
<lb/>of the expedition 
<lb/>in order to test him<reg>.</reg>
<lb/>I am sorry that the 
<lb/>big wigs feed came 

	<pb n="0004" facs="liv_001155_0004"/><!--pb/@n='132-4'--> 
<lb/><choice><sic>came</sic><corr>no text</corr></choice> in the way of 
<lb/>meeting you and 
<lb/>him, but I declined 
<lb/>once and the 
<lb/><persName>Chancellor</persName> persevered 
<lb/>by send another 
<lb/>with the word 
<lb/>to <hi rend="underline">remind</hi> on it<reg>.</reg>
<lb/>I suppose I must 
<lb/>go<reg>.</reg></p>
<lb/><p>With kindest 
<lb/>regards to <persName>M<hi rend="sup">rs</hi> H</persName></p>
<lb/><p>I am &amp;c </p>
<lb/><p rend="no-indent"><persName>David Livingstone</persName></p>
			
</div>
		</body>
	</text></TEI>