<?xml version="1.0" encoding="UTF-8"?>
<?xml-model href="http://livingstoneonline.github.io/LEAP-ODD/leap.rng" type="application/xml" schematypens="http://relaxng.org/ns/structure/1.0"?>
<?xml-model href="http://livingstoneonline.github.io/LEAP-ODD/leap.rng" type="application/xml" schematypens="http://purl.oclc.org/dsdl/schematron"?>
 <?xml-stylesheet href="http://livingstoneonline.github.io/LEAP-XSLT/transcription.xsl" type="text/xsl"?>
 <!--Converted from a TEI P4 XML file to the LEAP TEI P5 Schema by James Cummings on 2015-03-02--><!--TEI encoding revised and standardized by Adrian S. Wisnicki, 2015-2016-->
         <TEI xmlns="http://www.tei-c.org/ns/1.0" xml:id="liv_001722">
	<teiHeader>
		<fileDesc>
			<titleStmt>
				<title>Letter to H. Norton Shaw</title>
                <title type="alternative">Letter to H. Norton Shaw, [13 November 1861-31 January 1862]</title>
				<author xml:id="DL">Livingstone, David, 1813-1873</author>
			</titleStmt>
			<publicationStmt>
				<authority>Livingstone Online</authority>
				<pubPlace>London</pubPlace>
				<date>DATE</date>
				<publisher>Wellcome Centre for the History of Medicine, UCL</publisher>
				<idno type="LEAP-ID">liv_001722</idno>
			</publicationStmt>
			<sourceDesc>
				<bibl xml:id="shelfmark">Royal Geographical Society (Great Britain); Archives, DL 3/12</bibl>
				<bibl xml:id="ccnumber">Letters, 1172</bibl>
				<bibl xml:id="recipient"><persName>Shaw, H. Norton, ?-1868</persName></bibl>
				<bibl xml:id="date"><date from="1861-11-13" to="1862-01-31">[13 November 1861-31 January 1862]</date></bibl>
				<bibl xml:id="where">[South East Africa]</bibl>
			</sourceDesc>
		</fileDesc>
		<profileDesc>
			<langUsage>
				<language ident="en">English</language>
			</langUsage>
			<handNotes>
				<handNote xml:id="hand01">Scribe: Unknown01</handNote>
				<handNote xml:id="hand02">Scribe: Unknown02</handNote>
			</handNotes>
		</profileDesc>
		<revisionDesc>
			<change>
				<date>2007-04-17</date>
				<name xml:id="CO">Caroline Overy</name>Intial Transcription
			</change>
			<change>
				<date>2007-05-10</date>
				<name xml:id="CL">Chris Lawrence</name>1st proof
			</change>
		</revisionDesc>
	</teiHeader>

	<text>
		<body xml:lang="en">
			<div>

	<pb n="0001" facs="liv_001722_0001"/><!--pb/@n='1r'-->
<lb/><p rend="center">Latitudes</p>
<lb/><p>For <persName>M<hi rend="sup underline">r</hi> George's</persName> guidance 
<lb/>All the observations are sent 
<lb/>to <persName>M<hi rend="sup underline">r</hi> Maclear</persName> for correction </p>
<lb/>
<lb/><table><row><cell>Mamvira cataract the lowest 
<lb/>of <placeName>Murchison's cataracts</placeName></cell><cell>Lat. 15° 55′</cell></row><row><cell><placeName>Pamofunda Cat<hi rend="sup underline">t</hi></placeName></cell><cell>15° 22′</cell></row><row><cell>First station in Nyassa about 
<lb/>2′ up Lake - -</cell><cell>14° 23′ 06″</cell></row><row><cell>Station of 18 Sept<hi rend="sup underline">r</hi> 1859 
<lb/>at <unclear cert="high">Mosanka's vil</unclear>.</cell><cell>14° 25′S</cell></row><row><cell><unclear cert="low">Pamkope</unclear></cell><cell>14° 12′ 23</cell></row><row><cell>+ station before rounding 
<lb/>Cape Maclear</cell><cell>14° 06 55</cell></row><row><cell><unclear cert="low">Palmyras</unclear> near Mpande's vil.</cell><cell>14° 09′ 10″</cell></row><row><cell><unclear cert="low">Pamanyanjes</unclear> vil. -</cell><cell>14° 11′ 10″</cell></row><row><cell><unclear cert="low">Papembeje -</unclear></cell><cell>14° 06′ 34″</cell></row><row><cell><placeName>Tsenga M<hi rend="sup underline">ts</hi></placeName></cell><cell>13° 47′ 12″</cell></row></table>

	<pb n="0002" facs="liv_001722_0002"/><!--pb/@n='1v'--> 
<!-- Table continues from previous page. -->
<lb/><table><row><cell>Another station + a little further North</cell><cell>13° 42′ 53″</cell></row><row><cell><placeName>Languo land -</placeName></cell><cell>13° 34′ 33″</cell></row><row><cell><placeName>Chitanda -</placeName></cell><cell>13° 28′ 32″</cell></row><row><cell><placeName>Molamba -</placeName></cell><cell>13° 16′ 06″</cell></row><row><cell>about 1′ South of hill Sani</cell><cell>13° 03′ 30″</cell></row><row><cell><placeName>R. Kaombe - -</placeName></cell><cell>12° 52′ 26″</cell></row><row><cell><unclear cert="low">Pachankondo - -</unclear></cell><cell>12° 41′ 46″</cell></row><row><cell>Rivulet <unclear cert="low">Kavuri</unclear></cell><cell>12° 36′ 39″</cell></row><row><cell>About 2′ North of <placeName><choice><sic>Loangua</sic><corr>Loangwa</corr></choice> R</placeName></cell><cell>12° 29′ 46″</cell></row><row><cell><unclear cert="low">Mar<add rend="above">o</add>i</unclear> about 2′ South 
<lb/>of large mountain called 
<lb/><placeName>Kowirwi</placeName> - - -</cell><cell>12° 11′ 23″</cell></row><row><cell>1′ south of <placeName>hill <choice><sic>Makusa</sic><corr>Makuza</corr></choice></placeName></cell><cell>11° 56′ 08″</cell></row><row><cell>Bay about 3′ south of <placeName>R. Lueia</placeName> - - -</cell><cell>11° 51′ 25″</cell></row><row><cell><placeName>Kasango</placeName> or <placeName>Dambo land</placeName></cell><cell>11° 44′ 10″</cell></row></table>
<lb/><p>This was our last latitude the 
<lb/>instruments were in the boat &amp; so was Fever<reg>.</reg>

	<pb n="0003" facs="liv_001722_0003"/><!--pb/@n='2r'--> 
<lb/>On returning we got Lat. 
<lb/>of the mouth of <placeName><choice><sic>Loangua</sic><corr>Loangwa</corr></choice></placeName> 12° 30′ 06″ 
<lb/>and in mouth of <placeName>R. Kaombe</placeName> 12° 52 ′ 56″ 
<lb/><placeName>Mumbo island</placeName> pronounced 
<lb/>as if spelled Moombo 13° 56′ 35″ </p>
<lb/><p>I have put <placeName>the Lake</placeName> down 
<lb/>at its very lowest size - viz. 
<lb/>from about 15′ to 210′ and 
<lb/>over 200 miles long. In a 
<lb/>sketch sent to <persName>M<hi rend="sup underline">r</hi> Maclear</persName>
<lb/>it is from 20 to 60 broad &amp; 
<lb/>225 long. It may therefore 
<lb/>be a little enlarged without 
<lb/>going beyond the truth.</p>
<lb/><p>All the Positions are to 
<lb/>be considered <hi rend="underline">sub judice</hi>
<lb/>till <persName>M<hi rend="sup underline">r</hi> Maclear</persName> sends the 
<lb/>corrected positions<reg>.</reg></p>

	<pb n="0004" facs="liv_001722_0004"/><!--pb/@n='2v'-->
<lb/><p>I enclose a slip of the scale 
<lb/>employed.</p>
<lb/><p rend="right">David Livingstone</p>
<lb/><p><persName>D<hi rend="sup underline">r</hi> Norton Shaw</persName></p>

	<pb n="0005" facs="liv_001722_0005"/><!--pb/@n='3r'-->
<ab type="envelope">
<address>
<addrLine><add place="inline" hand="#hand01">For <persName>M<hi rend="sup">r</hi> George</persName> 27.6.62</add></addrLine>
<addrLine><persName>D<hi rend="sup underline">r</hi> Norton Shaw</persName></addrLine>
<addrLine>Royal Geographical Society</addrLine>
<addrLine>White Hall Place</addrLine>
<addrLine>London</addrLine>
<addrLine>D<hi rend="sup underline">r</hi> Livingstone</addrLine>
<addrLine><add hand="#hand02">Contents - 
<lb/>2 maps - 
<lb/>List of Latitudes 
<lb/>Slip <hi rend="underline">shewing the Scale</hi></add></addrLine>
</address>
</ab>
			
</div>
		</body>
	</text></TEI>