<?xml version='1.0' encoding='utf-8' standalone='yes'?>
<mods:mods xmlns:mods='http://www.loc.gov/mods/v3' xmlns:xlink='http://www.w3.org/1999/xlink' xmlns:xsi='http://www.w3.org/2001/XMLSchema-instance' xsi:schemaLocation='http://www.loc.gov/standards/mods/v3/mods-3-5.xsd'>
  <mods:identifier type='local' displayLabel='master_id'>liv_015005</mods:identifier>
  <mods:identifier type='local' displayLabel='Canonical Catalog Number'>Journals, 11</mods:identifier>
  <mods:titleInfo>
    <mods:title>Unyanyembe Journal (1870 Field Diary Segment)</mods:title>
  </mods:titleInfo>
  <mods:titleInfo type='alternative'>
    <mods:title>Unyanyembe Journal (1870 Field Diary Segment), 28 January 1866-5 March 1872</mods:title>
  </mods:titleInfo>
  <mods:name type='personal'>
    <mods:namePart>Livingstone, David, 1813-1873</mods:namePart>
    <mods:role>
      <mods:roleTerm type='text'>creator</mods:roleTerm>
    </mods:role>
  </mods:name>
  <mods:genre authority='aat'>diaries</mods:genre>
  <mods:genre authority='aat'>autographs (manuscripts)</mods:genre>
  <mods:originInfo>
    <mods:publisher>Livingstone Online (http://livingstoneonline.org/)</mods:publisher>
    <mods:dateCreated>28 January 1866-5 March 1872</mods:dateCreated>
    <mods:dateCreated encoding='iso8601'>1866-01-28/1872-05-72</mods:dateCreated>
  </mods:originInfo>
  <mods:originInfo displayLabel='Livingstone'>
    <mods:place>
      <mods:placeTerm type='text'>[East and Central Africa]</mods:placeTerm>
    </mods:place>
  </mods:originInfo>
  <mods:originInfo displayLabel='LoC'>
    <mods:place>
      <mods:placeTerm type='text'>Africa, Eastern</mods:placeTerm>
    </mods:place>
    <mods:place>
      <mods:placeTerm type='text'>Africa, Central</mods:placeTerm>
    </mods:place>
  </mods:originInfo>
  <mods:subject>
    <mods:cartographics>
      <mods:coordinates>-6.077944,34.914455</mods:coordinates>
    </mods:cartographics>
  </mods:subject>
  <mods:subject>
    <mods:cartographics>
      <mods:coordinates>-5.868983,24.166489</mods:coordinates>
    </mods:cartographics>
  </mods:subject>
  <mods:physicalDescription>
    <mods:note type='physical details'>Complete manuscript in creator's hand</mods:note>
    <mods:extent unit='mm'>315 x 195</mods:extent>
  </mods:physicalDescription>
  <mods:relatedItem type='original'>
    <mods:name type='corporate' authorityURI='http://id.loc.gov/authorities/names' valueURI='http://id.loc.gov/authorities/names/no2009190108'>
      <mods:namePart>David Livingstone Centre</mods:namePart>
      <mods:role>
        <mods:roleTerm type='text' authority='marclerator'>repository</mods:roleTerm>
      </mods:role>
    </mods:name>
    <mods:location>
      <mods:shelfLocator>1115</mods:shelfLocator>
    </mods:location>
    <mods:accessCondition type='use and reproduction'>&amp;#169; David Livingstone Centre, Blantyre. Creative Commons Attribution-NonCommercial 3.0 Unported (https://creativecommons.org/licenses/by-nc/3.0/).</mods:accessCondition>
    <mods:accessCondition type='use and reproduction'>As relevant, &amp;#169; Dr. Neil Imray Livingstone Wilson. Creative Commons Attribution-NonCommercial 3.0 Unported (https://creativecommons.org/licenses/by-nc/3.0/).</mods:accessCondition>
    <mods:accessCondition type='use and reproduction'>Images of the Livingstone manuscripts from the David Livingstone Centre are &amp;#169; University of Glasgow Photographic Unit. Creative Commons Attribution-NonCommercial 3.0 Unported (https://creativecommons.org/licenses/by-nc/3.0/).</mods:accessCondition>
  </mods:relatedItem>
  <mods:identifier type='local' displayLabel='NLS copy identifier'>MS. 10734</mods:identifier>
  <mods:relatedItem type='otherVersion'>
    <mods:identifier>David Livingstone, The Last Journals of David Livingstone, ed. Horace Waller, 2 vols. (London: John Murray, 1874).</mods:identifier>
  </mods:relatedItem>
</mods:mods>