<?xml version="1.0" encoding="UTF-8"?>
<?xml-model href="http://livingstoneonline.github.io/LEAP-ODD/leap.rng" type="application/xml" schematypens="http://relaxng.org/ns/structure/1.0"?>
<?xml-model href="http://livingstoneonline.github.io/LEAP-ODD/leap.rng" type="application/xml" schematypens="http://purl.oclc.org/dsdl/schematron"?>
 <?xml-stylesheet href="http://livingstoneonline.github.io/LEAP-XSLT/transcription.xsl" type="text/xsl"?>
 <!--Converted from a TEI P4 XML file to the LEAP TEI P5 Schema by James Cummings on 2015-03-02--><!--TEI encoding revised and standardized by Adrian S. Wisnicki, 2015-2016-->
         <TEI xmlns="http://www.tei-c.org/ns/1.0" xml:id="liv_000054">
	<teiHeader>
		<fileDesc>
			<titleStmt>
				<title>Letter to Thomas Bayely and James A. Turner</title>
                <title type="alternative">Letter to Thomas Bayely and James A. Turner, 26 March 1857</title>
				<author>Livingstone, David, 1813-1873</author>
			</titleStmt>
			<publicationStmt>
				<authority>Livingstone Online</authority>
				<pubPlace>London</pubPlace>
				<date>2009</date>
				<publisher>Wellcome Centre for the History of Medicine, UCL</publisher>
				<idno type="LEAP-ID">liv_000054</idno>
			</publicationStmt>
			<sourceDesc>
				<bibl xml:id="shelfmark">Royal Geographical Society (Great Britain); Archives, DL 2/15/15(A)</bibl>
				<bibl xml:id="ccnumber"/>
				<bibl xml:id="recipient"><persName>Bayely, Thomas</persName>; <persName>Turner, James A., 1797-1869</persName></bibl>
				<bibl xml:id="date"><date when="1857-03-26">26 March 1857</date></bibl>
				<bibl xml:id="where">57 Sloane St., London</bibl>
			</sourceDesc>
		</fileDesc>
		<profileDesc>
			<langUsage>
				<language ident="en">English</language>
			</langUsage>
			<handNotes>
				<handNote xml:id="hand01">Scribe: Unknown</handNote>
			</handNotes>
		</profileDesc>
		<revisionDesc>
			<change>
				<date>2009-01-16</date>
				<name xml:id="SM">Sharon Messenger</name>Initial Transcription by Sharon Messenger
			</change>
			<change>
				<date>2009-01-25</date>
				<name xml:id="CL">Christopher Lawrence</name>Proof by Chris Lawrence
			</change>
		</revisionDesc>
	</teiHeader>

	<text>
		<body xml:lang="en">
			<div>

	<pb n="0001" facs="liv_000054_0001"/><!--pb/@n='01'-->
<lb/><p rend="right"><placeName>57 Sloane S<hi rend="sup">t</hi></placeName></p>
<lb/><p>26<hi rend="sup underline">th</hi> March </p>
<lb/><p>1857 </p>
<lb/><p><persName>Thomas Bayely</persName></p>
<lb/><p><persName>J. Aspinal Turner Esq<hi rend="sup underline">rs</hi></persName></p>
<lb/><p>My Dear Sirs </p>
<lb/><p>I have thought it 
<lb/>advisable in order to make the 
<lb/>attempt to <choice><sic>develope</sic><corr>develop</corr></choice> the trade of 
<lb/>the part of <placeName>Africa</placeName> to which 
<lb/>I intend soon to return as 
<lb/>effective as possible to take 
<lb/>with me besides the supply 
<lb/>of cotton seed promised by 
<lb/><persName>M<hi rend="sup">r</hi> Clegg</persName> two or three cotton 
<lb/>gins to be lent, part to the 
<lb/>Portuguese and part to native 

	<pb n="0002" facs="liv_000054_0002"/><!--pb/@n='02'-->
<lb/><choice><sic>native</sic><corr>no text</corr></choice> chiefs who may be 
<lb/>willing to engage in the cultivation 
<lb/>of that article. I have most 
<lb/>hope in the latter but the former 
<lb/>claim the country and we 
<lb/>must appear to cooperate 
<lb/>with them. I wish the<del type="strikethrough">ir</del> <add place="above">gins</add> to 
<lb/>be of the simplest construction 
<lb/>but strong, and as you are 
<lb/>acquainted with these matters 
<lb/>and feel interested in the success 
<lb/>of the experiment I take the 
<lb/>liberty of begging your assistance<reg>.</reg>
<lb/>Will you let me know the 
<lb/>prices at which these and the 
<lb/>following articles designed 

	<pb n="0003" facs="liv_000054_0003"/><!--pb/@n='03'-->
<lb/>for similar objects could be 
<lb/>obtained? </p>
<lb/><p>2 Presses proper for expressing 
<lb/>or grinding the ground nut 
<lb/>to extract the <add place="above">sweet</add> oil. (I don<reg>'</reg>t know 
<lb/>which is preferable, grinding or expressing) 
<lb/>4 Ploughs of malleable iron 
<lb/>(double the usual strength) 
<lb/>(In <placeName>Scotland</placeName> we can get what 
<lb/>I mention for £5 each)<reg>.</reg>
<lb/>2 small pairs of rollers for 
<lb/>extracting the juice from the 
<lb/>sugar cane with working 
<lb/><choice><sic>aparatus</sic><corr>apparatus</corr></choice> of the simplest 
<lb/>construction for oxen<reg>.</reg></p> <addSpan spanTo="#p03-01" place="marginleft"><!--addSpan/@place='left hand margin of p01'--></addSpan>
<lb/><p><hi rend="underline">All to be of the highest and most 
<lb/>portable construction</hi></p><anchor xml:id="p03-01"/>

	<pb n="0004" facs="liv_000054_0004"/><!--pb/@n='04'-->
<lb/><p>I wish just to make a beginning 
<lb/>feeling certain that in so doing 
<lb/>I am effectually promoting 
<lb/>the extinction of the slave trade 
<lb/>and the temporal and spiritual 
<lb/>welfare of <placeName>Africa</placeName>. I have 
<lb/>been strongly advised by 
<lb/><persName>Lord Clarendon</persName> to devote 
<lb/>my attention chiefly to cotton 
<lb/>at first both on account 
<lb/>of its importance to our 
<lb/>own manufactures and the 
<lb/>influence which the cultivation 
<lb/>of it in <placeName>Africa</placeName> must have 
<lb/>on the slave trade. <choice><reg>T</reg><orig>t</orig></choice>his 

	<pb n="0005" facs="liv_000054_0005"/><!--pb/@n='05'-->
<lb/>is so exactly in accordance 
<lb/>with my own convictions 
<lb/>that I mean to devote the 
<lb/>next few years of my life 
<lb/>heartily to that line of 
<lb/>action. A brother in <placeName>America</placeName>
<lb/>who views the subject in 
<lb/>the same light intends to 
<lb/>leave his church for a few 
<lb/>years for the same object 
<lb/>and I have advised him 
<lb/>to pick up some information 
<lb/>on cotton growing and come 
<lb/>over here that we may go 
<lb/>out together. I feel it to be 

	<pb n="0006" facs="liv_000054_0006"/><!--pb/@n='06'-->
<lb/>of so much importance to 
<lb/>have one with me in whom 
<lb/>I can repose perfect confidence 
<lb/>that I mean to defray his 
<lb/>expenses here myself. I would 
<lb/>employ him as an agent 
<lb/>on the spot to buy up any 
<lb/>cotton or other produce at 
<lb/>once so as to circulate the 
<lb/>idea extensively that there is 
<lb/>a certain market for all the 
<lb/>natives may produce. </p>
<lb/><p>I am anxious to secure 
<lb/>as soon as possible a 

	<pb n="0007" facs="liv_000054_0007"/><!--pb/@n='07'-->
<lb/>second or third supply of 
<lb/>cotton seed because one lot 
<lb/>may get damaged or other 
<lb/>accident happen and it 
<lb/>would be a mistake to 
<lb/>have to want for fresh 
<lb/>supplies from home. </p>
<lb/><p><hi rend="underline">Private</hi> I cannot but most 
<lb/>deeply regret that the kingdom 
<lb/>of <placeName>Angola</placeName> is not ours. <choice><reg>T</reg><orig>t</orig></choice>here the 
<lb/>success of cotton planting 
<lb/>would be certain. It is prosperous 
<lb/>now but the Portuguese do nothing 
<lb/>with it except drawing large 
<lb/>numbers of cotton cloths as tribute
<lb/>from the Natives - the Population 

	<pb n="0008" facs="liv_000054_0008"/><!--pb/@n='08'-->
<lb/>is upwards of 600 000 souls &amp; 
<lb/>only about 6 per cent slaves. 
<lb/>Skilled labour even costs only 
<lb/>4 pence per day. Field labour 
<lb/>would be about half &amp; no lack 
<lb/>of it. I mean to go to <placeName>Lisbon</placeName>
<lb/>to enlist the Portuguese in the 
<lb/>effort on the East side. <choice><reg>T</reg><orig>t</orig></choice>hey will 
<lb/>let us <choice><sic>develope</sic><corr>develop</corr></choice> the trade if we 
<lb/>appear to cooperate with 
<lb/>them otherwise they will play 
<lb/>the part of the "dog in the manger" 
<lb/>I have strong hopes of the 
<lb/>countenance of the young king 
<lb/>who is said by <persName>Prince Albert</persName>
<lb/>to be much more enlightened 

	<pb n="0009" facs="liv_000054_0009"/><!--pb/@n='09'-->
<lb/>than his people. </p>
<lb/><p>I am sorry that in adopting 
<lb/>the course I intend to pursue 
<lb/>I shall appear to some to 
<lb/>be descending from the high 
<lb/>position of a missionary 
<lb/>for the sake of promoting 
<lb/>trade. Some thought so 
<lb/>when I felt it to be my 
<lb/>duty to engage in exploring 
<lb/>the country but feeling 
<lb/>assured that I shall be as 
<lb/>much engaged in promoting 
<lb/>the Glory of God in that 

	<pb n="0010" facs="liv_000054_0010"/><!--pb/@n='10'-->
<lb/>new line as I was when 
<lb/>toiling in bricks &amp; mortar 
<lb/>or labouring as a smith 
<lb/>carpenter, glazier, gardener 
<lb/>gun mender, doctor &amp;c &amp;c<reg>.</reg>
<lb/>I must bear with any 
<lb/>disapprobation that may 
<lb/>be expressed. I mention this 
<lb/>to you that you may understand 
<lb/>on what grounds I intend to 
<lb/>proceed. I address you jointly 
<lb/>knowing that you are both 
<lb/>equally friendly to the objects 
<lb/>I have in view. I am &amp;c </p>
<lb/><p rend="center"><persName>David Livingstone</persName></p>
			
</div>
		</body>
	</text></TEI>