<?xml version="1.0" encoding="UTF-8"?>
<?xml-model href="http://livingstoneonline.github.io/LEAP-ODD/leap.rng" type="application/xml" schematypens="http://relaxng.org/ns/structure/1.0"?>
<?xml-model href="http://livingstoneonline.github.io/LEAP-ODD/leap.rng" type="application/xml" schematypens="http://purl.oclc.org/dsdl/schematron"?>
<!--<?xml-stylesheet href="transcription-1871.xsl" type="text/xsl"?>-->
<?xml-stylesheet href="http://livingstoneonline.github.io/LEAP-XSLT/transcription-1871.xsl" type="text/xsl"?>
<TEI xmlns="http://www.tei-c.org/ns/1.0" xml:id="liv_000097">
    <teiHeader>
        <fileDesc>
            <titleStmt>
                <title>Fragment of 1871 Field Diary</title>
				<title type="alternative">Fragment of 1871 Field Diary, 28 September 1871-7 October 1871</title>
                <author>David Livingstone</author>
                <principal>Adrian S. Wisnicki</principal>
                <respStmt xml:id="AW">
                    <name>Adrian S. Wisnicki</name>
                    <resp>Editorial Decisions</resp>
                    <resp>Transcription</resp>
                    <resp>TEI Encoding</resp>
					<resp>Proofing</resp>
					<resp>Editing</resp>
					<resp>Encoding Review</resp>
                </respStmt>	
                <respStmt xml:id="KS">
                    <name>Kathryn Simpson</name>
                    <resp>Transcription</resp>
                    <resp>TEI Encoding</resp>
					<resp>Proofing</resp>
                </respStmt>				
            </titleStmt>
            <publicationStmt>
                <authority>Livingstone Online</authority>
                <publisher>University of Maryland Libraries</publisher>
                <pubPlace>College Park, MD, USA</pubPlace>
                <date>2016</date>
                <idno type="LEAP-ID">liv_000097</idno>
            </publicationStmt>
            <sourceDesc>
                <msDesc>
                    <msIdentifier>
                        <country>United Kingdom</country>
                        <settlement>Blantyre</settlement>
                        <repository>David Livingstone Centre</repository>
                        <idno type="shelfmark">1120b</idno>
                        <altIdentifier>
                            <idno type="ccnumber">Field Diaries, 033</idno>
                        </altIdentifier>
                    </msIdentifier>
                    <physDesc>
                        <handDesc>
                            <handNote xml:id="U"><label>Unknown Hand</label> This hand is unknown
                                but thought not David Livingstone's.</handNote>
                        </handDesc>
                    </physDesc>
                </msDesc>
                <bibl type="sourceMetadata">
                    <title type="alternative">Fragment of 1871 Field Diary, 28 September 1871-7 October 1871</title>
                    <author xml:id="DL">David Livingstone</author>
                    <date type="composition" from="1871-09-28" to="1871-10-07">28 September 1871-7 October 1871</date>
                    <placeName type="compositionPlace">[Manyuema Country]</placeName>
                </bibl>
            </sourceDesc>
        </fileDesc>
        <profileDesc>
            <langUsage>
                <language ident="en">English</language>
				<language ident="und">Undetermined African Language</language>
            </langUsage>
        </profileDesc>
        <revisionDesc>

			<!-- Integration -->
            <change when="2016-09-22" who="#AW">Integration</change>
            <change when="2016-09-22" who="#AW">Data scrubbing and prep for XSL transformation</change>

			<!-- liv_000097_0001 to liv_000097_0002 -->
            <change when="2011-06-12" who="#AW">Initial transcription and TEI encoding</change>
            <change when="2011-08-03" who="#KS">Proofing</change>
            <change when="2011-08-03" who="#AW">Editing</change>

        </revisionDesc>
    </teiHeader>

<facsimile xmlns:xi="http://www.w3.org/2001/XInclude" xmlns:tei="http://www.tei-c.org/ns/1.0">
		<surface ulx="0" uly="0" lrx="7216" lry="5412">
			<graphic url="liv_000097_0001_0365_packflat8.tif"/>
			<graphic url="liv_000097_0001_0450_packflat8.tif"/>
			<graphic url="liv_000097_0001_0465_packflat8.tif"/>
			<graphic url="liv_000097_0001_0505_packflat8.tif"/>
			<graphic url="liv_000097_0001_0535_packflat8.tif"/>
			<graphic url="liv_000097_0001_0592_packflat8.tif"/>
			<graphic url="liv_000097_0001_0638_packflat8.tif"/>
			<graphic url="liv_000097_0001_0700_packflat8.tif"/>
			<graphic url="liv_000097_0001_0735_packflat8.tif"/>
			<graphic url="liv_000097_0001_0780_packflat8.tif"/>
			<graphic url="liv_000097_0001_0850_packflat8.tif"/>
			<graphic url="liv_000097_0001_0940_packflat8.tif"/>
			<graphic url="liv_000097_0001_RABL_packflat8.tif"/>
			<graphic url="liv_000097_0001_RABR_packflat8.tif"/>
			<graphic url="liv_000097_0001_RAIL_packflat8.tif"/>
			<graphic url="liv_000097_0001_RAIR_packflat8.tif"/>
			<graphic url="liv_000097_0001_color.tif"/>
			<graphic url="liv_000097_0001_pseudo_0505-0780.tif"/>
			<graphic url="liv_000097_0001_raking_irdiff.tif"/>
			<graphic url="liv_000097_0001_ratio_by_0940.tif"/>
			<graphic url="liv_000097_0001_sharpie_0505-0780.tif"/>
			<zone lrx="3696" lry="1124" ulx="1928" uly="996" xml:id="zliv_000097_0001_1_1"/>
			<zone lrx="3632" lry="1236" ulx="1864" uly="1108" xml:id="zliv_000097_0001_1_2"/>
			<zone lrx="3656" lry="1372" ulx="1792" uly="1244" xml:id="zliv_000097_0001_1_3"/>
			<zone lrx="3608" lry="1484" ulx="1744" uly="1356" xml:id="zliv_000097_0001_1_4"/>
			<zone lrx="3608" lry="1588" ulx="1744" uly="1460" xml:id="zliv_000097_0001_1_5"/>
			<zone lrx="3608" lry="1708" ulx="1744" uly="1580" xml:id="zliv_000097_0001_1_6"/>
			<zone lrx="3616" lry="1884" ulx="1752" uly="1756" xml:id="zliv_000097_0001_1_7"/>
			<zone lrx="3616" lry="2020" ulx="1752" uly="1892" xml:id="zliv_000097_0001_1_8"/>
			<zone lrx="3624" lry="2140" ulx="1760" uly="2012" xml:id="zliv_000097_0001_1_9"/>
			<zone lrx="3640" lry="2276" ulx="1776" uly="2148" xml:id="zliv_000097_0001_1_10"/>
			<zone lrx="3656" lry="2428" ulx="1792" uly="2300" xml:id="zliv_000097_0001_1_11"/>
			<zone lrx="3600" lry="2580" ulx="2264" uly="2452" xml:id="zliv_000097_0001_1_12"/>
			<zone lrx="3584" lry="2700" ulx="2248" uly="2572" xml:id="zliv_000097_0001_1_13"/>
			<zone lrx="3592" lry="2828" ulx="2256" uly="2700" xml:id="zliv_000097_0001_1_14"/>
			<zone lrx="3592" lry="2956" ulx="2256" uly="2828" xml:id="zliv_000097_0001_1_15"/>
			<zone lrx="3592" lry="3092" ulx="2256" uly="2964" xml:id="zliv_000097_0001_1_16"/>
			<zone lrx="3600" lry="3196" ulx="2264" uly="3068" xml:id="zliv_000097_0001_1_17"/>
			<zone lrx="3600" lry="3308" ulx="2264" uly="3180" xml:id="zliv_000097_0001_1_18"/>
			<zone lrx="3624" lry="3476" ulx="2288" uly="3348" xml:id="zliv_000097_0001_1_19"/>
			<zone lrx="3640" lry="3596" ulx="2304" uly="3468" xml:id="zliv_000097_0001_1_20"/>
			<zone lrx="3640" lry="3716" ulx="2304" uly="3588" xml:id="zliv_000097_0001_1_21"/>
			<zone lrx="3640" lry="3836" ulx="2304" uly="3708" xml:id="zliv_000097_0001_1_22"/>
			<zone lrx="3632" lry="3956" ulx="2296" uly="3828" xml:id="zliv_000097_0001_1_23"/>
			<zone lrx="5080" lry="1140" ulx="3736" uly="1004" xml:id="zliv_000097_0001_2_1"/>
			<zone lrx="5088" lry="1268" ulx="3744" uly="1132" xml:id="zliv_000097_0001_2_2"/>
			<zone lrx="5072" lry="1404" ulx="3728" uly="1268" xml:id="zliv_000097_0001_2_3"/>
			<zone lrx="5064" lry="1548" ulx="3720" uly="1412" xml:id="zliv_000097_0001_2_4"/>
			<zone lrx="5064" lry="1740" ulx="3720" uly="1604" xml:id="zliv_000097_0001_2_5"/>
			<zone lrx="5056" lry="1892" ulx="3712" uly="1756" xml:id="zliv_000097_0001_2_6"/>
			<zone lrx="5056" lry="2028" ulx="3712" uly="1892" xml:id="zliv_000097_0001_2_7"/>
			<zone lrx="5040" lry="2164" ulx="3696" uly="2028" xml:id="zliv_000097_0001_2_8"/>
			<zone lrx="4912" lry="2316" ulx="3688" uly="2180" xml:id="zliv_000097_0001_2_9"/>
			<zone lrx="4912" lry="2452" ulx="3688" uly="2316" xml:id="zliv_000097_0001_2_10"/>
			<zone lrx="4912" lry="2564" ulx="3688" uly="2428" xml:id="zliv_000097_0001_2_11"/>
			<zone lrx="4904" lry="2676" ulx="3680" uly="2540" xml:id="zliv_000097_0001_2_12"/>
			<zone lrx="4904" lry="2820" ulx="3680" uly="2684" xml:id="zliv_000097_0001_2_13"/>
			<zone lrx="4904" lry="2948" ulx="3680" uly="2812" xml:id="zliv_000097_0001_2_14"/>
			<zone lrx="4904" lry="3100" ulx="3680" uly="2964" xml:id="zliv_000097_0001_2_15"/>
			<zone lrx="4912" lry="3236" ulx="3688" uly="3100" xml:id="zliv_000097_0001_2_16"/>
			<zone lrx="4920" lry="3388" ulx="3696" uly="3252" xml:id="zliv_000097_0001_2_17"/>
			<zone lrx="4912" lry="3588" ulx="3688" uly="3452" xml:id="zliv_000097_0001_2_18"/>
			<zone lrx="4936" lry="3788" ulx="3712" uly="3652" xml:id="zliv_000097_0001_2_19"/>
			<zone lrx="5016" lry="3924" ulx="3792" uly="3788" xml:id="zliv_000097_0001_2_20"/>
			<zone lrx="4824" lry="2700" ulx="4236" uly="2196" xml:id="zliv_000097_0001_2_fig1"/>
		</surface>
</facsimile>

<facsimile xmlns:xi="http://www.w3.org/2001/XInclude" xmlns:tei="http://www.tei-c.org/ns/1.0">
		<surface ulx="0" uly="0" lrx="7216" lry="5412">
			<graphic url="liv_000097_0002_0365_packflat8.tif"/>
			<graphic url="liv_000097_0002_0450_packflat8.tif"/>
			<graphic url="liv_000097_0002_0465_packflat8.tif"/>
			<graphic url="liv_000097_0002_0505_packflat8.tif"/>
			<graphic url="liv_000097_0002_0535_packflat8.tif"/>
			<graphic url="liv_000097_0002_0592_packflat8.tif"/>
			<graphic url="liv_000097_0002_0638_packflat8.tif"/>
			<graphic url="liv_000097_0002_0700_packflat8.tif"/>
			<graphic url="liv_000097_0002_0735_packflat8.tif"/>
			<graphic url="liv_000097_0002_0780_packflat8.tif"/>
			<graphic url="liv_000097_0002_0850_packflat8.tif"/>
			<graphic url="liv_000097_0002_0940_packflat8.tif"/>
			<graphic url="liv_000097_0002_RABL_packflat8.tif"/>
			<graphic url="liv_000097_0002_RABR_packflat8.tif"/>
			<graphic url="liv_000097_0002_RAIL_packflat8.tif"/>
			<graphic url="liv_000097_0002_RAIR_packflat8.tif"/>
			<graphic url="liv_000097_0002_color.tif"/>
			<graphic url="liv_000097_0002_pseudo_0505-0780.tif"/>
			<graphic url="liv_000097_0002_raking_irdiff.tif"/>
			<graphic url="liv_000097_0002_ratio_by_0940.tif"/>
			<graphic url="liv_000097_0002_sharpie_0505-0780.tif"/>
			<zone lrx="5300" lry="1776" ulx="2140" uly="1568" xml:id="zliv_000097_0002_3_1"/>
			<zone lrx="5300" lry="1880" ulx="2140" uly="1672" xml:id="zliv_000097_0002_3_2"/>
			<zone lrx="5316" lry="2040" ulx="2156" uly="1832" xml:id="zliv_000097_0002_3_3"/>
			<zone lrx="5332" lry="2168" ulx="2172" uly="1960" xml:id="zliv_000097_0002_3_4"/>
			<zone lrx="5332" lry="2352" ulx="2172" uly="2144" xml:id="zliv_000097_0002_3_5"/>
			<zone lrx="5364" lry="2504" ulx="2204" uly="2296" xml:id="zliv_000097_0002_3_6"/>
			<zone lrx="5396" lry="2640" ulx="2236" uly="2432" xml:id="zliv_000097_0002_3_7"/>
			<zone lrx="5404" lry="2752" ulx="2244" uly="2544" xml:id="zliv_000097_0002_3_8"/>
			<zone lrx="5412" lry="2936" ulx="2252" uly="2728" xml:id="zliv_000097_0002_3_9"/>
			<zone lrx="3408" lry="4092" ulx="2616" uly="3300" xml:id="zliv_000097_0002_3_fig1"/>
		</surface>
</facsimile>


	<text>
       	<body>
			<div rend="red">

	<gb type="envelope"/>

	<pb facs="liv_000097_0001" n="0001"/><!--<milestone unit="page" n="1"/>-->
<lb facs="#zliv_000097_0001_1_1"/><p><space dim="horizontal" extent="5" unit="chars"/><date when="1871-09-28">28 <choice><abbr>Sept<hi rend="sup underline">r</hi></abbr><expan>September</expan></choice> 1871</date> <choice><abbr>cont</abbr><expan>continued</expan></choice> -
<lb facs="#zliv_000097_0001_1_2"/><bibl>Journal</bibl> = 20<hi rend="sup underline">th</hi> camp
<lb facs="#zliv_000097_0001_1_3"/>from <placeName><settlement type="village">Bambarre</settlement></placeName> = 4<choice><orig>½</orig><reg>1/2</reg></choice>
<lb facs="#zliv_000097_0001_1_4"/>Hours to last crossing of
<lb facs="#zliv_000097_0001_1_5"/><choice><abbr>R</abbr><expan>River</expan></choice> <placeName><geogName type="river">Lo<del><unclear cert="medium">vum</unclear></del><add place="inline">ngum</add>ba</geogName></placeName> = </p>
	<milestone unit="section" rend="line"/>
<lb facs="#zliv_000097_0001_1_6"/><p><date when="1871-09-29">29<hi rend="sup underline">th</hi></date> 4<choice><orig>½</orig><reg>1/2</reg></choice> to under <choice><abbr>M<hi rend="sup">t</hi></abbr><expan>Mount</expan></choice> -
<lb facs="#zliv_000097_0001_1_7"/><foreign xml:id="und">Ngoilu</foreign> = fruit plum
<lb facs="#zliv_000097_0001_1_8"/>= good = rapid current
<lb facs="#zliv_000097_0001_1_9"/>of forty yards &amp; knee
<lb facs="#zliv_000097_0001_1_10"/>deep = 21<hi rend="sup">st</hi> camp -</p>
<lb facs="#zliv_000097_0001_1_11"/><p><space dim="horizontal" extent="1" unit="chars"/><date when="1871-09-30">30</date> <choice><abbr>Do</abbr><expan>Ditto</expan></choice> 4 waters
<lb facs="#zliv_000097_0001_1_12"/>many buffaloes
<lb facs="#zliv_000097_0001_1_13"/>rest <space dim="horizontal" extent="2" unit="chars"/>3 hours
<lb facs="#zliv_000097_0001_1_14"/>and go on to
<lb facs="#zliv_000097_0001_1_15"/><placeName><settlement type="village">Masuko</settlement></placeName> camp
<lb facs="#zliv_000097_0001_1_16"/>6 hours or 7
<lb facs="#zliv_000097_0001_1_17"/><space dim="horizontal" extent="4" unit="chars"/>22 camp</p>
	<milestone unit="section" rend="line"/>
<lb facs="#zliv_000097_0001_1_18"/><p><date when="1871-10-01">1<hi rend="sup underline">st</hi> <choice><abbr>Oct</abbr><expan>October</expan></choice> Monday</date>
<lb facs="#zliv_000097_0001_1_19"/>on to <persName>Mketo</persName><choice><sic>s</sic><corr>'s</corr></choice>
<lb facs="#zliv_000097_0001_1_20"/>in mountains</p>
<lb facs="#zliv_000097_0001_1_21"/><p><date when="1871-10-02">2<hi rend="sup">nd</hi></date> Rest -
<lb facs="#zliv_000097_0001_1_22"/>safari reported
<lb facs="#zliv_000097_0001_1_23"/><gap extent="5" unit="chars" agent="hole"/><supplied cert="medium">23 ca</supplied>mp</p>

	<ab rend="vertical brown">
<lb/><desc>The text that follows is written in an unknown hand and lies beneath Livingstone's writing at a perpendicular angle.</desc>
<lb/><seg rend="center"><persName>Dr Livingstone</persName></seg>
<lb/>
<lb/>care of <persName>Dr Kirk</persName>
	</ab>

	<pb facs="liv_000097_0001" n="0002"/><!--<milestone unit="page" n="2"/>-->
<lb facs="#zliv_000097_0001_2_1"/><p><date when="1871-10-03">3<hi rend="sup">d</hi></date> to go on
<lb facs="#zliv_000097_0001_2_2"/><persName>Ghamees</persName> <unclear cert="medium"><choice><abbr>W.</abbr><expan>West</expan></choice></unclear> I
<lb facs="#zliv_000097_0001_2_3"/>fighting with <unclear cert="medium">th</unclear><gap extent="1" unit="chars" agent="hole"/><supplied cert="medium">e</supplied>
<lb facs="#zliv_000097_0001_2_4"/>chief <persName>Merere</persName> -
<lb facs="#zliv_000097_0001_2_5"/><persName>Moenenyun</persName>
<lb facs="#zliv_000097_0001_2_6"/>on <choice><sic>me</sic><corr>my</corr></choice> side
<lb facs="#zliv_000097_0001_2_7"/><persName>Ghamees</persName> on
<lb facs="#zliv_000097_0001_2_8"/>other <space dim="horizontal" extent="1" unit="chars"/>and
<lb facs="#zliv_000097_0001_2_9"/><placeName><settlement type="town"><choice><abbr>Unyembe</abbr><expan>Unyanyembe</expan></choice></settlement></placeName>
<lb facs="#zliv_000097_0001_2_10"/>Arabs on <figure facs="#zliv_000097_0001_2_fig1" n="1"><figDesc>Embossed seal of the Royal Geographical Society.</figDesc></figure>
<lb facs="#zliv_000097_0001_2_11"/>a third side
<lb facs="#zliv_000097_0001_2_12"/><persName>Merere</persName> is
<lb facs="#zliv_000097_0001_2_13"/>mad - cut
<lb facs="#zliv_000097_0001_2_14"/>off hand
<lb facs="#zliv_000097_0001_2_15"/>of <persName>Makoa</persName>
<lb facs="#zliv_000097_0001_2_16"/>- drunkeness
<lb facs="#zliv_000097_0001_2_17"/><unclear cert="low"><choice><abbr>R</abbr><expan>River</expan></choice></unclear> =</p>
<lb facs="#zliv_000097_0001_2_18"/><p><space dim="horizontal" extent="2" unit="chars"/>Read Bible
<lb facs="#zliv_000097_0001_2_19"/>four times
<lb facs="#zliv_000097_0001_2_20"/>through = <placeName><region ref="region.xml#region0013">Manyema</region></placeName></p>

	<pb facs="liv_000097_0002" n="0003"/><!--<milestone unit="page" n="3"/>-->
<lb facs="#zliv_000097_0002_3_1"/><p><date when="1871-10-03">3<hi rend="sup underline">d</hi></date> <foreign xml:lang="und">Masuko</foreign> nearly ripe and in
<lb facs="#zliv_000097_0002_3_2"/>great abundance = on to camp of
<lb facs="#zliv_000097_0002_3_3"/><placeName><settlement type="village">Masudi</settlement></placeName><space dim="horizontal" extent="1" unit="chars"/>24<hi rend="sup">th</hi> camp -</p>
<lb facs="#zliv_000097_0002_3_4"/><p><date when="1871-10-05">5<hi rend="sup underline">th</hi> <choice><abbr>Oct</abbr><expan>October</expan></choice></date> to <placeName><settlement type="village">Loanda</settlement></placeName> <choice><abbr>vil</abbr><expan>village</expan></choice> = send
<lb facs="#zliv_000097_0002_3_5"/>to <persName><choice><orig>Kasonga</orig><reg>Kasongo</reg></choice></persName> for canoe - go</p>
<lb facs="#zliv_000097_0002_3_6"/><p><date when="1871-10-06">6<hi rend="sup underline">th</hi></date> on to <persName><choice><orig>Kasonga</orig><reg>Kasongo</reg></choice></persName><supplied>'s</supplied> <choice><abbr>vil</abbr><expan>village</expan></choice> -</p>
<lb facs="#zliv_000097_0002_3_7"/><p><date when="1871-10-07">7<hi rend="sup underline">th</hi></date> Rest <unclear cert="high">there</unclear> = eyes
<lb facs="#zliv_000097_0002_3_8"/>inflamed = <persName><choice><orig>Kasonga</orig><reg>Kasongo</reg></choice></persName>
<lb facs="#zliv_000097_0002_3_9"/>to come today -</p><figure facs="#zliv_000097_3_fig1" n="1"><figDesc>Calculation.</figDesc></figure>

			</div>
       	</body>
	</text>

</TEI>
