<?xml version="1.0" encoding="UTF-8"?>
<?xml-model href="http://livingstoneonline.github.io/LEAP-ODD/leap.rng" type="application/xml" schematypens="http://relaxng.org/ns/structure/1.0"?>
<?xml-model href="http://livingstoneonline.github.io/LEAP-ODD/leap.rng" type="application/xml" schematypens="http://purl.oclc.org/dsdl/schematron"?>
 <?xml-stylesheet href="http://livingstoneonline.github.io/LEAP-XSLT/transcription.xsl" type="text/xsl"?>
 <!--Converted from a TEI P4 XML file to the LEAP TEI P5 Schema by James Cummings on 2015-03-02--><!--TEI encoding revised and standardized by Adrian S. Wisnicki, 2015-2016-->
         <TEI xmlns="http://www.tei-c.org/ns/1.0" xml:id="liv_001629">
	<teiHeader>
		<fileDesc>
			<titleStmt>
				<title>Letter to H. Norton Shaw</title>
                <title type="alternative">Letter to H. Norton Shaw, 1 March 1861</title>
				<author xml:id="DL">Livingstone, David, 1813-1873</author>
			</titleStmt>
			<publicationStmt>
				<authority>Livingstone Online</authority>
				<pubPlace>London</pubPlace>
				<date>2007-05-15</date>
				<publisher>Wellcome Centre for the History of Medicine, UCL</publisher>
				<idno type="LEAP-ID">liv_001629</idno>
			</publicationStmt>
			<sourceDesc>
				<bibl xml:id="shelfmark">Royal Geographical Society (Great Britain); Archives, DL 3/9/1</bibl>
				<bibl xml:id="ccnumber">Letters, 1082</bibl>
				<bibl xml:id="recipient"><persName>Shaw, H. Norton, ?-1868</persName></bibl>
				<bibl xml:id="date"><date when="1861-03-01">1 March 1861</date></bibl>
				<bibl xml:id="where">Pioneer off Rovuma</bibl>
			</sourceDesc>
		</fileDesc>
		<profileDesc>
			<langUsage>
				<language ident="en">English</language>
			</langUsage>
			<handNotes>
				<handNote xml:id="hand01">Scribe: Unknown</handNote>
			</handNotes>
		</profileDesc>
		<revisionDesc>
			<change>
				<date>2007-05-15</date>
				<name xml:id="CO">Caroline Overy</name>Initial Transcription by
			</change>
			<change>
				<date>2007-05-18</date>
				<name xml:id="CL">Chris Lawrence</name>proof
			</change>
		</revisionDesc>
	</teiHeader>

	<text>
		<body xml:lang="en">
			<div>

	<pb n="0001" facs="liv_001629_0001"/><!--pb/@n='1r'-->
<lb/><p rend="center"><space extent="1" unit="chars"/><term type="boat">Pioneer</term> - off <placeName>Rovuma</placeName></p>
<lb/><p rend="center"><space extent="2" unit="chars"/>1<hi rend="sup underline">st</hi> March 1861</p>
<lb/><p rend="no-indent"><space extent="2" unit="chars"/><hi rend="underline">Private</hi></p>
<lb/><p>My Dear Shaw</p>
<lb/><p><space extent="1" unit="words"/><space extent="2" unit="chars"/>Very many 
<lb/>and hearty thanks 
<lb/>for your letter, and the 
<lb/>packet of journals &amp;c 
<lb/>which accompanied 
<lb/>it. <choice><reg>T</reg><orig>t</orig></choice>his is the first 
<lb/>scrape of your pen 
<lb/>I have <choice><sic>recieved</sic><corr>received</corr></choice> since 
<lb/>we came out and 
<lb/>I confess that I was 
<lb/>beginning to be 
<w>im-<lb break="no"/>patient</w> with my 
<lb/>semper idem Friend<reg>.</reg>

	<pb n="0002" facs="liv_001629_0002"/><!--pb/@n='1v'--> 
<lb/>This however sets all 
<lb/>to rights and I am 
<lb/>quite thankful.</p>
<lb/><p>I cannot tell you much 
<lb/>about <placeName>Rovuma</placeName> yet 
<lb/>as we are waiting for 
<lb/><term type="boat">H.M.S Lyra</term> which 
<lb/>brings us some coals<reg>.</reg>
<lb/>We have no bar. 
<lb/>And no bottom was 
<lb/>found with seventeen 
<lb/>fathoms across the 
<lb/>mouth. An immense 
<lb/>body of water rolls 
<lb/>out a mile broad. 
<lb/>We went up some 
<lb/>8 miles yesterday 
<lb/>in a boat &amp; saw 

	<pb n="0003" facs="liv_001629_0003"/><!--pb/@n='2r'--> 
<lb/>that it is evidently 
<lb/>in flood. <choice><reg>P</reg><orig>p</orig></choice>eople 
<lb/>speak same language 
<lb/>as on <placeName>Zambesi</placeName> so 
<lb/>we shall get on. We 
<lb/>are trying to get an 
<lb/>entrance exterior to 
<lb/>the Portuguese claims 
<lb/>and are not permitted 
<lb/>to say anything 
<lb/>publicly, so this is 
<lb/>all between ourselves. 
<lb/><choice><reg>B</reg><orig>b</orig></choice>ut by the way in 
<lb/>three months we 
<lb/>shall be able to give 
<lb/>you a good deal of 
<lb/>information about 

	<pb n="0004" facs="liv_001629_0004"/><!--pb/@n='2v'--> 
<lb/>the <placeName>Rovuma</placeName>. At present 
<lb/>we cannot get a syllable 
<lb/>of information from 
<lb/>any one but no sooner 
<lb/>do we publish than 
<lb/><persName>Macqueen</persName> will start 
<lb/>up and say he knew 
<lb/>all about it. Why 
<lb/>not tell you all 
<lb/>about it during the 
<lb/>next three months 
<lb/>or before we do?</p>
<lb/><p>I am sure that the 
<lb/>journal of <persName>Silva Porto</persName>
<lb/>is a literary fraud, 
<lb/>for I met him at 
<lb/>the time specified 

	<pb n="0005" facs="liv_001629_0005"/><!--pb/@n='3r'--> 
<lb/>either 1853 or 4. I 
<lb/>think the former but 
<lb/>quote from memory 
<lb/>alone. He then said 
<lb/>that he had tried to 
<lb/>go East but failed 
<lb/>after going to about 
<lb/>the <placeName>Kafue</placeName>. He tried 
<lb/>to send a party of his 
<lb/>people too but, <add place="below">^</add> <add place="above">they</add> failed 
<lb/>and he got to the 
<lb/>West before I did 
<lb/>and his journal 
<lb/>was published while 
<lb/>I was at <placeName>Loanda</placeName>. 
<lb/>His meeting with 
<lb/>me mentioned 

	<pb n="0006" facs="liv_001629_0006"/><!--pb/@n='3v'--> 
<lb/>and <hi rend="underline">not a word 
<lb/>about having gone 
<lb/>to the East Coast</hi>!! </p>
<lb/><p rend="no-indent">If <persName>M<hi rend="sup underline">r</hi> Gabriel</persName> is 
<lb/>now <add place="below">^</add> <add place="above">as he was lately</add> in England 
<lb/>he will corroborate 
<lb/>the publication. His 
<lb/>agent is <persName>Woodhead 
<lb/>&amp; <choice><reg>C</reg><orig>c</orig></choice>o.</persName> James S<hi rend="sup">t</hi>. should 
<lb/>you think it worth 
<lb/>while enquiring<reg>.</reg></p>
<lb/><p rend="no-indent">Thanking you for 
<lb/>your kind message 
<lb/>by <persName>M<hi rend="sup underline">rs</hi> L.</persName></p>
<lb/><p><space extent="1" unit="chars"/>I am yours ever</p>
<lb/><p rend="no-indent"><space extent="2" unit="chars"/>David Livingstone</p>
<lb/><cb rend="vertical"/>
<lb/><p rend="no-indent">I do not believe <persName>Macqueen</persName> guilty but 
<lb/>he is duped by some one.</p>
			
</div>
		</body>
	</text></TEI>