<?xml version="1.0" encoding="UTF-8"?>
<?xml-model href="http://livingstoneonline.github.io/LEAP-ODD/leap.rng" type="application/xml" schematypens="http://relaxng.org/ns/structure/1.0"?>
<?xml-model href="http://livingstoneonline.github.io/LEAP-ODD/leap.rng" type="application/xml" schematypens="http://purl.oclc.org/dsdl/schematron"?>
 <?xml-stylesheet href="http://livingstoneonline.github.io/LEAP-XSLT/transcription.xsl" type="text/xsl"?>
 <!--Converted from a TEI P4 XML file to the LEAP TEI P5 Schema by James Cummings on 2015-03-02--><!--TEI encoding revised and standardized by Adrian S. Wisnicki, 2015-2016-->
         <TEI xmlns="http://www.tei-c.org/ns/1.0" xml:id="liv_001767"><!-- LP112 -->
	<teiHeader>
		<fileDesc>
			<titleStmt>
				<title>Letter to Agnes Livingstone 3</title>
                <title type="alternative">Letter to Agnes Livingstone 3, 28 April 1862</title>
				<author xml:id="DL">Livingstone, David, 1813-1873</author>
			</titleStmt>
			<publicationStmt>
				<authority>Livingstone Online</authority>
				<pubPlace>London</pubPlace>
				<date>2006-10-09</date>
				<publisher>Wellcome Centre for the History of Medicine, UCL</publisher>
				<idno type="LEAP-ID">liv_001767</idno>
			</publicationStmt>
			<sourceDesc>
				<bibl xml:id="ccnumber">Letters, 1216</bibl>
				<bibl xml:id="recipient"><persName>Livingstone, Agnes 3, 1847-1912</persName></bibl>
				<bibl xml:id="date"><date when="1862-04-28">28 April 1862</date></bibl>
				<bibl xml:id="where">Shupanga</bibl>
				<bibl xml:id="shelfmark">National Library of Scotland; MS. 10704, ff. 15-16</bibl><!--1862-04-28--><!--Original:1862-04-28-->
				<bibl xml:id="extent">4 pages</bibl>
			</sourceDesc>
		</fileDesc>
		<revisionDesc>
			<change>
				<date>2006-09-05</date>
				<name>Sharon Messenger</name>initial transcription
			</change>
		</revisionDesc>
	</teiHeader>

	<text>
		<body>
			<div>

	<pb n="0001" facs="liv_001767_0001"/><!--pb/@n='15r'-->
<!--hand01topleft15--><!--hand01topright15-->
<lb/><p rend="center"><space extent="1" unit="words"/><placeName>Shupanga R. Zambezi</placeName></p>
<lb/><p rend="right"><space extent="1" unit="words"/><space extent="1" unit="chars"/>28<hi rend="sup underline">th</hi> April 1862</p>
<lb/>
<lb/><p rend="no-indent"><space extent="2" unit="chars"/>My Dear Dear <persName>Agnes</persName></p>
<lb/><p><space extent="1" unit="words"/><space extent="1" unit="chars"/>Your beloved <persName>Mama</persName>
<lb/>is I trust in Heaven. She died 
<lb/>last night about seven <choice><sic>oclock</sic><corr>o'clock</corr></choice>
<lb/>and we shall never see her 
<lb/>till through mercy we meet in 
<lb/>Heaven. I have just come 
<lb/>back from laying her dear 
<lb/>form in the grave in the 
<lb/>hope of a blessed resurrection 
<lb/>Dear <persName>Nanie</persName> she often thought 
<lb/>of you and when once from 
<lb/>the violence of the disease 
<lb/>she was <term type="ailment">delirious</term>-She called 
<lb/>out "see, <persName>Agnes</persName> is falling 
<lb/>down a precipice." May 

	<pb n="0002" facs="liv_001767_0002"/><!--pb/@n='15v'-->
<lb/>Our Heavenly Saviour who must 
<lb/>be your Father and guide preserve 
<lb/>you from falling into the gulph of 
<lb/>sin over the precipice of temptation 
<lb/>She was ill seven days. I tended 
<lb/>her night and day myself. Yesterday 
<lb/>morning she asked me to open 
<lb/>the window of Shupanga house 
<lb/>just at dawn of day - and said 
<lb/>"I am not in <term type="ailment">pain</term> but cannot 
<lb/>help moaning" Soon after that 
<lb/>she lost power of drinking 
<lb/>which incessant <term type="ailment">vomiting</term>
<lb/>excited. then gradually became 
<lb/>insensible and at last as 
<lb/>she was breathing with her 
<lb/>mouth open - shut it as if to 
<lb/>breathe through her <term type="bodypart">nose</term> and 
<lb/>breathed no more. She looked 

	<pb n="0003" facs="liv_001767_0003"/><!--pb/@n='16r'-->
<lb/><!--hand0116-->exactly as if falling asleep and 
<lb/>I believe she did then fall asleep 
<lb/>in Jesus. Dear <persName>Agnes</persName> I feel 
<lb/>alone in the world now and 
<lb/>what will the poor dear <persName>baby</persName>
<lb/>do without her <persName>Mama</persName>. She 
<lb/>often spoke of her and sometimes 
<lb/>burst into a flood of tears in 
<lb/>speaking of her just as I now 
<lb/>do in taking up &amp; arranging 
<lb/>the things left by my beloved 
<lb/>partner of eighteen years. 
<lb/>I send most of <persName>Mama's</persName>
<lb/>things to you. You may 
<lb/>give what you like as 
<w>keep-<lb break="no"/>sakes</w> for the boys &amp; for little 
<lb/><persName>Anna Mary</persName> whom I never 
<lb/>saw. I bow to the Divine 
<lb/><gap extent="2" unit="words" agent="damage"/><supplied reason="damage">Lord which</supplied> chastens me. 

	<pb n="0004" facs="liv_001767_0004"/><!--pb/@n='16v'-->
<lb/>God grant that I may learn the 
<lb/>lesson he means to teach. All 
<lb/>she told you to do she now <unclear cert="high">enforces</unclear>
<lb/>as if beckoning you from 
<lb/>Heaven. <persName>Nanie</persName> dear meet her 
<lb/>there. Don't lose the crown of 
<lb/>joy, she now wears and the 
<lb/>Lord be gracious to you in all 
<lb/>things. You will now need to 
<lb/>act more &amp; more from a feeling 
<lb/>of responsibility to Jesus seeing he 
<lb/>has taken away one of your 
<lb/>guardians. A right 
<w>straight-<lb break="no"/>forward</w> woman was she. No 
<lb/>crooked way was ever hers &amp; 
<lb/>she could act with decision &amp; 
<lb/>energy when required. I pity you 
<lb/>on <choice><sic>recieving</sic><corr>receiving</corr></choice> this but it is 
<lb/>the Lord. Your sorrowing 
<lb/>&amp; lonely <persName>Father </persName></p>
			
</div>
		</body>
	</text></TEI>