<?xml version="1.0" encoding="UTF-8"?>
<?xml-model href="http://livingstoneonline.github.io/LEAP-ODD/leap.rng" type="application/xml" schematypens="http://relaxng.org/ns/structure/1.0"?>
<?xml-model href="http://livingstoneonline.github.io/LEAP-ODD/leap.rng" type="application/xml" schematypens="http://purl.oclc.org/dsdl/schematron"?>
 <?xml-stylesheet href="http://livingstoneonline.github.io/LEAP-XSLT/transcription.xsl" type="text/xsl"?>
 <!--Converted from a TEI P4 XML file to the LEAP TEI P5 Schema by James Cummings on 2015-03-02--><!--TEI encoding revised and standardized by Adrian S. Wisnicki, 2015-2016-->
         <TEI xmlns="http://www.tei-c.org/ns/1.0" xml:id="liv_001664">
	<teiHeader>
		<fileDesc>
			<titleStmt>
				<title>Letter to John Washington</title>
                <title type="alternative">Letter to John Washington, 1 May 1861</title>
				<author xml:id="DL">Livingstone, David, 1813-1873</author>
			</titleStmt>
			<publicationStmt>
				<authority>Livingstone Online</authority>
				<pubPlace>London</pubPlace>
				<date>2009-09-04</date>
				<publisher>Wellcome Centre for the History of Medicine, UCL</publisher>
				<idno type="LEAP-ID">liv_001664</idno>
			</publicationStmt>
			<sourceDesc>
				<bibl xml:id="shelfmark">National Museum of the Royal Navy (Great Britain); MSS. 120</bibl>
				<bibl xml:id="ccnumber">Letters, 1117</bibl>
				<bibl xml:id="recipient"><persName>Washington, John, 1800-1863</persName></bibl>
				<bibl xml:id="date"><date when="1861-05-01">1 May 1861</date></bibl>
				<bibl xml:id="where">Kongone Harbour</bibl>
			</sourceDesc>
		</fileDesc>
		<profileDesc>
			<langUsage>
				<language ident="en">English</language>
			</langUsage>
			<handNotes>
				<handNote xml:id="hand01">Scribe: Unknown</handNote>
			</handNotes>
		</profileDesc>
		<revisionDesc>
			<change>
				<date>2009-09-02</date>
				<name xml:id="SM">Sharon Messenger</name>Initial Transcription by Sharon Messenger
			</change>
			<change>
				<date>2009-10-09</date>
				<name xml:id="CL">Chris Lawrence</name>First Proof by Chris Lawrence
			</change>
		</revisionDesc>
	</teiHeader>

	<text>
		<body xml:lang="en">
			<div>

	<pb n="0001" facs="liv_001664_0001"/><!--pb/@n='1r'-->
<addSpan spanTo="#p.1r-01" place="marginleft"><!--addSpan/@place='left margin of fols 1r, 1v, 2r'--></addSpan>
<lb/><p rend="no-indent">much crowded - 52 souls aboard and a 
<lb/>large deck cargo - but for wood cutting</p><anchor xml:id="p.1r-01"/>
<lb/><p rend="center"><space extent="1" unit="words"/><placeName>Kongone Harbour</placeName></p>
<lb/><p rend="center"><space extent="2" unit="words"/>1<hi rend="sup underline">st</hi> May 1861 </p>
<lb/><p rend="no-indent">Dear <persName>Captain Washington</persName></p>
<lb/><p><space extent="1" unit="chars"/><persName>M<hi rend="sup underline">r</hi> <choice><sic>Hardesty</sic><corr>Hardisty</corr></choice></persName> informs me 
<lb/>that the brasses or bushes of 
<lb/>the paddle shafts are cracked 
<lb/>by a strain put on them 
<lb/>when aground in the <placeName>Rovuma</placeName>. 
<lb/>He thinks that they were too 
<lb/>thin originally - some sand 
<lb/>has got in and worn them 
<lb/>a good deal thinner. As 
<lb/><persName>M<hi rend="sup underline">r</hi> Penn</persName> has the patterns 
<lb/>we think it well to send 
<lb/>for new ones and as soon </p>

	<pb n="0002" facs="liv_001664_0002"/><!--pb/@n='1v'-->
<addSpan spanTo="#p.1v-01" place="marginleft"><!--addSpan/@place='left margin of fols 1r, 1v, 2r'--></addSpan>
<lb/><p rend="no-indent">we should be at <placeName>Murchison's cataracts</placeName> in 
<lb/>2 days from this. We came from <placeName>Johanna</placeName></p><anchor xml:id="p.1v-01"/> 
<lb/><p rend="no-indent">as we have an opportunity <persName>M<hi rend="sup underline">r</hi> 
<lb/>H.</persName>  will make a drawing of 
<lb/>them with buttresses on them 
<lb/>from which <persName>M<hi rend="sup underline">r</hi> Penn</persName> will 
<lb/>be able to send us thicker 
<lb/>and stronger ones. </p>
<lb/><p>18 May Shamo in R. Shire. </p>
<lb/><p rend="no-indent">After spending some days in 
<lb/>woodcutting &amp; going round by the 
<lb/>Pearl's canal to the mouth of 
<lb/>Parker<reg>'</reg>s Luabo we steamed up 
<lb/>on the 7<hi rend="sup underline">th</hi> &amp; 8<hi rend="sup underline">th</hi> to <placeName>Mazaro</placeName> taking 
<lb/>just 16 hours from the sea to 
<lb/>that point. <choice><reg>T</reg><orig>t</orig></choice>he last time we
<lb/>came over the same ground in 
<lb/>the famous "Despatch boat" it took 
<lb/>us ten days. We did not touch 
<lb/>the ground once - though the channel 
<lb/>is a little altered by the late very 
<lb/>high flood. At <placeName>Shupanga</placeName></p>

	<pb n="0003" facs="liv_001664_0003"/><!--pb/@n='2r'-->
<addSpan spanTo="#p.2r-01" place="marginleft"><!--addSpan/@place='left margin of fols 1r, 1v, 2r'--></addSpan>
<lb/><p rend="no-indent">in eight days &amp; waited one night only for a 
<lb/><space extent="3" unit="words"/>smooth bar<reg>.</reg>
<lb/><space extent="4" unit="words"/>I am &amp;c <persName>David Livingstone</persName></p><anchor xml:id="p.2r-01"/> 
<lb/><p rend="no-indent">we went over to the shoal side of the 
<lb/>river in order to get young mango 
<lb/>trees &amp; pineapple plants for the 
<lb/>mission and unfortunately 
<lb/>drifted on a shoal and had as 
<lb/>at <placeName>Rovuma</placeName> the engines filled 
<lb/>with sand. They are splendid 
<lb/>engines and a credit to their 
<lb/>maker but there is a defect 
<lb/>which few would think of, 
<lb/>the pipe which draws in the 
<lb/>water is placed so as to draw 
<lb/>in sand whenever we come 
<lb/>into shoal water - there seems to <figure><!--<graphic style="float:left" url="LETT1209-1.gif"/>--><figDesc/></figure>
<lb/>be no rose to them 
<lb/>as pebbles the size 
<lb/>of marbles were taken 
<lb/>into the bottom of the air pump. If 
<lb/>in addition to those <add place="above">pipes</add> already in 
<lb/>we had others as marked by the 
<lb/>dotted lines &amp; a cock to shut off 
<lb/>each set one could be used 

	<pb n="0004" facs="liv_001664_0004"/><!--pb/@n='2v'--> 
<lb/>in a sea way the others in the 
<lb/>river - a few yards of copper 
<lb/>piping &amp; cocks would not cost 
<lb/>much and <persName>M<hi rend="sup underline">r</hi> Penn</persName> would 
<lb/>no doubt take the trouble to fit 
<lb/>them according to his model<reg>.</reg>
<lb/>If the roses of the new pipes 
<lb/>were 3 1/2 feet from the bottom 
<lb/>no harm would ever come 
<lb/>to the engines either by sand or 
<lb/>weeds. As it is now the 
<lb/>time when we need the engines 
<lb/>most they are of the least use 
<lb/>as our bilges are so shallow 
<lb/>we cannot draw water from 
<lb/>them. </p>
<lb/><p>We spent some days repairing 
<lb/>and are now waiting for our 
<lb/>cart and cotton gins from <placeName>Senna</placeName>, 
<lb/>the <placeName>Shire</placeName> is all deep except one or 
<lb/>two small spots. We have a good 
<lb/>deal of fever yet. We are very</p>
			
</div>
		</body>
	</text></TEI>