<?xml version="1.0" encoding="UTF-8"?>
<?xml-model href="http://livingstoneonline.github.io/LEAP-ODD/leap.rng" type="application/xml" schematypens="http://relaxng.org/ns/structure/1.0"?>
<?xml-model href="http://livingstoneonline.github.io/LEAP-ODD/leap.rng" type="application/xml" schematypens="http://purl.oclc.org/dsdl/schematron"?>
 <?xml-stylesheet href="http://livingstoneonline.github.io/LEAP-XSLT/transcription.xsl" type="text/xsl"?>
 <!--Converted from a TEI P4 XML file to the LEAP TEI P5 Schema by James Cummings on 2015-03-02--><!--TEI encoding revised and standardized by Adrian S. Wisnicki, 2015-2016-->
         <TEI xmlns="http://www.tei-c.org/ns/1.0" xml:id="liv_001641">
	<teiHeader>
		<fileDesc>
			<titleStmt>
				<title>Letter to John Washington</title>
                <title type="alternative">Letter to John Washington, 11 March 1861</title>
				<author xml:id="DL">Livingstone, David, 1813-1873</author>
			</titleStmt>
			<publicationStmt>
				<authority>Livingstone Online</authority>
				<pubPlace>London</pubPlace>
				<date>2009-08-17</date>
				<publisher>Wellcome Centre for the History of Medicine, UCL</publisher>
				<idno type="LEAP-ID">liv_001641</idno>
			</publicationStmt>
			<sourceDesc>
				<bibl xml:id="shelfmark">National Museum of the Royal Navy (Great Britain); MSS. 120</bibl>
				<bibl xml:id="ccnumber">Letters, 1094</bibl>
				<bibl xml:id="recipient"><persName>Washington, John, 1800-1863</persName></bibl>
				<bibl xml:id="date"><date when="1861-03-11">11 March 1861</date></bibl>
				<bibl xml:id="where">Pioneer, Rovuma Bay</bibl>
			</sourceDesc>
		</fileDesc>
		<profileDesc>
			<langUsage>
				<language ident="en">English</language>
			</langUsage>
			<handNotes>
				<handNote xml:id="hand01">Scribe: Unknown</handNote>
			</handNotes>
		</profileDesc>
		<revisionDesc>
			<change>
				<date>2009-08-10</date>
				<name xml:id="SM">Sharon Messenger</name>Initial Transcription by Sharon Messenger
			</change>
			<change>
				<date>2009-09-05</date>
				<name xml:id="CL">Chris Lawrence</name>Proofed by Chris Lawrence
			</change>
		</revisionDesc>
	</teiHeader>

	<text>
		<body xml:lang="en">
			<div>

	<pb n="0001" facs="liv_001641_0001"/><!--pb/@n='1'-->
<lb/><p rend="center"><space extent="1" unit="words"/><space extent="2" unit="chars"/>Pioneer<placeName> Rovuma Bay</placeName></p>
<lb/><p rend="center"><space extent="3" unit="words"/><space extent="2" unit="chars"/>11<hi rend="sup underline">th</hi> March 1861. </p>
<lb/>
<lb/><p rend="no-indent">My Dear <persName>Captain Washington</persName></p>
<lb/><p><space extent="3" unit="chars"/>The enclosed mess bill of 
<lb/><persName>M<hi rend="sup underline">r</hi> Rae</persName> amounting to £31.16 for 
<lb/>66 days was handed to me by <persName>M<hi rend="sup underline">r</hi>
<lb/>Jones</persName> Paymaster of H.M.S. Lyra<reg>.</reg>
<lb/>Had it been a small sum I would 
<lb/>have paid it and put it to the 
<lb/>incidental expenses but it is 
<lb/>more than I possess of public 
<lb/>money though I have <choice><sic>recieved</sic><corr>received</corr></choice>
<lb/>a balance from <persName>M<hi rend="sup underline">r</hi> May</persName> of 
<lb/>£17..17..4 I therefore send 
<lb/>the bill on to you and refer 
<lb/><persName>M<hi rend="sup underline">r</hi> Jones</persName> to you for settlement 
<lb/>you will be able to explain the 

	<pb n="0002" facs="liv_001641_0002"/><!--pb/@n='2'--> 
<lb/>account to the Foreign Office. I sent 
<lb/><persName>M<hi rend="sup underline">r</hi> Rae</persName> to the Admiral at the <placeName>Cape</placeName>
<lb/>and requested him to furnish a 
<lb/>passage in some Government 
<lb/>vessel to <placeName>England</placeName>. He seems to have 
<lb/>taken another route - and came 
<lb/>to grief. He had all <persName>D<hi rend="sup underline">r</hi> Kirk<reg>'</reg>s</persName> specimens 
<lb/>and other articles in charge but 
<lb/>sent them all as we hear by 
<lb/>the <placeName>Cape</placeName>. We don<reg>'</reg>t feel well pleased 
<lb/>at his parting with them<reg>.</reg></p>
<lb/><p>We go up <placeName>Rovuma</placeName> today<reg>.</reg>
<lb/>All promises fairly - No bar - 17 
<lb/>fathoms &amp; no bottom felt across 
<lb/>mouth which is a mile wide 
<lb/>people speak a dialect very 
<lb/>nearly allied to that of <placeName>Senna</placeName>, 
<lb/>the men who knew all our 
<lb/>discoveries long ago ought 
<addSpan spanTo="#p02-01" place="marginleft"><!--addSpan/@place='left hand margin of p02-01'--></addSpan>
<lb/>to come down with their knowledge before 
<lb/>we come down with ours. In three months 
<lb/>Please God we shall tell you all about it. The 
<lb/>bishop is on board - An excellent man - and all 
<lb/>his party D<hi rend="sup">o</hi> D<hi rend="sup">o</hi><reg>.</reg> <space extent="1" unit="words"/><persName>David Livingstone</persName>
<lb/><anchor xml:id="p02-01"/></p>
			
</div>
		</body>
	</text></TEI>