<?xml version="1.0" encoding="UTF-8"?>
<?xml-model href="http://livingstoneonline.github.io/LEAP-ODD/leap.rng" type="application/xml" schematypens="http://relaxng.org/ns/structure/1.0"?>
<?xml-model href="http://livingstoneonline.github.io/LEAP-ODD/leap.rng" type="application/xml" schematypens="http://purl.oclc.org/dsdl/schematron"?>
 <?xml-stylesheet href="http://livingstoneonline.github.io/LEAP-XSLT/transcription.xsl" type="text/xsl"?>
 <!--Converted from a TEI P4 XML file to the LEAP TEI P5 Schema by James Cummings on 2015-03-02--><!--TEI encoding revised and standardized by Adrian S. Wisnicki, 2015-2016-->
         <TEI xmlns="http://www.tei-c.org/ns/1.0" xml:id="liv_001596">
	<teiHeader>
		<fileDesc>
			<titleStmt>
				<title>Letter to Thomas S. Livingstone</title>
                <title type="alternative">Letter to Thomas S. Livingstone, 28 November 1860</title>
				<author xml:id="DL">Livingstone, David, 1813-1873</author>
			</titleStmt>
			<publicationStmt>
				<authority>Livingstone Online</authority>
				<pubPlace>London</pubPlace>
				<date>2007-06-25</date>
				<publisher>Wellcome Centre for the History of Medicine, UCL</publisher>
				<idno type="LEAP-ID">liv_001596</idno>
			</publicationStmt>
			<sourceDesc>
				<bibl xml:id="shelfmark">National Library of Scotland; MS. 10701, ff. 108-109</bibl>
				<bibl xml:id="ccnumber">Letters, 1051</bibl>
				<bibl xml:id="recipient"><persName>Livingstone, Thomas S., 1849-1876</persName></bibl>
				<bibl xml:id="date"><date when="1860-11-28">28 November 1860</date></bibl>
				<bibl xml:id="where">Tette</bibl>
			</sourceDesc>
		</fileDesc>
		<profileDesc>
			<langUsage>
				<language ident="en">English</language>
			</langUsage>
			<handNotes>
				<handNote xml:id="hand01">Scribe: Unknown</handNote>
			</handNotes>
		</profileDesc>
		<revisionDesc>
			<change>
				<date>2007-06-25</date>
				<name xml:id="SM">Sharon Messenger</name>Initial Transcription by Sharon Messenger
			</change>
			<change>
				<date>2008-01-01</date>
				<name xml:id="CL">Chris Lawrence</name>First proof
			</change>
			<change>
				<date>2008-02-23</date>
				<name xml:id="JB">Janet Browne</name>second proof
			</change>
		</revisionDesc>
	</teiHeader>

	<text>
		<body xml:lang="en">
			<div>

	<pb n="0001" facs="liv_001596_0001"/><!--pb/@n='108r'-->
<lb/><p rend="right"><space extent="2" unit="words"/><placeName>Tette</placeName> 28<hi rend="sup underline">th</hi> Nov<hi rend="sup underline">r</hi> 1860 </p>
<lb/><p>My Dear Tom</p>
<lb/><p><space extent="3" unit="words"/>Having visited the <placeName>Makololo 
<lb/>Country</placeName> lately I saw <persName>Secpone</persName> and <persName>Marike</persName>
<lb/>two women formerly the wives of <persName>Sebituane</persName>
<lb/>who used to feed you with honey &amp; milk<reg>.</reg>
<lb/>They brought back to my recollection the time 
<lb/>when you were with us at <placeName>Linyanti</placeName> and 
<lb/>many other things by what is called the 
<lb/>association of ideas. You will notice 
<lb/>sometimes ideas spring up in the mind 
<lb/>which you do not want there - one has no 
<lb/>power to prevent that but we have 
<lb/>power to change the current of our thoughts 
<lb/>to something else, and we are commanded 
<lb/>to think of whatsoever is pure &amp; good 
<lb/>&amp; lovely &amp;c. Watch your heart and remember 
<lb/>that the Lord sees it. </p>
<lb/><p>In the last six months we have travelled 
<lb/>about 1400 miles partly on foot &amp; partly 
<lb/>in canoes. We found <persName>Sekeletu</persName> labouring  
<lb/>under a skin disease which is believed 
<lb/>to be leprosy and as it was believed 
<lb/>also to be the effect of witchcraft 

	<pb n="0002" facs="liv_001596_0002"/><!--pb/@n='109r'--> 
<lb/>several very influential men were put to death 
<lb/>for the crime. We tried to cure it and were 
<lb/>succeeding when obliged to leave. Of course 
<lb/>we told him we didn<reg>'</reg>t believe a word 
<lb/>of the witchcraft but unfortunately the 
<lb/>persons put to death were the sons of 
<lb/>certain chiefs who tried to kill <persName>Sebituane</persName>
<lb/>and it was believed that the children 
<lb/>wished to secure the chieftainship by 
<lb/>the same means their fathers failed in. 
<lb/>The <term type="tribe">Makololo</term> are perishing - the fever affects 
<lb/>them as well as Europeans and all 
<lb/>are very anxious that we should come 
<lb/>and live with them - for then they could 
<lb/>remove to the Highlands. We went up 
<lb/>to a part of them near <placeName>Tabacheu</placeName> &amp; 
<lb/>saw hoar frost and a little ice in a 
<lb/>valley. Down in the valley of the <placeName>Zambesi</placeName>
<lb/>it was roasting - the ground 137° Fah<hi rend="sup">t</hi>
<lb/>and the thermometer in the hand &amp; shaded 
<lb/>102°. We used to sleep at the brink of the 
<lb/>river because there it was cooler - the 
<lb/>water was 84° or 86°<reg>.</reg> We are now on 
<lb/>our way down to the sea to meet a ship<reg>.</reg>
<lb/><choice><reg>T</reg><orig>t</orig></choice>he Lord bless you<reg>.</reg><gap extent="2" unit="words" agent="damage"/><supplied reason="damage"><persName>David Livingstone</persName></supplied></p>
			
</div>
		</body>
	</text></TEI>