<?xml version="1.0" encoding="UTF-8"?>
<?xml-model href="http://livingstoneonline.github.io/LEAP-ODD/leap.rng" type="application/xml" schematypens="http://relaxng.org/ns/structure/1.0"?>
<?xml-model href="http://livingstoneonline.github.io/LEAP-ODD/leap.rng" type="application/xml" schematypens="http://purl.oclc.org/dsdl/schematron"?>
 <?xml-stylesheet href="http://livingstoneonline.github.io/LEAP-XSLT/transcription.xsl" type="text/xsl"?>
 <!--Converted from a TEI P4 XML file to the LEAP TEI P5 Schema by James Cummings on 2015-03-02--><!--TEI encoding revised and standardized by Adrian S. Wisnicki, 2015-2016-->
         <TEI xmlns="http://www.tei-c.org/ns/1.0" xml:id="liv_001816">
	<teiHeader>
		<fileDesc>
			<titleStmt>
				<title>Letter to William O. Livingstone</title>
                <title type="alternative">Letter to William O. Livingstone, 21 August 1862</title>
				<author>Livingstone, David, 1813-1873</author>
			</titleStmt>
			<publicationStmt>
				<authority>Livingstone Online</authority>
				<pubPlace>London</pubPlace>
				<date>2007</date>
				<publisher>Wellcome Centre for the History of Medicine, UCL</publisher>
				<idno type="LEAP-ID">liv_001816</idno>
			</publicationStmt>
			<sourceDesc>
				<bibl xml:id="shelfmark">National Library of Scotland; MS. 10701, ff. 132-133 + 20312, ff. 104-105</bibl><!-- TODO MH: two manuscripts. This is not two different manuscripts. This is one manuscript that just happened to have been split up and bound separately at a later date out of order. Foliation for the second part is 104-105 - C&C has it as 94-95. -->
				<bibl xml:id="ccnumber">Letters, 1262</bibl>
				<bibl xml:id="recipient"><persName>Livingstone, William O., 1851-1892</persName></bibl>
				<bibl xml:id="date"><date when="1862-08-21">21 August 1862</date></bibl>
				<bibl xml:id="where">HMS Exploring Ship "Pioneer"</bibl>
			</sourceDesc>
		</fileDesc>
		<profileDesc>
			<langUsage>
				<language ident="en">English</language>
			</langUsage>
			<handNotes>
				<handNote xml:id="hand01">Scribe: Unknown</handNote>
			</handNotes>
		</profileDesc>
		<revisionDesc>
			<change>
				<date>2007-06-22</date>
				<name xml:id="CL">Chris Lawrence</name>Proofed by Chris Lawrence
			</change>
			<change>
				<date>2007-08-13</date>
				<name xml:id="JB">Janet Browne</name>Proofed by Janet Browne
			</change>
		</revisionDesc>
	</teiHeader>

	<text>
		<body xml:lang="en">
			<div>

	<pb n="0001" facs="liv_001816_0001"/><!--pb/@n='132r'-->
<lb/><p rend="right">H.M. Exploring Ship, <term type="boat">Pioneer</term></p>
<lb/><p rend="right"><space extent="4" unit="words"/>21<hi rend="sup underline">st</hi> August</p>
<lb/><p rend="right"><space extent="5" unit="words"/>1862</p>
<lb/><p rend="no-indent">My Dear <persName>Zouga</persName></p>
<lb/><p><space extent="3" unit="words"/>I <choice><sic>recieved</sic><corr>received</corr></choice> four 
<lb/>letters from you on 25<hi rend="sup underline">th</hi> Ult. by 
<lb/><term type="boat">H.M.S. Ariel</term> which called at 
<lb/>Kongone. <choice><reg>T</reg><orig>t</orig></choice>here were two for 
<lb/>dear Mama besides, which 
<lb/>had she been here would have 
<lb/>made her glad. She is now 
<lb/>with her Saviour and possibly 
<lb/>knows what we are doing 
<lb/>without the aid of letters. I 
<lb/>see that you remember the 
<lb/>dates of the departure of the 
<lb/>mails and have written 
<lb/>monthly. We seldom get letters 

	<pb n="0002" facs="liv_001816_0002"/><!--pb/@n='132v'-->
<lb/>or send them away for no 
<lb/>monthly mail comes to our 
<lb/>quarters but if you write 
<lb/>as often as you can I shall 
<lb/>send you as much in 
<lb/>return as all you write. I 
<lb/>thank you for your kind 
<lb/>birthday present and for all 
<lb/>your good wishes. I have 
<lb/>sent some little things in 
<lb/>a box which will be opened 
<lb/>by <persName>Sir William Hooker</persName> at 
<lb/><placeName>Kew</placeName> and the packet sent 
<lb/>to <persName>Agnes</persName>. <choice><reg>Y</reg><orig>y</orig></choice>ou may consider 
<lb/>what is sent to you as your 
<lb/>birthday present though I don<reg>'</reg>t 
<lb/>know when that is.</p>

	<pb n="0003" facs="liv_001816_0003"/><!--pb/@n='133r'-->
<lb/><p>We are now at sea in the 
<lb/><placeName><choice><reg>Mozambique</reg><orig>Mosambique</orig></choice> channel</placeName> going to 
<lb/><placeName>Johanna</placeName> and the <placeName>River 
<lb/>Rovuma</placeName>. We steamed off 
<lb/><placeName>Kongone</placeName> to get away well from 
<lb/>the land then our wood being 
<lb/>but small we set sail, and 
<lb/>kept the fuel for worse times 
<lb/>but the wind was against 
<lb/>us or from the North East. 
<lb/>If we went one way we 
<lb/>should have gone into <placeName>Quillimane</placeName>
<lb/>so we went the other and 
<lb/>were fain to go away far to 
<lb/>the South East. When about 
<lb/>mid channel we had a fine 
<lb/>breeze from the south and 
<lb/>went as we thought sixty miles 
<lb/>to the North but next day we 
<lb/>found by the sun &amp; chronometers 

	<pb n="0004" facs="liv_001816_0004"/><!--pb/@n='133v'-->
<lb/>that while sailing briskly in one 
<lb/>way the current in the sea had 
<lb/>been taking us faster in another<reg>.</reg>
<lb/>We were twelve miles South West 
<lb/>of where we had been the day 
<lb/>before when the wind began to 
<lb/>blow from the South. Indeed the 
<lb/>current had been flowing at the rate 
<lb/>of 72 miles a day. Last year 
<lb/>we met an East Indian ship 
<lb/>near the same spot which was 
<lb/>carried by the same current 
<lb/>40 miles a day. We were then 
<lb/>becalmed and knowing <del type="strikethrough">that</del>
<lb/>though we could see nothing 
<lb/>that we were still gliding away 
<lb/>where we did not wish to go. 
<lb/>We got up steam and steamed 
<lb/>East till we knew we had 
<lb/>crossed the current. We have 

	<pb n="0005" facs="liv_001816_0005"/><!--pb/@n='104r'-->
<lb/>had a good deal of calms, and only 
<lb/>when we got near the coast of 
<lb/><placeName>Madagascar</placeName> did we meet favourable 
<lb/>winds. <choice><reg>I</reg><orig>i</orig></choice>f you look at the map 
<lb/>you may see a small island called 
<lb/><placeName>Jaõ de Nova</placeName> we went between 
<lb/>that and <placeName>Madagascar</placeName>. <choice><reg>W</reg><orig>w</orig></choice>e saw 
<lb/>neither the island nor <placeName>Madagascar</placeName>
<lb/>but by sextant &amp; chronometers 
<lb/>I guided our ship through that 
<lb/>way to avoid the current further 
<lb/>out. We went 120 miles yesterday 
<lb/>and should we have wind 
<lb/>will see <placeName>Johanna</placeName> tomorrow 
<lb/>afternoon. Now you see it is 
<lb/>a good thing to possess knowledge<reg>.</reg>
<lb/>I never intended to navigate 
<lb/>a ship but now that it has 
<lb/>come in my way, I do it &amp; 
<lb/>am thankful that I picked up 

	<pb n="0006" facs="liv_001816_0006"/><!--pb/@n='104v'-->
<lb/>when younger all the knowledge 
<lb/>I could. You must do the same. 
<lb/>It is easy to carry about with 
<lb/>you though you may not use 
<lb/>it. I wished to give <persName>Robert</persName> a 
<lb/>good education as the best legacy 
<lb/>I could leave him. I know it 
<lb/>would be useful - but he does 
<lb/>not appreciate it. At present 
<lb/>when young, people will pay 
<lb/>attention to him on my account, 
<lb/>but when they see that he has 
<lb/>nothing in him he will be 
<lb/>despised, and will be fit only 
<lb/>to drive a "cuddy and a cart" with 
<lb/>greens or clay pipes. I am sorry 
<lb/>for it but the loss will be 
<lb/>his. <choice><reg>A</reg><orig>a</orig></choice>nd it will be yours if 
<lb/>you build yourself up on your 

	<pb n="0007" facs="liv_001816_0007"/><!--pb/@n='105r'-->
<lb/>connection with me and not 
<lb/>your own attainments and 
<lb/>energy. I shall try and give you 
<lb/>a good education to fit you for 
<lb/>a life of usefulness in the 
<lb/>service of God whether I am 
<lb/>alive or not. <choice><reg>B</reg><orig>b</orig></choice>ut if you do 
<lb/>not resolve to educate 
<w>your-<lb break="no"/>self,</w> or do that which your 
<lb/>masters can only help you to 
<lb/>do, money will not serve. 
<lb/>Wherefore is there a price in the 
<lb/>hand of a fool to get wisdom 
<lb/>seeing he hath no heart to it, 
<lb/>is I think one of <term type="reference">Solomon's 
<lb/>sayings</term>. In English we say 
<lb/><term type="reference">"One cannot make a silk 
<lb/>purse out of a sow's ear"</term><reg>.</reg> We 
<lb/>cannot make a wise man out 
<lb/><gap extent="4" unit="words" agent="damage"/> <add place="above" hand="#hand01">of a thing that</add> has no earnest desire 
<lb/><gap extent="3" unit="words" agent="damage"/> <add place="above" hand="#hand01">to be <unclear cert="low">filled</unclear></add> to act a manly noble 

	<pb n="0008" facs="liv_001816_0008"/><!--pb/@n='105v'-->
<lb/>part in life. See how the Queen &amp; 
<lb/>Prince Albert taught their children<reg>.</reg>
<lb/><choice><reg>T</reg><orig>t</orig></choice>hey knew that without education 
<lb/>- trained &amp; disciplined minds, even 
<lb/>their high position would not 
<lb/>save them from contempt. I 
<lb/>am glad you still wish to be a 
<lb/>missionary. It is a noble work. 
<lb/><choice><reg>T</reg><orig>t</orig></choice>he Highest had an only son and he 
<lb/>was a missionary from the 
<lb/>realms of bliss to save a lost world. 
<lb/>I am working and preparing the 
<lb/>way for others who will enter into 
<lb/>my labours when I am no more 
<lb/>here - - You ask if I enjoyed my 
<lb/>holidays Didn<reg>'</reg>t I? Thats all. 
<lb/>potesne <choice><sic>lingua</sic><corr>linguam</corr></choice> Romanarum 
<lb/>loquari? I don<reg>'</reg>t like people to 
<lb/>see my letters as they sometimes 
<lb/>publish what I never intended. <choice><reg>T</reg><orig>t</orig></choice>he 
<lb/>Lord bless &amp; guide you <gap extent="2" unit="words" agent="damage"/></p>
			
</div>
		</body>
	</text></TEI>