<?xml version="1.0" encoding="UTF-8"?>
<?xml-model href="http://livingstoneonline.github.io/LEAP-ODD/leap.rng" type="application/xml" schematypens="http://relaxng.org/ns/structure/1.0"?>
<?xml-model href="http://livingstoneonline.github.io/LEAP-ODD/leap.rng" type="application/xml" schematypens="http://purl.oclc.org/dsdl/schematron"?>
 <?xml-stylesheet href="http://livingstoneonline.github.io/LEAP-XSLT/transcription.xsl" type="text/xsl"?>
 <!-- http://livingstoneonline.github.io/LEAP-XSLT/ --><!--Converted from a TEI P4 XML file to the LEAP TEI P5 Schema by James Cummings on 2015-03-02--><!--TEI encoding revised and standardized by Adrian S. Wisnicki, 2015-2016-->
         <TEI xmlns="http://www.tei-c.org/ns/1.0" xml:id="liv_001599"><!-- LP105 -->
	<teiHeader>
		<fileDesc>
			<titleStmt>
				<title>On Fever in the Zambesi</title>
                <title type="alternative">On Fever in the Zambesi, 28 November 1860</title>
				<author>Livingstone, David, 1813-1873</author>
			</titleStmt>
			<publicationStmt>
				<authority>Livingstone Online</authority>
				<pubPlace>London</pubPlace>
				<date>2004</date>
				<publisher>Wellcome Centre for the History of Medicine, UCL</publisher>
				<idno type="LEAP-ID">liv_001599</idno>
			</publicationStmt>
			<sourceDesc>
				<bibl xml:id="shelfmark">Private owner</bibl>
				<bibl xml:id="ccnumber">Letters, 1054</bibl>
				<bibl xml:id="recipient"><persName>McWilliam, James O., 1808-1862</persName>; </bibl>
				<bibl xml:id="date"><date when="1860-11-28">28 November 1860</date></bibl>
				<bibl xml:id="where">[Tette]</bibl>
				<bibl>Transactions of the Epidemiological Society of London.</bibl>
				<bibl>Vol. I.--Part I.</bibl>
				<bibl>London:</bibl>
				<bibl>Printed by T. Richards, Gr. Queen Street.</bibl>
				<bibl><date when="1860">M.DCCC.LX.</date></bibl><!--1860-11-28--><!--Original:1860-11-28-->
			</sourceDesc>
		</fileDesc>
		<revisionDesc>
			<change>
				<date>2005-02-17</date>
				<name xml:id="MH">Michael Hawkins</name>Initial Transcription
			</change>
			<change>
				<date>2006-03-16</date>
				<name xml:id="CO">Caroline Overy</name>first proof
			</change>
		</revisionDesc>
	</teiHeader>

	<text>
		<body>
			<div>

	<pb n="0001" facs="liv_001599_0001"/><!--pb/@n='235'--> 
<lb/><p rend="no-indent"><space extent="5" unit="words"/><fw type="head" place="inspace">ON FEVER IN THE ZAMBESI</fw> <space extent="1" unit="words"/><fw type="pageno" place="inspace">235</fw></p>
<lb/>
<lb/><p rend="no-indent"><space extent="2" unit="words"/>A NOTE FROM DR. LIVINGSTONE TO DR. <term>M'WILLIAM.<!--<note type="editorial">James Ormiston McWilliam (1808-1862), Naval surgeon. Received his medical degree in 1840 and was appointed senior surgeon on the Albert, one of three ships on the Niger Expedition in 1841, the report of which was published in 1843. He was active in the formation of the Epidemiological Society and became its secretary.</note>--></term></p>
<lb/><p rend="no-indent">Transmitted by Captain WASHINGTON, R.N., F.R.S., Hydrographer 
<lb/><space extent="6" unit="words"/>to the Admiralty.</p>
<lb/><p rend="no-indent"><space extent="5" unit="words"/><space extent="2" unit="chars"/><hi rend="italic">Read June 3rd</hi>, 1861.</p>
<lb/>
<lb/><p>IN the typical cases given in Dr. <term>M'William's<!--<note type="editorial">James Ormiston McWilliam (1808-1862), Naval surgeon. Received his medical degree in 1840 and was appointed senior surgeon on the Albert, one of three ships on the Niger Expedition in 1841, the report of which was published in 1843. He was active in the formation of the Epidemiological Society and became its secretary.</note>--></term><term>"Medical 
<w>His-<lb break="no"/>tory</w> of the Niger Expedition"<!--<note type="editorial">James Ormiston McWilliam, &lt;i&gt;Medical history of the expedition to the Niger during the years 1841-2: comprising an account of the fever which led to its abrupt termination&lt;/i&gt; (London: John Churchill, 1843)</note>--></term>, the gall-bladder was found 
<w>dis-<lb break="no"/>tended</w> with black bile; and, if my memory does not deceive 
<lb/>me, most of the cases treated with quinine at an early period 
<lb/>of the disease either recovered, or were subjected to the milder 
<lb/>or <term>intermittent form of fever<!--<note type="editorial">"[A]n ague or intermittent fever is a disease consisting of febrile paroxysms which completely subside, and return at stated periods. During the intermissions the patient is generally quite free from fever, but a degree of langour and inaptitude to exertion frequently remain. The febrile paroxysm of an ague consists of three periods or stages - the &lt;i&gt;cold&lt;/i&gt;, the &lt;i&gt;hot &lt;/i&gt;, and the &lt;i&gt;sweating&lt;/i&gt;; and these follow in regular succession.&lt;br&gt;Robert Hooper, &lt;i&gt;Lexicon Medicum; or medical dictionary&lt;/i&gt;, 7th edition, (London: Longman, Orme, and Co., 1839), p.54</note>--></term>.</p>
<lb/><p>In 1850 I adopted the plan of giving quinine mixed with a 
<lb/>purgative as the first step of the treatment, and was successful 
<lb/>in the cases of two of my own children and an English party 
<lb/>whom we found at Lake Ngami, and of whom one had died 
<lb/>before our arrival. I have lost the notes of my reasons for 
<lb/>adopting the practice, but I have been successful in every case 
<lb/>I have met with since. The prescription employed is --Resin 
<lb/>of <term>jalap<!--<note type="editorial">Convolvulus jalapa is "a native of South America ... the active principle appears to be the resin and extractive matter...The root powdered is a very common, efficatious, and safe purgative, as daily experience evidences; but, according as it contains more or less resin, its effects must of course vary. In large doses, or when joined with calomel, it is an excellent hydrogogue and anthelmintic."&lt;br&gt;Robert Hooper, &lt;i&gt;Lexicon Medicum; or medical dictionary&lt;/i&gt;, 7th edition, (London: Longman, Orme, and Co., 1839), p.453</note>--></term>, and <term>calomel<!--<note type="editorial">"This name was originally applied to the Aethiops mineral, or black sulphuret of mercury; it was afterwards very inappropriately applied to the protochloride, which is the only substance now known under the name of calomel"&lt;br&gt;Robert Hooper, &lt;i&gt;Lexicon Medicum; or medical dictionary&lt;/i&gt;, 7th edition, (London: Longman, Orme, and Co., 1839), p.303</note>--></term>, of each eight grains; quinine and 
<lb/>rhubarb, of each four grains; mix well together, and when 
<lb/>required make into pills with spirit of cardamoms: dose from 
<lb/>then to twenty grains.<hi rend="sup">*</hi> The violent headache, pains in the 
<lb/>back, etc., are all relieved in from four to six hours; and with 
<lb/>the operation of the medicine there is an enormous discharge
<lb/>of black bile, -- the patient frequently calls it blood. If the 
<lb/>operation is delayed, a dessert-spoonful of salts promotes the 
<lb/>action. Quinine is then given till the ears ring, etc. We have 
<lb/>tried to substitute other purgatives instead of the resin, <term>jalap<!--<note type="editorial">Convolvulus jalapa is "a native of South America ... the active principle appears to be the resin and extractive matter...The root powdered is a very common, efficatious, and safe purgative, as daily experience evidences; but, according as it contains more or less resin, its effects must of course vary. In large doses, or when joined with calomel, it is an excellent hydrogogue and anthelmintic."&lt;br&gt;Robert Hooper, &lt;i&gt;Lexicon Medicum; or medical dictionary&lt;/i&gt;, 7th edition, (London: Longman, Orme, and Co., 1839), p.453</note>--></term>, 
<lb/>and <term>calomel<!--<note type="editorial">"This name was originally applied to the Aethiops mineral, or black sulphuret of mercury; it was afterwards very inappropriately applied to the protochloride, which is the only substance now known under the name of calomel"&lt;br&gt;Robert Hooper, &lt;i&gt;Lexicon Medicum; or medical dictionary&lt;/i&gt;, 7th edition, (London: Longman, Orme, and Co., 1839), p.303</note>--></term>, but our experiments have only produced the 
<w>con-<lb break="no"/>viction</w> that aught else is mere trifling. No strength is lost in 
<lb/>our march up the river of six hundred miles on foot. A 
<lb/>European would be stricken down one day, and the next, after 
<lb/>the operation of the remedy, would resume his march on foot. 
<lb/>In some very severe attacks it was necessary for the patient to 
<lb/>travel upon a donkey, but after two or three days he would 
<lb/>prefer to tramp it.</p>
<lb/><note type="editorial">* Since the paper was read, Dr. McWilliam has received through <lb/>the Foreign Office the following amended formula of <lb/>Dr. Livingstone's prescription--viz.: "Take of resin, of jalap, and <lb/>of rhubarb, six or eight grains; of calomel and quinine four <lb/>grains each: mix well in a mortar, and preserve for use." (The rest <lb/>is correct.)</note>

	<pb n="0002" facs="liv_001599_0002"/><!--pb/@n='236'--> 
<lb/><fw type="pageno" place="inspace">236</fw><space extent="3" unit="words"/><space extent="3" unit="chars"/> <fw type="head" place="inspace">ON FEVER IN THE ZAMBESI</fw> 
<lb/>
<lb/><p>We tried <term>Warburg's tincture<!--<note type="editorial">"A preparation containing quinine and many other ingredients, often used in the treatment of malarial affections. It was invented by Dr. Warburg of London"</note>--></term>, which has a great reputation 
<lb/>in India, but it causes profuse sweating, and does not cure the 
<lb/>disease; the strength is also impaired. We had a good supply, 
<lb/>by the kindness of one of our nobility, but I am compelled to 
<lb/>say that it did not answer our expectations. The daily use of 
<lb/>quinine is no preventive. We have seen many cases occur 
<lb/>when the person was on the verge of cinchonism.</p>
<lb/><p>I employed the foregoing remedy with success on the west 
<lb/>coast, but made no fuss about it more than make a general 
<lb/>statement in the "Missionary Travels." I was not quite sure 
<lb/>that our fever was identical with that Dr. <term>M'William<!--<note type="editorial">James Ormiston McWilliam (1808-1862), Naval surgeon. Received his medical degree in 1840 and was appointed senior surgeon on the Albert, one of three ships on the Niger Expedition in 1841, the report of which was published in 1843. He was active in the formation of the Epidemiological Society and became its secretary.</note>--></term><w>encoun-<lb break="no"/>tered</w> in the Niger, but the melancholy fate of a party of 
<w>mis-<lb break="no"/>sionaries</w> at Linyanti, where six out of nine Europeans and 
<lb/>four native attendants perished in the space of three months, 
<lb/>makes me fear that it is the same complaint as that which 
<lb/>destroyed the officers of Commodore Owen in the Zambesi, 
<lb/>those of Captain Tuckey in the Congo, and the crews of the 
<lb/>Great Niger Expedition in that river. My companions, Dr. 
<lb/>Kirk and Mr. C. Livingstone, entertain the same opinion of the 
<lb/>value of our pills as I do. We wrote a <term>paper for one of the 
<lb/>medical journals<!--<note type="editorial">David Livingstone and John Kirk, "Remarks on the African fever on the Lower Zambesi", &lt;i&gt;Medical Times and Gazette&lt;/i&gt; N.S., v. 19, no. 489 (1859, Nov. 12, 473-474)</note>--></term>. But the above sad case makes us anxious 
<lb/>that the remedy should become more extensively known than 
<lb/>it has been, and I do not know a better plan for effecting this 
<lb/>than by communicating it to Dr. <term>M'William<!--<note type="editorial">James Ormiston McWilliam (1808-1862), Naval surgeon. Received his medical degree in 1840 and was appointed senior surgeon on the Albert, one of three ships on the Niger Expedition in 1841, the report of which was published in 1843. He was active in the formation of the Epidemiological Society and became its secretary.</note>--></term>.</p>
<lb/><p>Those who may try the remedy will do well to remember 
<lb/>that the above does are for strong adults.</p>
<lb/><p>I cured myself and native companions in this way during 
<lb/>my long journeys between 1852 and 1856, and that the 
<lb/>remedy has no bad effect on the system may be inferred from 
<lb/>the fact that I have had no regular attack of fever since my 
<lb/>return. I have had little illness, probably from exposure to 
<lb/><term>malaria</term> in its most intense forms, but nothing like what I 
<w>for-<lb break="no"/>merly</w> experienced; and I am of opinion that, what we were 
<lb/>all taught, not to give quinine till we had used the preliminary 
<lb/>measure of relieving the bowels was a mistake.</p>
<lb/><p>Query--Might not the remedy be applied to some of the 
<lb/>fevers at home that arise in unhealthy localities? Around 
<lb/>every village in this country there is a very large collection of 
<lb/>human ordure during the dry season; this is swept into the 
<lb/>rivers by the heavy rains, and you may guess the effect from 
<lb/>hundred of thousands of villages. The natives here do not 
<lb/>drink it, as the natives do on the banks of the Thames, but 
<lb/>make holes in the sand to draw from. Possibly this has as 
<lb/>much to do with the origin of fever as it has at home.</p>
<lb/><p rend="right"><space extent="2" unit="words"/><hi rend="smallcaps">David Livingstone</hi>.</p>
<lb/><p rend="no-indent"><hi rend="small">Tette, 28th November, 1860.</hi></p>
<lb/><lb/>

	<pb n="0003" facs="liv_001599_0003"/><!--pb/@n='237'--> 
<lb/><p rend="no-indent"><space extent="5" unit="words"/><fw type="head" place="inspace">ON FEVER IN THE ZAMBESI</fw> <space extent="1" unit="words"/><fw type="pageno" place="inspace">237</fw></p> 
<lb/>
<lb/><p>I give a specimen of the difference between dry and wet 
<lb/>bulb, Victoria Falls, 24th September, 1860.</p><table><row><cell><hi rend="small">In Shade, 9 A.M.</hi></cell><cell><hi rend="small">{ Air ........87°</hi></cell><cell><hi rend="small">}</hi></cell><cell><hi rend="small">Difference, 28°</hi></cell></row><row><cell/><cell><hi rend="small">{ Wet Bulb .. 59°</hi></cell><cell><hi rend="small">}</hi></cell><cell/></row><row><cell><hi rend="small">" 12 "</hi></cell><cell><hi rend="small">{ Air ........96<hi rend="sup">.</hi>5°</hi></cell><cell><hi rend="small">}</hi></cell><cell><hi rend="small">Difference, 33<hi rend="sup">.</hi>5°</hi></cell></row><row><cell/><cell><hi rend="small">{ Wet Bulb .. 63°</hi></cell><cell><hi rend="small">}</hi></cell><cell/></row><row><cell><hi rend="small">" 3 P.M.</hi></cell><cell><hi rend="small">{ Air ........96°</hi></cell><cell><hi rend="small">}</hi></cell><cell><hi rend="small">Difference, 36°. Once 
<lb/>the difference was 40°</hi></cell></row><row><cell/><cell><hi rend="small">{ Wet Bulb .. 60°</hi></cell><cell><hi rend="small">}</hi></cell><cell/></row></table>
<lb/><p>The greatest difference, Dr. <term>M'William<!--<note type="editorial">James Ormiston McWilliam (1808-1862), Naval surgeon. Received his medical degree in 1840 and was appointed senior surgeon on the Albert, one of three ships on the Niger Expedition in 1841, the report of which was published in 1843. He was active in the formation of the Epidemiological Society and became its secretary.</note>--></term> observes, was I 
<lb/>believe 16°; generally it was 6° or 7°. <!--space -->D. L.</p>
<lb/><p>The temperature of the dew point in the three observations 
<lb/>respectively are, according to the formula of Glaisher, 42°, 
<lb/>50 <hi rend="sup">.</hi>2°, and 54°. <!-- space --> [J. O. M'W.]</p>
<lb/><p>Dr. <term><hi rend="smallcaps">M'William</hi><!--<note type="editorial">James Ormiston McWilliam (1808-1862), Naval surgeon. Received his medical degree in 1840 and was appointed senior surgeon on the Albert, one of three ships on the Niger Expedition in 1841, the report of which was published in 1843. He was active in the formation of the Epidemiological Society and became its secretary.</note>--></term> observed that anything coming from Dr. 
<lb/>Livingstone was sure to command attention and interest, and 
<lb/>that he therefore had had great satisfaction in bringing his 
<lb/>brief communication before the society. He (Dr. <term>M'William<!--<note type="editorial">James Ormiston McWilliam (1808-1862), Naval surgeon. Received his medical degree in 1840 and was appointed senior surgeon on the Albert, one of three ships on the Niger Expedition in 1841, the report of which was published in 1843. He was active in the formation of the Epidemiological Society and became its secretary.</note>--></term>) 
<lb/>had not been in any of the rivers on the east coast; but he had 
<lb/>treated fever off the coast of Mozambique, and at Madagascar, 
<lb/>which he found of a much more tractable nature than that 
<lb/>which he had encountered on the west coast, more especially 
<lb/>in the Niger. But from what he had learned of the traders at 
<lb/>Mozambique, he feared that the rivers on the east coast were 
<lb/>not much less inimical to European life than those of the west 
<lb/>coast. The Zambesi was about twenty-five degrees south of 
<lb/>the Niger; but there seemed to be no defect of heat-- that 
<lb/>important element in the causation of fever--in the Zambesi, 
<lb/>according to the day's meteorological observations which Dr. 
<lb/>Livingstone had appended to his paper. The difference 
<lb/>between the temperature of the dry and wet bulb thermometers 
<lb/>was far beyond anything met with in the Niger, and was 
<lb/>indicative of the unwonted dryness of the atmosphere in the 
<lb/>Zambesi. With regard to the treatment so successfully 
<w>em-<lb break="no"/>ployed</w> by Dr. Livingstone, the principle was of course not 
<lb/>new, although he was not aware that the precise formula of 
<lb/>that eminent traveller had hitherto been used; and as other 
<lb/>purgatives than <term>jalap<!--<note type="editorial">Convolvulus jalapa is "a native of South America ... the active principle appears to be the resin and extractive matter...The root powdered is a very common, efficatious, and safe purgative, as daily experience evidences; but, according as it contains more or less resin, its effects must of course vary. In large doses, or when joined with calomel, it is an excellent hydrogogue and anthelmintic."&lt;br&gt;Robert Hooper, &lt;i&gt;Lexicon Medicum; or medical dictionary&lt;/i&gt;, 7th edition, (London: Longman, Orme, and Co., 1839), p.453</note>--></term>, <term>calomel<!--<note type="editorial">"This name was originally applied to the Aethiops mineral, or black sulphuret of mercury; it was afterwards very inappropriately applied to the protochloride, which is the only substance now known under the name of calomel"&lt;br&gt;Robert Hooper, &lt;i&gt;Lexicon Medicum; or medical dictionary&lt;/i&gt;, 7th edition, (London: Longman, Orme, and Co., 1839), p.303</note>--></term>, and rhubarb, in combination 
<lb/>with quinine, had failed in Dr. Livingstone's hands, it was 
<lb/>desirable that the prescription he recommended should have 
<lb/>further trial. To this end, he (Dr <term>M'William<!--<note type="editorial">James Ormiston McWilliam (1808-1862), Naval surgeon. Received his medical degree in 1840 and was appointed senior surgeon on the Albert, one of three ships on the Niger Expedition in 1841, the report of which was published in 1843. He was active in the formation of the Epidemiological Society and became its secretary.</note>--></term>) would 
<lb/>endeavour to give it all possible publicity. Dr. Livingstone 
<lb/>had alluded to the mortality in other African expeditions, and 
<lb/>it might not be uninteresting to the society that he (Dr. 
<lb/><term>M'William<!--<note type="editorial">James Ormiston McWilliam (1808-1862), Naval surgeon. Received his medical degree in 1840 and was appointed senior surgeon on the Albert, one of three ships on the Niger Expedition in 1841, the report of which was published in 1843. He was active in the formation of the Epidemiological Society and became its secretary.</note>--></term>) should briefly recapitulate the losses sustained in 
<lb/>the expedition to the Congo in 1816; to the Zambesi, from 
<lb/>Captain Owen's ship, in 1823; to the Niger, under Laird,</p> 

	<pb n="0004" facs="liv_001599_0004"/><!--pb/@n='238'--> 
<lb/><fw type="pageno" place="inspace">238</fw> <space extent="3" unit="words"/><space extent="3" unit="chars"/><fw type="head" place="inspace">ON FEVER IN THE ZAMBESI</fw>
<lb/> 
<lb/><p rend="no-indent">Lander, and Oldfield, in 1832; and to the Niger, under 
<w>Cap-<lb break="no"/>tain</w> Trotter, in 1841-32. He should also state the mortality 
<lb/>of the <hi rend="italic">Eclair</hi> in 1845, and, although not in chronological 
<lb/>order, the dreadful loss sustained by two detachments of 
<lb/>soldiery at the Gambia in 1825; as also that suffered by 
<lb/>Mungo Park's party, in the last journey of that great traveller 
<lb/>into the interior of Africa.</p>
<lb/><p><hi rend="italic">Tuckey's expedition to the Congo</hi> in 1816-- Captain Tuckey 
<lb/>in H.M.'s ship <hi rend="italic">Congo</hi>, entered the river Congo, on the 
<w>south-<lb break="no"/>west,</w> coast of Africa, in latitude 6° S., on the 6th of July 
<lb/>1816. His crew at this time consisted of--</p><table><row><cell><hi rend="small">Officers - - - - -</hi></cell><cell><hi rend="small">7</hi></cell></row><row><cell><hi rend="small">Naturalists, etc. - - - -</hi></cell><cell><hi rend="small">5</hi></cell></row><row><cell><hi rend="small">Petty officers, seamen, and marines -</hi></cell><cell><hi rend="small">40-52</hi></cell></row><row><cell><hi rend="small">Two natives of the Congo - -</hi></cell><cell><hi rend="small">2</hi></cell></row><row><cell/><cell><hi rend="small">--</hi></cell></row><row><cell/><cell><hi rend="small">54</hi></cell></row></table>
<lb/><p>After pursuing the voyage for some way up the river, a party 
<lb/>of thirty proceeded on a land expedition beyond the cataracts 
<lb/>of the river. Of this party, fourteen died of fever, and four 
<lb/>died on board the <hi rend="italic">Congo</hi>--all within the space of three 
<lb/>months. One man also died from the effects of river fever 
<lb/>after leaving the river. Total loss, nineteen.</p><table><row><cell><hi rend="small">Of 7 officers - - - -</hi></cell><cell><hi rend="small">3 died.</hi></cell></row><row><cell><hi rend="small">" 5 naturalists, etc. - - - -</hi></cell><cell><hi rend="small">4 "</hi></cell></row><row><cell><hi rend="small">" 40 petty officers, seamen, and marines </hi></cell><cell><hi rend="small">12 "</hi></cell></row><row><cell/><cell><hi rend="small">--</hi></cell></row><row><cell/><cell><hi rend="small">19</hi></cell></row></table>
<lb/><p>Mr. M'Kerrow, the medical officer, describes the weather as 
<lb/>pleasant, the thermometer seldom exceeding 76° Fahr., or being 
<lb/>lower than 60°, with scarcely any rain, and the atmosphere 
<lb/>dry. He describes the fever as an intense remittent, with, 
<lb/>however, black vomit in some cases. Bleeding (contrary to the 
<lb/>accounts of the missions to the Congo by Carli, Merolla, and 
<lb/>others) was unsuccessful as a remedy. Cathartics were useful; 
<lb/>and <term>calomel<!--<note type="editorial">"This name was originally applied to the Aethiops mineral, or black sulphuret of mercury; it was afterwards very inappropriately applied to the protochloride, which is the only substance now known under the name of calomel"&lt;br&gt;Robert Hooper, &lt;i&gt;Lexicon Medicum; or medical dictionary&lt;/i&gt;, 7th edition, (London: Longman, Orme, and Co., 1839), p.303</note>--></term> given so as to affect the constitution rapidly, was 
<lb/>of great service, followed up by wine and bark.</p>
<lb/><p>The canoe expedition, from Captain Owen's ship, up the 
<lb/>Zambesi, referred to by Dr. Livingstone, consisted of Lieut. 
<lb/>Browne, MR. Forbes (midshipman), Mr. Kilpatrick (assistant-
<lb/>surgeon surgeon), and two black servants. They left Quilimane on the 
<lb/>23rd of July, 1823. On the 3rd of August, being then on the 
<lb/>Zambesi, Mr. Forbes was taken with fever, and died on the 
<lb/>15th. On the 27th of August, Lieut. Browne was seized, and 
<lb/>died on the 5th of September. Mr. Kilpatrick was attacked 
<lb/>on the 1st of September, and was likely to recover; but some 

	<pb n="0005" facs="liv_001599_0005"/><!--pb/@n='239'--> 
<lb/><space extent="5" unit="words"/><fw type="head" place="inspace">ON FEVER IN THE ZAMBESI</fw> <space extent="1" unit="words"/><fw type="pageno" place="inspace">239</fw> 
<lb/>
<lb/>imprudence caused a relapse, which proved fatal to him on the 
<lb/>28th of October. The blacks got out of the river safe.</p>
<lb/><p><hi rend="italic">Expedition to the Niger in</hi> 1832.--In the expedition to the 
<lb/>Niger in the <hi rend="italic">Quorra</hi> and <hi rend="italic">Alburkah</hi> steam-vessels, under 
<lb/>M'Gregor Laird, Lander, and Oldfield, there were in the first- 
<lb/>named vessel, besides Kroomen engaged on the coast, a crew of 
<lb/>twenty-six persons, while the <hi rend="italic">Alburkah's</hi> crew consisted of 
<lb/>fourteen only. After some delay at Sierra Leone and Cape 
<lb/>Coast, both vessels entered the Nun branch of the Niger on the 
<lb/>18th of October, 1832. The captain and engineer of the <hi rend="italic">Quorra</hi>
<lb/>died immediately after the vessel entered the river. The 
<w>boat-<lb break="no"/>swain</w> of the <hi rend="italic">Alburkah</hi> also sank under fever at the same time. 
<lb/>On the 12th of November, when the vessels were at Damagû, 
<lb/>some way above the delta, many in both vessels were laid down 
<lb/>with fever; and on the 14th, one European only in the <hi rend="italic">Quorra</hi>
<lb/>was fit for duty. On the 21st of November the <hi rend="italic">Quorra</hi> had 
<lb/>lost thirteen, and the <hi rend="italic">Alburkah</hi> two men. On the 5th of 
<lb/>December there remained alive in the <hi rend="italic">Quorra</hi> four persons 
<lb/>only, including Mr. Laird. This gentleman, after various 
<w>re-<lb break="no"/>lapses</w> in his own person, and the loss of others of his crew, 
<lb/>descended the Niger, and reached the sea on the 19th August, 
<lb/>1833. The <hi rend="italic">Alburkah</hi> returned to the mouth of the river in 
<lb/>November of the same year.</p><table><row><cell><hi rend="small">The total deaths in the <hi rend="italic">Quorra</hi> were -</hi></cell><cell><hi rend="small">24</hi></cell></row><row><cell><hi rend="small">Survivors - - - - -</hi></cell><cell><hi rend="small">5</hi></cell></row><row><cell/><cell><hi rend="small">--29</hi></cell></row><row><cell><hi rend="small">Deaths in <hi rend="italic">Alburkah</hi> - - - </hi></cell><cell><hi rend="small">15</hi></cell></row><row><cell><hi rend="small">Survivors - - - - - </hi></cell><cell><hi rend="small">4</hi></cell></row><row><cell/><cell><hi rend="small">--19</hi></cell></row></table>
<lb/><p>Besides these, eight or nine Kroomen died from poison.</p>
<lb/><p>The chief part of this mortality occurred within three 
<lb/>months after the vessels began to ascend the river. Owing to 
<lb/>the death of Dr. Briggs at an early period of the expedition, 
<lb/>we have no account of his treatment on board the <hi rend="italic">Quorra</hi>; 
<lb/>but M'Gregor Laird acquaints us that Lander bled and blistered 
<lb/>the sick, and gave emetics and purgatives at the outset of the 
<lb/>disease. Blisters to the head appeared to do good service in 
<lb/>some cases, as in Mr. Laird's own case. Mr. Oldfied 
<w>adminis-<lb break="no"/>tered</w> purgatives, shaved the head, and applied cold lotions. 
<lb/>He also used mercury until slight ptyalism was produced.</p>
<lb/><p><hi rend="italic">Expedition to the Niger in</hi> 1841-42.--In the expedition of 
<lb/>1841, under the command of Captain Trotter--consisting of 
<lb/>the iron steam vessels <hi rend="italic">Albert</hi>, <hi rend="italic">Wilberforce</hi>, and <hi rend="italic">Soudan</hi>--the 
<lb/>vessels entered the Nun branch of the Niger on the 13th of 
<lb/>August, 1841, and commenced the ascent of the river on the</p>

	<pb n="0006" facs="liv_001599_0006"/><!--pb/@n='240'--> 
<lb/><fw type="pageno" place="inspace">240</fw> <space extent="3" unit="words"/><space extent="3" unit="chars"/><fw type="head" place="inspace">ON FEVER IN THE ZAMBESI</fw> 
<lb/>
<lb/><p rend="no-indent">19th. At this time the strength of the expedition was as 
<lb/>follows:--</p><table><row><cell/><cell><hi rend="small">Officers, Seamen, and 
<lb/>Marines (Whites).</hi></cell><cell><hi rend="small">Men of Colour, 
<lb/>various nations.</hi></cell><cell><hi rend="small">Blacks, entered 
<lb/>on coast.</hi></cell></row><row><cell><hi rend="small"><hi rend="italic">Albert</hi></hi></cell><cell><hi rend="small">62</hi></cell><cell><hi rend="small">15</hi></cell><cell><hi rend="small">76</hi></cell></row><row><cell><hi rend="small"><hi rend="italic">Wilberforce</hi></hi></cell><cell><hi rend="small">56</hi></cell><cell><hi rend="small">7</hi></cell><cell><hi rend="small">39</hi></cell></row><row><cell><hi rend="small"><hi rend="italic">Soudan</hi></hi></cell><cell><hi rend="small">27</hi></cell><cell><hi rend="small">3</hi></cell><cell><hi rend="small">18</hi></cell></row></table>
<lb/><p>The expedition was at Ibu, below the apex of the delta and 
<lb/>upwards of one hundred miles from the sea, on the 26th of 
<lb/>August; and at Iddah, the capital of Egganah (where rock-- 
<lb/>ferruginous sandstone--was first seen), on the 2nd of 
<w>Septem-<lb break="no"/>ber.</w> Fever broke out in the <hi rend="italic">Albert</hi>, and also simultaneously 
<lb/>in the other vessels, on the 4th of September, and ceased not 
<lb/>until it had paralysed the whole expedition. On the 10th, 
<lb/>notwithstanding the persistence of the disease, the expedition 
<lb/>was at the confluence of the Niger and Tchadda. Here, 
<w>how-<lb break="no"/>ever,</w> it was found necessary to despatch the <hi rend="italic">Wilberforce</hi> and 
<lb/><hi rend="italic">Soudan</hi> to the sea, with their own sick and those of the <hi rend="italic">Albert</hi>, 
<lb/>on the 19th. The <hi rend="italic">Albert</hi> proceeded upwards on the 21st, and 
<lb/>reached Egga, the Nufi capital, on the 28th of September. On 
<lb/>the 4th of October there remained fit for duty, one seaman 
<lb/>two marines, Mr. Willie, mate, Dr. Stanger, and Dr. <term>M'William<!--<note type="editorial">James Ormiston McWilliam (1808-1862), Naval surgeon. Received his medical degree in 1840 and was appointed senior surgeon on the Albert, one of three ships on the Niger Expedition in 1841, the report of which was published in 1843. He was active in the formation of the Epidemiological Society and became its secretary.</note>--></term>. 
<lb/>It was then resolved to return to the sea, which was reached 
<lb/>with difficulty on the 14th, and Fernando Po on the 17th of 
<lb/>the same month.</p><table><row><cell/><cell><hi rend="small">White 
<lb/>strength.</hi></cell><cell><hi rend="small">Loss</hi></cell></row><row><cell><hi rend="small">The <hi rend="italic">Albert</hi>, which was sixty-four days in the river, lost by 
<lb/>death, in the River, at Fernando Po, and Ascension, 
<lb/>twenty-three persons</hi></cell><cell><hi rend="small">62</hi></cell><cell><hi rend="small">23</hi></cell></row><row><cell><hi rend="small">The <hi rend="italic">Wilberforce</hi>, forty-five days in the river, lost by death 
<lb/>on board and at Fernando Po, nine persons</hi></cell><cell><hi rend="small">56</hi></cell><cell><hi rend="small">9</hi></cell></row><row><cell><hi rend="small">The <hi rend="italic">Soudan</hi>, which was in the river forty days, lost ten 
<lb/>men from fever</hi></cell><cell><hi rend="small">27</hi></cell><cell><hi rend="small">10</hi></cell></row><row><cell/><cell><hi rend="small">----</hi></cell><cell><hi rend="small">----</hi></cell></row><row><cell/><cell><hi rend="small">145</hi></cell><cell><hi rend="small">42</hi></cell></row></table>
<lb/><p>Of the men of colour entered in England (twenty-five), 
<lb/>eleven were attacked with fever in the river, but none died. 
<lb/>Of one hundred and thirty-three blacks entered at Sierra 
<lb/>Leone, not one was even attacked.</p>
<lb/><p>Every precaution which human ingenuity could suggest was 
<lb/>taken to ensure the health of this expedition: provisions were 
<lb/>of the best kind, preserved meats and vegetables, and medical 
<lb/>comforts of every description were supplied. The ships were 
<w>ven-<lb break="no"/>tilated</w> upon Dr. Reid's plan; coffee was supplied to the crews 
<lb/>early in the morning, and quinine in wine was liberally 
<w>admi-<lb break="no"/>nistered.</w> The treatment consisted of purgatives, diaphoretics, 
<lb/>and quinine, the last often early in the disease, either combined 

	<pb n="0007" facs="liv_001599_0007"/><!--pb/@n='241'--> 
<lb/><space extent="5" unit="words"/><fw type="head" place="inspace">ON FEVER IN THE ZAMBESI</fw> <space extent="1" unit="words"/><fw type="pageno" place="inspace">241</fw> 
<lb/>
<lb/>with <term>calomel<!--<note type="editorial">"This name was originally applied to the Aethiops mineral, or black sulphuret of mercury; it was afterwards very inappropriately applied to the protochloride, which is the only substance now known under the name of calomel"&lt;br&gt;Robert Hooper, &lt;i&gt;Lexicon Medicum; or medical dictionary&lt;/i&gt;, 7th edition, (London: Longman, Orme, and Co., 1839), p.303</note>--></term> or by itself; blisters to the nape of the neck were 
<lb/>sometimes beneficial; general bleeding could not be tolerated.</p>
<lb/><p><hi rend="italic">Case of the "Eclair" in</hi> 1845.--The mortality on board of 
<lb/>the <hi rend="italic">Eclair</hi> in 1845 was as follows. Crew, one hundred and 
<lb/>forty:--</p><table><row><cell/><cell><hi rend="small">Deaths</hi></cell></row><row><cell><hi rend="small">From April 1st to June 30th, off the island of Sherboro, west coast 
<lb/>of Africa, several of the boats having been up the river</hi></cell><cell><hi rend="small">10</hi></cell></row><row><cell><hi rend="small">From July 1st to Aug. 31st, at Sierra Leone, the Gambia, and Boa 
<lb/>Vista, Cape de Verds</hi></cell><cell><hi rend="small">16</hi></cell></row><row><cell><hi rend="small">In a crew now reduced to 114, from Sept. 1st to the 21st, at Boa 
<lb/>Vista and Madeira; or at the rate of about 29 per cent. in three 
<lb/>weeks</hi></cell><cell><hi rend="small">33</hi></cell></row><row><cell><hi rend="small">From Sept. 21st to Oct. 3rd, between Madeira and England, and at 
<lb/>the Motherbank and Standgate Creek</hi></cell><cell><hi rend="small">10</hi></cell></row><row><cell/><cell><hi rend="small">---</hi></cell></row><row><cell/><cell><hi rend="small">69</hi></cell></row></table>
<lb/><p>Dr. Baikie entered the Niger by the Nun branch in the 
<lb/><hi rend="italic">Pleiad</hi> iron screw steamer, on the 12th of July, 1854.</p>
<lb/><p>The <hi rend="italic">Pleiad's</hi> complement comprised--twelve whites and 
<lb/>fifty-four people of colour, including thirty-three Kroomen: 
<lb/>total sixty-six persons.</p>
<lb/><p>She remained in the river five months, employed in 
<w>survey-<lb break="no"/>ing</w> and in other scientific pursuits; besides holding 
<w>commer-<lb break="no"/>cial</w> intercourse with the natives. Dr. Baikie and some others 
<lb/>had attacks of fever while in the river, which, in some cases, 
<lb/>returned in the form of <term>intermittent<!--<note type="editorial">"[A]n ague or intermittent fever is a disease consisting of febrile paroxysms which completely subside, and return at stated periods. During the intermissions the patient is generally quite free from fever, but a degree of langour and inaptitude to exertion frequently remain. The febrile paroxysm of an ague consists of three periods or stages - the &lt;i&gt;cold&lt;/i&gt;, the &lt;i&gt;hot &lt;/i&gt;, and the &lt;i&gt;sweating&lt;/i&gt;; and these follow in regular succession.&lt;br&gt;Robert Hooper, &lt;i&gt;Lexicon Medicum; or medical dictionary&lt;/i&gt;, 7th edition, (London: Longman, Orme, and Co., 1839), p.54</note>--></term>, months after they had 
<lb/>left it. There were also some scorbutic cases, but all came out 
<lb/>of the river alive. Dr. Baikie attributed the comparative 
<w>im-<lb break="no"/>munity</w> of the crew to the use of quinine as a prophylactic, 
<lb/>which, in accordance with his instructions drawn up by Dr. 
<lb/>Bryson, and in conformity with the recommendation contained 
<lb/>in Dr. <term>M'William's<!--<note type="editorial">James Ormiston McWilliam (1808-1862), Naval surgeon. Received his medical degree in 1840 and was appointed senior surgeon on the Albert, one of three ships on the Niger Expedition in 1841, the report of which was published in 1843. He was active in the formation of the Epidemiological Society and became its secretary.</note>--></term> <term><hi rend="italic">Medical History of the Niger Expedition</hi><!--<note type="editorial">James Ormiston McWilliam, &lt;i&gt;Medical history of the expedition to the Niger during the years 1841-2: comprising an account of the fever which led to its abrupt termination&lt;/i&gt; (London: John Churchill, 1843)</note>--></term>, 
<lb/>p. 188, he caused to be administered to the crew twice a day, 
<lb/>and undoubtedly with good effect. Dr. <term>M'William<!--<note type="editorial">James Ormiston McWilliam (1808-1862), Naval surgeon. Received his medical degree in 1840 and was appointed senior surgeon on the Albert, one of three ships on the Niger Expedition in 1841, the report of which was published in 1843. He was active in the formation of the Epidemiological Society and became its secretary.</note>--></term> concluded 
<lb/>by saying that, however unwilling he was to say a single word 
<lb/>unfavourable to quinine as a preventive of fever, truth 
<w>com-<lb break="no"/>pelled</w> him to state that, in this respect, it had not maintained 
<lb/>its reputation in the hands of Dr. Livingstone-- a circumstance 
<lb/>suggestive of the necessity of caution in dogmatizing too 
<lb/>hastily upon the powers of any remedy.</p>
<lb/><p><hi rend="italic">Summary of Mortality in the Expeditions respectively</hi>.-- 
<lb/>The mortality in the <hi rend="italic">Congo</hi> within three months was 36<hi rend="sup">.</hi>54 
<lb/>per cent.</p>
<lb/><p>In Lander and Laird's expedition of 1832, in less than two 
<lb/>months, 81<hi rend="sup">.</hi>25 per cent.</p>
<lb/><p>In the expedition to the Niger, under Captain Trotter in 
<lb/>1841-2, in which nearly the whole mortality from fever took </p>


	<pb n="0008" facs="liv_001599_0008"/><!--pb/@n='242'--> 
<lb/><fw type="pageno" place="inspace">242</fw> <space extent="3" unit="words"/><space extent="3" unit="chars"/><fw type="head" place="inspace">ON FEVER IN THE ZAMBESI</fw> 
<lb/>
<lb/><p rend="no-indent">place within two months, and all within four months, 28<hi rend="sup">.</hi>96 
<lb/>per cent.</p>
<lb/><p>In the <hi rend="italic">Eclair</hi> in six months, 49<hi rend="sup">.</hi>28 per cent.</p>
<lb/><p>But these heavy rates of mortality are surpassed by what 
<lb/>took place at the Gambia in 1825, where a detachment of one 
<lb/>hundred and eight men (whites) arrived at the end of May, 
<lb/>just as the rainy season commenced. Of this number there 
<lb/>remained alive on the 21st of September of the same year, 
<lb/>twenty-one, the mortality having been within the space of four 
<lb/>months 82<hi rend="sup">.</hi>85 per cent.</p>
<lb/><p>Another detachment of ninety-one men, which in the 
<w>mean-<lb break="no"/>time</w> had been on board of a transport at the anchorage, and 
<lb/>which while there did not lose a man, was landed about the 
<lb/>end of September, and made up the force to one hundred and 
<lb/>twelve. Of this number, there had perished of fever, sixty- 
<lb/>one; and of other diseases, includeding six from fever following 
<lb/>punishment, twelve; total, seventy-three, or at the rate of 
<lb/>65<hi rend="sup">.</hi>17 per cent. during less than three months.</p>
<lb/><p>During this fearful mortality, a detachment of from forty to 
<lb/>fifty black soldiers of the 2nd West India Regiment lost only 
<lb/>one man, and had seldom any in hospital.</p>
<lb/><p>To go back still further. Mungo Park, on his second journey 
<lb/>to the interior of Africa, left the Gambia on the 28th of April, 
<lb/>1805, having with him, besides his brother-in-law--Mr. 
<w>An-<lb break="no"/>derson,</w> Mr. Scott, and Lieut. Martin, thirty-four soldiers, four 
<lb/>carpenters, and two seamen--in all forty-four Europeans. He 
<lb/>did not reach the Niger at Bambakoo until the 19th of August, 
<lb/>far into the rainy season, having had to traverse five hundred 
<lb/>miles of country fertile of disease, and beset with danger. 
<lb/>Dysentery and fever had by this time made sad havoc amongst 
<lb/>his people, for there remained alive only eleven of the whole, 
<lb/>and on the 11th of October all, save four, were dead. Whether 
<lb/>any white, except Lieut. Martin, survived to perish with him 
<lb/>under the rocks at Boussa some time in November, has not 
<lb/>been ascertained. Park himself had severe dysentery, which 
<lb/>he considered he cured himself of with mercury pushed to 
<lb/>salivation.</p>
			
</div>
		</body>
	</text></TEI>