<?xml version="1.0" encoding="UTF-8"?>
<!--Converted from a TEI P4 XML file to the LEAP TEI P5 Schema by James Cummings on 2015-03-02-->
<?xml-model href="http://livingstoneonline.github.io/LEAP-ODD/leap.rng" type="application/xml" schematypens="http://relaxng.org/ns/structure/1.0"?>
<?xml-model href="http://livingstoneonline.github.io/LEAP-ODD/leap.rng" type="application/xml" schematypens="http://purl.oclc.org/dsdl/schematron"?>
<?xml-stylesheet type="text/xsl" href="http://livingstoneonline.github.io/LEAP-XSLT/transcription.xsl"?>
<TEI xmlns="http://www.tei-c.org/ns/1.0" xml:id="liv_002078">
	<teiHeader xmlns:tei="http://www.tei-c.org/ns/1.0">
		<fileDesc>
			<titleStmt>
				<title/>
				<author xml:id="DL">David Livingstone</author>
			</titleStmt>
			<publicationStmt>
				<authority>Livingstone Online</authority>
				<pubPlace>London</pubPlace>
				<date>2009-05-19</date>
				<publisher>Wellcome Centre for the History of Medicine, UCL</publisher>
				<idno type="LEAP-ID">liv_002078</idno>
			</publicationStmt>
			<sourceDesc>
				<bibl xml:id="ccnumber">1499</bibl>
			</sourceDesc>
		</fileDesc>
		<profileDesc>
			<langUsage>
				<language ident="en">English</language>
			</langUsage>
			<handNotes>
				<handNote xml:id="hand01">Scribe: Unknown</handNote>
			</handNotes>
		</profileDesc>
		<revisionDesc>
			<change>
				<date>2009-05-19</date>
				<name xml:id="initials">SM</name>Letter foliated by Sharon Messenger
			</change>
			<change>
				<date>2009-06-10</date>
				<name xml:id="CL">Chris Lawrence</name>Proofed by Chris
			</change>
		</revisionDesc>
	</teiHeader>

	<text xmlns:tei="http://www.tei-c.org/ns/1.0">
		<body xml:lang="en">
			<div>

	<pb n="0001" facs="liv_002078_0001"/><!--pb/@n='1r'-->
<lb/><p rend="right">1<hi rend="underline"><hi rend="sup">st</hi></hi> Oct<hi rend="sup"><hi rend="underline">r</hi></hi> 1864 </p>
<lb/><p rend="right"><placeName>NEWSTEAD ABBEY,</placeName></p>
<lb/><p rend="right"><placeName>MANSFIELD</placeName></p>
<lb/><p rend="right">NOTTS. </p>
<lb/><p>Dear <persName>D<hi rend="underline"><hi rend="sup">r</hi></hi> Tidman</persName></p>
<lb/><p>I called yesterday 
<lb/>at <placeName>Blomfield St.</placeName> &amp; 
<lb/>unfortunately missed 
<lb/>meeting you. I thank 
<lb/>you for your kind 
<lb/>note. I did not 
<lb/>answer it because 
<lb/>I was in <placeName>Scotland</placeName> &amp; 
<lb/>as I was to be only 
<lb/>one day in <placeName>London</placeName><reg>.</reg>
<lb/>I thought it best 

	<pb n="0002" facs="liv_002078_0002"/><!--pb/@n='1v'-->
<lb/>to save trouble by 
<lb/>waiting on you. </p>
<lb/><p>If you <choice><sic>recieve</sic><corr>receive</corr></choice> any 
<lb/>information from 
<lb/><persName>M<hi rend="sup"><hi rend="underline">r</hi></hi> Moffat</persName> or about 
<lb/>him I shall feel 
<lb/>much obliged by 
<lb/>your communicating 
<lb/>it at your convenience 
<lb/>as I have heard nothing 
<lb/>from him or from 
<lb/><persName>John Moffat</persName> for 
<lb/>a long time. Wishing 
<lb/>you better health &amp; every blessing<reg>.</reg></p>

	<pb n="0003" facs="liv_002078_0003"/><!--pb/@n='2r'-->
<lb/><p rend="center">I am &amp;c </p>
<lb/><p rend="center"><persName>David Livingstone</persName></p>
<lb/><p rend="center"><persName>Rev<hi rend="underline"><hi rend="sup">d</hi></hi> D<hi rend="sup"><hi rend="underline">r</hi></hi> Tidman</persName></p>
			
</div>
		</body>
	</text></TEI>