<?xml version="1.0" encoding="UTF-8"?>
<!--Converted from a TEI P4 XML file to the LEAP TEI P5 Schema by James Cummings on 2015-03-02-->
<?xml-model href="http://livingstoneonline.github.io/LEAP-ODD/leap.rng" type="application/xml" schematypens="http://relaxng.org/ns/structure/1.0"?>
<?xml-model href="http://livingstoneonline.github.io/LEAP-ODD/leap.rng" type="application/xml" schematypens="http://purl.oclc.org/dsdl/schematron"?>
<?xml-stylesheet type="text/xsl" href="http://livingstoneonline.github.io/LEAP-XSLT/transcription.xsl"?>
<TEI xmlns="http://www.tei-c.org/ns/1.0" xml:id="liv_001174">
	<teiHeader xmlns:tei="http://www.tei-c.org/ns/1.0">
		<fileDesc>
			<titleStmt>
				<title>Fitzwilliam Museum Letter</title>
				<author xml:id="DL">David Livingstone</author>
			</titleStmt>
			<publicationStmt>
				<authority>Livingstone Online</authority>
				<pubPlace>London</pubPlace>
				<date>2009-09-28</date>
				<publisher>Wellcome Centre for the History of Medicine, UCL</publisher>
				<idno type="LEAP-ID">liv_001174</idno>
			</publicationStmt>
			<sourceDesc>
				<bibl xml:id="ccnumber">0660</bibl>
			</sourceDesc>
		</fileDesc>
		<profileDesc>
			<langUsage>
				<language ident="en">English</language>
			</langUsage>
			<handNotes>
				<handNote xml:id="hand01">Scribe: Unknown</handNote>
			</handNotes>
		</profileDesc>
		<revisionDesc>
			<change>
				<date>2009-09-28</date>
				<name xml:id="SM">Sharon Messenger</name>Initial Transcription by Sharon Messenger
			</change>
			<change>
				<date>2009-10-02</date>
				<name xml:id="CL">Chris Lawrence</name>Proofed by Chris
			</change>
		</revisionDesc>
	</teiHeader>

	<text xmlns:tei="http://www.tei-c.org/ns/1.0">
		<body xml:lang="en">
			<div>

	<pb n="0001" facs="liv_001174_0001"/><!--pb/@n='1'-->
<lb/><p rend="right"><placeName>50 Albemarle St</placeName></p>
<lb/><p>11<hi rend="underline"><hi rend="sup">th</hi></hi> Jany 1858 </p>
<lb/><p>My Dear Sir </p>
<lb/><p>I found that 
<lb/>I could not manage 
<lb/>so as to write a 
<lb/>letter to the Statesman 
<lb/>though your letter 
<lb/>has been lying 
<lb/>constantly before 
<lb/>me since the 25<hi rend="sup">th</hi>
<lb/>Ult. I quite agree 
<lb/>in all you advance 

	<pb n="0002" facs="liv_001174_0002"/><!--pb/@n='2'-->
<lb/>but my time is 
<lb/>so fully occupied 
<lb/>in preparation that 
<lb/>I can not sit down 
<lb/>to any thing except 
<lb/>those connected 
<lb/>with my own 
<lb/>expedition. I 
<lb/>heartily wish you 
<lb/>success in your 
<lb/>noble undertaking 
<lb/>and am glad to see 
<lb/>your advertisements 

	<pb n="0003" facs="liv_001174_0003"/><!--pb/@n='3'-->
<lb/>increasing in number<reg>.</reg>
<lb/>All blessings on you 
<lb/>and yours from </p>
<lb/><p rend="center">Yours ever </p>
<lb/><p rend="center"><persName>David Livingstone</persName></p>
<lb/><p rend="center"><persName>T. Ballantyne Esq</persName></p>
			
</div>
		</body>
	</text></TEI>