<?xml version="1.0" encoding="UTF-8"?>
<!--Converted from a TEI P4 XML file to the LEAP TEI P5 Schema by James Cummings on 2015-03-02-->
<?xml-model href="http://livingstoneonline.github.io/LEAP-ODD/leap.rng" type="application/xml" schematypens="http://relaxng.org/ns/structure/1.0"?>
<?xml-model href="http://livingstoneonline.github.io/LEAP-ODD/leap.rng" type="application/xml" schematypens="http://purl.oclc.org/dsdl/schematron"?>
<?xml-stylesheet type="text/xsl" href="http://livingstoneonline.github.io/LEAP-XSLT/transcription.xsl"?>
<TEI xmlns="http://www.tei-c.org/ns/1.0" xml:id="liv_001584">
	<teiHeader xmlns:tei="http://www.tei-c.org/ns/1.0">
		<fileDesc>
			<titleStmt>
				<title/>
				<author xml:id="DL">David Livingstone</author>
			</titleStmt>
			<publicationStmt>
				<authority>Livingstone Online</authority>
				<pubPlace>London</pubPlace>
				<date>2009-05-19</date>
				<publisher>Wellcome Centre for the History of Medicine, UCL</publisher>
				<idno type="LEAP-ID">liv_001584</idno>
			</publicationStmt>
			<sourceDesc>
				<bibl xml:id="ccnumber">1039</bibl>
			</sourceDesc>
		</fileDesc>
		<profileDesc>
			<langUsage>
				<language ident="en">English</language>
			</langUsage>
			<handNotes>
				<handNote xml:id="hand01">Scribe: Unknown</handNote>
			</handNotes>
		</profileDesc>
		<revisionDesc>
			<change>
				<date>2009-05-19</date>
				<name xml:id="initials">SM</name>Letter foliated by Sharon Messenger
			</change>
			<change>
				<date>2009-06-11</date>
				<name xml:id="CL">Chris Lawrence</name>Proofed by Chris
			</change>
		</revisionDesc>
	</teiHeader>

	<text xmlns:tei="http://www.tei-c.org/ns/1.0">
		<body xml:lang="en">
			<div>

	<pb n="0001" facs="liv_001584_0001"/><!--pb/@n='01'-->
<lb/><p rend="center">Fever Powder</p>
<lb/><p>Take of Resin of Jalap 
<lb/>and Calomel of each eight grains 
<lb/>Quinine &amp; Rhubarba of each 
<lb/>four grains - mix well together, 
<lb/>and when needed, make into 
<lb/>pills with spirit of cardamoms<reg>.</reg>
<lb/>Dose from (10) ten to (20) twenty 
<lb/>grains. The mixture keeps 
<lb/>best in powder.</p>
<lb/><p>If the violent symptoms 
<lb/>are not relieved in from four 
<lb/>to six hours by the operation 
<lb/>of the pills a dessert spoonful 
<lb/>of Epsom salts may be taken<reg>.</reg>
<lb/>Then quinine in four or six 
<lb/>grain doses completes the cure<reg>.</reg>
<lb/>It is usually given till the ears 
<lb/>ring or deafness is produced<reg>.</reg></p>
<lb/><p rend="center">David Livingstone</p>
<lb/><p><placeName>Tette</placeName> 26<hi rend="sup"><hi rend="underline">th</hi></hi> Nov<hi rend="sup">r</hi></p>
<lb/><p>1860</p>
			
</div>
		</body>
	</text></TEI>