<?xml version="1.0" encoding="UTF-8"?>
<!--Converted from a TEI P4 XML file to the LEAP TEI P5 Schema by James Cummings on 2015-03-02-->
<?xml-model href="http://livingstoneonline.github.io/LEAP-ODD/leap.rng" type="application/xml" schematypens="http://relaxng.org/ns/structure/1.0"?>
<?xml-model href="http://livingstoneonline.github.io/LEAP-ODD/leap.rng" type="application/xml" schematypens="http://purl.oclc.org/dsdl/schematron"?>
<?xml-stylesheet type="text/xsl" href="http://livingstoneonline.github.io/LEAP-XSLT/transcription.xsl"?>
<TEI xmlns="http://www.tei-c.org/ns/1.0" xml:id="liv_001321">
	<teiHeader xmlns:tei="http://www.tei-c.org/ns/1.0">
		<fileDesc>
			<titleStmt>
				<title>Letter to Sir George Grey Held in Auckland City Archives</title>
				<author xml:id="DL">David Livingstone</author>
			</titleStmt>
			<publicationStmt>
				<authority>Livingstone Online</authority>
				<pubPlace>London</pubPlace>
				<date>08-04-10</date>
				<publisher>Wellcome Centre for the History of Medicine, UCL</publisher>
				<idno type="LEAP-ID">liv_001321</idno>
			</publicationStmt>
			<sourceDesc>
				<bibl xml:id="shelfmark">CL L30 (2)</bibl>
				<bibl xml:id="ccnumber">0792.5</bibl>
			</sourceDesc>
		</fileDesc>
		<profileDesc>
			<langUsage>
				<language ident="en">English</language>
			</langUsage>
			<handNotes>
				<handNote xml:id="hand01">Scribe: Unknown</handNote>
			</handNotes>
		</profileDesc>
		<revisionDesc>
			<change>
				<date>2010-04-08</date>
				<name xml:id="SM">Sharon Messenger</name>Intial Transcription by Sharon Messenger
			</change>
			<change>
				<date>2010-05-20</date>
				<name xml:id="CL">Chris Lawrence</name>Proofed by Chris
			</change>
		</revisionDesc>
	</teiHeader>

	<text xmlns:tei="http://www.tei-c.org/ns/1.0">
		<body xml:lang="en">
			<div>

	<pb n="0001" facs="liv_001321_0001"/><!--pb/@n='1r'-->
<lb/><p rend="right"><placeName>Steamer, Pearl</placeName> 10<hi rend="underline"><hi rend="sup">th</hi></hi> May </p>
<lb/><p rend="right">1858 </p>
<lb/><p rend="left"><hi rend="underline">Vocabularies</hi></p>
<lb/><p>Sir </p>
<lb/><p>When I sent the vocabularies 
<lb/>to your Excellency by <persName>M<hi rend="underline">r</hi> Moffat</persName>
<lb/>I was unable to write and 
<lb/>explain that the larger volume 
<lb/>contains the Sichuana tongue 
<lb/>chiefly, but I had begun 
<lb/>to put in the dialect of The 
<lb/>Barotse immediately after 
<lb/>the Sichuana thus "Sichuana = 
<lb/>= serotse = English - I did this 
<lb/>partly because it was easier 
<lb/>to translate the Serotse into 
<lb/>Sichuana, but chiefly because 
<lb/>I had no paper to make another 
<lb/>vocabulary. </p>
<lb/><p>Towards the end of the 
<lb/>volume there are several 
<lb/>dialects tabulated for comparason<reg>.</reg></p>

	<pb n="0002" facs="liv_001321_0002"/><!--pb/@n='1v'-->
<lb/><p>The Bayeiye here on the R. Zouga - 
<lb/>Teoghe - chobe &amp;c the Bashubia 
<lb/>lived at Sesheéke and along the Leambye 
<lb/>the Barotse in the valley of that name 
<lb/>the Balojazi and Ambonda far to the 
<lb/>N.N.W. of that point. </p>
<lb/><p>In the calico covers there is 
<lb/>a number of Angolese words the 
<lb/>dialect being termed Bunda or 
<lb/>Ambunda. I think I made a 
<lb/>mistake in marking them 
<lb/>as Serotse. <persName>D<hi rend="underline"><hi rend="sup">r</hi></hi> Bleek</persName> will be 
<lb/>able to detect which is which 
<lb/>by comparing them with the 
<lb/>words in the tables in the 
<lb/>larger volume, and noting a 
<lb/>form of swearing which I 
<lb/>could not understand but was 
<lb/>told it was equal to "by the 
<lb/>holy sacraments." Then we 
<lb/>have some of the Londa or 
<lb/>Lunda dialect - spoken by the 
<lb/>Balonda - there are also Tette words. </p>

	<pb n="0003" facs="liv_001321_0003"/><!--pb/@n='2r'-->
<lb/><p>I am sorry the whole is so imperfect. 
<lb/>The Sichuana contains most of the 
<lb/>words in common use but by no 
<lb/>means the whole language. We are 
<lb/>perpetually picking up new words 
<lb/>and even in the short period of 
<lb/>my absence in <placeName>England</placeName> I see by 
<lb/>the parts of the bible brought down 
<lb/>by <persName>M<hi rend="underline"><hi rend="sup">r</hi></hi> Moffat</persName> that he has gathered 
<lb/>a good many that I never heard<reg>.</reg>
<lb/>Should you deem the matter sent 
<lb/>worth printing my companions 
<lb/>would be very thankful for 
<lb/>copies in order to aid them in 
<lb/>acquiring the language, and 
<lb/>having begged for them I feel 
<lb/>as if the way was paved for 
<lb/>hinting that an interleaved 
<lb/>copy for myself would be 
<lb/>about as civil a thing as you 
<lb/>could do - The number of 
<lb/>blank leaves being proportioned 
<lb/>to the frequency of the initial 
<lb/>sounds - in mo - li - &amp;c  - and the 

	<pb n="0004" facs="liv_001321_0004"/><!--pb/@n='2v'-->
<lb/>deficiencies in some of the dialects. 
<lb/>If I had the Sichuana so printed 
<lb/>as to allow corresponding words 
<lb/>to be put in Londa - Maravi - &amp;c &amp;c 
<lb/>on the same line in the interleaved 
<lb/>page I think I could <del type="strikethrough">put</del> collect 
<lb/>as many words as have served 
<lb/>to translate bible in the course of 
<lb/>two years. </p>
<lb/><p>As I am in the way of begging 
<lb/>may I ask your Excellency to 
<lb/>get <persName>M<hi rend="underline"><hi rend="sup">r</hi></hi> Moffat</persName> to go over the 
<lb/>analysis and add or expunge what 
<lb/>may be necessary. I wrote it six 
<lb/>years ago and had no time to 
<lb/>revise. One form of the verb 
<lb/>for instance, I have not <del type="strikethrough">in</del> put in 
<lb/>at all. And others may be erroneous<reg>.</reg>
<lb/>My aim was to shew the simplicity 
<lb/>of the structure of the language 
<lb/>not to make a grammar<reg>.</reg></p>
<lb/><p rend="center">I am &amp;c. </p>
<lb/><p rend="center"><persName>David Livingstone</persName></p>
			
</div>
		</body>
	</text></TEI>