<?xml version="1.0" encoding="UTF-8"?>
<!--Converted from a TEI P4 XML file to the LEAP TEI P5 Schema by James Cummings on 2015-03-02-->
<?xml-model href="http://livingstoneonline.github.io/LEAP-ODD/leap.rng" type="application/xml" schematypens="http://relaxng.org/ns/structure/1.0"?>
<?xml-model href="http://livingstoneonline.github.io/LEAP-ODD/leap.rng" type="application/xml" schematypens="http://purl.oclc.org/dsdl/schematron"?>
<?xml-stylesheet type="text/xsl" href="http://livingstoneonline.github.io/LEAP-XSLT/transcription.xsl"?>
<TEI xmlns="http://www.tei-c.org/ns/1.0" xml:id="liv_001313">
	<teiHeader xmlns:tei="http://www.tei-c.org/ns/1.0">
		<fileDesc>
			<titleStmt>
				<title/>
				<author xml:id="DL">David Livingstone</author>
			</titleStmt>
			<publicationStmt>
				<authority>Livingstone Online</authority>
				<pubPlace>London</pubPlace>
				<date>2009-05-19</date>
				<publisher>Wellcome Centre for the History of Medicine, UCL</publisher>
				<idno type="LEAP-ID">liv_001313</idno>
			</publicationStmt>
			<sourceDesc>
				<bibl xml:id="ccnumber">0786</bibl>
			</sourceDesc>
		</fileDesc>
		<profileDesc>
			<langUsage>
				<language ident="en">English</language>
			</langUsage>
			<handNotes>
				<handNote xml:id="hand01">Scribe: Unknown</handNote>
			</handNotes>
		</profileDesc>
		<revisionDesc>
			<change>
				<date>2009-05-19</date>
				<name xml:id="initials">SM</name>Letter foliated by Sharon Messenger
			</change>
			<change>
				<date>2009-06-11</date>
				<name xml:id="CL">Chris Lawrence</name>Proofed by Chris
			</change>
		</revisionDesc>
	</teiHeader>

	<text xmlns:tei="http://www.tei-c.org/ns/1.0">
		<body xml:lang="en">
			<div>

	<pb n="0001" facs="liv_001313_0001"/><!--pb/@n='1r'-->
<lb/><p rend="right"><placeName>Cape Town</placeName></p>
<lb/><p rend="right">30 April </p>
<lb/><p rend="right">1858 </p>
<lb/><p>My Dear Sir </p>
<lb/><p>The account 
<lb/>you have presented 
<lb/>to me is clearly 
<lb/>for an appeal 
<lb/>made by you 
<lb/>in behalf of the 

	<pb n="0002" facs="liv_001313_0002"/><!--pb/@n='1v'-->
<lb/>funds of the Society 
<lb/>in order that 
<lb/>advantage might 
<lb/>be taken of my 
<lb/>discoveries and 
<lb/>new missions 
<lb/>established. It 
<lb/>was intended also 
<lb/>to defray my 
<lb/>expenses, but 

	<pb n="0003" facs="liv_001313_0003"/><!--pb/@n='2r'-->
<lb/>mainly to increase 
<lb/>the Society's funds, 
<lb/>but the appeal 
<lb/>was abortive, 
<lb/>and the expenses 
<lb/>ought to be borne 
<lb/>by the Society. </p>
<lb/><p rend="center">I am Dear Sir </p>
<lb/><p rend="center">Yours Truly </p>
<lb/><p rend="center"><persName>David Livingstone</persName></p>
<lb/><p rend="center"><persName>Rev<hi rend="sup"><hi rend="underline">d</hi></hi> W<hi rend="underline"><hi rend="sup">m</hi></hi> Thompson</persName></p>
			
</div>
		</body>
	</text></TEI>