<?xml version="1.0" encoding="UTF-8"?>
<!--Converted from a TEI P4 XML file to the LEAP TEI P5 Schema by James Cummings on 2015-03-02-->
<?xml-model href="http://livingstoneonline.github.io/LEAP-ODD/leap.rng" type="application/xml" schematypens="http://relaxng.org/ns/structure/1.0"?>
<?xml-model href="http://livingstoneonline.github.io/LEAP-ODD/leap.rng" type="application/xml" schematypens="http://purl.oclc.org/dsdl/schematron"?>
<?xml-stylesheet type="text/xsl" href="http://livingstoneonline.github.io/LEAP-XSLT/transcription.xsl"?>
<TEI xmlns="http://www.tei-c.org/ns/1.0" xml:id="liv_001278">
	<teiHeader xmlns:tei="http://www.tei-c.org/ns/1.0">
		<fileDesc>
			<titleStmt>
				<title/>
				<author xml:id="DL">David Livingstone</author>
			</titleStmt>
			<publicationStmt>
				<authority>Livingstone Online</authority>
				<pubPlace>London</pubPlace>
				<date>2009-05-19</date>
				<publisher>Wellcome Centre for the History of Medicine, UCL</publisher>
				<idno type="LEAP-ID">liv_001278</idno>
			</publicationStmt>
			<sourceDesc>
				<bibl xml:id="ccnumber">0754</bibl>
			</sourceDesc>
		</fileDesc>
		<profileDesc>
			<langUsage>
				<language ident="en">English</language>
			</langUsage>
			<handNotes>
				<handNote xml:id="hand01">Scribe: Unknown</handNote>
			</handNotes>
		</profileDesc>
		<revisionDesc>
			<change>
				<date>2009-05-19</date>
				<name xml:id="initials">SM</name>Letter foliated by Sharon Messenger
			</change>
			<change>
				<date>2009-06-10</date>
				<name xml:id="CL">Chris Lawrence</name>Proofed by Chris
			</change>
		</revisionDesc>
	</teiHeader>

	<text xmlns:tei="http://www.tei-c.org/ns/1.0">
		<body xml:lang="en">
			<div>

	<pb n="0001" facs="liv_001278_0001"/><!--pb/@n='1r'-->
<lb/><p rend="right"><placeName>Birkenhead</placeName></p>
<lb/><p rend="right">6 <hi rend="underline"><hi rend="sup">th</hi></hi> March 1858 </p>
<lb/><p>My Dear Sir </p>
<lb/><p>I am happy to be able 
<lb/>to inform you that the "Pearl" 
<lb/>is now going out of dock 
<lb/>and we sail in her on 
<lb/>Monday next about noon. 
<lb/>We touch at <placeName>Sierra Leone</placeName>
<lb/>and at the <placeName>Cape</placeName> for coals<reg>.</reg>
<lb/>I am also very much gratified 
<lb/>by finding from your 
<lb/>obliging note of the 27 Feby 
<lb/>that the young men are to

	<pb n="0002" facs="liv_001278_0002"/><!--pb/@n='1v'-->
<lb/>to leave in May and I may 
<lb/>repeat, the only thing that 
<lb/>could have come under 
<lb/>discussion had a meeting 
<lb/>taken place, that should 
<lb/>they come <del type="strikethrough">under</del> through 
<lb/><persName>Mosilikatze's</persName> country to 
<lb/>the <placeName>Zambesi</placeName> to a point 
<lb/>below the <placeName>Victoria Falls</placeName>
<lb/>where our steam Launch 
<lb/>will be of any service 
<lb/>to them, my companions 
<lb/>will readily lend their 
<lb/>aid in crossing the 
<lb/>rivers &amp; otherwise 

	<pb n="0003" facs="liv_001278_0003"/><!--pb/@n='2r'-->
<lb/>but that part being unexplored 
<lb/>and tsetse reported, it might 
<lb/>be better to go by the hill 
<lb/><placeName>Ngwa</placeName>, as that is the only 
<lb/>known opening Northwards<reg>.</reg>
<lb/>On every other point <persName>M<hi rend="sup">r</hi>
<lb/>Helmore</persName> can be trusted in 
<lb/>implicitly<reg>.</reg></p>
<lb/><p>You take the opportunity 
<lb/>of the note to state your 
<lb/>belief that <persName>M<hi rend="sup"><hi rend="underline">r</hi></hi> Moffat</persName>
<lb/>separated himself from the 
<lb/>society by my advice. <choice><reg>T</reg><orig>t</orig></choice>his belief was no doubt founded on what you felt to be 
<lb/>trustworthy evidence. You 
<lb/>have been misled, and 

	<pb n="0004" facs="liv_001278_0004"/><!--pb/@n='2v'-->
<lb/>as <persName>M<hi rend="underline"><hi rend="sup">r</hi></hi> Moffat</persName> is quite of age 
<lb/>to judge &amp; act for himself the 
<lb/>statements <add place="above">to me</add> respecting him 
<lb/>might without any impropriety 
<lb/>have been left unsaid. I 
<lb/>believe that <persName>M<hi rend="sup"><hi rend="underline">r</hi></hi> Moffat</persName><w>sympath-<lb break="no"/>izes</w> with me in my affectionate 
<lb/>respect &amp; esteem for the great 
<lb/>body of the Directors throughout 
<lb/>the country, but you will 
<lb/>agree with me that I cannot 
<lb/>be mixed up with differences 
<lb/>between small portions of the 
<lb/>Directors &amp; the<del type="strikethrough">ir</del> agents of the 
<lb/>society<reg>.</reg></p>
<lb/><p rend="center">I am &amp;c</p>
<lb/><p rend="center"><persName>David Livingstone</persName></p>
<lb/><p rend="right"><persName>Rev<hi rend="underline"><hi rend="sup">d</hi></hi>D<hi rend="sup"><hi rend="underline">r</hi></hi> Tidman</persName></p>
			
</div>
		</body>
	</text></TEI>