<?xml version="1.0" encoding="UTF-8"?>
<!--Converted from a TEI P4 XML file to the LEAP TEI P5 Schema by James Cummings on 2015-03-02-->
<?xml-model href="http://livingstoneonline.github.io/LEAP-ODD/leap.rng" type="application/xml" schematypens="http://relaxng.org/ns/structure/1.0"?>
<?xml-model href="http://livingstoneonline.github.io/LEAP-ODD/leap.rng" type="application/xml" schematypens="http://purl.oclc.org/dsdl/schematron"?>
<?xml-stylesheet type="text/xsl" href="http://livingstoneonline.github.io/LEAP-XSLT/transcription.xsl"?>
<TEI xmlns="http://www.tei-c.org/ns/1.0" xml:id="liv_001485">
	<teiHeader xmlns:tei="http://www.tei-c.org/ns/1.0">
		<fileDesc>
			<titleStmt>
				<title>Letter to Sir George Grey Held in Auckland City Archives</title>
				<author xml:id="DL">David Livingstone</author>
			</titleStmt>
			<publicationStmt>
				<authority>Livingstone Online</authority>
				<pubPlace>London</pubPlace>
				<date>08-04-10</date>
				<publisher>Wellcome Centre for the History of Medicine, UCL</publisher>
				<idno type="LEAP-ID">liv_001485</idno>
			</publicationStmt>
			<sourceDesc>
				<bibl xml:id="ccnumber">0945.1</bibl>
			</sourceDesc>
		</fileDesc>
		<profileDesc>
			<langUsage>
				<language ident="en">English</language>
			</langUsage>
			<handNotes>
				<handNote xml:id="hand01">Scribe: Unknown</handNote>
			</handNotes>
		</profileDesc>
		<revisionDesc>
			<change>
				<date>2010-04-08</date>
				<name xml:id="SM">Sharon Messenger</name>Intial Transcription by Sharon Messenger
			</change>
			<change>
				<date>2010-05-16</date>
				<name xml:id="CL">Chris Lawrence</name>Proofed by Chris
			</change>
		</revisionDesc>
	</teiHeader>

	<text xmlns:tei="http://www.tei-c.org/ns/1.0">
		<body xml:lang="en">
			<div>

	<pb n="0001" facs="liv_001485_0001"/><!--pb/@n='1r'-->
<lb/><p rend="right"><placeName>Shire,</placeName> 20<hi rend="underline"><hi rend="sup">th</hi></hi> Oct<hi rend="underline"><hi rend="sup">r</hi></hi> 1859 </p>
<lb/><p>My Dear Sir George </p>
<lb/><p>We are obliged to 
<lb/>dismiss two of our members, 
<lb/><persName>M<hi rend="underline"><hi rend="sup">r</hi></hi> Thornton</persName> the geologist 
<lb/>for whom I am sorry as he 
<lb/>fails from sheer want of 
<lb/>knowledge of the world and 
<lb/>of field geology. We could 
<lb/>not get him to work at all 
<lb/>though he would read at 
<lb/>geology for ever. He is very 

	<pb n="0002" facs="liv_001485_0002"/><!--pb/@n='2v'-->
<lb/>well up in school geology but never 
<lb/>shewed the least heart to working 
<lb/>in the field. I gave him eight 
<lb/>months trial, and when I was out 
<lb/>of sight nothing was done. He 
<lb/>trusts to get on by dint of 
<lb/>cleverness at home - not knowing 
<lb/>how different it is to climb. 
<lb/>We tried all that talking could do 
<lb/><persName>D<hi rend="underline"><hi rend="sup">r</hi></hi> Kirk</persName>, My brother &amp; myself, 
<lb/>but it was impossible to stir 
<lb/>him up from a state of 
<lb/>inveterate laziness. </p>
<lb/><p>We are obliged to send <persName>M<hi rend="underline"><hi rend="sup">r</hi></hi>
<lb/>Baines</persName> away too. He worked 
<lb/>well but having had fever 

	<pb n="0003" facs="liv_001485_0003"/><!--pb/@n='3r'-->
<lb/>I thought it kind to leave him at 
<lb/><placeName>Tette</placeName> during the unhealthy months 
<lb/>and not expose him to the lower 
<lb/><placeName>Shire</placeName> whither with <persName>D<hi rend="underline"><hi rend="sup">r</hi></hi> Kirk</persName> I 
<lb/>proceeded myself. As soon as 
<lb/>my back was turned he 
<lb/>associated with certain "ticket 
<lb/>of leave" Portuguese and made 
<lb/>away with nearly all our 
<lb/>provisions - four barrels of 
<lb/>loaf sugar - butter - cheese 
<lb/>hams - &amp;c &amp;c I put it to his 
<lb/>head having been affected 
<lb/>by fever but he had stolen 
<lb/>from his fellow members 
<lb/>private property, marked his</p><!-- text missing-->
			
</div>
		</body>
	</text></TEI>