<?xml version="1.0" encoding="UTF-8"?>
<!--Converted from a TEI P4 XML file to the LEAP TEI P5 Schema by James Cummings on 2015-03-02-->
<?xml-model href="http://livingstoneonline.github.io/LEAP-ODD/leap.rng" type="application/xml" schematypens="http://relaxng.org/ns/structure/1.0"?>
<?xml-model href="http://livingstoneonline.github.io/LEAP-ODD/leap.rng" type="application/xml" schematypens="http://purl.oclc.org/dsdl/schematron"?>
<?xml-stylesheet type="text/xsl" href="http://livingstoneonline.github.io/LEAP-XSLT/transcription.xsl"?>
<TEI xmlns="http://www.tei-c.org/ns/1.0" xml:id="liv_000931">
	<teiHeader xmlns:tei="http://www.tei-c.org/ns/1.0">
		<fileDesc>
			<titleStmt>
				<title>Letter to Benjamin Pyne</title>
				<author xml:id="DL">David Livingstone</author>
			</titleStmt>
			<publicationStmt>
				<authority>Livingstone Online</authority>
				<pubPlace>London</pubPlace>
				<date/>
				<publisher>Wellcome Centre for the History of Medicine, UCL</publisher>
				<idno type="LEAP-ID">liv_000931</idno>
			</publicationStmt>
			<sourceDesc>
				<bibl xml:id="custodian">Privately owned</bibl>
				<bibl xml:id="recipient">Benjamin Pyne</bibl><!-- prob written to Benjamin Pyne not Benjamin T Pyne - this may well be father and son-->
				<bibl xml:id="ccnumber">0443</bibl><!-- TODO CO: What type of copy is it - scribal or just a reproduction (image, photocopy, microfilm, etc). Pyne letter but this is a copy (says at top) and there is also a copy in the NLS which is in C&C = 443. How do we catalogue?--><!--This is original pyne letter which is c&c 443, copy in NLS just a copy -->
			</sourceDesc>
		</fileDesc>
		<profileDesc>
			<langUsage>
				<language ident="en">English</language>
			</langUsage>
			<handNotes>
				<handNote xml:id="hand01">Scribe: Unknown</handNote>
			</handNotes>
		</profileDesc>
		<revisionDesc>
			<change>
				<date>2007-11-27</date>
				<name xml:id="CO">Caroline Overy</name>Initial Transcription by Caroline Overy
			</change>
			<change>
				<date>2008-05-08</date>
				<name xml:id="CL">Chris Lawrence</name>Proofed by Chris Lawrence
			</change>
		</revisionDesc>
	</teiHeader>

	<text xmlns:tei="http://www.tei-c.org/ns/1.0">
		<body xml:lang="en">
			<div>

	<pb n="0001" facs="liv_000931_0001"/><!--pb/@n='1r'-->
<lb/><p rend="right">15<hi rend="sup"><hi rend="underline">th</hi></hi> Dec<hi rend="sup">r</hi> 1856</p>
<lb/><p rend="right"><placeName>Mission House</placeName></p>
<lb/><p>My Dear Friend</p>
<lb/><p>Your very 
<lb/>welcome note of the 
<lb/>3<hi rend="sup">d</hi> I found on my arrival 
<lb/>on Wednesday night &amp; 
<lb/>now thank you for 
<lb/>its contents. We came 
<lb/>from Southampton 
<lb/>on Saturday whither 
<lb/>I had gone to bring 
<lb/><persName>M<hi rend="sup">rs</hi> L.</persName> We have several 
<lb/>meetings to attend and 
<lb/>will as soon as possible 

	<pb n="0002" facs="liv_000931_0002"/><!--pb/@n='1v'-->
<lb/>go to visit my poor 
<lb/><persName>mother</persName> in Scotland<reg>.</reg>
<lb/>I shall have very little 
<lb/>time to spend in England 
<lb/>as 110 men wait for 
<lb/>me at <placeName>Tete</placeName> and I must 
<lb/>get through the <placeName>Quilimane 
<lb/>Delta</placeName> before the unhealthy 
<lb/>season begins. You 
<lb/>have heard of the loss 
<lb/>of <persName>my father</persName> than 
<lb/>whom there is none 
<lb/>in England I should 
<lb/>have liked better to have 
<lb/>narrated my adventures<reg>.</reg>

	<pb n="0003" facs="liv_000931_0003"/><!--pb/@n='2r'-->
<lb/>I have <choice><sic>recieved</sic><corr>received</corr></choice> no letter 
<lb/>since one in 1852 from 
<lb/><persName>Mary</persName> when <persName>Mamma</persName>
<lb/>whom we all dearly 
<lb/>loved and whose 
<lb/>memory we revere 
<lb/>was not expected to 
<lb/>live. We have no 
<lb/>idea how we shall 
<lb/>be situated but it will 
<lb/>be in some quiet spot 
<lb/>near London proper 
<lb/>for writing. I shall 
<lb/>not engage in 
<lb/>speechifying. Present 

	<pb n="0004" facs="liv_000931_0004"/><!--pb/@n='2v'-->
<lb/>our kindest regards to 
<lb/>all your family &amp; 
<lb/>believe me ever 
<lb/>Affectionately Yours 
<lb/>David Livingston</p>
			
</div>
		</body>
	</text></TEI>