<?xml version='1.0' encoding='utf-8' standalone='yes'?>
<mods:mods xmlns:mods='http://www.loc.gov/mods/v3' xmlns:xlink='http://www.w3.org/1999/xlink' xmlns:xsi='http://www.w3.org/2001/XMLSchema-instance' xsi:schemaLocation='http://www.loc.gov/standards/mods/v3/mods-3-5.xsd'>
  <mods:identifier type='local' displayLabel='master_id'>liv_015004</mods:identifier>
  <mods:identifier type='local' displayLabel='Canonical Catalog Number'>Books, 04</mods:identifier>
  <mods:titleInfo>
    <mods:title>The Last Journals of David Livingstone in Central Africa, Vol. 2 (1871 Field Diary Segment)</mods:title>
  </mods:titleInfo>
  <mods:titleInfo type='alternative'>
    <mods:title>The Last Journals of David Livingstone in Central Africa, Vol. 2 (1871 Field Diary Segment), 1874</mods:title>
  </mods:titleInfo>
  <mods:name type='personal'>
    <mods:namePart>Livingstone, David, 1813-1873</mods:namePart>
    <mods:role>
      <mods:roleTerm type='text'>creator</mods:roleTerm>
    </mods:role>
  </mods:name>
  <mods:name type='personal'>
    <mods:namePart>Waller, Horace, 1833-1896</mods:namePart>
    <mods:role>
      <mods:roleTerm type='text'>creator</mods:roleTerm>
    </mods:role>
  </mods:name>
  <mods:genre authority='aat'>field notes</mods:genre>
  <mods:genre authority='aat'>diaries</mods:genre>
  <mods:genre authority='aat'>books</mods:genre>
  <mods:genre authority='aat'>publications</mods:genre>
  <mods:originInfo>
    <mods:publisher>Livingstone Online (http://livingstoneonline.org/)</mods:publisher>
    <mods:dateCreated>1874</mods:dateCreated>
    <mods:dateCreated encoding='iso8601'>1874</mods:dateCreated>
  </mods:originInfo>
  <mods:originInfo displayLabel='Livingstone'>
    <mods:place>
      <mods:placeTerm type='text'>[Britain]</mods:placeTerm>
    </mods:place>
  </mods:originInfo>
  <mods:originInfo displayLabel='LoC'>
    <mods:place>
      <mods:placeTerm type='text'>Great Britain</mods:placeTerm>
    </mods:place>
  </mods:originInfo>
  <mods:subject>
    <mods:cartographics>
      <mods:coordinates>53.214587,-1.665579</mods:coordinates>
    </mods:cartographics>
  </mods:subject>
  <mods:physicalDescription>
    <mods:note type='physical details'>Published copy</mods:note>
  </mods:physicalDescription>
  <mods:relatedItem type='original'>
    <mods:name type='corporate' authority='local'>
      <mods:namePart>Private owner</mods:namePart>
      <mods:role>
        <mods:roleTerm type='text' authority='marclerator'>repository</mods:roleTerm>
      </mods:role>
    </mods:name>
  </mods:relatedItem>
</mods:mods>