<?xml version="1.0" encoding="UTF-8"?>
<?xml-model href="http://livingstoneonline.github.io/LEAP-ODD/leap.rng" type="application/xml" schematypens="http://relaxng.org/ns/structure/1.0"?>
<?xml-model href="http://livingstoneonline.github.io/LEAP-ODD/leap.rng" type="application/xml" schematypens="http://purl.oclc.org/dsdl/schematron"?>
 <?xml-stylesheet href="http://livingstoneonline.github.io/LEAP-XSLT/transcription.xsl" type="text/xsl"?>
 <!--Converted from a TEI P4 XML file to the LEAP TEI P5 Schema by James Cummings on 2015-03-02--><!--TEI encoding revised and standardized by Adrian S. Wisnicki, 2015-2016-->
         <TEI xmlns="http://www.tei-c.org/ns/1.0" xml:id="liv_002241">
	<teiHeader>
		<fileDesc>
			<titleStmt>
				<title>Letter to John Kirk 2</title>
                <title type="alternative">Letter to John Kirk 2, 27, 28 March 1865</title>
				<author xml:id="DL">Livingstone, David, 1813-1873</author>
			</titleStmt>
			<publicationStmt>
				<authority>Livingstone Online</authority>
				<pubPlace>London</pubPlace>
				<date>2008-01-17</date>
				<publisher>Wellcome Centre for the History of Medicine, UCL</publisher>
				<idno type="LEAP-ID">liv_002241</idno>
			</publicationStmt>
			<sourceDesc>
				<bibl xml:id="shelfmark">National Library of Scotland; Acc. 9942, ff. 21r-22v</bibl>
				<bibl xml:id="ccnumber">Letters, 1655</bibl>
				<bibl xml:id="recipient"><persName>Kirk, John 2, 1832-1922</persName></bibl>
				<bibl xml:id="date"><date from="1865-03-27" to="1865-03-28">27, 28 March 1865</date></bibl>
				<bibl xml:id="where">Newstead Abbey</bibl>
			</sourceDesc>
		</fileDesc>
		<profileDesc>
			<langUsage>
				<language ident="en">English</language>
			</langUsage>
			<handNotes>
				<handNote xml:id="hand01">Scribe: Unknown</handNote>
			</handNotes>
		</profileDesc>
		<revisionDesc>
			<change>
				<date>2008-01-17</date>
				<name xml:id="SM">Sharon Messenger</name>Initial Transcription by Sharon Messenger
			</change>
			<change>
				<date>2008-02-02</date>
				<name xml:id="CL">Chris Lawrence</name>Proofed by Chris Lawrence
			</change>
		</revisionDesc>
	</teiHeader>

	<text>
		<body xml:lang="en">
			<div>

	<pb n="0001" facs="liv_002241_0001"/><!--pb/@n='21r'-->
<lb/><p rend="right">27 March 1865 </p><!--TRANS: headed notepaper not displayed:
<p><placeName>Newstead Abbey</placeName> <lb/>
<placeName>Mansfield</placeName> <lb/>
<placeName>Notts</placeName></p>
-->
<lb/><p>My Dear <persName>Kirk</persName></p>
<lb/><p>What do you call 
<lb/>the tree from which 
<lb/>the bark cloth is made? 
<lb/>And the <unclear cert="medium">cholompi</unclear> - 
<lb/>would it be 
<lb/>sufficient to say 
<lb/>a <hi rend="underline">Pterocarpus</hi> - 
<lb/>the <hi rend="underline">vallisneria</hi>? 
<lb/>for the lake plant 
<lb/>of which they 
<lb/>make salt. - &amp; is 
<lb/>the sarsaparilla of 
<lb/>the hills known<reg>.</reg>

	<pb n="0002" facs="liv_002241_0002"/><!--pb/@n='21v'-->
<lb/>It was the <unclear cert="medium">Mosibe</unclear>
<lb/>that was previously 
<lb/>known in the West 
<lb/>Indies &amp; no where else 
<lb/>was it not - the seed 
<lb/>with a red pellicle 
<lb/>which was fallen up 
<lb/>The Nboma or 
<lb/>Boma is also 
<lb/>oil yielding I 
<lb/>think - what do 
<lb/>you call the Fustic<reg>.</reg>
<lb/>I did not put any 
<lb/>thing of that kind 
<lb/>down because I 
<lb/>expected that the 
<lb/>Government 

	<pb n="0003" facs="liv_002241_0003"/><!--pb/@n='22r'-->
<lb/>would have employed 
<lb/>you to describe them 
<lb/>all. </p>
<lb/><p><persName>M<hi rend="sup">r</hi> Webb<reg>'</reg>s</persName> knee is 
<lb/>a little better but still 
<lb/>locked, he goes about 
<lb/>today for first time<reg>.</reg>
<lb/>I think the thing must 
<lb/>be in a dent in 
<lb/>the cartilage - The 
<lb/>fish are dying just 
<lb/>coming out. It is 
<lb/>far too cold for 
<lb/>them to hatch out. </p>
<lb/><p>I am &amp;c </p>
<lb/><p><persName>David Livingstone</persName></p>
<lb/><p>In one note you say <hi rend="underline">Aula-
<lb/>clodus Swinderianus</hi> In 
<lb/>another <hi rend="underline">Aulacodus Swinderinanus</hi></p>
<lb/><p>

	<pb n="0004" facs="liv_002241_0004"/><!--pb/@n='22v'-->
<lb/>28<hi rend="sup underline">th</hi> I am glad that 
<lb/>your reply is to be 
<lb/>printed - <choice><reg>A</reg><orig>a</orig></choice>nd think you 
<lb/>were quite right to object 
<lb/>to the Speke scheme. 
<lb/>I was written to about 
<lb/>3 months ago to attend the 
<lb/>meeting and it would 
<lb/>they said be put off till 
<lb/>it was convenient. I 
<lb/>let them know that it 
<lb/>never would be 
<w>con-<lb break="no"/>venient</w> - The slave trade 
<lb/>must be suppressed as 
<lb/>the first great step to 
<lb/>any mission - that 
<lb/>baffles every good 
<lb/>effort. I see <persName>Lord 
<lb/>Stanley</persName> is in the hands 
<lb/>of the oil traders - 
<lb/>again. The native Christians 
<lb/>in <placeName>Sierra Leone</placeName> contribute 
<lb/>£10,000 annually to the church mission<reg>.</reg></p>
			
</div>
		</body>
	</text></TEI>