<?xml version="1.0" encoding="UTF-8"?>
<?xml-model href="http://livingstoneonline.github.io/LEAP-ODD/leap.rng" type="application/xml" schematypens="http://relaxng.org/ns/structure/1.0"?>
<?xml-model href="http://livingstoneonline.github.io/LEAP-ODD/leap.rng" type="application/xml" schematypens="http://purl.oclc.org/dsdl/schematron"?>
 <?xml-stylesheet href="http://livingstoneonline.github.io/LEAP-XSLT/transcription.xsl" type="text/xsl"?>
 <!--Converted from a TEI P4 XML file to the LEAP TEI P5 Schema by James Cummings on 2015-03-02--><!--TEI encoding revised and standardized by Adrian S. Wisnicki, 2015-2016-->
         <TEI xmlns="http://www.tei-c.org/ns/1.0" xml:id="liv_001753">
	<teiHeader>
		<fileDesc>
			<titleStmt>
				<title>Letter to John Washington</title>
                <title type="alternative">Letter to John Washington, 17 March 1862</title>
				<author xml:id="DL">Livingstone, David, 1813-1873</author>
			</titleStmt>
			<publicationStmt>
				<authority>Livingstone Online</authority>
				<pubPlace>London</pubPlace>
				<date>2009-10-08</date>
				<publisher>Wellcome Centre for the History of Medicine, UCL</publisher>
				<idno type="LEAP-ID">liv_001753</idno>
			</publicationStmt>
			<sourceDesc>
				<bibl xml:id="shelfmark">National Museum of the Royal Navy (Great Britain); MSS. 120</bibl>
				<bibl xml:id="ccnumber">Letters, 1203</bibl>
				<bibl xml:id="recipient"><persName>Washington, John, 1800-1863</persName></bibl>
				<bibl xml:id="date"><date when="1862-03-17">17 March 1862</date></bibl>
				<bibl xml:id="where">Kongone</bibl>
			</sourceDesc>
		</fileDesc>
		<profileDesc>
			<langUsage>
				<language ident="en">English</language>
			</langUsage>
			<handNotes>
				<handNote xml:id="hand01">Scribe: Unknown</handNote>
			</handNotes>
		</profileDesc>
		<revisionDesc>
			<change>
				<date>2009-10-08</date>
				<name xml:id="CO">Caroline Overy</name>Initial Transcription by Caroline Overy
			</change>
			<change>
				<date>2010-05-04</date>
				<name xml:id="CL">Chris Lawrence</name>Proofed by Chris
			</change>
		</revisionDesc>
	</teiHeader>

	<text>
		<body xml:lang="en">
			<div>

	<pb n="0001" facs="liv_001753_0001"/><!--pb/@n='1'-->
<lb/><p rend="right"><placeName>Kongone</placeName> 17<hi rend="sup underline">th</hi> March</p>
<lb/><p rend="right">1862</p>
<lb/><p><persName>Captain Wilson</persName> returned to 
<lb/><placeName>Shupanga</placeName> on the Evening 
<lb/>of the 14<hi rend="sup underline">th</hi> bringing the 
<lb/>sad news that the bishop 
<lb/>and <persName>M<hi rend="sup underline">r</hi> Burrup</persName> are 
<lb/>dead. A new route from 
<lb/><placeName>Ruo</placeName> to the Mission station 
<lb/>was found necessary as 
<lb/>the <term type="boat">Pioneer</term> could not 
<lb/>well go up to <persName>Chibisa's</persName>
<lb/>the bishop wished to come 
<lb/>down in Nov<hi rend="sup underline">r</hi> &amp; explore 
<lb/>from <placeName>Ruo</placeName> upwards 
<lb/>but continual rains induced 
<lb/>me to object very strongly 
<lb/>to his going as he would 
<lb/>certainly have been knocked 
<lb/>up &amp; he had only one man 

	<pb n="0002" facs="liv_001753_0002"/><!--pb/@n='2'-->
<lb/>with him - <del type="strikethrough">subsequently he</del>
<lb/>It was well he yielded for 
<lb/>we were detained 6 weeks 
<lb/>with a marsh on each side 
<lb/>of us long before we came 
<lb/>to the <placeName>Ruo</placeName>. Subsequently he 
<lb/>sent <persName>Scudamore</persName> &amp; <persName>Procter</persName>
<lb/>to explore and they went away 
<lb/>Eastwards to the <placeName>Melanje 
<lb/>mountains</placeName> instead of 
<w>South-<lb break="no"/>wards</w> as I directed. I told 
<lb/>the bishop that <placeName>Mount 
<lb/>Clarendon</placeName> must be kept 
<lb/>well on his left but 
<lb/>they must have had it on 
<lb/>their right. A chief attacked 
<lb/>and plundered them and 
<lb/>the bishop called some 
<lb/><term type="tribe">Makalolo</term> who remained 
<lb/>at <persName>Chibisa's</persName> instead of going 
<lb/>home as I directed them 

	<pb n="0003" facs="liv_001753_0003"/><!--pb/@n='3'-->
<lb/>to the Cape that the "Pills were 
<lb/>worse that the disease". In 
<lb/>this joke we see that he 
<lb/>thought little of it, and we now 
<lb/>mourne his loss in 
<w>con-<lb break="no"/>sequence.</w> All loved him 
<lb/>he was very amiable, 
<lb/>too much so I fear to be 
<lb/>a leader of men as we 
<lb/>find them. A new head 
<lb/>must be sent out at once 
<lb/>or the mission will break 
<lb/>up. There are differences 
<lb/>among the missionaries 
<lb/>which I will not conceal 
<lb/>from you, which can 
<lb/>be dealt with only by 
<lb/>an authoritative head. 
<lb/>There is no one to fill a 
<lb/>bishop<reg>'</reg>s place. <choice><reg>T</reg><orig>t</orig></choice>he 

	<pb n="0004" facs="liv_001753_0004"/><!--pb/@n='4'-->
<lb/>romance of the thing has 
<lb/>passed away and hard 
<lb/>prosaic work does not go 
<lb/>down nearly so well. Indeed 
<lb/>some seem to have come 
<lb/>out merely to make a good 
<lb/>thing of it by book writing<reg>.</reg></p>
<lb/><p>We have <choice><sic>recieved</sic><corr>received</corr></choice> 20 boxes 
<lb/>of preserved meats from 
<lb/>the <term type="boat">Ariel"</term> a great help as 
<lb/>now that it is known 
<lb/>we are in want we must 
<lb/>pay enormously for every 
<lb/>thing. £1. per sheep for 
<lb/>instance the regular price 
<lb/>being four shillings. <persName>Captain 
<lb/>Oldfield</persName> has arranged for 
<lb/>our Johanna crew to be 
<lb/>sent to us in May next. 
<lb/>We are putting <term type="boat">Lady Nyassa</term>

	<pb n="0005" facs="liv_001753_0005"/><!--pb/@n='5'-->
<lb/>together at <placeName>Shupanga</placeName> and 
<lb/>hope to tow her up in June 
<lb/>to the cataracts.</p>
<lb/><p>We take 2 mules from 
<lb/>the mission - making our 
<lb/>number four - I have asked 
<lb/><persName>Admiral Walker</persName> to send up 
<lb/>10 oxen if he is sending a 
<lb/>coal vessel up. We 
<lb/>have no tsetse except at 
<lb/><placeName>Shamo</placeName> and we pass that 
<lb/>in the cold season and 
<lb/>will escape the bite - calico 
<lb/>getting very low but I shall 
<lb/>buy some from the 
<lb/>Portuguese<reg>.</reg></p>
<lb/><p rend="center"><hi rend="underline">Important</hi></p>
<lb/><p><choice><reg>T</reg><orig>t</orig></choice>he Governor General of 
<lb/><placeName>Mosambique</placeName> went up a 
<lb/>few months since to 
<lb/><placeName>Zanzibar</placeName> and tried to induce 
<lb/>the Sultan to consent to 

	<pb n="0006" facs="liv_001753_0006"/><!--pb/@n='6'-->
<lb/><placeName>Rovuma</placeName> being called the 
<lb/>Portuguese boundary - but 
<lb/>the Sultan being instructed by 
<lb/>our excellent consul <persName>Rigby</persName>
<lb/>said "No <placeName>Cape Delgado</placeName> is our 
<lb/>boundary". Finding himself 
<lb/>frustrated he made a commercial 
<lb/>treaty &amp; returned to <placeName> Mosambique</placeName>. 
<lb/><placeName>Rovuma</placeName> is therefore ours. 
<lb/>I have asked the Foreign Office 
<lb/>if possession ought to be 
<lb/>taken in name of Her Majesty 
<lb/>of our discoveries. Can you 
<lb/>do anything by way of 
<lb/>clenching the boundary to 
<lb/><placeName>Cape Delgado</placeName>? <persName>Admiral 
<lb/>Walker</persName> might send boats up 
<lb/>while we are working with 
<lb/>our steamer.</p>
<lb/><p><persName>Major Secard</persName> is made 
<lb/>commandant of <placeName>Mazaro</placeName> &amp; 
<lb/><placeName>Shire</placeName>! His watch has arrived 
<lb/>Portuguese all kind as usual 

	<pb n="0007" facs="liv_001753_0007"/><!--pb/@n='7'-->
<lb/>went &amp; attacked the plundering 
<lb/>chief &amp; burned his village 
<lb/>the <term type="tribe">Makololo</term> took away 
<lb/>his goats. Afraid to go further 
<lb/>among that tribe (he was at 
<lb/>the source of the <placeName>Ruo</placeName>) he 
<lb/>returned &amp; with <persName>Burrup</persName>
<lb/>came down <placeName>Shire</placeName> to 
<lb/>meet his sister &amp; <persName>M<hi rend="sup underline">rs</hi> Burrup</persName>
<lb/>who were coming up in 
<lb/>the <term type="boat">Pioneer</term> - canoe was 
<lb/>overturned we suppose 
<lb/>in an eddy - bedding &amp; 
<lb/>medicine <add place="above">tea coffee &amp;c &amp;c</add> lost - came on 
<lb/><add place="inline">in wet clothes &amp; devoured by myriad of mosquitoes</add> to <placeName>Ruo</placeName> a fortnight after 
<lb/>the time appointed. We 
<lb/>looked out 
<lb/>for them two 
<lb/>days a mile above <placeName>Ruo</placeName>
<lb/>and enquired among the 
<lb/>natives but no word of 
<lb/>them so we passed <placeName>Ruo</placeName>
<lb/>on the day they ought to have 

	<pb n="0008" facs="liv_001753_0008"/><!--pb/@n='8'-->
<lb/>been there - but to resume 
<lb/>the narrative - after the 
<lb/>canoe accident they came 
<lb/>to the <placeName>Ruo</placeName> - were kindly treated 
<lb/>but fever attacked the bishop 
<lb/>and without treatment or 
<lb/>medicine died. He left his 
<lb/>station with diarrhoea - &amp; it 
<lb/>never left him. <persName>Burrup</persName> too 
<lb/>labouring under diarrhoea 
<lb/>returned to the mission &amp; 
<lb/>died - they have had much 
<lb/>diarrhoea &amp; dysentery among 
<lb/>their people 20 or 30 of the 
<lb/>children have died. <choice><reg>T</reg><orig>t</orig></choice>he 
<lb/>bishop is a great loss - &amp; 
<lb/>I fear the effect in England 
<lb/>will be sorely against us 
<lb/>all. <persName>Burrup</persName> &amp; he were the 
<lb/>strongest of the party and 
<lb/>neither could believe that 
<lb/>aught would hurt them 
<lb/>the bishop wrote in a letter 

	<pb n="0009" facs="liv_001753_0009"/><!--pb/@n='9'-->
<lb/><choice><reg>N</reg><orig>n</orig></choice>o one said aught about 
<lb/>our liberating the captives. 
<lb/><persName>Major Secard</persName> from whose 
<lb/>slaves we took 84 captives 
<lb/>gave us three sheep &amp; 
<lb/>two boxes of biscuits 
<lb/>first time we met and 
<lb/>he has now sent down 
<lb/>for an additional 
<lb/>supply of medicine to 
<lb/>that I gave them.</p>
<lb/><p>I see that <persName>Du Chaillu's</persName>
<lb/>birds have been bought 
<lb/>so <persName>D<hi rend="sup underline">r</hi> Kirk's</persName> birds had 
<lb/>better not be disturbed 
<lb/>till he comes home 
<lb/>himself = I should like 
<lb/>authority to send my 
<lb/>brother home - his 
<lb/>time having expired<reg>.</reg>

	<pb n="0010" facs="liv_001753_0010"/><!--pb/@n='10'-->
<lb/>Please give <persName>D<hi rend="sup underline">r</hi> MacWilliam</persName>
<lb/>a copy of the treatment 
<lb/>and post mortem of 
<lb/>the carpenter as enclosed 
<lb/>in another letter - <persName>D<hi rend="sup underline">r</hi>
<lb/>Meller</persName> goes to the Cape for 
<lb/>change of air on account 
<lb/>of enlarged spleen and 
<lb/>remittent fever. He is 
<lb/>an invaluable man. 
<lb/>£2 14 the proceeds of the 
<lb/>sale of the carpenter<reg>'</reg>s 
<lb/>clothes were sent to 
<lb/>the flag ship 
<lb/>to pay for 
<lb/>the slops he drew.</p>
<lb/><p><persName>M<hi rend="sup underline">r</hi> Rae</persName> bought a 
<lb/>good carpenter &amp; joiner 
<lb/>from <placeName>Glasgow</placeName> called 

	<pb n="0011" facs="liv_001753_0011"/><!--pb/@n='11'-->
<lb/><persName>John Reid</persName>. I enclose a 
<lb/>request to pay part of 
<lb/>his salary to his Father 
<lb/>in the way that may 
<lb/>be most convenient<reg>.</reg></p>
<lb/><p><persName>Captain Wilson</persName> &amp; his 
<lb/>officers have been most 
<lb/>kind and obliging - they 
<lb/>hoped to be able to 
<lb/>help to land the Hull 
<lb/>ashore at the cataracts 
<lb/>which would have 
<lb/>been a great lift to 
<lb/>us. I cannot believe 
<lb/>that the <term type="boat">Pioneer</term> cannot 
<lb/>carry 35 tons list or no 
<lb/>list - but she must 
<lb/>have an engineer 

	<pb n="0012" facs="liv_001753_0012"/><!--pb/@n='12'-->
<lb/>who does not leave the 
<lb/>driving entirely to the 
<lb/>stokers. I have not 
<lb/>written to the Admiral 
<lb/>about it - but have 
<lb/>desired <persName>Captain Wilson</persName>
<lb/>to report what he saw 
<lb/>and heard.</p>
<lb/><p><choice><reg>T</reg><orig>t</orig></choice>his goes by way 
<lb/>of <placeName>Mauritius</placeName> in the brig 
<lb/><term type="boat">Hetty Ellen</term> that brought 
<lb/>the Lady of the Lake.</p>
<lb/><p>We are all well - thanks 
<lb/>to Him who rules over all<reg>.</reg>
<lb/>Several have had fever - 
<lb/>I send to the Cape for wine 
<lb/>for quinine - I think that 
<lb/>the stimulus to the stomach in 
<lb/>the morning does good<reg>.</reg></p>
<lb/><p rend="center">David Livingstone</p>
			
</div>
		</body>
	</text></TEI>