<?xml version="1.0" encoding="UTF-8"?>
<?xml-model href="http://livingstoneonline.github.io/LEAP-ODD/leap.rng" type="application/xml" schematypens="http://relaxng.org/ns/structure/1.0"?>
<?xml-model href="http://livingstoneonline.github.io/LEAP-ODD/leap.rng" type="application/xml" schematypens="http://purl.oclc.org/dsdl/schematron"?>
 <?xml-stylesheet href="http://livingstoneonline.github.io/LEAP-XSLT/transcription.xsl" type="text/xsl"?>
 <!--Converted from a TEI P5 XML file to the LEAP TEI P5 Schema by James Cummings on 2015-03-02--><!--TEI encoding revised and standardized by Adrian S. Wisnicki, 2015-2016-->
         <TEI xmlns="http://www.tei-c.org/ns/1.0" xml:id="liv_001958">
	<teiHeader>
		<fileDesc>
			<titleStmt>
				<title>Letter to Horace Waller</title>
                <title type="alternative">Letter to Horace Waller, 8 August 1863</title>
				<author xml:id="DL">Livingstone, David, 1813-1873</author>
			</titleStmt>
			<publicationStmt>
				<authority>Livingstone Online</authority>
				<pubPlace>London, UK</pubPlace>
				<publisher>University College London</publisher>
				<date>2012</date>
				<idno type="LEAP-ID">liv_001958</idno>
			</publicationStmt>
			<sourceDesc>
				<bibl xml:id="shelfmark">Bodleian Library. Weston Library; Waller MSS. Afr. s. 16.1, ff. 51-52</bibl>
				<bibl xml:id="ccnumber">Letters, 1388</bibl>
				<bibl xml:id="recipient"><persName>Waller, Horace, 1833-1896</persName></bibl>
				<bibl xml:id="date"><date when="1863-08-08">8 August 1863</date></bibl>
				<bibl xml:id="where">Malango</bibl>
			</sourceDesc>
		</fileDesc>
		<profileDesc>
			<langUsage>
				<language ident="en">English</language>
			</langUsage>
		</profileDesc>
		<revisionDesc>
			<change>
				<date>2011-12-06</date>
				<name xml:id="AJS">A.J. Schmitz</name> initial transcription and XML encoding.
            
			</change>
			<change>
				<date>2012-4-14</date>
				<name xml:id="DC">Danielle Cyphert</name> proofreading.
            
			</change>
			<change>
				<date>2012-12-04</date>
				<name xml:id="HFB">Heather F. Ball</name> XML editing.
            
			</change>
			<change>
				<date>2012-07-01</date>
				<name xml:id="AW">Adrian S. Wisnicki</name> XML editing.
            
			</change>
		</revisionDesc>
	</teiHeader>

	<text>
		<body>
			<div>

	<pb n="0001" facs="liv_001958_0001"><!--pb/@n='51r'--></pb>
<lb/><p rend="right"><placeName><settlement type="village">Malango</settlement></placeName> <date when="1863-08-06">8<hi rend="sup underline">th</hi> August 1863</date></p>
<lb/><p>My Dear <persName>Waller</persName></p>
<lb/><p>We have got 
<lb/>rid of our boat ater succeeding 
<lb/>in getting it nearly past all 
<lb/>the <placeName><geogName type="feature">cataracts</geogName></placeName> - on Monday 
<lb/>we should have passed all 
<lb/>but having gone some 3 
<lb/>miles in the river in charge 
<lb/>of the <term type="tribe">Makololo</term> who are A.1. in 
<lb/>rapids. they found it impossible 
<lb/>to go farther - coming on shore 
<lb/>they told me so and I called 
<lb/>back all hands to carry her 
<lb/>by land when five of these 
<lb/><term type="tribe">Shapanga</term> men jumped in 
<lb/>without my knowledge - they 
<lb/>would take it past of course 
<lb/>and the next thing I saw was 
<lb/>the boat floating bottom upwards 
<lb/>as soon as they saw danger 
<lb/>they took care of <choice><abbr>N<hi rend="sup underline">o</hi></abbr><expan cert="high">Number</expan></choice> One &amp; 
<lb/>away went our hopes over 
<lb/>the <placeName><geogName type="feature">cataracts</geogName></placeName> - with a good 

     

	<pb n="0002" facs="liv_001958_0002"><!--pb/@n='51v'--></pb>
<lb/>deal of property in her - the 
<lb/><term type="tribe">Makololo</term> &amp; some <term type="tribe">Ajawa</term> ran 
<lb/>along the bank like good fellows 
<lb/>but she never came in sic 
<lb/>gloria sailing on <placeName><geogName type="lake">Nyassa</geogName></placeName> transit</p>
<lb/><p>The <term type="tribe">Ajawa</term>have behaved 
<lb/>capitally - It has been a hard 
<lb/>job - for she was heavy.  I 
<lb/>wish them to be paid exactly 
<lb/>as if they had fulfilled their 
<lb/>intentions of launching the 
<lb/>boat which they would 
<lb/>have done in two days 
<lb/>above the <placeName><geogName type="feature">cataracts</geogName></placeName>.  To 
<lb/><persName>Mulolo</persName> and <persName>Maluchu</persName> give 
<lb/>3 <choice><abbr>lbs</abbr><expan>pounds</expan></choice> of powder each - and 
<lb/>let one of the bags of shot 
<lb/>which are a little more 
<lb/>than half full be divided 
<lb/>between them - also 100 bullets 
<lb/>and ten flints each -- Give 
<lb/>them full allowance of 
<lb/>cloth - a fathom more than 
<lb/>was promised if you 
<lb/>think it right to exceed the 

     

	<pb n="0003" facs="liv_001958_0003"><!--pb/@n='52r'--></pb>
<lb/>bargain - 5 brass rods of 
<lb/>course and the beads 
<lb/>knives - looking glasses 
<lb/>&amp; whatever else I promised 
<lb/>Give more to the headmen 
<lb/>and <add place="above">divide</add> <add place="below">^</add> the wages of the 
<lb/>seven for 6 days say 
<lb/>I suppose a third of the 
<lb/>entire wages.  Make them 
<lb/>content at whatever 
<lb/>cost - I would like to 
<lb/>give the headmen <persName>Mulolo</persName>
<lb/>and <persName>Maluchu</persName> and 
<lb/><persName>Kamualakwinda</persName> if he 
<lb/>is a headman - a present 
<lb/>when I return which
<lb/>need not be promised</p>
<lb/><p>If you can come 
<lb/>up to the ship &amp; manage 
<lb/>this business satisfactorily 
<lb/>I shall feel much 
<lb/>obliged</p>
<lb/><p rend="center">Ever with Affection</p>
<lb/><p rend="center"><persName>David Livingstone</persName></p>


	<pb n="0004" facs="liv_001958_0004"><!--pb/@n='52v'--></pb>
<lb/><p rend="center"><persName>Horace Waller</persName> <choice><abbr>Esq.</abbr><expan>Esquire</expan></choice></p><!-- Took out KS notation of name and put in proper XML format, though not sure how to explain in center of pg vertically as well HB 7/1/12 -->
			
</div>
		</body>
	</text></TEI>