<?xml version="1.0" encoding="UTF-8"?>
<?xml-model href="http://livingstoneonline.github.io/LEAP-ODD/leap.rng" type="application/xml" schematypens="http://relaxng.org/ns/structure/1.0"?>
<?xml-model href="http://livingstoneonline.github.io/LEAP-ODD/leap.rng" type="application/xml" schematypens="http://purl.oclc.org/dsdl/schematron"?>
 <?xml-stylesheet href="http://livingstoneonline.github.io/LEAP-XSLT/transcription.xsl" type="text/xsl"?>
 <!--Converted from a TEI P4 XML file to the LEAP TEI P5 Schema by James Cummings on 2015-03-02--><!--TEI encoding revised and standardized by Adrian S. Wisnicki, 2015-2016-->
         <TEI xmlns="http://www.tei-c.org/ns/1.0" xml:id="liv_002034">
	<teiHeader>
		<fileDesc>
			<titleStmt>
				<title>Letter to John Murray III</title>
                <title type="alternative">Letter to John Murray III, 2 August 1864</title>
				<author xml:id="DL">Livingstone, David, 1813-1873</author>
			</titleStmt>
			<publicationStmt>
				<authority>Livingstone Online</authority>
				<pubPlace>London</pubPlace>
				<date>2008-11-17</date>
				<publisher>Wellcome Centre for the History of Medicine, UCL</publisher>
				<idno type="LEAP-ID">liv_002034</idno>
			</publicationStmt>
			<sourceDesc>
				<bibl xml:id="shelfmark">National Library of Scotland; MS. 42421, ff. 5r-6v</bibl>
				<bibl xml:id="ccnumber">Letters, 1456</bibl>
				<bibl xml:id="recipient"><persName>Murray, John III, 1808-1892</persName></bibl>
				<bibl xml:id="date"><date when="1864-08-02">2 August 1864</date></bibl>
				<bibl xml:id="where">Burnbank Road, Hamilton</bibl>
			</sourceDesc>
		</fileDesc>
		<profileDesc>
			<langUsage>
				<language ident="en">English</language>
			</langUsage>
			<handNotes>
				<handNote xml:id="hand01">Scribe: Unknown</handNote>
			</handNotes>
		</profileDesc>
		<revisionDesc>
			<change>
				<date>2008-11-17</date>
				<name xml:id="SM">Sharon Messenger</name>Initial Transcription by Sharon Messenger
			</change>
			<change>
				<date>2008-11-22</date>
				<name xml:id="CL">Chris Lawrence</name>Proof by Chris Lawrence
			</change>
		</revisionDesc>
	</teiHeader>

	<text>
		<body xml:lang="en">
			<div>

	<pb n="0001" facs="liv_002034_0001"/><!--pb/@n='5r'-->
<addSpan spanTo="#p5r-01" place="marginleft"><!--addSpan/@place='left margin of fol. 5r'--></addSpan>
<lb/><p rend="no-indent">man if you see nothing. He is in <del type="strikethrough"><placeName>Bond St</placeName></del>
<lb/><placeName>Old Broad St. City.</placeName> With kind regards to <persName>M<hi rend="sup underline">rs</hi>
<lb/>Murray</persName><reg>.</reg> I am &amp;c <persName>David Livingstone</persName></p><anchor xml:id="p5r-01"/>
<lb/><p rend="right"><placeName><choice><sic>Burn Bank</sic><corr>Burnbank</corr></choice> Road</placeName></p>
<lb/><p rend="right"><placeName>Hamilton</placeName> 2<hi rend="sup underline">d</hi> Aug.</p>
<lb/><p rend="right">1864 </p>
<lb/><p>My Dear <persName>M<hi rend="sup underline">r</hi> Murray</persName></p>
<lb/><p>As you kindly 
<lb/>promised to take 
<lb/>notice of any 
<lb/>quiet cottage that 
<lb/>might suit me 
<lb/>I may mention 
<lb/>that I have resolved 
<lb/>to take my daughter 
<lb/>who is now 
<lb/>woman grown 
<lb/>with me to keep it

	<pb n="0002" facs="liv_002034_0002"/><!--pb/@n='5v'-->
<lb/>and as she will 
<lb/>require a music 
<lb/>master if the 
<lb/>cottage were where 
<lb/>one would call 
<lb/>occasionally it 
<lb/>would be an 
<lb/>advantage. I am 
<lb/>keeping myself 
<lb/>free from all 
<lb/>public appearances 
<lb/>as they call 
<lb/>lecturing except 
<lb/>the British Association<reg>.</reg>

	<pb n="0003" facs="liv_002034_0003"/><!--pb/@n='6r'-->
<lb/>A second son who 
<lb/>lost his health 
<lb/>at a abomin <add place="above">a</add>bly 
<lb/>drained Scotch 
<lb/>school will 
<lb/>accompany 
<lb/>me to <placeName>England</placeName> &amp; 
<lb/>I think with son 
<lb/>&amp; daughter I may 
<lb/>get on comfortably<reg>.</reg>
<lb/>My Scotch friends 
<lb/>think that by 
<lb/>giving the public 
<lb/>information on 
<lb/>the actual working 
<lb/>of the slave trade 

	<pb n="0004" facs="liv_002034_0004"/><!--pb/@n='6v'-->
<lb/>and the rock on which 
<lb/>the mission split 
<lb/>I may do good. It 
<lb/>will be difficult to 
<lb/>do the last without 
<lb/>offence - but we can 
<lb/>try to do it in a 
<lb/>kindly spirit. <choice><reg>T</reg><orig>t</orig></choice>he 
<lb/>bishop of <placeName>Oxford</placeName>
<lb/>is anxious to see 
<lb/>me. I conjecture 
<lb/>on the Mission 
<lb/>subject. </p>
<lb/><p><persName>D<hi rend="sup underline">r</hi> Meller</persName> has a brother 
<lb/>in a house agent's 
<lb/>employment. Would it 
<lb/>be well to employ this</p> 
			
</div>
		</body>
	</text></TEI>