<?xml version="1.0" encoding="UTF-8"?>
<?xml-model href="http://livingstoneonline.github.io/LEAP-ODD/leap.rng" type="application/xml" schematypens="http://relaxng.org/ns/structure/1.0"?>
<?xml-model href="http://livingstoneonline.github.io/LEAP-ODD/leap.rng" type="application/xml" schematypens="http://purl.oclc.org/dsdl/schematron"?>
 <?xml-stylesheet href="http://livingstoneonline.github.io/LEAP-XSLT/transcription.xsl" type="text/xsl"?>
 <!--Converted from a TEI P4 XML file to the LEAP TEI P5 Schema by James Cummings on 2015-03-02--><!--TEI encoding revised and standardized by Adrian S. Wisnicki, 2015-2016-->
         <TEI xmlns="http://www.tei-c.org/ns/1.0" xml:id="liv_002321">
	<teiHeader>
		<fileDesc>
			<titleStmt>
				<title>Letter to John Murray III</title>
                <title type="alternative">Letter to John Murray III, 1 June 1865</title>
				<author xml:id="DL">Livingstone, David, 1813-1873</author>
			</titleStmt>
			<publicationStmt>
				<authority>Livingstone Online</authority>
				<pubPlace>London</pubPlace>
				<date>2008-11-11</date>
				<publisher>Wellcome Centre for the History of Medicine, UCL</publisher>
				<idno type="LEAP-ID">liv_002321</idno>
			</publicationStmt>
			<sourceDesc>
				<bibl xml:id="shelfmark">National Library of Scotland; MS. 42421, ff. 73r-73v</bibl>
				<bibl xml:id="ccnumber">Letters, 1730</bibl>
				<bibl xml:id="recipient"><persName>Murray, John III, 1808-1892</persName></bibl>
				<bibl xml:id="date"><date when="1865-06-01">1 June 1865</date></bibl>
				<bibl xml:id="where">[Burnbank Road, Hamilton]</bibl>
			</sourceDesc>
		</fileDesc>
		<profileDesc>
			<langUsage>
				<language ident="en">English</language>
			</langUsage>
			<handNotes>
				<handNote xml:id="hand01">Scribe: Unknown</handNote>
			</handNotes>
		</profileDesc>
		<revisionDesc>
			<change>
				<date>2008-11-11</date>
				<name xml:id="CO">Caroline Overy</name>Initial Transcription by Caroline Overy
			</change>
			<change>
				<date>2008-11-22</date>
				<name xml:id="CL">Chris Lawrence</name>Proof by Chris Lawrence
			</change>
		</revisionDesc>
	</teiHeader>

	<text>
		<body xml:lang="en">
			<div>

	<pb n="0001" facs="liv_002321_0001"/><!--pb/@n='73r'-->
<lb/><p rend="right">1<hi rend="sup underline">st</hi> June 1865</p>
<lb/><p>My Dear <persName>M<hi rend="sup">r</hi> Murray</persName></p>
<lb/><p><persName>Oswell</persName> sent the 
<lb/>sentence, which was 
<lb/>proposed, to me, &amp; 
<lb/>I have added it to 
<lb/>the dedication - I 
<lb/>suppose the named 
<lb/>need not be added to 
<lb/>the preface<reg>.</reg></p>
<lb/><p>I have written 
<lb/>to <persName>Madame Hocédé</persName>
<lb/>today.</p>
<lb/><p><persName>Murchison</persName> let 
<lb/>the cat out of the 
<lb/>bag that <persName>Young</persName>
<lb/>gave the thousand 

	<pb n="0002" facs="liv_002321_0002"/><!--pb/@n='73v'-->
<lb/>by printing it in his 
<lb/>address.</p>
<lb/><p rend="center">I am &amp;c</p>
<lb/><p rend="center">David Livingstone</p>
<lb/><p>I wrote to <persName>M<hi rend="sup underline">rs</hi> Charles 
<lb/>Livingstone</persName> yesterday 
<lb/>to say that the 
<lb/>publication was 
<lb/>stopped till Nov<hi rend="sup underline">r</hi><reg>.</reg></p>
			
</div>
		</body>
	</text></TEI>