<?xml version="1.0" encoding="UTF-8"?>
<?xml-model href="http://livingstoneonline.github.io/LEAP-ODD/leap.rng" type="application/xml" schematypens="http://relaxng.org/ns/structure/1.0"?>
<?xml-model href="http://livingstoneonline.github.io/LEAP-ODD/leap.rng" type="application/xml" schematypens="http://purl.oclc.org/dsdl/schematron"?>
 <?xml-stylesheet href="http://livingstoneonline.github.io/LEAP-XSLT/transcription.xsl" type="text/xsl"?>
 <!--Converted from a TEI P4 XML file to the LEAP TEI P5 Schema by James Cummings on 2015-03-02--><!--TEI encoding revised and standardized by Adrian S. Wisnicki, 2015-2016-->
         <TEI xmlns="http://www.tei-c.org/ns/1.0" xml:id="liv_002646"><!-- LP128 -->
	<teiHeader>
		<fileDesc>
			<titleStmt>
				<title>Letter to Horace Waller</title>
                <title type="alternative">Letter to Horace Waller, 6 February 1866</title>
				<author>Livingstone, David, 1813-1873</author>
			</titleStmt>
			<publicationStmt>
				<authority>Livingstone Online</authority>
				<pubPlace>London</pubPlace>
				<date>2005-05-04</date>
				<publisher>Wellcome Centre for the History of Medicine, UCL</publisher>
				<idno type="LEAP-ID">liv_002646</idno>
			</publicationStmt>
			<sourceDesc>
				<bibl xml:id="shelfmark">David Livingstone Centre; 1417</bibl><!--1866-02-06--><!--Original:1866-02-06-->
				<bibl xml:id="ccnumber"/>
				<bibl xml:id="recipient"><persName>Waller, Horace, 1833-1896</persName></bibl>
				<bibl xml:id="date"><date when="1866-02-06">6 February 1866</date></bibl>
				<bibl xml:id="where">[Zanzibar]</bibl>
				<bibl xml:id="extent">4 pages</bibl>
			</sourceDesc>
		</fileDesc>
		<revisionDesc>
			<change>
				<date>2006-06-23</date>
				<name xml:id="CO">Caroline Overy</name>Initial Transcription
			</change>
		</revisionDesc>
	</teiHeader>

	<text>
		<body>
			<div>

	<pb n="0001" facs="liv_002646_0001"/><!--pb/@n='01'-->
<lb/><p rend="right"><placeName>Zanzibar</placeName> 6 Februy </p>
<lb/><p rend="right">1866 </p>
<lb/><p>My Dear <persName>Waller</persName></p>
<lb/><p>I am to be here until 
<lb/>the <term type="boat">Penguin</term> comes to 
<lb/>take me to <placeName>Rovuma 
<lb/>Bay.</placeName> Nine of my 
<lb/>buffaloes died. It seems 
<lb/>to be a plant that kills 
<lb/>so I have only six left 
<lb/>to experiment upon. 
<lb/>but I may get more 
<lb/><unclear cert="low">or</unclear> camels as I am 
<lb/>intent of getting inde
<lb/>pendent of carriers 
<lb/>from one chief to 
<lb/>another &amp; if I succeed 
<lb/>it wont be lost time 

	<pb n="0002" facs="liv_002646_0002"/><!--pb/@n='02'-->
<lb/>I need scarcely say 
<lb/>that though I should be 
<lb/>able to move along in 
<lb/>dependence on my own 
<lb/>party alone I shall try 
<lb/>and avoid all sort 
<lb/>of brow beating. The poor 
<lb/><persName>Baron van der Deken</persName>
<lb/>made a great mistake 
<lb/>in never losing an 
<lb/>opportunity of shewing 
<lb/>the contempt in which 
<lb/>he held the natives - 
<lb/>He never believed that 
<lb/>any one of them would 
<lb/>dare to touch a Baron 
<lb/>bold. Thrust away 
<lb/>the hand of the chief in 

	<pb n="0003" facs="liv_002646_0003"/><!--pb/@n='03'-->
<lb/>disdain when he offered 
<lb/>it in token of friendship 
<lb/>that mans people killed 
<lb/>him. That nasty 
<lb/>negrophobia spirit 
<lb/>which is spreading in 
<lb/><placeName>England</placeName> wont do to 
<lb/>travel with. Though 
<lb/>it may do for spouting 
<lb/>with at the R.G.S. 
<lb/>The poor baron quarelled 
<lb/>with every one here - 
<lb/>refused as <persName>D<hi rend="sup underline">r</hi> Steere</persName> 
<lb/>told me to come to church 
<lb/>because <persName>Tozer</persName> prays 
<lb/>for the Sultan. Wasnt 
<lb/>he a Knight Templar 
<lb/>&amp; bound to extirpate all 
<lb/>Turks &amp; infidels! 

	<pb n="0004" facs="liv_002646_0004"/><!--pb/@n='04'-->
<lb/>The Mission is to all 
<lb/>intents a chaplaincy &amp; 
<lb/>they seem to do that work 
<lb/>well. They have about 
<lb/>25 boys &amp; girls. <persName>D<hi rend="sup underline">r</hi> Steere</persName>
<lb/>has printed a sort of 
<lb/>handbook of Suaheli &amp; 
<lb/>I have no doubt will 
<lb/>in time do good for 
<lb/>no where can christians 
<lb/>live as Christians ought 
<lb/>but they must have 
<lb/>a beneficial influence 
<lb/>This is all I can 
<lb/>give you. The boys 
<lb/>behave well. <persName>Anna</persName>
<lb/>takes after <persName>Rowley</persName>
<lb/>talkative &amp; useless 
<lb/>I am &amp;c <persName>David Livingstone</persName></p>
			
</div>
		</body>
	</text></TEI>