<?xml version="1.0" encoding="UTF-8"?>
<?xml-model href="http://livingstoneonline.github.io/LEAP-ODD/leap.rng" type="application/xml" schematypens="http://relaxng.org/ns/structure/1.0"?>
<?xml-model href="http://livingstoneonline.github.io/LEAP-ODD/leap.rng" type="application/xml" schematypens="http://purl.oclc.org/dsdl/schematron"?>
 <?xml-stylesheet href="http://livingstoneonline.github.io/LEAP-XSLT/transcription.xsl" type="text/xsl"?>
 <!--Converted from a TEI P4 XML file to the LEAP TEI P5 Schema by James Cummings on 2015-03-02--><!--TEI encoding revised and standardized by Adrian S. Wisnicki, 2015-2016-->
         <TEI xmlns="http://www.tei-c.org/ns/1.0" xml:id="liv_001832">
	<teiHeader>
		<fileDesc>
			<titleStmt>
				<title>Letter to John Washington</title>
                <title type="alternative">Letter to John Washington, 15 October 1862</title>
				<author xml:id="DL">Livingstone, David, 1813-1873</author>
			</titleStmt>
			<publicationStmt>
				<authority>Livingstone Online</authority>
				<pubPlace>London</pubPlace>
				<date>2009-09-21</date>
				<publisher>Wellcome Centre for the History of Medicine, UCL</publisher>
				<idno type="LEAP-ID">liv_001832</idno>
			</publicationStmt>
			<sourceDesc>
				<bibl xml:id="shelfmark">National Museum of the Royal Navy (Great Britain); MSS. 120</bibl>
				<bibl xml:id="ccnumber">Letters, 1278</bibl>
				<bibl xml:id="recipient"><persName>Washington, John, 1800-1863</persName></bibl>
				<bibl xml:id="date"><date when="1862-10-15">15 October 1862</date></bibl>
				<bibl xml:id="where">Rovuma</bibl>
			</sourceDesc>
		</fileDesc>
		<profileDesc>
			<langUsage>
				<language ident="en">English</language>
			</langUsage>
			<handNotes>
				<handNote xml:id="hand01">Scribe: Unknown</handNote>
			</handNotes>
		</profileDesc>
		<revisionDesc>
			<change>
				<date>2009-09-21</date>
				<name xml:id="CO">Caroline Overy</name>Initial Transcription by Caroline Overy
			</change>
			<change>
				<date>2009-10-02</date>
				<name xml:id="CL">Chris Lawrence</name>Proofed by Chris
			</change>
		</revisionDesc>
	</teiHeader>

	<text>
		<body xml:lang="en">
			<div>

	<pb n="0001" facs="liv_001832_0001"/><!--pb/@n='1'-->
<lb/><p rend="right"><placeName>Rovuma</placeName> 15<hi rend="sup">th</hi> Oct</p>
<lb/><p rend="right">1862</p>
<lb/><p>Dear Admiral</p>
<lb/><p>We beached the 
<lb/><term type="boat">Pioneer</term> about a mile 
<lb/>inside this river and 
<lb/>found that the damage 
<lb/>done by the coral 
<lb/>at <placeName>Pomony</placeName>, which 
<lb/>I reported in my 
<lb/>last was very slight - 
<lb/>five points had ripped 
<lb/>about 1 1/2 inches 
<lb/>square each. In one 
<lb/>there was according to 
<lb/>the carpenter a dent 
<lb/>of 1/4 inch in the wood<reg>.</reg>

	<pb n="0002" facs="liv_001832_0002"/><!--pb/@n='2'-->
<lb/>In the others the felt was 
<lb/>rubbed to one side - 
<lb/>1 1/2 sheets of copper 
<lb/>covered the whole 
<lb/>no leakage whatever 
<lb/>had occurred there, 
<lb/>though believing it 
<lb/>might have been 
<lb/>more than from the 
<lb/>shaking of the engines 
<lb/>I thought it right 
<lb/>to report it to you at 
<lb/>once. She has been 
<lb/>caulked all over 
<lb/>which has done a 
<lb/>world of good, and 

	<pb n="0003" facs="liv_001832_0003"/><!--pb/@n='3'-->
<lb/>does not leak an 
<lb/>inch in a week.</p>
<lb/><p>While we were 
<lb/>away <hi rend="underline">I</hi> ordered <persName>M<hi rend="sup underline">r</hi>
<lb/>Young</persName> in writing 
<lb/>not to leave the 
<lb/>anchorage. A heavy 
<lb/>swell came in &amp; 
<lb/>he removed to the 
<lb/>mouth of the river 
<lb/>close to the right bank 
<lb/>point. By dragging 
<lb/>or otherwise she 
<lb/>was allowed to 
<lb/>get on a sand bank 
<lb/>there, and a heavy 

	<pb n="0004" facs="liv_001832_0004"/><!--pb/@n='4'-->
<lb/>swell gave her according 
<lb/>to <persName>Rae</persName> a terrible bumping. 
<lb/>The only white sailor 
<lb/>with him was sick 
<lb/>&amp; he says he could 
<lb/>not get out an 
<lb/>anchor to haul her 
<lb/>off with the new 
<lb/>Johanna crew. I 
<lb/>found about 20 feet 
<lb/>of the edge of one 
<lb/>streak of copper 
<lb/>bent down &amp; put 
<lb/>it right. If she had 
<lb/>not been capitally 
<lb/>put together damage 

	<pb n="0005" facs="liv_001832_0005"/><!--pb/@n='5'-->
<lb/>would have been done. 
<lb/><persName>Young</persName> works hard 
<lb/>but has an awfully 
<lb/>bad temper and has 
<lb/>not the knack of 
<lb/>managing the men 
<lb/>either black or white 
<lb/>except in a hectoring 
<lb/>bullying manner. 
<lb/>I have just to pass 
<lb/>by this disobedience 
<lb/>of orders.</p>
<lb/><p>We exchanged two 
<lb/>men <persName>Goldsmith</persName> &amp; 
<lb/><persName>Whitehead</persName> with the 
<lb/><term type="boat">Orestes</term>. Invalided 

	<pb n="0006" facs="liv_001832_0006"/><!--pb/@n='6'-->
<lb/><persName>Charles Neale</persName> - all 
<lb/>three very well 
<lb/>behaved men but 
<lb/>frequently sick. We 
<lb/>parted with <persName>David 
<lb/>Gwilliam</persName> with 
<lb/>regret, but <persName>Young</persName>
<lb/>&amp; he could not 
<lb/>get on together. <persName>Gwilliam</persName>
<lb/>was the cleverer 
<lb/>man and knew it<reg>.</reg>
<lb/>He had £5 of advance 
<lb/>but all advances 
<lb/>slops &amp;c are sent 
<lb/>to the Flagship. </p>

	<pb n="0007" facs="liv_001832_0007"/><!--pb/@n='7'-->
<lb/><p>Instead of these four 
<lb/>we <choice><sic>recieved</sic><corr>received</corr></choice> two 
<lb/>from the <term type="boat">Orestes</term> - 
<lb/><persName>Collier</persName> &amp; <persName>Newell</persName>
<lb/>who have good 
<lb/>characters and I 
<lb/>hope they may 
<lb/>get on with <persName>M<hi rend="sup underline">r</hi>
<lb/>Young</persName><choice><reg>.</reg><orig>=</orig></choice> We were 
<lb/>towed over her by 
<lb/><unclear cert="low">the</unclear><term type="boat">Orestes</term>, <persName>Captain 
<lb/>Gardner</persName> and will 
<lb/>sail for <placeName>Johanna</placeName>
<lb/>on 17<hi rend="sup underline">th</hi><reg>.</reg> For an 
<lb/>account of our 
<lb/><placeName>Rovuma</placeName> trip 

	<pb n="0008" facs="liv_001832_0008"/><!--pb/@n='8'-->
<lb/>see the larger sheet<reg>.</reg></p>
<lb/><p rend="center">David Livingstone</p>
<lb/><p>Admiral Washington</p>
<lb/><p><placeName>Johanna</placeName> 2<del type="overwritten">1</del><add place="over-text">7</add><hi rend="sup">t</hi> Oct<hi rend="sup underline">r</hi></p>
<lb/><p>A dhow going off to 
<lb/><placeName>Mayolta</placeName> has been bribed 
<lb/>to wait only till I have 
<lb/>finished my despatch 
<lb/>that will give you 
<lb/>what I intended above<reg>.</reg></p>
<lb/><p rend="center">D. L. </p>
			
</div>
		</body>
	</text></TEI>