<?xml version="1.0" encoding="UTF-8"?>
<?xml-model href="http://livingstoneonline.github.io/LEAP-ODD/leap.rng" type="application/xml" schematypens="http://relaxng.org/ns/structure/1.0"?>
<?xml-model href="http://livingstoneonline.github.io/LEAP-ODD/leap.rng" type="application/xml" schematypens="http://purl.oclc.org/dsdl/schematron"?>
 <?xml-stylesheet href="http://livingstoneonline.github.io/LEAP-XSLT/transcription.xsl" type="text/xsl"?>
 <!--Converted from a TEI P4 XML file to the LEAP TEI P5 Schema by James Cummings on 2015-03-02--><!--TEI encoding revised and standardized by Adrian S. Wisnicki, 2015-2016-->
         <TEI xmlns="http://www.tei-c.org/ns/1.0" xml:id="liv_002554">
	<teiHeader>
		<fileDesc>
			<titleStmt>
				<title>Letter to H. Bartle E. Frere</title>
                <title type="alternative">Letter to H. Bartle E. Frere, 27 November 1870</title>
				<author xml:id="DL">Livingstone, David, 1813-1873</author>
			</titleStmt>
			<publicationStmt>
				<authority>Livingstone Online</authority>
				<pubPlace>London</pubPlace>
				<date>2009</date>
				<publisher>Wellcome Centre for the History of Medicine, UCL</publisher>
				<idno type="LEAP-ID">liv_002554</idno>
			</publicationStmt>
			<sourceDesc>
				<bibl xml:id="shelfmark">Royal Geographical Society (Great Britain); Archives, DL 4/9/1, sheets 16-20</bibl>
				<bibl xml:id="ccnumber">Letters, 1953</bibl>
				<bibl xml:id="recipient"><persName>Frere, H. Bartle E., 1815-1884</persName></bibl>
				<bibl xml:id="date"><date when="1870-11-27">27 November 1870</date></bibl>
				<bibl xml:id="where">[Manyuema Country]</bibl>
			</sourceDesc>
		</fileDesc>
		<profileDesc>
			<langUsage>
				<language ident="en">English</language>
			</langUsage>
			<handNotes>
				<handNote xml:id="hand01">Scribe: Unknown</handNote>
			</handNotes>
		</profileDesc>
		<revisionDesc>
			<change>
				<date>2009</date>
				<name xml:id="SM">Sharon Messenger</name>Initial Transcription by Sharon Messenger 
			</change>
			<change>
				<date>2009-03-10</date>
				<name xml:id="CL">Christopher Lawrence</name>Proof by Chris Lawrence
			</change>
		</revisionDesc>
	</teiHeader>

	<text>
		<body xml:lang="en">
			<div>

	<pb n="0001" facs="liv_002554_0001"/><!--pb/@n='29'-->
<!--16-->
<lb/><p><handShift new="#hand01"/>P.S. Nov<hi rend="sup">r</hi> 27. 1870 I have not a morsel of 
<lb/>paper left so I take a leaf out of my cheque book to give 
<lb/>you the latest information and materials to correct some 
<lb/>points mentioned in the letter<reg>.</reg></p>
<lb/><p>West of the <placeName><choice><sic>Sualaba</sic><corr>Lualaba</corr></choice></placeName> the central line of drainage 
<lb/>of the <placeName>Great Nile Valley</placeName>. These are two large <space dim="horizontal" extent="1" unit="words"/> each 
<lb/>having the same native name <placeName><choice><sic>Sualaba</sic><corr>Lualaba</corr></choice></placeName> - These two unite 
<lb/>and form a large Lake which I am fain <placeName>to call Lake 
<lb/>Lincoln</placeName>. Looking back from this Lake to the <unclear cert="low">sewers</unclear>
<lb/>on the Watershed a remarkable mound gives out four 
<lb/>fountains not more than ten miles apart. Two of these on 
<lb/>the northern side form large rivers which again form <placeName>Lake 
<lb/>Lincoln</placeName>, and then the united stream coming out thence 
<lb/>flows I suppose into the Western arm of the <placeName>Nile</placeName><reg>.</reg>
<lb/>I have presumed to give your name to one of the fountains 
<lb/>and a river by anticipation, for if I have any good 
<lb/>fortune at all I shall reach them ere this reaches you<reg>.</reg>
<lb/>Of the two fountains on the south side of the Mound 
<lb/>one is so large a man cannot be seen on the other 
<lb/>side. I call it after good <persName>Lord Palmerston</persName>. It is 

	<pb n="0002" facs="liv_002554_0002"/><!--pb/@n='30'-->
<lb/><!--17-->the course of the <placeName><choice><sic>Seambai</sic><corr>Leambai</corr></choice></placeName> or <persName>Leeambye</persName> = the upper 
<lb/><placeName>Zambesi</placeName> - the last fountain gives rise to the <gap extent="1" unit="words" agent="illegible"/>
<lb/>far down before it falls into the <placeName>Zambesi</placeName> is named 
<lb/><placeName>Kafue</placeName> - These fountains are probably the "unfathomable 
<lb/><choice><sic>"</sic><corr>no text</corr></choice>fountains of the <placeName>Nile</placeName>" mentioned to <persName>Herodotus</persName> by the 
<lb/>Secretary of Minerva in the City of <placeName>Sais</placeName> from which 
<lb/><choice><sic>"</sic><corr>no text</corr></choice>half the water flowed northward to <placeName>Egypt</placeName>, the other 
<lb/><choice><sic>"</sic><corr>no text</corr></choice>half Southward into inner <placeName>Ethiopia</placeName>". I heard of this 
<lb/>remarkable spot, which if in <placeName>Armenia</placeName> would be the 
<lb/>locality nearly of the <placeName>Garden of Eden</placeName> from the natives 
<lb/>200 miles on the South West - again on the South East &amp; 
<lb/>East 150 miles off - then on the North East 180 miles 
<lb/>distant and here on the N.N.E. many intelligent 
<lb/>Arabs who have visited it, and had their wonder excited as 
<lb/>much as that of the natives give substantially the same 
<lb/>account. The Watershed from which the fountains of the 
<lb/><placeName>Nile</placeName> do unquestionably arise and on which stand <persName>Ptolemy</persName>
<lb/>Mountains of the Moon, is in length 700 &amp; 800 
<lb/>miles from West to East the Water collects into three 
<lb/>lines of drainage. The <placeName>Tanganyika</placeName> whose majestic flow 

	<pb n="0003" facs="liv_002554_0003"/><!--pb/@n='31'-->
<lb/><!--18-->I marked by miles &amp; miles of <space dim="horizontal" extent="1" unit="words"/> and other aquatic 
<lb/>vegetation for three months during my illness at 
<lb/><space dim="horizontal" extent="1" unit="words"/>
<lb/>is with <placeName>Lower Tanganynika</placeName> discovered by <persName>Baker</persName> a River 
<lb/>Lake from 20 to 30 miles broad. This <choice><sic>Sualaba</sic><corr>Lualaba</corr></choice> is another 
<lb/>Lacustrine river from two to six miles or more broad<reg>.</reg>
<lb/>The Western Line &amp; drainage is equally large. <persName>Ptolemy</persName>
<lb/>has but two of these head waters but he probably got 
<lb/>information from his predecessors who enquired of men 
<lb/>who had visited this very region and mistakes were 
<lb/>natural in oral information<reg>.</reg><persName> Speke<reg>'</reg>s</persName> great mistake 
<lb/>was the pursuit of a foregone conclusion. When he discovered 
<lb/>the <placeName>Victoria Nyanza</placeName> he at once leaped to the conclusion 
<lb/>that therein lay the sources, but subsequently as soon 
<lb/>as he and <persName>Grant</persName> looked to the <placeName>Nyanza</placeName> they turned 
<lb/>their backs on the <placeName>Nile</placeName> fountains<reg>.</reg> Had they doubled the 
<lb/>correctness of their conclusion they would have come West 
<lb/>with the trough of the great Valley and found these mighty 
<lb/>Streams not 80 or 90 yards as their <placeName>White Nile</placeName> but from 
<lb/>4000 to 800 yards and always deep I felt a little thank
<lb/>ful to Old <placeName>Nile</placeName> for so hiding his big head as to leave all 

	<pb n="0004" facs="liv_002554_0004"/><!--pb/@n='32'-->
<lb/><!--19-->theoretical discoverers out in the cold<reg>.</reg></p>
<lb/><p><persName>Captain Singleton</persName> may have come to the Southern 
<lb/>end of <placeName>Tanganyika</placeName> - never by the north end of <placeName>Msau</placeName> &amp; 
<lb/>there crossed the <placeName>Lualaba</placeName> &amp; then gone West by <space dim="horizontal" extent="1" unit="words"/> &amp; 
<lb/>come abreast of the Conge Salis yet undiscovered. The 
<lb/>Elephants tusks are eagerly collected from the interminable 
<lb/>forests on Manyema where they have lain till one half 
<lb/>rotten I saw the same thing at <placeName>Lake Ngami</placeName>. <persName>Defoe</persName>
<lb/>may have got his story from the <unclear cert="low">supercargo</unclear> - he began 
<lb/>to understand the Gunners Charts very well &amp; this could 
<lb/>not have been the Captain trying to magnify the 
<lb/>difficulties he speaks of deserts where <space dim="horizontal" extent="1" unit="words"/> exist. 
<lb/>He could scarcely have come through this region without 
<lb/>being plagued by the grass, and water is so abundant 
<lb/>none is ever carried by travellers - No tradition exists 
<lb/>of any white man coming through the <space dim="horizontal" extent="1" unit="words"/> are 
<lb/>known as "they <space dim="horizontal" extent="1" unit="words"/> the donkey" as they had one with them<reg>.</reg></p>
<lb/><p>I have now a sore longing to retire - no letters 
<lb/>since the date 1866 have reached me<reg>.</reg> An impertinent 
<lb/>letter from the Supernumery Under Secretary <persName>Murray</persName> in the 

	<pb n="0005" facs="liv_002554_0005"/><!--pb/@n='33'-->
<lb/><!--20-->Foreign Office forbids me having any claim no matter 
<lb/>what services I may render<reg>.</reg> He got <persName>Lord Russell<reg>'</reg>s</persName> 
<lb/>signature but it contained internal evidence that 
<lb/>His Lordship knew nothing about it<reg>.</reg> He might 
<lb/>enjoin future Governments to give but never <hi rend="underline">not</hi> to give 
<lb/>this worried me, and it is not without care that I 
<lb/>strive to make a complete work of the sources I 
<lb/>feel in a strait - duty draws me towards my family 
<lb/>and duty draws me to finish the work undertaken<reg>.</reg></p>
<lb/><p rend="center"><persName>David Livingstone</persName></p>
			
</div>
		</body>
	</text></TEI>