<?xml version="1.0" encoding="UTF-8"?>
<?xml-model href="http://livingstoneonline.github.io/LEAP-ODD/leap.rng" type="application/xml" schematypens="http://relaxng.org/ns/structure/1.0"?>
<?xml-model href="http://livingstoneonline.github.io/LEAP-ODD/leap.rng" type="application/xml" schematypens="http://purl.oclc.org/dsdl/schematron"?>
 <?xml-stylesheet href="http://livingstoneonline.github.io/LEAP-XSLT/transcription.xsl" type="text/xsl"?>
 <!--Converted from a TEI P4 XML file to the LEAP TEI P5 Schema by James Cummings on 2015-03-02--><!--TEI encoding revised and standardized by Adrian S. Wisnicki, 2015-2016-->
         <TEI xmlns="http://www.tei-c.org/ns/1.0" xml:id="liv_002567">
	<teiHeader>
		<fileDesc>
			<titleStmt>
				<title>Letter to Unknown</title>
                <title type="alternative">Letter to Unknown, 12 February 1871</title><!--MH - this is a scribal copy but is in cc - 1966 -->
				<author xml:id="DL">Livingstone, David, 1813-1873</author>
			</titleStmt>
			<publicationStmt>
				<authority>Livingstone Online</authority>
				<pubPlace>London</pubPlace>
				<date>2008-07-03</date>
				<publisher>Wellcome Centre for the History of Medicine, UCL</publisher>
				<idno type="LEAP-ID">liv_002567</idno>
			</publicationStmt>
			<sourceDesc>
				<bibl xml:id="shelfmark">Royal Geographical Society (Great Britain); Archives, DL 4/10/2</bibl>
				<bibl xml:id="recipient">Unknown</bibl>
				<bibl xml:id="date"><date when="1871-02-12">12 February 1871</date></bibl>
				<bibl xml:id="where">Bambarre, Manyema</bibl>
				<bibl xml:id="ccnumber">Letters, 1966</bibl>
			</sourceDesc>
		</fileDesc>
		<profileDesc>
			<langUsage>
				<language ident="en">English</language>
			</langUsage>
			<handNotes>
				<handNote xml:id="hand01">Scribe: unknown</handNote>
				<handNote xml:id="hand02">Scribe: unknown</handNote>
			</handNotes>
		</profileDesc>
		<revisionDesc>
			<change>
				<date>2008-07-03</date>
				<name xml:id="SM">Sharon Messenger</name>Initial Transcription by Sharon Messenger
			</change>
			<change>
				<date>2009-01-22</date>
				<name xml:id="CL">Christopher Lawrence</name>Proof by Chris Lawrence
			</change>
		</revisionDesc>
	</teiHeader>

	<text>
		<body xml:lang="en">
			<div>

	<pb n="0001" facs="liv_002567_0001"/><!--pb/@n='1'-->
<lb/><p><handShift new="#hand01"/>12: February 1871. </p>
<lb/><p><placeName>Bambarre:</placeName><placeName>Manyuema</placeName>: </p>
<!--MH this is scrawled accross the corner-->
<lb/><p><handShift new="#hand02"/>(Useful to Finlay - for the 
<lb/>geographical data) 
<lb/>a few passages marked 
<lb/>in the margin may be 
<lb/>had.)</p>
<lb/><p>P:S: I cut this off the 
<lb/>end of a packet of quinine 
<lb/>from <persName>Kirk</persName>, the first I 
<lb/>have had for years, to 
<lb/>say that I am sorry to 
<lb/>be in a manner compelled 
<lb/>to speak rather disparagingly 
<lb/>of the opinions of my - 
<lb/>Predecessors in exploration 
<lb/>but the discovery of the 
<lb/>sources of the <placeName>Nile</placeName> was 
<lb/>asserted so positively 
<lb/>and withal so honestly 
<lb/>that in making a similar 
<lb/>claim some explanation 
<lb/><fw type="catch">is</fw> 

	<pb n="0002" facs="liv_002567_0002"/><!--pb/@n='2'-->
<lb/>is necessary. Poor 
<lb/><persName>Speke's</persName> grand mistake 
<lb/>was, the eager pursuit 
<lb/>of a foregone conclusion. 
<lb/>When he discovered the 
<lb/><placeName>Victoria Nyanza or Okara</placeName>
<lb/>he at once leaped to the 
<lb/>conclusion that therein 
<lb/>lay the sources of the 
<lb/>river of <placeName>Egypt</placeName>. "20,000 
<lb/>square miles of water" 
<lb/>confused by sheer 
<w>im-<lb break="no"/>mensity.</w> He did not 
<lb/>know that according to 
<lb/>intelligent suaheli, who 
<lb/>have lived many years 
<lb/>East of <placeName>Okara</placeName> that <placeName>Lake 
<lb/>Barings</placeName>, <placeName>Lake Kavirondo</placeName>, 
<lb/>and <placeName>Lake Naibash</placeName> and <placeName>Lake 
<lb/>Okara</placeName> have been run into 
<lb/>one huge <placeName>Victoria Lake</placeName>. 
<lb/><fw type="catch">He</fw> 

	<pb n="0003" facs="liv_002567_0003"/><!--pb/@n='3'-->
<lb/>He seems never to have 
<lb/>allowed a doubt to 
<lb/>arise in his mind as 
<lb/>to the correctness of his 
<lb/>first conclusion<reg>.</reg> No 
<lb/>sooner however did he 
<lb/>and <persName>Grant</persName> turn their faces 
<lb/>to their <placeName>Nyanza</placeName> to prove 
<lb/>it true than they turned 
<lb/>their backs on the sources 
<lb/>of the <placeName>Nile</placeName> which are 500 
<lb/>miles further up the Great 
<lb/><placeName>Nile Valley</placeName> than the most 
<lb/>southern point of the 
<lb/><placeName>Victoria Lake</placeName>. When they 
<lb/>saw that the little river 
<lb/>that issues out of it though 
<lb/>termed the <placeName><hi rend="double-underline">White Nile</hi></placeName>: 
<lb/>would not account for 
<lb/>that great <del type="strikethrough">River</del> stream 
<lb/><fw type="catch">instead</fw> 

	<pb n="0004" facs="liv_002567_0004"/><!--pb/@n='4'-->
<lb/>instead of conjecturing 
<lb/>"a back water" to eke it 
<lb/>out but for devotion to 
<lb/>the foregone conclusion 
<lb/>they would have come 
<lb/>westward into the trough 
<lb/>of the Great Valley to find 
<lb/>out what did account 
<lb/>for the river of <placeName>Egypt</placeName>
<lb/>and there not to mention 
<lb/><placeName>Albert Nyanza</placeName> or lower 
<lb/><placeName>Tanganyika</placeName> the upper 
<lb/>part of which, <persName>Speke</persName>
<lb/>had already 
<w>partici-<lb break="no"/>pated</w> in discovering 
<lb/>he would have found 
<lb/>Webb's <placeName>Lualaba</placeName> not 
<lb/>80 or 90 yards broad. 
<lb/>(I speak from memory:) 
<lb/>but never less than from 
<lb/><fw type="catch">2000</fw> 

	<pb n="0005" facs="liv_002567_0005"/><!--pb/@n='5'-->
<lb/>2000 to 4000 yards - 
<lb/>sometimes 8000 yards 
<lb/>wide and always deep. 
<lb/>And again still further 
<lb/>West and still in the - 
<lb/>Great Valley<reg>.</reg><persName>Bartle Frere's</persName>
<lb/>and <persName>Young's</persName><placeName>Lualabas</placeName>
<lb/>of similar large proportions<reg>.</reg>
<lb/>The true head waters of 
<lb/>the <placeName>Nile</placeName> telling of a copious 
<lb/>supply of water for the 
<lb/>inundations and for 
<lb/>the enormous evaporation 
<lb/>of a river in Latitude 
<lb/>and Longitude from the 
<lb/>sources to the sea of about 
<lb/>three thousand miles<reg>.</reg> I 
<lb/>sympathize with all real 
<lb/>explorers &amp; admire the 
<lb/>splendid achievements 
<lb/>of <persName>Speke</persName>, <persName>Grant</persName> and <persName>Baker</persName>
<lb/><fw type="catch">the</fw> 

	<pb n="0006" facs="liv_002567_0006"/><!--pb/@n='6'-->
<lb/>the last named came 
<lb/>further up the Great 
<lb/>valley than any other in 
<lb/>modern times, but turned 
<lb/>when about seven hundred 
<lb/>miles short of the sources 
<lb/>the second Egyptian 
<w>ex-<lb break="no"/>pedition</w> under <persName>D<hi rend="sup underline">r</hi> Arnauld</persName>
<lb/>and <persName>Sabatier</persName> turned when 
<lb/>a round thousand miles 
<lb/>short of the same point 
<lb/>no one awakens my 
<lb/>admiration more than 
<lb/>the Dutch Lady explorer. 
<lb/>She had provided with 
<lb/>such wise foresight a 
<lb/>steamer with means of 
<lb/>both land and water 
<lb/>exploration and proceeded 
<lb/>so far in spite of the 
<lb/>severest domestic -
               <fw type="catch">affliction</fw> 

	<pb n="0007" facs="liv_002567_0007"/><!--pb/@n='7'-->
<lb/>affliction, the loss of 
<lb/>her two Aunts by fever 
<lb/>persevering so nobly 
<lb/>until she was assured 
<lb/>that <persName>Speke</persName> and <persName>Grant</persName>
<lb/>had already found 
<lb/>in the <placeName>Victoria Nyanza</placeName>
<lb/>the sources she sought 
<lb/>that but for being foiled 
<lb/>by an honest enough 
<w>state-<lb break="no"/>ment</w> she must inevitably 
<lb/>by boat or on land have 
<lb/>discovered the caput <placeName>Nile</placeName><reg>.</reg>
<lb/>I cannot <choice><sic>concieve</sic><corr>conceive</corr></choice> of a 
<lb/>lady of her indomitable 
<lb/>courage turning short of 
<lb/><placeName>Banguelo</placeName>. We great 
<lb/>he donkeys say exploration 
<lb/>was not becoming her sex<reg>.</reg>
<lb/>Considering <add place="above">that</add> some 1600 years 
<lb/>have elapsed since former 
<lb/><fw type="catch">or</fw> 

	<pb n="0008" facs="liv_002567_0008"/><!--pb/@n='8'-->
<lb/>or ancient travellers 
<lb/>came here and Kings, Emperors 
<lb/>philosophers. All the great 
<lb/>minds of antiquity longed 
<lb/>in vain to know the fountains 
<lb/>whence flow'd the famous 
<lb/>river. Exploration does 
<lb/>not seem to have been 
<lb/>very becoming the other 
<lb/>sex either. I know - 
<lb/>nothing about her save 
<lb/>what has appeared in 
<lb/>the papers: </p>
<lb/><p>(signed:) <persName>David Livingstone</persName>: </p>
			
</div>
		</body>
	</text></TEI>