<?xml version="1.0" encoding="UTF-8"?>
<?xml-model href="http://livingstoneonline.github.io/LEAP-ODD/leap.rng" type="application/xml" schematypens="http://relaxng.org/ns/structure/1.0"?>
<?xml-model href="http://livingstoneonline.github.io/LEAP-ODD/leap.rng" type="application/xml" schematypens="http://purl.oclc.org/dsdl/schematron"?>
 <?xml-stylesheet href="http://livingstoneonline.github.io/LEAP-XSLT/transcription.xsl" type="text/xsl"?>
 <!--Converted from a TEI P4 XML file to the LEAP TEI P5 Schema by James Cummings on 2015-03-02--><!--TEI encoding revised and standardized by Adrian S. Wisnicki, 2015-2016-->
         <TEI xmlns="http://www.tei-c.org/ns/1.0" xml:id="liv_002183"><!-- LP55 -->
	<teiHeader>
		<fileDesc>
			<titleStmt>
				<title>Letter to [Richard?] Owen</title>
                <title type="alternative">Letter to [Richard?] Owen, 8 February 1865</title>
				<author xml:id="DL">Livingstone, David, 1813-1873</author>
			</titleStmt>
			<publicationStmt>
				<authority>Livingstone Online</authority>
				<pubPlace>London</pubPlace>
				<date>2005-05-09</date>
				<publisher>Wellcome Centre for the History of Medicine, UCL</publisher>
				<idno type="LEAP-ID">liv_002183</idno>
			</publicationStmt>
			<sourceDesc>
				<bibl xml:id="ccnumber">Letters, 1599</bibl>
				<bibl xml:id="recipient"><persName>Owen, Richard, 1804-1892</persName></bibl>
				<bibl xml:id="date"><date when="1865-02-08">8 February 1865</date></bibl>
				<bibl xml:id="where">Newstead Abbey</bibl>
				<bibl xml:id="shelfmark">Wellcome Institute for the History of Medicine. Library; 7329 55</bibl><!--1865-02-08--><!--Original:1865-02-08-->
			</sourceDesc>
		</fileDesc>
		<revisionDesc>
			<change>
				<date>2005-05-09</date>
				<name xml:id="SM">Sharon Messenger</name>Initial Transcription
			</change>
			<change>
				<date>2006-02-13</date>
				<name xml:id="JB">Janet Browne</name>first proof
			</change>
			<change>
				<date>2006-02-22</date>
				<name xml:id="CL">Chris lawrence</name>second proof
			</change>
			<change>
				<date>2006-03-02</date>
				<name xml:id="CO">Caroline Overy</name>final proof
			</change>
		</revisionDesc>
	</teiHeader>

	<text>
		<body>
			<div>

	<pb n="0001" facs="liv_002183_0001"/><!--pb/@n='1'-->
<!--Hand 01 48 top left--><!--Hand 02 68010 superscript F top right--><!--headed embossed notepaper--><!-- <p rend="right">NEWSTEAD ABBEY,</p>
<p rend="right">MANSFIELD.</p>
<p rend="right">NOTTS.</p>--><!--end of headed notepaper-->
<lb/><p rend="right">8<hi rend="sup underline">th</hi> <choice><abbr>Feby</abbr><expan>February</expan></choice></p>
<lb/><p rend="right">1865</p>
<lb/><p>My Dear M<hi rend="sup">r</hi> Owen</p>
<lb/><p>I ought to 
<lb/>have sent my 
<lb/>brother's address 
<lb/>but wishing to 
<lb/>send you the 
<lb/>2<hi rend="sup underline">nd</hi> Revise in 
<lb/>order we have 
<lb/>got confused 
<lb/>and last is 
<lb/>coming first 

	<pb n="0002" facs="liv_002183_0002"/><!--pb/@n='2'-->
<lb/>I have this day 
<lb/>sent to the printer 
<lb/>the first revise 
<lb/>of the earlier 
<lb/>chapters &amp; when 
<lb/>they return I 
<lb/>shall trouble you 
<lb/>again.</p>
<lb/><p>Mean while 
<lb/>my brothers 
<lb/>address is 
<lb/>Charles Livingstone 
<lb/>H. M. Consul 

	<pb n="0003" facs="liv_002183_0003"/><!--pb/@n='3'-->
<lb/>Fernando Po: 
<lb/>West coast of 
<lb/>Africa. Care of M<hi rend="sup underline">r</hi> <choice><sic>Lennox</sic><corr>Lenox</corr></choice>
<lb/>Conynham 
<lb/>Foreign Office 
<lb/><add place="inline">London</add>
<lb/>and any wish 
<lb/>you express to 
<lb/>him I am quite 
<lb/>sure he will be 
<lb/>proud to attend to</p>
<lb/><p rend="center">I am &amp;c</p>
<lb/><p>David Livingstone</p>
			
</div>
		</body>
	</text></TEI>