<?xml version="1.0" encoding="UTF-8"?>
<?xml-model href="http://livingstoneonline.github.io/LEAP-ODD/leap.rng" type="application/xml" schematypens="http://relaxng.org/ns/structure/1.0"?>
<?xml-model href="http://livingstoneonline.github.io/LEAP-ODD/leap.rng" type="application/xml" schematypens="http://purl.oclc.org/dsdl/schematron"?>
 <?xml-stylesheet href="http://livingstoneonline.github.io/LEAP-XSLT/transcription.xsl" type="text/xsl"?>
 <!--Converted from a TEI P4 XML file to the LEAP TEI P5 Schema by James Cummings on 2015-03-02--><!--TEI encoding revised and standardized by Adrian S. Wisnicki, 2015-2016-->
         <TEI xmlns="http://www.tei-c.org/ns/1.0" xml:id="liv_002656">
	<teiHeader>
		<fileDesc>
			<titleStmt>
				<title>Letter to Earl of Malmesbury</title>
                <title type="alternative">Letter to Earl of Malmesbury, 17 December 1858</title>
				<author>Livingstone, David, 1813-1873</author>
			</titleStmt>
			<publicationStmt>
				<authority>Livingstone Online</authority>
				<pubPlace>London</pubPlace>
				<date>2007-10-23</date>
				<publisher>Wellcome Centre for the History of Medicine, UCL</publisher>
				<idno type="LEAP-ID">liv_002656</idno>
			</publicationStmt>
			<sourceDesc>
				<bibl xml:id="shelfmark">Royal Society (Great Britain); SA.789</bibl>
				<bibl xml:id="ccnumber"/>
				<bibl xml:id="recipient"><persName>Malmesbury, Earl of, 1807-1889</persName></bibl>
				<bibl xml:id="date"><date when="1858-12-17">17 December 1858</date></bibl>
				<bibl xml:id="where">Tette</bibl>
			</sourceDesc>
		</fileDesc>
		<profileDesc>
			<langUsage>
				<language ident="en">English</language>
			</langUsage>
			<handNotes>
				<handNote xml:id="hand01">Scribe: Unknown</handNote>
			</handNotes>
		</profileDesc>
		<revisionDesc>
			<change>
				<date>2007-10-23</date>
				<name xml:id="CO">Caroline Overy</name>Intial Transcription by Caroline Overy
			</change>
		</revisionDesc>
	</teiHeader>

	<text>
		<body xml:lang="en">
			<div><!-- all written in another hand-->

	<pb n="0001" facs="liv_002656_0001"/><!--pb/@n='1r'-->
<lb/><p>Extract of a Despatch from 
<lb/>Dr Livingstone, dated, </p>
<lb/><p rend="right"><placeName>Tette</placeName></p>
<lb/><p rend="right">17<hi rend="sup"><hi rend="double-underline">th</hi></hi> december 1858.</p>
<lb/><p>I enclose two sets of Magnetical 
<lb/>observations made by <persName>M<hi rend="sup"><hi rend="double-underline">r</hi></hi>
<lb/>Charles Livingstone</persName> for the 
<lb/><term type="institution">Royal Society</term>; a spirit level 
<lb/>has unfortunately been broken 
<lb/>- <persName>General Sabine</persName> will, I have 
<lb/>no doubt take charge of 
<lb/>the observations, and send 
<lb/>out another spirit level 
<lb/>with all convenient despatch 
<lb/>to the care of <persName>Admiral Grey</persName>
<lb/>at the Cape.</p>
			
</div>
		</body>
	</text></TEI>