<?xml version="1.0" encoding="UTF-8"?>
<?xml-model href="http://livingstoneonline.github.io/LEAP-ODD/leap.rng" type="application/xml" schematypens="http://relaxng.org/ns/structure/1.0"?>
<?xml-model href="http://livingstoneonline.github.io/LEAP-ODD/leap.rng" type="application/xml" schematypens="http://purl.oclc.org/dsdl/schematron"?>
 <?xml-stylesheet href="http://livingstoneonline.github.io/LEAP-XSLT/transcription.xsl" type="text/xsl"?>
 <!--Converted from a TEI P4 XML file to the LEAP TEI P5 Schema by James Cummings on 2015-03-02--><!--TEI encoding revised and standardized by Adrian S. Wisnicki, 2015-2016-->
         <TEI xmlns="http://www.tei-c.org/ns/1.0" xml:id="liv_002647"><!-- MS6 -->
	<teiHeader>
		<fileDesc>
			<titleStmt>
				<title>Prescription for William Mason</title>
                <title type="alternative">Prescription for William Mason, 6 February 1840</title>
				<author xml:id="DL">Livingstone, David, 1813-1873</author>
			</titleStmt>
			<publicationStmt>
				<authority>Livingstone Online</authority>
				<pubPlace>London</pubPlace>
				<date>2006-09-28</date>
				<publisher>Wellcome Centre for the History of Medicine, UCL</publisher>
				<idno type="LEAP-ID">liv_002647</idno>
			</publicationStmt>
			<sourceDesc>
				<bibl xml:id="ccnumber">Documents, 01</bibl>
				<bibl xml:id="recipient"><persName>Mason, William</persName></bibl>
				<bibl xml:id="date"><date when="1840-02-06">6 February 1840</date></bibl>
				<bibl xml:id="where">[Britain]</bibl>
				<bibl xml:id="shelfmark">Wellcome Institute for the History of Medicine. Library; 7329 73</bibl>
			</sourceDesc>
		</fileDesc>
		<revisionDesc>
			<change>
				<date>2006-09-28</date>
				<name>Sharon Messenger</name>initial transcription
			</change>
		</revisionDesc>
	</teiHeader>

	<text>
		<body>
			<div>

	<pb n="0001" facs="liv_002647_0001"/><!--pb/@n='1'-->
<!--hand 01 top left 63-->
<lb/><p rend="no-indent"><choice><orig n="translation"><choice><orig>Rx</orig><reg>Take</reg></choice>, <choice><orig>Potassæ Hydroid</orig><reg>Potassium Iodide</reg></choice> - <choice><orig><choice><orig><figure><figDesc>drachm<!--<graphic rend="other" url="x021d.gif"/>--></figDesc></figure></orig><reg>drachm</reg></choice>
<choice><orig>ß</orig><reg>half</reg></choice></orig><reg>half a drachm</reg></choice></orig><reg>Take half a drachm Potassium Iodide</reg></choice>.</p>

<lb/><p><choice><orig n="translation"><choice><orig>Decoct</orig><reg>Decoction</reg></choice> <choice><orig>Sarzae</orig><reg>Sarsaparilla</reg></choice> <choice><orig><figure><figDesc>lb<!--<graphic rend="other" url="x2114.gif"/>--></figDesc></figure></orig><reg>lb</reg></choice></orig><reg>1 lb Decoction of Sarsaparilla</reg></choice></p>

<lb/><p rend="no-indent"><choice><orig n="translation"><choice><orig>M</orig><reg>Mix</reg></choice><choice><orig>f<hi rend="sup">t</hi> Mist</orig><reg>make a Mixture</reg></choice><choice><orig>Cap<hi rend="sup">t</hi></orig><reg>Let her take</reg></choice><choice><orig>Coch mag 

<lb/>ij</orig><reg>2 tablespoons</reg></choice> <choice><orig>ter die</orig><reg>three times a day</reg></choice></orig><reg>Mix, make a Mixture. Let him take 2 tablespoons three times a day</reg></choice></p>

<lb/><p rend="no-indent">6 Feb/40 <persName>DL</persName> <choice><orig n="translation">pro</orig><reg>for</reg></choice> <persName><choice><orig n="translation">Gulie</orig><reg>William</reg></choice> Mason</persName></p><!--hand 02 bottom right 25612-->

<lb/><p rend="no-indent">Recipe given by <persName>D<hi rend="sup">r</hi> David Livingston,</persName></p>

<lb/><p rend="center ">the Celebrated,</p>

<lb/><p>African explorer.</p>
			
</div>
		</body>
	</text></TEI>