<?xml version="1.0" encoding="UTF-8"?>
<?xml-model href="http://livingstoneonline.github.io/LEAP-ODD/leap.rng" type="application/xml" schematypens="http://relaxng.org/ns/structure/1.0"?>
<?xml-model href="http://livingstoneonline.github.io/LEAP-ODD/leap.rng" type="application/xml" schematypens="http://purl.oclc.org/dsdl/schematron"?>
 <?xml-stylesheet href="http://livingstoneonline.github.io/LEAP-XSLT/transcription.xsl" type="text/xsl"?>
 <!--Converted from a TEI P4 XML file to the LEAP TEI P5 Schema by James Cummings on 2015-03-02--><!--TEI encoding revised and standardized by Adrian S. Wisnicki, 2015-2016-->
         <TEI xmlns="http://www.tei-c.org/ns/1.0" xml:id="liv_002645"><!-- LP53 -->
	<teiHeader>
		<fileDesc>
			<titleStmt>
				<title>Letter to William F. Webb</title>
                <title type="alternative">Letter to William F. Webb, 15 December 1864</title>
				<author>Livingstone, David, 1813-1873</author>
			</titleStmt>
			<publicationStmt>
				<authority>Livingstone Online</authority>
				<pubPlace>London</pubPlace>
				<date>2005-12-18</date>
				<publisher>Wellcome Centre for the History of Medicine, UCL</publisher>
				<idno type="LEAP-ID">liv_002645</idno>
			</publicationStmt>
			<sourceDesc>
				<bibl xml:id="shelfmark">Wellcome Institute for the History of Medicine. Library; 7329 53</bibl><!--MH this name from different hand on letter - not sure if recipient or not--><!--1864-12-15--><!--Original:1864-12-15-->
				<bibl xml:id="ccnumber"/>
				<bibl xml:id="recipient"><persName>Webb, William F., 1829-1899</persName></bibl>
				<bibl xml:id="date"><date when="1864-12-15">15 December 1864</date></bibl>
				<bibl xml:id="where">[Newstead Abbey]</bibl>
				<bibl xml:id="extent">2 pages</bibl>
			</sourceDesc>
		</fileDesc>
		<revisionDesc>
			<change>
				<date>2005-05-16</date>
				<name xml:id="SM">Sharon Messenger</name>Initial Transcription
			</change>
			<change>
				<date>2006-02-14</date>
				<name xml:id="JB">Janet Browne</name>first proof
			</change>
			<change>
				<date>2006-02-22</date>
				<name xml:id="CL">Chris lawrence</name>second proof
			</change>
			<change>
				<date>2006-03-02</date>
				<name xml:id="CO">Caroline Overy</name>final proof
			</change>
		</revisionDesc>
	</teiHeader>

	<text>
		<body>
			<div><!-- This file needs to be rechecked since it was mangled by word MH 2005-12-18 - checked CO 2005-01-26 -->

	<pb n="0001" facs="liv_002645_0001"/><!--pb/@n='1'-->
<!--Hand 01 46 top left--><!--Hand 02 68229 top right--><!--Hand 03 <p rend="center">W F Webbs Esq</p> --><!--headed notepaper--><!--<p rend="right">Newstead Abbey,</p>
<p rend="right">Mansfield,</p>
<p rend="right">Notts.</p>--><!--end of headed notepaper-->
<lb/><p rend="right">15<hi rend="sup underline">th</hi> <choice><abbr>Dec<hi rend="sup underline">r</hi></abbr><expan>December</expan></choice> 1864</p>
<lb/><p>Sirs,</p>
<lb/><p>My Father advises 
<lb/>me to write &amp; say 
<lb/>he is much obliged 
<lb/>to you for the footnotes, 
<lb/>&amp; if he is in Oxford 
<lb/>will be most happy 
<lb/>to sit for his portrait 
<lb/>He hopes you will 

	<pb n="0002" facs="liv_002645_0002"/><!--pb/@n='2'-->
<lb/>excuse his not writing 
<lb/>to you himself, but 
<lb/>his time is so much 
<lb/>occupied.</p>
<lb/><p rend="right">Yours truly</p>
<lb/><p rend="right">Agnes Livingstone</p>
<lb/><p rend="right">For</p>
<lb/><p rend="right">D<hi rend="sup underline">r</hi> Livingstone</p>
			
</div>
		</body>
	</text></TEI>