<?xml version="1.0" encoding="UTF-8"?>
<?xml-model href="http://livingstoneonline.github.io/LEAP-ODD/leap.rng" type="application/xml" schematypens="http://relaxng.org/ns/structure/1.0"?>
<?xml-model href="http://livingstoneonline.github.io/LEAP-ODD/leap.rng" type="application/xml" schematypens="http://purl.oclc.org/dsdl/schematron"?>
 <?xml-stylesheet href="http://livingstoneonline.github.io/LEAP-XSLT/transcription.xsl" type="text/xsl"?>
 <!--Converted from a TEI P4 XML file to the LEAP TEI P5 Schema by James Cummings on 2015-03-02--><!--TEI encoding revised and standardized by Adrian S. Wisnicki, 2015-2016-->
         <TEI xmlns="http://www.tei-c.org/ns/1.0" xml:id="liv_002242">
	<teiHeader>
		<fileDesc>
			<titleStmt>
				<title>Letter to [John Kirk 2]</title>
                <title type="alternative">Letter to [John Kirk 2], 28 March 1865</title>
				<author xml:id="DL">Livingstone, David, 1813-1873</author>
			</titleStmt>
			<publicationStmt>
				<authority>Livingstone Online</authority>
				<pubPlace>London</pubPlace>
				<date>2008-01-25</date>
				<publisher>Wellcome Centre for the History of Medicine, UCL</publisher>
				<idno type="LEAP-ID">liv_002242</idno>
			</publicationStmt>
			<sourceDesc>
				<bibl xml:id="shelfmark">National Library of Scotland; Acc. 9942, ff. 23r-23v</bibl>
				<bibl xml:id="ccnumber">Letters, 1656</bibl>
				<bibl xml:id="recipient"><persName>Kirk, John 2, 1832-1922</persName></bibl>
				<bibl xml:id="date"><date when="1865-03-28">28 March 1865</date></bibl>
				<bibl xml:id="where">Newstead Abbey</bibl>
			</sourceDesc>
		</fileDesc>
		<profileDesc>
			<langUsage>
				<language ident="en">English</language>
			</langUsage>
			<handNotes>
				<handNote xml:id="hand01">Scribe: Unknown</handNote>
			</handNotes>
		</profileDesc>
		<revisionDesc>
			<change>
				<date>2008-01-25</date>
				<name xml:id="SM">Sharon Messenger</name>Initial Transcription by Sharon Messenger
			</change>
			<change>
				<date>2008-04-11</date>
				<name xml:id="CL">Chris Lawrence</name>Proofed by Chris Lawrence
			</change>
		</revisionDesc>
	</teiHeader>

	<text>
		<body xml:lang="en">
			<div>

	<pb n="0001" facs="liv_002242_0001"/><!--pb/@n='23r'-->
<addSpan spanTo="#p23r-01" place="marginleft"><!--addSpan/@place='left margin of fol. 23r'--></addSpan>
<lb/><p rend="no-indent">They will be at <placeName>51 Upper Brook St.</placeName> but 
<lb/>I gave her your address.</p><anchor xml:id="p23r-01"/>
<lb/><p rend="right">28<hi rend="sup underline">th</hi> March 1865 </p>
<lb/><p><hi rend="underline">Private</hi></p>
<lb/><p>The cartilage that has 
<lb/>been locking the joint 
<lb/>came out this morning 
<lb/>and <persName>M<hi rend="sup underline">r</hi> &amp; M<hi rend="sup underline">rs</hi> Webb</persName>
<lb/>go off to <placeName>London</placeName> for 
<lb/>advice to <persName>Fergusson</persName>
<lb/>&amp; perhaps <persName>Paget</persName>. 
<lb/>We put a ring round 
<lb/>the cartilage &amp; a pad 
<lb/>over the spot from 
<lb/>which it appeared 
<lb/>to have come out. 
<lb/><choice><reg>A</reg><orig>a</orig></choice>nd they are off. 
<lb/>I promised <add place="above"><persName>M<hi rend="sup underline">rs</hi> W</persName></add> to write 
<lb/>a private note to 
<lb/>you and she will 

	<pb n="0002" facs="liv_002242_0002"/><!--pb/@n='23v'-->
<lb/>let you know when 
<lb/>they are settled - as she 
<lb/>would have much 
<lb/>more confidence 
<lb/>in the opinion of a 
<lb/>friend than of others. 
<lb/>You will please object 
<lb/>quite strongly against 
<lb/>any operation till 
<lb/>the path of the thing 
<lb/>out of the joint is 
<lb/>obliterated. You will 
<lb/>thereby do a kindness 
<lb/>to <persName>M<hi rend="sup underline">rs</hi> W</persName>. I said keep 
<lb/>the thing where it is &amp; 
<lb/>press it down till in 
<lb/>its own sack &amp; then 
<lb/>operate - and I hinted 
<lb/>that he had better ask the 
<lb/>surgeons to guarantee 
<lb/>him a supple &amp; not a stiff 
<lb/>joint if they operate now<reg>.</reg></p>
			
</div>
		</body>
	</text></TEI>