<?xml version="1.0" encoding="UTF-8"?>
<?xml-model href="http://livingstoneonline.github.io/LEAP-ODD/leap.rng" type="application/xml" schematypens="http://relaxng.org/ns/structure/1.0"?>
<?xml-model href="http://livingstoneonline.github.io/LEAP-ODD/leap.rng" type="application/xml" schematypens="http://purl.oclc.org/dsdl/schematron"?>
 <?xml-stylesheet href="http://livingstoneonline.github.io/LEAP-XSLT/transcription.xsl" type="text/xsl"?>
 <!--Converted from a TEI P4 XML file to the LEAP TEI P5 Schema by James Cummings on 2015-03-02--><!--TEI encoding revised and standardized by Adrian S. Wisnicki, 2015-2016-->
         <TEI xmlns="http://www.tei-c.org/ns/1.0" xml:id="liv_002313">
	<teiHeader>
		<fileDesc>
			<titleStmt>
				<title>Letter to Arthur Tidman</title>
                <title type="alternative">Letter to Arthur Tidman, 25 May 1865</title>
				<author xml:id="DL">Livingstone, David, 1813-1873</author>
			</titleStmt>
			<publicationStmt>
				<authority>Livingstone Online</authority>
				<pubPlace>London</pubPlace>
				<date>2009-05-19</date>
				<publisher>Wellcome Centre for the History of Medicine, UCL</publisher>
				<idno type="LEAP-ID">liv_002313</idno>
			</publicationStmt>
			<sourceDesc>
				<bibl xml:id="shelfmark">University of London. School of Oriental and African Studies; CWM/LMS/Livingstone Wooden Box, item 114B</bibl>
				<bibl xml:id="ccnumber">Letters, 1723</bibl>
				<bibl xml:id="recipient"><persName>Tidman, Arthur, 1792-1868</persName></bibl>
				<bibl xml:id="date"><date when="1865-05-25">25 May 1865</date></bibl>
				<bibl xml:id="where">Burnbank Road, Hamilton</bibl>
			</sourceDesc>
		</fileDesc>
		<profileDesc>
			<langUsage>
				<language ident="en">English</language>
			</langUsage>
			<handNotes>
				<handNote xml:id="hand01">Scribe: Unknown</handNote>
			</handNotes>
		</profileDesc>
		<revisionDesc>
			<change>
				<date>2009-05-19</date>
				<name xml:id="initials">SM</name>Letter foliated by Sharon Messenger
			</change>
			<change>
				<date>2009-06-11</date>
				<name xml:id="CL">Chris Lawrence</name>Proofed by Chris
			</change>
		</revisionDesc>
	</teiHeader>

	<text>
		<body xml:lang="en">
			<div>

	<pb n="0001" facs="liv_002313_0001"/><!--pb/@n='1r'-->
<lb/><p rend="right"><placeName>Burnbank Road</placeName></p>
<lb/><p rend="right"><placeName>Hamilton</placeName></p>
<lb/><p rend="right">25 May 1865 </p>
<lb/><p>My dear <persName>D<hi rend="sup underline">r</hi> Tidman</persName></p>
<lb/><p>I have been rather 
<lb/>surprised at finding 
<lb/>that several good 
<lb/>people have been 
<lb/>made uneasy by 
<lb/>the aspersions of 
<lb/>that beastly fellow 
<lb/><persName>Burton</persName> against 
<lb/>the missionaries 
<lb/>on the West Coast<reg>.</reg>
<lb/>My answer to them 
<lb/>has been that so 
<lb/>much care is exercised 

	<pb n="0002" facs="liv_002313_0002"/><!--pb/@n='1v'-->
<lb/>in the selection that 
<lb/>no uneasiness need 
<lb/>be felt, and I know 
<lb/>them to be generally 
<lb/>devoted and upright 
<lb/>men, but it is 
<lb/>probable that more 
<lb/>are in doubt than 
<lb/>have come to my 
<lb/>knowledge. One 
<lb/>cannot defile 
<lb/>himself by touching 
<lb/>such as <persName>Burton</persName>
<lb/>who seems to be a 
<lb/>moral idiot. His 
<lb/>conduct in <placeName>Africa</placeName>
<lb/>was so bad that 
<lb/>it cannot be spoken of 

	<pb n="0003" facs="liv_002313_0003"/><!--pb/@n='2r'-->
<lb/>without disgust - 
<w>system-<lb break="no"/>atically</w> wicked - and 
<lb/>impure, and untruthful. 
<lb/>Would it not be 
<lb/>better to invite <persName>M<hi rend="sup underline">r</hi> 
<lb/>Moffat</persName> home for 
<lb/>a year just to shew 
<lb/>people what a 
<lb/>missionary is - I 
<lb/>would not like 
<lb/>him to be worked 
<lb/>to death, but his 
<lb/>presence would do 
<lb/>more good here 
<lb/>than he doing out 
<lb/>at <placeName>Kuruman</placeName> now<reg>.</reg>
<lb/>He could get his 
<lb/>revised New Testa
<lb/>ment printed here 

	<pb n="0004" facs="liv_002313_0004"/><!--pb/@n='2v'-->
<lb/>and actually save 
<lb/>time. I venture 
<lb/>to throw this out to 
<lb/>you as a hint of 
<lb/>which you may 
<lb/>be disposed or not 
<lb/>to take advantage - 
<lb/>and which you need 
<lb/>not trouble yourself 
<lb/>to answer<reg>.</reg></p>
<lb/><p rend="center">I am &amp;c </p>
<lb/><p rend="center"><persName>David Livingstone</persName></p>
			
</div>
		</body>
	</text></TEI>