<?xml version="1.0" encoding="UTF-8"?>
<?xml-model href="http://livingstoneonline.github.io/LEAP-ODD/leap.rng" type="application/xml" schematypens="http://relaxng.org/ns/structure/1.0"?>
<?xml-model href="http://livingstoneonline.github.io/LEAP-ODD/leap.rng" type="application/xml" schematypens="http://purl.oclc.org/dsdl/schematron"?>
 <?xml-stylesheet href="http://livingstoneonline.github.io/LEAP-XSLT/transcription.xsl" type="text/xsl"?>
 <!--Converted from a TEI P4 XML file to the LEAP TEI P5 Schema by James Cummings on 2015-03-02--><!--TEI encoding revised and standardized by Adrian S. Wisnicki, 2015-2016-->
         <TEI xmlns="http://www.tei-c.org/ns/1.0" xml:id="liv_002597">
	<teiHeader>
		<fileDesc>
			<titleStmt>
				<title>Letter to Francis Skead</title>
                <title type="alternative">Letter to Francis Skead, 8 February 1872</title>
				<author xml:id="DL">Livingstone, David, 1813-1873</author>
			</titleStmt>
			<publicationStmt>
				<authority>Livingstone Online</authority>
				<pubPlace>London</pubPlace>
				<date>2014</date>
				<publisher>Wellcome Centre for the History of Medicine, UCL</publisher>
				<idno type="LEAP-ID">liv_002597</idno>
			</publicationStmt>
			<sourceDesc>
				<bibl xml:id="shelfmark">Peabody Essex Museum</bibl>
				<bibl xml:id="recipient"><persName>Skead, Francis, 1823-1891</persName></bibl>
				<bibl xml:id="where">Ngombe Nullah</bibl>
				<bibl xml:id="date"><date when="1872-02-08">8 February 1872</date></bibl>
				<bibl xml:id="ccnumber">Letters, 1993</bibl>
			</sourceDesc>
		</fileDesc>
		<profileDesc>
			<langUsage>
				<language ident="en">English</language>
			</langUsage>
			<handNotes>
				<handNote xml:id="hand01">Scribe: Unknown</handNote>
			</handNotes>
		</profileDesc>
		<revisionDesc>
			<change>
				<date>2008-09-19</date>
				<name xml:id="initials">SM</name>Initial Transcription by Sharon Messenger
			</change>
			<change>
				<date>2009-01-22</date>
				<name xml:id="CL">Christopher Lawrence</name>Proof by Chris Lawrence
			</change>
		</revisionDesc>
	</teiHeader>

	<text>
		<body xml:lang="en">
			<div>

	<pb n="0001" facs="liv_002597_0001"/><!--pb/@n='01'-->
<addSpan spanTo="#p01-01" place="marginleft"><!--addSpan/@place='left hand margin of fos.01'--></addSpan>
<lb/><p rend="no-indent">I am very sincerely yours 
<lb/><persName>David Livingstone</persName></p><anchor xml:id="p01-01"/>
<lb/><p rend="right"><placeName>Ngombe Nullah</placeName> <unclear cert="low">8</unclear><hi rend="sup">th</hi> Feby</p>
<lb/><p rend="right">1872 </p>
<lb/><p>My Dear <persName>Skead</persName></p>
<lb/><p>I do not like 
<lb/>to lose my friends by not 
<lb/>writing to them - but 
<lb/>getting letters destroyed 
<lb/>by slaving Arabs 
<lb/>and Banians has 
<lb/>put me in the position 
<lb/>of appearing to be 
<lb/>quite careless to many 
<lb/>who like you I have 
<lb/>always regarded 
<lb/>with feelings of great 
<lb/>kindness. It is 
<lb/>quite an age since 
<lb/>I heard from you 

	<pb n="0002" facs="liv_002597_0002"/><!--pb/@n='02'-->
<lb/>but I have been in the 
<lb/>slave mart of Eastern 
<lb/><placeName>Africa</placeName> and all the 
<lb/>slavers dread being 
<lb/>"written against" and 
<lb/>letters either going 
<lb/>from or coming to me 
<lb/>have been treated 
<lb/>as unclean &amp; burked<reg>.</reg>
<lb/>An American gentleman 
<lb/>takes this to the coast 
<lb/>so I make my excuse 
<lb/>to you for long silence<reg>.</reg>
<lb/>I have been exploring 
<lb/>for a long time 
<lb/>the sources of the <placeName>Nile</placeName>
<lb/>and having found 
<lb/>an immense number 
<lb/>of them in 10¨ - 12¨ South 

	<pb n="0003" facs="liv_002597_0003"/><!--pb/@n='03'-->
<lb/><gap extent="1" unit="lines" agent="damage"/>down the great central 
<lb/>valley and through 
<lb/>among the cannibals 
<lb/>the Watershed is some 
<lb/><unclear cert="low">700</unclear> miles long - from 
<lb/>it innumerable springs 
<lb/>converge into enormous 
<lb/>rivers and Lakes 
<lb/>not in an <placeName>"Upper 
<lb/>Nile Basin"</placeName> but in 
<lb/>a rather quick slope. 
<lb/>As soon as the <unclear cert="low">Southern</unclear>
<lb/>was known it was 
<lb/>claimed for certain 
<lb/>dreamers called 
<lb/>Theoretical discovery 
<lb/>now by this packet 
<lb/>I reveal 700 miles 
<lb/>of fountains and to 
<lb/>be fair the dreamers 

	<pb n="0004" facs="liv_002597_0004"/><!--pb/@n='04'-->
<lb/>must be allowed to have 
<lb/>hit on the division of 
<lb/>labour in their crossing 
<lb/>each may claim 233 miles 
<lb/>- a great Psychological 
<lb/>discovery - I am going 
<lb/>East to seize some 
<lb/>of my goods which 
<lb/>were unwisely handed 
<lb/>over to slaves and to 
<lb/>slave traders - the jolly 
<lb/>fellows have been 
<lb/>feasting on them for 14 
<lb/>months. They have 
<lb/>inflicted a loss of 2 
<lb/>years in time = 1800 
<lb/>miles of tramp and 
<lb/>at least £1000 of money<reg>.</reg>
<lb/>But I hope to get over 
<lb/>it all and with kind 
<lb/>love to your wife<reg>.</reg></p> 
			
</div>
		</body>
	</text></TEI>