<?xml version="1.0" encoding="UTF-8"?>
<?xml-model href="http://livingstoneonline.github.io/LEAP-ODD/leap.rng" type="application/xml" schematypens="http://relaxng.org/ns/structure/1.0"?>
<?xml-model href="http://livingstoneonline.github.io/LEAP-ODD/leap.rng" type="application/xml" schematypens="http://purl.oclc.org/dsdl/schematron"?>
 <?xml-stylesheet href="http://livingstoneonline.github.io/LEAP-XSLT/transcription.xsl" type="text/xsl"?>
 <!--Converted from a TEI P4 XML file to the LEAP TEI P5 Schema by James Cummings on 2015-03-02--><!--TEI encoding revised and standardized by Adrian S. Wisnicki, 2015-2016-->
         <TEI xmlns="http://www.tei-c.org/ns/1.0" xml:id="liv_002668">
	<teiHeader>
		<fileDesc>
			<titleStmt>
				<title>Letter to H. Bartle E. Frere</title>
                <title type="alternative">Letter to H. Bartle E. Frere, July 1868</title><!-- Scopy of letter C&C 1933 original in California -->
				<author xml:id="DL">Livingstone, David, 1813-1873</author>
			</titleStmt>
			<publicationStmt>
				<authority>Livingstone Online</authority>
				<pubPlace>London</pubPlace>
				<date>2008-07-07</date>
				<publisher>Wellcome Centre for the History of Medicine, UCL</publisher>
				<idno type="LEAP-ID">liv_002668</idno>
			</publicationStmt>
			<sourceDesc>
				<bibl xml:id="shelfmark">Royal Geographical Society (Great Britain); Archives, DL 4/7/2</bibl>
				<bibl xml:id="ccnumber">Letters, 1933</bibl>
				<bibl xml:id="recipient"><persName>Frere, H. Bartle E., 1815-1884</persName></bibl>
				<bibl xml:id="date"><date when="1868-07">July 1868</date></bibl>
				<bibl xml:id="where">Near Lake Bangweolo, S.C.A.</bibl>
			</sourceDesc>
		</fileDesc>
		<profileDesc>
			<langUsage>
				<language ident="en">English</language>
			</langUsage>
			<handNotes>
				<handNote xml:id="hand01">Scribe: unknown</handNote>
				<handNote xml:id="hand02">Scribe: unknown</handNote>
				<handNote xml:id="hand03">Scribe: unknown</handNote>
			</handNotes>
		</profileDesc>
		<revisionDesc>
			<change>
				<date>2008-07-07</date>
				<name xml:id="SM">Sharon Messenger</name>Initial Transcription by Sharon Messenger
			</change>
			<change>
				<date>2009-04-06</date>
				<name xml:id="CL">Chris Lawrence</name>Proofed by Chris Lawrence
			</change>
		</revisionDesc>
	</teiHeader>

	<text>
		<body xml:lang="en">
			<div>

	<pb n="0001" facs="liv_002668_0001"/><!--pb/@n='1'-->
<lb/><p><handShift new="#hand01"/>4. Letter from <persName>D<hi rend="sup">r</hi> Livingstone</persName> to 
<lb/><persName>Sir Bartle Frere</persName></p>
<lb/><p><handShift new="#hand02"/>Near<placeName> Lake Bangweolo</placeName>. 
<lb/><placeName>South Central Africa</placeName> July 1868 </p>
<lb/><p>My dear <persName>Sir Bartle</persName>
<lb/>When I wrote to 
<lb/>you to in February 1867, I had 
<lb/>the impression that I was 
<lb/>then on the watershed 
<lb/>between the <placeName>Zambesi</placeName> &amp; either 
<lb/>the <placeName>Congo</placeName> or <del type="strikethrough">the</del><placeName>Nile</placeName>. Further 
<lb/>observation now leads me 
<lb/>to believe that impression to 
<lb/>have been correct, &amp; from 
<lb/>what I have myself seen, 
<lb/>together with what I have 
<lb/>heard from intelligent 
<lb/>natives - I think that I can 
<lb/>safely assert that the chief 
<lb/>sources of the <placeName>Nile</placeName> rise between 
<lb/>10° and 12° South Latitude: 
<lb/>or nearly in the position 
<lb/>assigned to them by <persName>Ptolomy</persName>
<lb/>whose river <placeName>Bhapta</placeName> is 
<lb/>probably the <placeName>Rovuma</placeName>. I 
<lb/>cannot yet speak positively 
<lb/>of the parts West &amp; N.N. West 
<lb/>of <placeName>Tanganyika</placeName> because 
<lb/>these have not yet come 
<lb/>under my observation 
<lb/>but if you will read the 
<lb/>following short sketch of 
<lb/>what I have seen you 
<lb/><fw type="catch" place="marginbottom" rend="right">will</fw> 

	<pb n="0002" facs="liv_002668_0002"/><!--pb/@n='2'-->
<lb/>will see that the springs 
<lb/>of the <placeName>Nile</placeName> have hitherto 
<lb/>been sought for very much 
<lb/>too far to the North. </p>
<lb/><p>Leaving the valley of the 
<lb/><placeName>Loangwa</placeName> at 12° South we climbed 
<lb/>up what seemed to be a great 
<lb/>map of mountains, but it 
<lb/>turned out to be the southern 
<lb/>edge of an elevated region 
<lb/>the height of which is from 
<lb/>4000 to 6000 feet above the 
<lb/>level of the sea - this upland 
<lb/>may be roughly said to 
<lb/>cover a space south of <placeName>Lake 
<lb/>Tanganyika</placeName> of some 350 
<lb/>miles square - It is generally 
<lb/>covered with dense forest - 
<lb/>has an undulating surface - 
<lb/>a rich soil - is well watered 
<lb/>with numerous rivulets, &amp; 
<lb/>for <placeName>Africa</placeName> is cold. It slopes 
<lb/>towards the North &amp; West but 
<lb/>I have not seen any part 
<lb/>of it under 3000 feet of 
<lb/>altitude - The country of 
<lb/><placeName>Usango</placeName> situated East of 
<lb/>the space indicated is 
<lb/>also an upland and affords 
<lb/>pasturage for the immense 
<lb/>herds of the cattle of the <term type="tribe">Basango</term>
<lb/>(Wasango of the Arabs) a 
<lb/>very light coloured race very 
<lb/>friendly with strangers. 
<lb/><placeName>Usango</placeName> forms one the eastern 
<lb/><fw type="catch" place="marginbottom" rend="right">side</fw> 

	<pb n="0003" facs="liv_002668_0003"/><!--pb/@n='3'-->
<lb/>side of the southern end of 
<lb/>a great but still elevated 
<lb/>valley. The other or Western 
<lb/>side is formed by what are 
<lb/>called the Kone mountains 
<lb/>beyond the copper mines of 
<lb/><placeName>Katanga</placeName>. - Still further West 
<lb/>&amp; beyond the Kone Range or 
<lb/>plateau rises our old acquaintance 
<lb/>the <placeName>Zambesi</placeName> by the name 
<lb/><placeName>Zambaji</placeName>. Referring back 
<lb/>to 12° South - It was rarely 
<lb/>possible to obtain even a 
<lb/>latitude but accidentally 
<lb/>awaking one morning 
<lb/>after we were fairly on 
<lb/>the upland I found a 
<lb/>star which shewed lat. 11° 
<lb/>56′ south - and next day 
<lb/>we crossed two rivulets 
<lb/>running North - As we 
<lb/>advanced brooks became 
<lb/>numerous - some went 
<lb/>backwards or sideways into 
<lb/>the <placeName>Loangwa</placeName> &amp; with it to join 
<lb/>the <placeName>Zambesi</placeName> at <placeName>Zumbo</placeName> - 
<lb/>but the greatest number went 
<lb/>North or Nor-West into 
<lb/>the river <placeName>Chambeze</placeName>. This, misled 
<lb/>by a map calling it an 
<lb/>offhand manner "<hi rend="underline"><placeName>Zambesi, 
<lb/>Eastern branch</placeName></hi>" - I took to 
<lb/>be the river so indicated 
<lb/>but the <placeName>Chambeze</placeName> with 
<lb/>all its branches flows from 
<lb/><fw type="catch" place="marginbottom" rend="right">the</fw> 

	<pb n="0004" facs="liv_002668_0004"/><!--pb/@n='4'-->
<lb/>the side into the centre of 
<lb/>the great <placeName>Nile</placeName> valley - It is 
<lb/>remarkable as helping to form 
<lb/>three lakes and changing 
<lb/>its name three times in 
<lb/>the 500 or 600 miles of its 
<lb/>course - First of all it is 
<lb/>the <placeName>Chambeze</placeName> which I 
<lb/>crossed in 10° 34′ south - 
<lb/>I crossed several of its 
<lb/>confluents both on its South 
<lb/>&amp; North quite as large as 
<lb/>the <placeName>Isis</placeName> at <placeName>Oxford</placeName> but running 
<lb/>faster &amp; having hippopotami 
<lb/>in them. I mention these 
<lb/>animals because when 
<lb/>navigating the <placeName>Zambesi</placeName>
<lb/>I steered always boldly on 
<lb/>to where these beasts lay 
<lb/>sure of never finding less 
<lb/>than eight feet of water - 
<lb/>The <placeName>Chambeze</placeName> flows into 
<lb/><placeName>Lake Bangweolo</placeName>, &amp; on 
<lb/>coming out of it assumes 
<lb/>the name <placeName>Luapula</placeName>. <placeName>Luapula</placeName> - 
<lb/>flows down north past the 
<lb/>town of <placeName>Cazembe</placeName> and then 
<lb/>enters <placeName>Lake Moero</placeName>. On emerging 
<lb/>from it the name <placeName>Lualaba</placeName>
<lb/>is taken. In passing on N. 
<lb/>N. West it becomes very 
<lb/>large and forms <placeName>Wenge</placeName> in 
<lb/>the country West of 
<lb/><placeName>Tanganyika</placeName>. 
<lb/>I have seen it only where it 
<lb/>leaves <placeName>Moero</placeName> by a crack in 
<lb/><fw type="catch" place="marginbottom" rend="right">the</fw> 

	<pb n="0005" facs="liv_002668_0005"/><!--pb/@n='5'-->
<lb/>the mountains of <placeName>Rua</placeName> &amp; where 
<lb/>it comes out again and am 
<lb/>sure it is sufficient to form 
<lb/><placeName>Wenge</placeName> whether it is a Lake 
<lb/>with many islands in it 
<lb/>or a Punjaub if I may use 
<lb/>the word before the waters 
<lb/>are all gathered up by the 
<lb/><placeName>Lupira</placeName> a large river which 
<lb/>drains the Western side 
<lb/>of the great valley and having 
<lb/>its sources between 11° and 12° S. 
<lb/>Beyond <placeName>Wenge</placeName> &amp; <placeName>Wenge </placeName>itself 
<lb/>is purely native information, 
<lb/>and some believe that 
<lb/>when <placeName>Lupira</placeName> takes it up 
<lb/>it flows N.N.W. into a 
<lb/>large lake named <placeName>Chowambe</placeName>
<lb/>which I conjecture to be that 
<lb/>discovered by <persName>M<hi rend="sup underline">r</hi> Baker</persName>, 
<lb/>others think that it goes 
<lb/>into <placeName>Tanganyika</placeName> &amp; flows 
<lb/>thence into <placeName>Chowambe</placeName>
<lb/>by river named <placeName>Loanda</placeName>. 
<lb/>I suspend my judgment 
<lb/>but think if the immense 
<lb/>amount of water I have 
<lb/>seen going North does 
<lb/>not flow past <placeName>Lake 
<lb/>Tanganyika</placeName> on the West 
<lb/>it must have an exit &amp; 
<lb/>in all probability it is 
<lb/>by the <placeName>Loanda</placeName>- </p>
<lb/><p>Referring again to the 
<lb/>Upland I found it divided 
<lb/><fw type="catch" place="marginbottom" rend="right">into</fw> 

	<pb n="0006" facs="liv_002668_0006"/><!--pb/@n='6'-->
<lb/>into districts - <placeName>Lobisa</placeName> - <placeName>Lobemba</placeName>
<lb/><placeName>Wungu</placeName>- <placeName>Itawa</placeName>- <placeName>Lopere</placeName> - 
<lb/><placeName>Kabuire</placeName> - <placeName>Lunda</placeName>- &amp;<placeName>Rua</placeName>
<lb/>the people are known by 
<lb/>putting Ba- instead of 
<lb/>the intitial <del type="strikethrough">letter</del> syllable 
<lb/>for country Lo or U - the 
<lb/>Arabs use Wa instead of 
<lb/>Ba as that is Luaheli - 
<lb/>On the slope North &amp; in the 
<lb/><placeName>Banglungu</placeName> country I discovered 
<lb/><placeName>Lake Liemba</placeName> on 2<hi rend="sup underline">nd</hi> April 
<lb/>1867. It lies in a hollow with 
<lb/>precipitous sides 2000 feet 
<lb/>down. It is extremely 
<lb/>beautiful, sides, top &amp; bottom 
<lb/>being <add place="above">richly</add> clothed with trees 
<lb/>&amp; other vegetation. Elephants 
<lb/>buffaloes and antelopes feed 
<lb/>on the steep slopes, fish &amp; 
<lb/>hippopotami swarm in 
<lb/>the waters - two rocky islands 
<lb/>are inhabited by fishermen 
<lb/>who besides fishing cultivate 
<lb/>the ground &amp; rear goats 
<lb/>the Lake is not large, 
<lb/>from 18 to 20 miles broad, 
<lb/>and from 30 to 40 long - 
<lb/>Four good-sized rivers flow 
<lb/>into it and many "burns", 
<lb/><hi rend="underline">Scotia</hi> for brooks, which 
<lb/>form pretty cascades as 
<lb/>they leap down the 
<lb/>bright red clay schist rocks - 
<lb/>It goes away in a riverlike 
<lb/><fw type="catch" place="marginbottom" rend="right">prolongation</fw> 

	<pb n="0007" facs="liv_002668_0007"/><!--pb/@n='7'-->
<lb/>prolongation two miles wide 
<lb/>N.N.W. it is said to <placeName>Tanganyika</placeName><reg>.</reg>
<lb/>Were it not 2800 feet above 
<lb/>the sea I would consider it 
<lb/>an arm of the Lake but 
<lb/><persName>Speke</persName> makes it 1844 feet 
<lb/>only. I tried to follow - 
<lb/>this arm but was prevented 
<lb/>by war. A large party of 
<lb/>Arab traders from <placeName>Zanzibar</placeName>
<lb/>had been attacked by the 
<lb/><persName>Chief of Itawa</persName>. I set off 
<lb/>to go round about the 
<lb/>disturbed district met 
<lb/>the Arabs and having 
<lb/>shewed them <persName>Seyed Majid's</persName>
<lb/>letter was at once supplied 
<lb/>with cloth beads &amp; provisions 
<lb/>thanks to your good offices 
<lb/>with the Sultan I have 
<lb/>been treated by all the 
<lb/>Arabs with the greatest 
<lb/>kindness and consideration. 
<lb/>The heads of the party 
<lb/>readily perceived that a 
<lb/>continuance of hostilities 
<lb/>meant shutting up the ivory 
<lb/>market - so peace was made 
<lb/>but the process required 3 1/2 
<lb/>months. They would not allow 
<lb/>me to go into any danger 
<lb/>so I had to remain at a 
<lb/>village 4700 feet above the 
<lb/>sea &amp; employ my time in 
<lb/>the pig's employment of 
<lb/><fw type="catch" place="marginbottom" rend="right">taking</fw> 

	<pb n="0008" facs="liv_002668_0008"/><!--pb/@n='8'-->
<lb/>taking on fat. When we did move 
<lb/>we went some way West 
<lb/>with my Arab friends &amp; I 
<lb/>am glad that I saw their 
<lb/>mode of ivory &amp; slavetrading<reg>.</reg>
<lb/>It was such a contrast to 
<lb/>that of the ruffians from 
<lb/><placeName>Kilwa</placeName> &amp; the Portuguese from 
<lb/><placeName>Tette</placeName>. On leaving them 
<lb/>we came to <placeName>Moeru</placeName> on the 
<lb/>8<hi rend="sup underline">th</hi> Nov<hi rend="sup underline">r</hi> 1867. This in the 
<lb/>Northern part is from 20 
<lb/>to 33 miles broad - Further 
<lb/>south it is at least 60 miles 
<lb/>in width &amp; it is 50 miles 
<lb/>long, ranges of tree-covered 
<lb/>mountains flank it on both 
<lb/>sides - We passed up its 
<lb/>Eastern shore &amp; visited 
<lb/><persName>Cazembe</persName> who has several 
<lb/>times been visited by 
<lb/>Portuguese. I remained 
<lb/>40 days with <persName>Cazembe</persName> &amp; 
<lb/>might have come on to 
<lb/><placeName>Bangweolo</placeName> but the rains 
<lb/>had set in &amp; this Lake 
<lb/>was reported to be very 
<lb/>unhealthy - not having a 
<lb/>grain of any kind of medicine 
<lb/>and as <term type="ailment">fever</term> without 
<lb/>treatment produced fits of 
<lb/>total<term type="ailment"> insensibility</term> &amp; <term type="ailment">loss of 
<lb/>power over the muscles of 
<lb/>the back</term> I thought it would 
<lb/>be unwise to venture. 
<lb/><fw type="catch" place="marginbottom" rend="right">Went</fw> 

	<pb n="0009" facs="liv_002668_0009"/><!--pb/@n='9'-->
<lb/>Went North intending to go 
<lb/>to <placeName>Ujiji</placeName> for goods &amp; letters 
<lb/>not having heard a word 
<lb/>of any kind from anywhere 
<lb/>for two years, but I was 
<lb/>brought to a stand at a 
<lb/>distance of thirteen <add place="above">days</add> from 
<lb/><placeName>Tanganyika</placeName> by the 
<lb/>superabundance of water 
<lb/>in the country in front. 
<lb/>A native party came through 
<lb/>&amp; described the waters as 
<lb/>often thigh &amp; waste deep 
<lb/>and sleeping places difficult 
<lb/>to find. This inundation 
<lb/>lasts till May or June. When 
<lb/>I became utterly tired of 
<lb/>inactivity I doubled back 
<lb/>on my course to <placeName>Cazembe</placeName>
<lb/>in April and that you 
<lb/>may understand the 
<lb/>nature of the flood that 
<lb/>here annually enacts the 
<lb/>part of the <placeName>Nile</placeName> further 
<lb/>down I may say that 
<lb/>two rivulets each from 
<lb/>30 to 40 yards broad flow 
<lb/>into the North end of <placeName>Moero</placeName><reg>.</reg>
<lb/>One had a quarter and the 
<lb/>other half a mile of flood 
<lb/>on each bank - from thigh 
<lb/>to waist deep. They were 
<lb/>crossed by bridges - Then 
<lb/>one of them had flooded 
<lb/>a plain abreast of <placeName>Moero</placeName>
<lb/><fw type="catch" place="marginbottom" rend="right">and</fw> 

	<pb n="0010" facs="liv_002668_0010"/><!--pb/@n='10'-->
<lb/>and we had four hours of 
<lb/>plunging in waters &amp; black 
<lb/>mud. The last mile was 
<lb/>the worst though the rest 
<lb/>had many deep ruts into 
<lb/>which from not seeing 
<lb/>them we plunged and 
<lb/>sent up a rush of hundreds 
<lb/>of bubbles to the surface 
<lb/>all charged with a frightful 
<lb/>odour. Before getting out 
<lb/>to the clean sandy beach 
<lb/>of <placeName>Moero</placeName> the flood water 
<lb/>was up high on the chest. 
<lb/>Then we had to wade 4 
<lb/>brooks thigh deep - cross a 
<lb/>river 80 yards broad with 
<lb/>300 yards of flood on 
<lb/>its Western bank so deep 
<lb/>we had to keep to the 
<lb/>canoes till within 50 
<lb/>yards of the higher 
<lb/>grounds - Four other brooks 
<lb/>had to be forded ere we 
<lb/>reached <placeName>Cazembe</placeName>.  One 
<lb/>the <placeName>Chungu</placeName> was the scene 
<lb/>of <persName>D<hi rend="sup underline">r</hi> Lourda's</persName> death. He 
<lb/>was the only Portuguese of 
<lb/>any scientific acquirements 
<lb/>and was fifty miles wrong 
<lb/>in Latitude alone. Probably 
<lb/><term type="ailment">fever</term> clouded his mind 
<lb/>when he observed and 
<lb/>anyone who knows what 
<lb/>that implies will readily 
<lb/><fw type="catch" place="marginbottom" rend="right">excuse</fw> 

	<pb n="0011" facs="liv_002668_0011"/><!--pb/@n='11'-->
<lb/>excuse any mistake he may 
<lb/>have made. The <placeName>Chunga</placeName> 
<lb/>went high up on the chest 
<lb/>and one had to walk on 
<lb/>tiptoe to avoid swimming. 
<lb/>Only four of my attendants 
<lb/>would come. The others 
<lb/>absconded on various pretexts 
<lb/>the fact is they are all tired 
<lb/>of this everlasting tramping 
<lb/>and so am I. Nothing could 
<lb/>be bought but the veriest 
<lb/>necessities - no paper only 
<lb/>a couple of note-books &amp; 
<lb/>the Bible. I have borrowed 
<lb/>this and another sheet from 
<lb/>an Arab trader. The other 
<lb/>is for <persName>Lord Clarendon</persName> &amp; they 
<lb/>will go by a party proceeding 
<lb/>to the coast through <placeName>Usango</placeName>. 
<lb/>I would go myself if it were 
<lb/>not for an inveterate dislike 
<lb/>to give up what I have 
<lb/>undertaken without 
<lb/>finishing it. I am often 
<lb/>distressed in thinking of a 
<lb/>son whom I left at the 
<lb/>University of <placeName>Glasgow</placeName>. He was 
<lb/>to be 2 years there then spend 
<lb/>a year or more in <placeName>Germany</placeName>
<lb/>for French &amp; German before 
<lb/>trying the civil service 
<w>exam-<lb break="no"/>ination</w> for <placeName>India</placeName>. He will 
<lb/>now be in especial need of 
<lb/>my counsel &amp; assistance and 
<lb/><fw type="catch" place="marginbottom" rend="right">here</fw> 

	<pb n="0012" facs="liv_002668_0012"/><!--pb/@n='12'-->
<lb/>here I am at <placeName>Bangweolo</placeName>. 
<lb/>His elder brother after being 
<lb/>well educated wandered 
<lb/>into the American war &amp; we 
<lb/>know no more of him after 
<lb/>an engagement before <placeName>Richmond</placeName>. 
<lb/>Possibly <persName>Sir Charles Wood</persName> in 
<lb/>consideration of my services 
<lb/>might do something to fix 
<lb/>this one. I never asked 
<lb/>anything for myself <persName>Lord 
<lb/>Palmerston</persName> sent <persName>M<hi rend="sup underline">r</hi> Hayward</persName>
<lb/>a Queen's Cousel to me before 
<lb/>I left home this time to ask 
<lb/>"what he could do for me as 
<lb/><choice><reg>"</reg><orig>"</orig></choice>he was most anxious to serve 
<lb/>me" I don't know how it 
<lb/>was, but it never once occurred 
<lb/>to me till I was in here 
<lb/>that he meant anything 
<lb/>for myself. I replied that 
<lb/>if he could open the 
<lb/>Portuguese ports in <placeName>East Africa</placeName>
<lb/>to free trade this was the 
<lb/>greatest boon he could 
<lb/>confer. I thought only of 
<lb/>my work &amp; not of myself 
<lb/>or children. I feel more at 
<lb/>liberty in telling you of 
<lb/>my domestic anxiety and 
<lb/>my fears lest <persName>Tom</persName> should 
<lb/>go to the examination 
<lb/>unprepared because you 
<lb/>have a family yourself 
<lb/>and will sympathize with me. 
<lb/><fw type="catch" place="marginbottom" rend="right">I shall</fw> 

	<pb n="0013" facs="liv_002668_0013"/><!--pb/@n='13'-->
<lb/>shall give <persName>Lord Clarendon</persName>
<lb/>the same geographical information 
<lb/>as I have given you, &amp; as 
<lb/>I have not the conscience 
<lb/>to ask more paper from 
<lb/>my Arab friend I shall 
<lb/>ask <persName>Miss Frere</persName> to favour me 
<lb/>by writing to my daughter 
<lb/>a little of the above &amp; sending 
<lb/>it to <persName>M<hi rend="sup underline">rs</hi> Murray</persName> who will 
<lb/>know where she is. <persName>Agnes</persName>
<lb/>is to tell <persName>Tom</persName> not to go in 
<lb/>for examination till he 
<lb/>is well prepared and he 
<lb/>may take a year more of 
<lb/>education where he may 
<lb/>have found the most 
<lb/>benefit. I had written you 
<lb/>a long letter which now 
<lb/>lies at <placeName>Kabuire</placeName> - the 
<lb/>foregoing contains the 
<lb/>substance of it - <persName>Miss Frere</persName> 
<lb/>must take this into consideration if annoyed 
<lb/>at my asking her to write 
<lb/>to a stranger in such a climate 
<lb/>as that of <placeName>India</placeName>. I regret 
<lb/>that the <placeName>Nile</placeName> has prevented 
<lb/>me from following out 
<lb/>my aspirations for the benefit 
<lb/>of the people. I sometimes 
<lb/>comfort myself by the hope 
<lb/>that by making this country 
<lb/>&amp; its inhabitants better known 
<lb/>&amp; occasionally imparting a little 
<lb/><fw type="catch" place="marginbottom" rend="right">knowledge</fw> 

	<pb n="0014" facs="liv_002668_0014"/><!--pb/@n='14'-->
<lb/>knowledge I may be working 
<lb/>in accordance with the plans 
<lb/>of the all embracing Providence 
<lb/>for the good time coming 
<lb/>yet. At other times I feel as if 
<lb/>serving a few insane geographers 
<lb/>who will count me a man 
<lb/>&amp; a brother. There is a large 
<lb/>tribe of Troglodites in <placeName>Rua</placeName> with 
<lb/>excavations thirty miles in length 
<lb/>&amp; a running rill passing along 
<lb/>the entire street. They ascribe these 
<lb/>rock dwellings to the hand of the 
<lb/>Deity - the "writings" in them are 
<lb/>drawings of animals if it had 
<lb/>been letters I must have gone to 
<lb/>see them. People very black strong 
<lb/>&amp; outer angle of eyes upwards. </p>
<lb/><p>The summary of sources I give <persName>Lord 
<lb/>C.</persName> as flowing into <placeName>Chambeze</placeName>, <placeName>Luapula</placeName>
<lb/><placeName>Lualaba</placeName> &amp; the Lakes are thirteen in 
<lb/>all &amp; are larger than the <placeName>Isis</placeName> at <placeName>Oxford</placeName>
<lb/>&amp; <placeName>Avon</placeName> at <placeName>Hamilton</placeName>. Five in another 
<lb/>line of drainage &amp; five in a third 
<lb/>receptacle make thirty three in all. 
<lb/>These do not include "burns". <placeName>Lofie</placeName> has 
<lb/>eleven of them from five to fifteen 
<lb/>yards wide &amp; <choice><sic>perrennial</sic><corr>perennial</corr></choice> - </p>
<lb/><p>I did get a bit paper &amp; wrote to <persName>Agnes</persName> 
<lb/>so <persName>Miss Frere</persName> is absolved from the 
<lb/>penance. Love to <persName>Lady Frere</persName> &amp; her family 
<lb/>(signed) 
<lb/><persName>David Livingstone</persName>- </p>
			
</div>
		</body>
	</text></TEI>