<?xml version="1.0" encoding="UTF-8"?>
<?xml-model href="http://livingstoneonline.github.io/LEAP-ODD/leap.rng" type="application/xml" schematypens="http://relaxng.org/ns/structure/1.0"?>
<?xml-model href="http://livingstoneonline.github.io/LEAP-ODD/leap.rng" type="application/xml" schematypens="http://purl.oclc.org/dsdl/schematron"?>
 <?xml-stylesheet href="http://livingstoneonline.github.io/LEAP-XSLT/transcription.xsl" type="text/xsl"?>
 <!--Converted from a TEI P4 XML file to the LEAP TEI P5 Schema by James Cummings on 2015-03-02--><!--TEI encoding revised and standardized by Adrian S. Wisnicki, 2015-2016-->
         <TEI xmlns="http://www.tei-c.org/ns/1.0" xml:id="liv_002201">
	<teiHeader>
		<fileDesc>
			<titleStmt>
				<title>Letter to Peter Le Neve Foster</title>
                <title type="alternative">Letter to Peter Le Neve Foster, 23 February 1865</title>
				<author xml:id="DL">Livingstone, David, 1813-1873</author>
			</titleStmt>
			<publicationStmt>
				<authority>Livingstone Online</authority>
				<pubPlace>London</pubPlace>
				<date>2007-06-27</date>
				<publisher>Wellcome Centre for the History of Medicine, UCL</publisher>
				<idno type="LEAP-ID">liv_002201</idno>
			</publicationStmt>
			<sourceDesc>
				<bibl xml:id="shelfmark">Royal Society of Arts (Great Britain). Library; PR.GE/119/39/75</bibl>
				<bibl xml:id="ccnumber">Letters, 1617</bibl>
				<bibl xml:id="recipient"><persName>Foster, Peter Le Neve, 1809-1879</persName></bibl>
				<bibl xml:id="date"><date when="1865-02-23">23 February 1865</date></bibl>
				<bibl xml:id="where">Newstead Abbey</bibl>
			</sourceDesc>
		</fileDesc>
		<profileDesc>
			<langUsage>
				<language ident="en">English</language>
			</langUsage>
			<handNotes>
				<handNote xml:id="hand01">Scribe: Unknown</handNote>
			</handNotes>
		</profileDesc>
		<revisionDesc>
			<change>
				<date>2007-06-26</date>
				<name xml:id="SM">Sharon Messenger</name>Initial Transcription by Sharon Messenger
			</change>
			<change>
				<date>17-01-08</date>
				<name xml:id="CL">Chris Lawrence</name>Proofed by Chris Lawrence
			</change>
			<change>
				<date>16-01-08</date>
				<name xml:id="JB">Janet Browne</name>Proofed by Janet Browne
			</change>
		</revisionDesc>
	</teiHeader>

	<text>
		<body xml:lang="en">
			<div>

	<pb n="0001" facs="liv_002201_0001"/><!--pb/@n='1r'-->
<!--
<p rend="right"><placeName>Newstead Abbey,</placeName><lb/></p>
<p rend="right"><placeName>Mansfield, Notts.</placeName><lb/></p>
-->
<lb/><p rend="right">23 Feby 1865 </p>
<lb/><p>My Dear <persName>M<hi rend="sup underline">r</hi> Foster</persName>
<lb/>I ought to have 
<lb/>thanked you long 
<lb/>ago for your kindness 
<lb/>in searching for &amp; 
<lb/>sending me the very 
<lb/>copy of the journal
<lb/>I needed - but I have 
<lb/>been so busy that 
<lb/>the duty has been 
<lb/>neglected till I need 
<lb/>your help again 

	<pb n="0002" facs="liv_002201_0002"/><!--pb/@n='1v'-->
<lb/>trusting that you are 
<lb/>of a merciful 
<w>dis-<lb break="no"/>position</w> I have to beg 
<lb/>that you will 
<w>for-<lb break="no"/>ward</w> the following 
<lb/>enquiry to <persName>M<hi rend="sup">r</hi>
<lb/>Simmonds</persName> at your 
<lb/>convenience - Whether 
<lb/>the amount of 
<lb/>ivory brought into 
<lb/>the markets of the 
<lb/>world now is as 
<lb/>great as in 1853 
<lb/>or when he wrote the 
<lb/>letter to you after 
<lb/><persName>Professor Owen's</persName>

	<pb n="0003" facs="liv_002201_0003"/><!--pb/@n='2r'-->
<lb/>lecture - <add place="above">in 1857</add> I cannot 
<lb/>make out whether 
<lb/>the amount he 
<lb/>quoted included 
<lb/>all that goes from 
<lb/><placeName>East Africa</placeName> to 
<lb/><placeName>India</placeName> &amp; <placeName>China</placeName> &amp; 
<lb/>as I mean to 
<lb/>quote his statement 
<lb/>in a footnote 
<lb/>I should very 
<lb/>much like to 
<lb/>know if he 
<lb/>thinks the amount 
<lb/>now obtained 
<lb/>from all countries 

	<pb n="0004" facs="liv_002201_0004"/><!--pb/@n='2v'-->
<lb/>be equal to 10,000 cwts<reg>.</reg>
<lb/>It makes a destruction 
<lb/>of some 30 000 
<lb/>elephants necessary<reg>.</reg>
<lb/>Will you kindly 
<lb/>forward this 
<lb/>enquiry to him 
<lb/>and ask him to 
<lb/>excuse my 
<lb/>intrusion<reg>.</reg></p>
<lb/><p>I am Dear Sir 
<lb/>Very faithfully 
<lb/><persName>David Livingstone </persName></p>
			
</div>
		</body>
	</text></TEI>