<?xml version="1.0" encoding="UTF-8"?>
<?xml-model href="http://livingstoneonline.github.io/LEAP-ODD/leap.rng" type="application/xml" schematypens="http://relaxng.org/ns/structure/1.0"?>
<?xml-model href="http://livingstoneonline.github.io/LEAP-ODD/leap.rng" type="application/xml" schematypens="http://purl.oclc.org/dsdl/schematron"?>
 <?xml-stylesheet href="http://livingstoneonline.github.io/LEAP-XSLT/transcription.xsl" type="text/xsl"?>
 <!--Converted from a TEI P4 XML file to the LEAP TEI P5 Schema by James Cummings on 2015-03-02--><!--TEI encoding revised and standardized by Adrian S. Wisnicki, 2015-2016-->
         <TEI xmlns="http://www.tei-c.org/ns/1.0" xml:id="liv_002662">
	<teiHeader>
		<fileDesc>
			<titleStmt>
				<title>Letter to Austin H. Layard</title>
                <title type="alternative">Letter to Austin H. Layard, 9 August 1865</title>
				<author>Livingstone, David, 1813-1873</author>
			</titleStmt>
			<publicationStmt>
				<authority>Livingstone Online</authority>
				<pubPlace>London</pubPlace>
				<date>2008-04-09</date>
				<publisher>Wellcome Centre for the History of Medicine, UCL</publisher>
				<idno type="LEAP-ID">liv_002662</idno>
			</publicationStmt>
			<sourceDesc>
				<bibl xml:id="shelfmark">National Library of Scotland; MS. 42421, ff. 88r-89v</bibl>
				<bibl xml:id="ccnumber"/>
				<bibl xml:id="recipient"><persName>Layard, Austin H., 1817-1894</persName></bibl>
				<bibl xml:id="date"><date when="1865-08-09">9 August 1865</date></bibl>
				<bibl xml:id="where">48 Euston Square, London</bibl>
			</sourceDesc>
		</fileDesc>
		<profileDesc>
			<langUsage>
				<language ident="en">English</language>
			</langUsage>
			<handNotes>
				<handNote xml:id="hand01">Scribe: Unknown</handNote>
			</handNotes>
		</profileDesc>
		<revisionDesc>
			<change>
				<date>2008-04-09</date>
				<name xml:id="CO">Caroline Overy</name>Initial Transcription by Caroline Overy
			</change>
		</revisionDesc>
	</teiHeader>

	<text>
		<body xml:lang="en">
			<div>

	<pb n="0001" facs="liv_002662_0001"/><!--pb/@n='88r'-->
<lb/><p rend="right"><placeName>48 Euston Square</placeName></p>
<lb/><p rend="right">9<hi rend="sup underline">th</hi> August 1865</p>
<lb/><p>My Dear Sir</p>
<lb/><p>Allow me to 
<lb/>remind you that a 
<lb/>note, requesting a 
<lb/>sort of Firman 
<lb/>from the <persName>Sultan of 
<lb/>Zanzibar</persName> - and in 
<lb/>the event of my 
<lb/>not being able to 
<lb/>take my own 
<lb/>steamer, a passage 

	<pb n="0002" facs="liv_002662_0002"/><!--pb/@n='88v'-->
<lb/>in a man of war 
<lb/>across the Indian 
<lb/>Ocean, was intended 
<lb/>to be prepared before 
<lb/>my starting; and 
<lb/>as I am ready to 
<lb/>go on Monday 
<lb/>next (13<hi rend="sup">th</hi>) so as to 
<lb/>meet the mail 
<lb/>of the 20<hi rend="sup underline">th</hi> at 
<lb/><placeName>Marseilles</placeName>. Would 
<lb/>you oblige me by 
<lb/>having the document 
<lb/>ready when I call 

	<pb n="0003" facs="liv_002662_0003"/><!--pb/@n='89r'-->
<lb/>to take leave of you 
<lb/>between 2 &amp; 3 tomorrow 
<lb/>(Thursday) afternoon?</p>
<lb/><p>I have only one 
<lb/>boat - a whaler - with 
<lb/>the steamer and <persName>Captain 
<lb/>Richards</persName> suggests that 
<lb/>on application to 
<lb/>the Admiralty another 
<lb/>whaler would be 
<lb/>lent to me while 
<lb/>in the river <placeName>Rovuma</placeName><reg>.</reg>
<lb/>This would enable 
<lb/>me to take my whole 

	<pb n="0004" facs="liv_002662_0004"/><!--pb/@n='89v'-->
<lb/>party up without any 
<lb/>separation. A sentence 
<lb/>in addition to the 
<lb/>request for a passage 
<lb/>saying that the loan 
<lb/>of a whaler is necessary 
<lb/>is all that is required 
<lb/>and you will oblige 
<lb/>your most obedient</p>
<lb/><p>David Livingstone</p>
<lb/><p><persName>Austin Layard</persName> Esq M<hi rend="sup">r</hi></p>
			
</div>
		</body>
	</text></TEI>