<?xml version="1.0" encoding="UTF-8"?>
<?xml-model href="http://livingstoneonline.github.io/LEAP-ODD/leap.rng" type="application/xml" schematypens="http://relaxng.org/ns/structure/1.0"?>
<?xml-model href="http://livingstoneonline.github.io/LEAP-ODD/leap.rng" type="application/xml" schematypens="http://purl.oclc.org/dsdl/schematron"?>
 <?xml-stylesheet href="http://livingstoneonline.github.io/LEAP-XSLT/transcription.xsl" type="text/xsl"?>
 <!--Converted from a TEI P4 XML file to the LEAP TEI P5 Schema by James Cummings on 2015-03-02--><!--TEI encoding revised and standardized by Adrian S. Wisnicki, 2015-2016-->
         <TEI xmlns="http://www.tei-c.org/ns/1.0" xml:id="liv_002665">
	<teiHeader>
		<fileDesc>
			<titleStmt>
				<title>Letter to Arthur Tidman</title>
                <title type="alternative">Letter to Arthur Tidman, 2 March 1856</title>
				<author xml:id="DL">Livingstone, David, 1813-1873</author>
			</titleStmt>
			<publicationStmt>
				<authority>Livingstone Online</authority>
				<pubPlace>London</pubPlace>
				<date>2008-07-04</date>
				<publisher>Wellcome Centre for the History of Medicine, UCL</publisher>
				<idno type="LEAP-ID">liv_002665</idno>
			</publicationStmt>
			<sourceDesc>
				<bibl xml:id="shelfmark">Royal Geographical Society (Great Britain); Archives, DL 2/8/5</bibl>
				<bibl xml:id="ccnumber">Letters, 0400</bibl>
				<bibl xml:id="recipient"><persName>Tidman, Arthur, 1792-1868</persName></bibl>
				<bibl xml:id="date"><date when="1856-03-02">2 March 1856</date></bibl>
				<bibl xml:id="where">Tete or Nyungwe</bibl>
			</sourceDesc>
		</fileDesc>
		<profileDesc>
			<langUsage>
				<language ident="en">English</language>
			</langUsage>
			<handNotes>
				<handNote xml:id="hand01">Scribe: unknown</handNote>
				<handNote xml:id="hand02">Scribe: unknown</handNote>
			</handNotes>
		</profileDesc>
		<revisionDesc>
			<change>
				<date>2008-07-04</date>
				<name xml:id="SM">Sharon Messenger</name>Initial Transcription by Sharon Messenger
			</change>
			<change>
				<date>2008-09-14</date>
				<name xml:id="CL">Chris Lawrence</name>First Proof by Chris Lawrence
			</change>
		</revisionDesc>
	</teiHeader>

	<text>
		<body xml:lang="en">
			<div>

	<pb n="0001" facs="liv_002665_0001"/><!--pb/@n='1'-->
<lb/><p><handShift new="#hand01"/>Same as printed 
<lb/>version L.M.S. publication </p>
<lb/><p rend="right"><handShift new="#hand02"/>(copy./ 
<lb/><placeName>Tette</placeName> or <placeName>Nyungwé</placeName>, 
<lb/>on the <placeName>River Zambesi</placeName>, 
<lb/><placeName>Africa</placeName>, 2<hi rend="sup underline">nd</hi> March 1856. </p>
<lb/><p><persName>Rev<hi rend="sup underline">d</hi> D<hi rend="sup underline">r</hi> Tidman</persName>, 
<lb/>My dear Sir, 
<lb/>Having by the 
<lb/>mercy of God reached the farthest 
<lb/>inland station of the Portuguese this 
<lb/>morning, I gladly avail myself of an 
<lb/>opportunity to <placeName>Quillimane</placeName> to advise you 
<lb/>(and <persName>M<hi rend="sup underline">rs</hi> L.</persName> by the enclosed note) that I 
<lb/>am thus far on my way down the river. 
<lb/>It will be gratifying for you to hear 
<lb/>that I have been able to follow up, 
<lb/>without swerving, my original plan of 
<lb/>opening a way to the sea on either the 
<lb/>East or West Coast, from a healthy 
<lb/>locality in the interior of the Continent. 
<lb/>Not until two months ago was I aware 
<lb/>of the existence of any salubrious point 
<lb/>though I now recollect a reference made 
<lb/>thereto by <persName>Sebituane</persName>. x x x And 
<lb/>now I can announce not only a 
<lb/>shorter path for our use, but, if 
<lb/>not egregiously mistaken, a decidedly 
<lb/>healthy locality. By this fine river 
<lb/>flowing through a fine fertile Country 
<lb/>we have water Conveyance to within 

	<pb n="0002" facs="liv_002665_0002"/><!--pb/@n='2'-->
<lb/>1° or 2° of the <placeName>Makololo</placeName>. The only 
<lb/>impediments I know of being one or 
<lb/>two rapids, and the people in some 
<lb/>parts being robbers. I have come 
<lb/>thus far with but little loss. x x x </p>
<lb/><p>The Portuguese have been amazingly 
<lb/>kind. Here they are no less so than 
<lb/>in <placeName>Angola</placeName>, and much of it is owing 
<lb/>I believe to my public spirited friend 
<lb/><persName>M<hi rend="sup underline">r</hi> Duprat</persName>, and to the <persName>Bishop of 
<lb/>Angola</persName>. </p>
<lb/><p>The kind interest which many 
<lb/>of my Countrymen have shewn in my 
<lb/>work makes me feel deeply grateful, 
<lb/>and somewhat ashamed withal at 
<lb/>having done so little to deserve it. 
<lb/>x x x I am not so elated in 
<lb/>having performed what has not to 
<lb/>my knowledge been done before in 
<lb/>traversing the Continent, because the 
<lb/>end of the geographical feat is but 
<lb/>the beginning of the Missionary Enterprise. 
<lb/>May God grant me life to do some 
<lb/>more good to this poor <placeName>Africa</placeName>. </p>
<lb/><p>I have a report written 
<lb/>for you, but it requires copying. I 
<lb/>rest a few days here because I have 
<lb/>been on foot through a very rough, 
<lb/>stony Country:- oxen all dead by 

	<pb n="0003" facs="liv_002665_0003"/><!--pb/@n='3'-->
<lb/>tsetse, and too poor to buy a canoe; 
<lb/>with one I could have been here a 
<lb/>month ago. In excellent health, - 
<lb/>no fever all the way from <placeName>Linyanti</placeName>. </p>
<lb/><p>Affectionately <choice><sic>your's</sic><corr>yours</corr></choice>, 
<lb/>(s<hi rend="sup underline">d</hi>) <persName><hi rend="underline">David Livingston</hi></persName></p>
			
</div>
		</body>
	</text></TEI>