<?xml version="1.0" encoding="UTF-8"?>
<?xml-model href="http://livingstoneonline.github.io/LEAP-ODD/leap.rng" type="application/xml" schematypens="http://relaxng.org/ns/structure/1.0"?>
<?xml-model href="http://livingstoneonline.github.io/LEAP-ODD/leap.rng" type="application/xml" schematypens="http://purl.oclc.org/dsdl/schematron"?>
 <?xml-stylesheet href="http://livingstoneonline.github.io/LEAP-XSLT/transcription.xsl" type="text/xsl"?>
 <!--Converted from a TEI P5 XML file to the LEAP TEI P5 Schema by James Cummings on 2015-03-02--><!--TEI encoding revised and standardized by Adrian S. Wisnicki, 2015-2016-->
         <TEI xmlns="http://www.tei-c.org/ns/1.0" xml:id="liv_002012">
	<teiHeader>
		<fileDesc>
			<titleStmt>
				<title>Letter to [Edward D. Young] and [Horace Waller]</title>
                <title type="alternative">Letter to [Edward D. Young] and [Horace Waller], 2 April 1864</title>
				<author xml:id="DL">Livingstone, David, 1813-1873</author>
			</titleStmt>
			<publicationStmt>
				<authority>Livingstone Online</authority>
				<pubPlace>London, UK</pubPlace>
				<publisher>University College London</publisher>
				<date>2012</date>
				<idno type="LEAP-ID">liv_002012</idno>
			</publicationStmt>
			<sourceDesc>
				<bibl xml:id="shelfmark">Bodleian Library. Weston Library; Waller MSS. Afr. s. 16.1, ff. 67-68</bibl>
				<bibl xml:id="ccnumber">Letters, 1439</bibl>
				<bibl xml:id="recipient"><persName>Young, Edward D., 1831-1896</persName>; <persName>Waller, Horace, 1833-1896</persName></bibl>
				<bibl xml:id="date"><date when="1864-04-02">2 April 1864</date></bibl>
				<bibl xml:id="where">Mosambique</bibl>
			</sourceDesc>
		</fileDesc>
		<profileDesc>
			<langUsage>
				<language ident="en">English</language>
			</langUsage>
		</profileDesc>
		<revisionDesc>
			<change>
				<date>2011-12-07</date>
				<name xml:id="AJS">A.J. Schmitz</name> initial transcription and XML encoding.
            
			</change>
			<change>
				<date>2012-05-05</date>
				<name xml:id="JM">Jared McDonald</name> proofreading.
            
			</change>
			<change>
				<date>2012-07-01</date>
				<name xml:id="HFB">Heather F. Ball</name> XML editing.
            
			</change>
			<change>
				<date>2012-09-09</date>
				<name xml:id="AW">Adrian S. Wisnicki</name> XML editing.
            
			</change>
		</revisionDesc>
	</teiHeader>

	<text>
		<body>
			<div>

	<pb n="0001" facs="liv_002012_0001"><!--pb/@n='67r'--></pb>
<lb/><p>I hereby authorize 
<lb/><persName>M<hi rend="sup underline">r</hi> Young</persName> &amp; <persName>M<hi rend="sup underline">r</hi>
<lb/>Waller</persName> to <choice><sic>recieve</sic><corr>receive</corr></choice>
<lb/>some cases of 
<lb/>Beer sent by 
<lb/><persName>Admired Washing<supplied>-</supplied>
<lb/>ton</persName> to the <placeName><geogName type="feature">Cape</geogName></placeName>
<lb/>for my use</p>
<lb/><p><persName>David Livingstone</persName></p>
<lb/><p rend="center"><placeName><country><choice><orig>Mosambique</orig><reg>Mozambique</reg></choice></country></placeName>
<lb/><date when="1864-04-02">2 April 1864</date></p>

	<pb n="0002" facs="liv_002012_0002"><!--pb/@n='67v'--></pb><!-- Page blank except for bleedthrough from other side of page HB 7/1/12 -->

	<pb n="0003" facs="liv_002012_0003"><!--pb/@n='68r'--></pb><!-- Page completely blank HB 7/1/12 -->

	<pb n="0004" facs="liv_002012_0004"><!--pb/@n='68v'--></pb><!-- Page completely blank HB 7/1/12 -->
			
</div>
		</body>
	</text></TEI>