<?xml version="1.0" encoding="UTF-8"?>
<?xml-model href="http://livingstoneonline.github.io/LEAP-ODD/leap.rng" type="application/xml" schematypens="http://relaxng.org/ns/structure/1.0"?>
<?xml-model href="http://livingstoneonline.github.io/LEAP-ODD/leap.rng" type="application/xml" schematypens="http://purl.oclc.org/dsdl/schematron"?>
 <?xml-stylesheet href="http://livingstoneonline.github.io/LEAP-XSLT/transcription.xsl" type="text/xsl"?>
 <!--Converted from a TEI P4 XML file to the LEAP TEI P5 Schema by James Cummings on 2015-03-02--><!--TEI encoding revised and standardized by Adrian S. Wisnicki, 2015-2016-->
         <TEI xmlns="http://www.tei-c.org/ns/1.0" xml:id="liv_002463">
	<teiHeader>
		<fileDesc>
			<titleStmt>
				<title>Letter to John Kirk 2</title>
                <title type="alternative">Letter to John Kirk 2, 1 January 1866</title>
				<author xml:id="DL">Livingstone, David, 1813-1873</author>
			</titleStmt>
			<publicationStmt>
				<authority>Livingstone Online</authority>
				<pubPlace>London</pubPlace>
				<date>2008-01-29</date>
				<publisher>Wellcome Centre for the History of Medicine, UCL</publisher>
				<idno type="LEAP-ID">liv_002463</idno>
			</publicationStmt>
			<sourceDesc>
				<bibl xml:id="shelfmark">National Library of Scotland; Acc. 9942, ff. 32r-34v</bibl>
				<bibl xml:id="ccnumber">Letters, 1865</bibl>
				<bibl xml:id="recipient"><persName>Kirk, John 2, 1832-1922</persName></bibl>
				<bibl xml:id="date"><date when="1866-01-01">1 January 1866</date></bibl>
				<bibl xml:id="where">Bombay</bibl>
			</sourceDesc>
		</fileDesc>
		<profileDesc>
			<langUsage>
				<language ident="en">English</language>
			</langUsage>
			<handNotes>
				<handNote xml:id="hand01">Scribe: Unknown</handNote>
			</handNotes>
		</profileDesc>
		<revisionDesc>
			<change>
				<date>2008-01-29</date>
				<name xml:id="SM">Sharon Messenger</name>Initial Transcription by Sharon Messenger
			</change>
			<change>
				<date>2008-04-12</date>
				<name xml:id="CL">Chris Lawrence</name>Proofed by Chris Lawrence
			</change>
		</revisionDesc>
	</teiHeader>

	<text>
		<body xml:lang="en">
			<div>

	<pb n="0001" facs="liv_002463_0001"/><!--pb/@n='32r'-->
<addSpan spanTo="#p32r-01" place="marginleft"><!--addSpan/@place='left hand margin'--></addSpan>
<lb/><p rend="no-indent">Who wrote the letter from <placeName>Zanzibar</placeName><reg>?</reg><persName>von 
<lb/>Schifter</persName> seems to have skedaddled hela </p><anchor xml:id="p32r-01"/> 
<lb/><p rend="right"><placeName>Bombay</placeName>, New year<reg>'</reg>s  
<lb/>day 1866 </p>
<lb/><p><hi rend="underline">Private</hi></p>
<lb/><p>Many happy returns 
<lb/>of this day to you 
<lb/>My Dear <persName>Kirk</persName>. The 
<lb/>Governor sent for 
<lb/>me yesterday and 
<lb/>from the contents of 
<lb/>your letter which I 
<lb/><choice><sic>recieved</sic><corr>received</corr></choice> the day 
<lb/>before I guessed the 
<lb/>purpose. He said that 
<lb/>he wished to ask me 
<lb/>about you. He knew 
<lb/>that I had always 
<lb/>spoken very 
<w>handsome-<lb break="no"/>ly</w> about you but the<supplied reason="damage">re</supplied>
<lb/>were sometimes 
<w>pri-<lb break="no"/>vate</w> circumstances </p>

	<pb n="0002" facs="liv_002463_0002"/><!--pb/@n='32r'-->
<addSpan spanTo="#p32v-01" place="marginleft"><!--addSpan/@place='left hand margin'--></addSpan>
<lb/><p rend="no-indent"><gap extent="1" unit="words" agent="damage"/> the telegram went off yesterday </p><anchor xml:id="p32v-01"/> 
<lb/><p rend="no-indent">in a man's character 
<lb/>which unless called 
<lb/>upon to reveal no 
<lb/>one would think of 
<lb/>mentioning. <choice><reg>T</reg><orig>t</orig></choice>here may 
<lb/>be something (here I put 
<lb/>in the word "cranky") 
<lb/>yes something that 
<lb/>though not prominent 
<lb/>might render him an 
<lb/>inconvenient public 
<lb/>servant. I replied 
<lb/>in terms that I need 
<lb/>not repeat that I 
<lb/>knew no defect of 
<lb/>character or temper 
<lb/>you got on well with 
<lb/>people but were firm 
<lb/>in doing your duty &amp;c. </p>

	<pb n="0003" facs="liv_002463_0003"/><!--pb/@n='32v'-->
<addSpan spanTo="#p33r-01" place="marginleft"><!--addSpan/@place='left hand margin fols 33r 33v'--></addSpan>
<lb/><p rend="no-indent">I thanked His Excellency &amp; told him I had written 
<lb/>to you. He is a real good fellow - is blamed 
<lb/>for being too polite but is firm enough</p> <anchor xml:id="p33r-01"/>
<lb/><p rend="no-indent">and I felt certain that 
<lb/>from your hatred to 
<lb/>the slave trade and 
<lb/>knowledge of the 
<lb/>whole subject you 
<lb/>would be invaluable 
<lb/>at <placeName>Zanzibar</placeName>. He 
<lb/>said that it was a 
<lb/>great recommendation 
<lb/>that I wished you to 
<lb/>be there and he would 
<lb/>have much pleasure 
<lb/>in telegraphing to 
<lb/>you today and he 
<lb/>wished me to write 
<lb/>a letter to you to go 
<lb/>by next mail. I do 
<lb/>this now and as 
<lb/>I am to go by tomorrow </p>

	<pb n="0004" facs="liv_002463_0004"/><!--pb/@n='33v'-->
<addSpan spanTo="#p33v-01" place="marginleft"><!--addSpan/@place='left hand margin fols 33r 33v'--></addSpan>
<lb/><p rend="no-indent">when necessary. I go positively tomorrow </p><anchor xml:id="p33v-01"/>
<lb/><p rend="no-indent">morning in the Thule 
<lb/>I can only congratulate 
<lb/>you on your 
<w>appoint-<lb break="no"/>ment.</w></p>
<lb/><p>I have spoken to 
<lb/><persName>Tracey</persName> to shew you 
<lb/>kindness here - the 
<lb/>hotels are horribly 
<lb/>dear, and he will do his 
<lb/>duty. He is big brother 
<lb/>to <persName>Tracey</persName> of the 
<lb/>Orestes. You should 
<lb/>call on <persName>Michael Scott</persName>
<lb/>of the same firm with 
<lb/><persName>Tracey</persName> &amp; a leading 
<lb/>man here now in 
<lb/><placeName>London</placeName>. <choice><reg>A</reg><orig>a</orig></choice>nd it would 
<lb/>be well to see <persName>Fleming</persName><reg>.</reg>

	<pb n="0005" facs="liv_002463_0005"/><!--pb/@n='34r'-->
<lb/><persName>Fraser</persName> is said to be 
<lb/>out of his house now 
<lb/>and <persName>Alex <hi rend="sup underline">r</hi> Brown</persName>
<lb/>the head of the firm 
<lb/>here &amp; a very good fellow 
<lb/>tells me that they are 
<lb/>to have nothing to do 
<lb/>with the Arabs but to 
<lb/>hire labour in the 
<lb/>open market. I shall 
<lb/>mention your 
<lb/>coming to him - and 
<lb/>to <persName>M<hi rend="sup underline">r</hi> Lidderdale</persName> the 
<lb/>head of Remington &amp;co 
<lb/>who is a great florist<reg>.</reg>
<lb/>The Scotch are clannish 
<lb/>and will save you 
<lb/>much expense. </p>

	<pb n="0006" facs="liv_002463_0006"/><!--pb/@n='34v'-->
<lb/><p>I have been thinking 
<lb/>if we could get an 
<lb/>Arab settlement near 
<lb/>mouth of the <placeName>Rovuma</placeName>
<lb/>positively free to all 
<lb/>and without slavery 
<lb/>it might be a step 
<lb/>in advance. It might 
<lb/>be a way of establishing 
<lb/>the sultan's brother. 
<lb/>Turn this over in 
<lb/>your mind. He is 
<lb/>here now (<placeName>Poonah</placeName>) 
<lb/>was operated on for 
<lb/>elephantiasis scroti 
<lb/>successfully and 
<lb/>gave <persName>D<hi rend="sup underline">r</hi> Mackenzie</persName>
<lb/>a fine Damascus <unclear cert="low">sword</unclear></p>
			
</div>
		</body>
	</text></TEI>