<?xml version="1.0" encoding="UTF-8"?>
<?xml-model href="http://livingstoneonline.github.io/LEAP-ODD/leap.rng" type="application/xml" schematypens="http://relaxng.org/ns/structure/1.0"?>
<?xml-model href="http://livingstoneonline.github.io/LEAP-ODD/leap.rng" type="application/xml" schematypens="http://purl.oclc.org/dsdl/schematron"?>
 <?xml-stylesheet href="http://livingstoneonline.github.io/LEAP-XSLT/transcription.xsl" type="text/xsl"?>
 <!--Converted from a TEI P5 XML file to the LEAP TEI P5 Schema by James Cummings on 2015-03-02--><!--TEI encoding revised and standardized by Adrian S. Wisnicki, 2015-2016-->
         <TEI xmlns="http://www.tei-c.org/ns/1.0" xml:id="liv_001968">
	<teiHeader>
		<fileDesc>
			<titleStmt>
				<title>Letter to Horace Waller</title>
                <title type="alternative">Letter to Horace Waller, 28 November 1863</title>
				<author xml:id="DL">Livingstone, David, 1813-1873</author>
			</titleStmt>
			<publicationStmt>
				<authority>Livingstone Online</authority>
				<pubPlace>London, UK</pubPlace>
				<publisher>University College London</publisher>
				<date>2012</date>
				<idno type="LEAP-ID">liv_001968</idno>
			</publicationStmt>
			<sourceDesc>
				<bibl xml:id="shelfmark">Bodleian Library. Weston Library; Waller MSS. Afr. s. 16.1, ff. 59-60</bibl>
				<bibl xml:id="ccnumber">Letters, 1398</bibl>
				<bibl xml:id="recipient"><persName>Waller, Horace, 1833-1896</persName></bibl>
				<bibl xml:id="date"><date when="1863-11-28">28 November 1863</date></bibl>
				<bibl xml:id="where">Murchison's Cataracts</bibl>
			</sourceDesc>
		</fileDesc>
		<profileDesc>
			<langUsage>
				<language ident="en">English</language>
			</langUsage>
		</profileDesc>
		<revisionDesc>
			<change>
				<date>2011-12-06</date>
				<name xml:id="AJS">A.J. Schmitz</name> initial transcription and XML encoding.
            
			</change>
			<change>
				<date>2012-4-14</date>
				<name xml:id="DC">Danielle Cyphert</name> proofreading.
            
			</change>
			<change>
				<date>2012-07-01</date>
				<name xml:id="HFB">Heather F. Ball</name> XML editing.
            
			</change>
			<change>
				<date>2012-09-09</date>
				<name xml:id="AW">Adrian S. Wisnicki</name> XML editing.
            
			</change>
		</revisionDesc>
	</teiHeader>

	<text>
		<body>
			<div>

	<pb n="0001" facs="liv_001968_0001"><!--pb/@n='59r'--></pb>
<lb/><p rend="right"><placeName><geogName type="feature">Murcluson's Cataracts</geogName></placeName>
<lb/><date when="1863-11-28">28 <choice><abbr>Nov<hi rend="sup underline">r</hi><expan>November</expan></abbr></choice> 1863</date></p>
<lb/><p>My dear <persName>Waller</persName></p>
<lb/><p>The <persName>bishop</persName> gives 
<lb/>me a different idea of 
<lb/>the affair of the women 
<lb/>and children.  He wishes 
<lb/>to avoid mixing the 
<lb/>sexes on the station &amp; 
<lb/>after our <term type="tribe">Magomero</term>
<lb/>experience with both 
<lb/>English and Heathen 
<lb/>I think the precaution 
<lb/>a very wise one.  I shall 
<lb/>either take measures 
<lb/>to have them supplied 
<lb/>from <persName>M<hi rend="sup underline">r</hi> Ferra</persName>'s till 

     

	<pb n="0002" facs="liv_001968_0002"><!--pb/@n='59v'--></pb>
<lb/>they can raise a crop 
<lb/>or take them to <placeName><settlement type="city">Johanna</settlement></placeName>
<lb/>I have but little wish to 
<lb/>make them <term>Mahometans</term>
<lb/>for my late experience 
<lb/>of these <placeName><settlement type="city">Johanna</settlement></placeName> men 
<lb/>gives me a very low idea 
<lb/>of their morals.  If the 
<lb/>boys were not taken up 
<lb/>I would willingly have 
<lb/>gone to the expense of 
<lb/>sending all to the <placeName><geogName type="feature">Cape</geogName></placeName>
<lb/>in the hope that good 
<lb/><persName>bishop Gray</persName> would make 
<lb/>something of the boys.
<lb/>but I dont wish to 
<lb/>appear as if acting in 
<lb/>opposition to the <persName>bishop</persName>
<lb/>of his mission.  It is a 

     

	<pb n="0003" facs="liv_001968_0003"><!--pb/@n='60r'--></pb>
<lb/>pity that you separated 
<lb/>yourself from them 
<lb/>for you might have been 
<lb/>of great service by your 
<lb/>experience and they 
<lb/>might have been useful 
<lb/>to you in various ways 
<lb/>I came home here on 
<lb/><date when="1863-10-31">31<hi rend="sup underline">st</hi> <choice><abbr>0ct<hi rend="sup underline">r</hi></abbr><expan>October</expan></choice></date> pretty tired 
<lb/>after marching as the 
<lb/>crow flies 660 gepgraphical 
<lb/>mile<supplied cert="high">s</supplied><gap agent="hole" extent="3" unit="chars"/><supplied cert="high">or</supplied> about 1400 
<lb/>of <gap agent="hole" extent="3" unit="chars"/><supplied cert="high">your</supplied> friend <persName>Steward</persName>'s 
<lb/>standard miles - We 
<lb/>are waiting anxiously 
<lb/>for the rising of the 
<lb/>waters - all very well 
<lb/>thanks to a Higher Power 
<lb/>We are all ready - </p>

	<pb n="0004" facs="liv_001968_0004"><!--pb/@n='60v'--></pb>
<lb/><p>I have little time to write; as 
<lb/>I hope to see you soon it 
<lb/>feels as if a work of 
<lb/>supererogation - We send
<lb/>away a few <term type="tribe">Shupanga</term>
<lb/>men as our native 
<lb/>food runs low.  Your 
<lb/>friends from the hills came 
<lb/>down with reinforcements 
<lb/>and with the Mission 
<lb/><term type="tribe">Ajawa</term> &amp; <gap agent="hole" extent="1" unit="chars"/><persName>Makololo</persName>
<lb/>drove <persName>Mank<gap agent="hole" extent="4" unit="chars"/></persName> on to 
<lb/>an island &amp; bo<gap agent="hole" extent="3" unit="chars"/> his 
<lb/>village - two on each side 
<lb/>wounded so saith vox 
<lb/>populi - with every good 
<lb/>wish I am &amp;c</p>
<lb/><p rend="right"><persName>David Livingstone</persName></p>
	<ab>
<lb/>lost a <placeName><settlement type="city">Johanna</settlement></placeName> man yesterday 
<lb/>by a <choice><orig>crockodile</orig><reg>crocodile</reg></choice></ab>

			
</div>
		</body>
	</text></TEI>