<?xml version="1.0" encoding="UTF-8"?>
<?xml-model href="http://livingstoneonline.github.io/LEAP-ODD/leap.rng" type="application/xml" schematypens="http://relaxng.org/ns/structure/1.0"?>
<?xml-model href="http://livingstoneonline.github.io/LEAP-ODD/leap.rng" type="application/xml" schematypens="http://purl.oclc.org/dsdl/schematron"?>
 <?xml-stylesheet href="http://livingstoneonline.github.io/LEAP-XSLT/transcription.xsl" type="text/xsl"?>
 <!--Converted from a TEI P4 XML file to the LEAP TEI P5 Schema by James Cummings on 2015-03-02--><!--TEI encoding revised and standardized by Adrian S. Wisnicki, 2015-2016-->
         <TEI xmlns="http://www.tei-c.org/ns/1.0" xml:id="liv_002650">
	<teiHeader>
		<fileDesc>
			<titleStmt>
				<title>Letter to John F.W. Herschel</title>
                <title type="alternative">Letter to John F.W. Herschel, 11 February 1858</title>
				<author>Livingstone, David, 1813-1873</author>
			</titleStmt>
			<publicationStmt>
				<authority>Livingstone Online</authority>
				<pubPlace>London</pubPlace>
				<date>2007-06-20</date>
				<publisher>Wellcome Centre for the History of Medicine, UCL</publisher>
				<idno type="LEAP-ID">liv_002650</idno>
			</publicationStmt>
			<sourceDesc>
				<bibl xml:id="shelfmark">Royal Society (Great Britain); HS/11/486</bibl>
				<bibl xml:id="ccnumber"/>
				<bibl xml:id="recipient"><persName>Herschel, John F.W., 1792-1871</persName></bibl>
				<bibl xml:id="where">18 Hart St., London</bibl>
				<bibl xml:id="date"><date when="1858-02-11">11 February 1858</date></bibl>
			</sourceDesc>
		</fileDesc>
		<profileDesc>
			<langUsage>
				<language ident="en">English</language>
			</langUsage>
			<handNotes>
				<handNote xml:id="hand01">Scribe: Unknown</handNote>
			</handNotes>
		</profileDesc>
		<revisionDesc>
			<change>
				<date>2007-06-20</date>
				<name xml:id="SM">Sharon Messenger</name>Initial Transcription by Sharon Messenger
			</change>
		</revisionDesc>
	</teiHeader>

	<text>
		<body xml:lang="en">
			<div>

	<pb n="0001" facs="liv_002650_0001"/><!--pb/@n='1r'-->
<addSpan spanTo="#addEnd01-01" place="marginleft"><!--addSpan/@place='left margin of fol. 1r'--></addSpan>
<lb/><p rend="no-indent">heartily for your kind &amp; cordial invitation 
<lb/>and if I can come from <placeName>Liverpool</placeName> I certainly will<reg>.</reg>
<lb/><persName>David Livingstone</persName></p><anchor xml:id="addEnd01-01"/>
<lb/><p><placeName>18 Hart St.</placeName> 11 Feby 1858 </p>
<lb/><p>My Dear Sir </p>
<lb/><p>With very 
<lb/>great regret 
<lb/>I find myself 
<lb/>literally 
<w>com-<lb break="no"/>pelled</w> to forego 
<lb/>the pleasure of 
<lb/>a visit to you<reg>.</reg>

	<pb n="0002" facs="liv_002650_0002"/><!--pb/@n='1v'-->
<lb/>I fully hoped 
<lb/>to have had my 
<lb/>arrangements 
<lb/>so far completed 
<lb/>as to admit 
<lb/>of my going 
<w>to-<lb break="no"/>morrow</w> but 
<lb/>they thicken on 
<lb/>me the faster 
<lb/>as time comes 
<lb/>near the end<reg>.</reg>

	<pb n="0003" facs="liv_002650_0003"/><!--pb/@n='2r'-->
<lb/>I am very sorry 
<lb/>for this as 
<lb/>I have always 
<lb/>had a wish 
<lb/>to see you ever 
<lb/>since I went to 
<lb/><placeName>Africa</placeName>. I carried 
<lb/>a note from 
<lb/>you to <persName>D<hi rend="sup">r</hi>
<lb/>Buckland</persName> in 
<lb/>which you requested 
<lb/>me to examine 

	<pb n="0004" facs="liv_002650_0004"/><!--pb/@n='2v'-->
<lb/>the gradual desiccation 
<lb/>of the country and 
<lb/>I felt sure that 
<lb/>you might possibly 
<lb/>turn my attention 
<lb/>to some other point 
<lb/>equally interesting<reg>.</reg>
<lb/><choice><reg>Y</reg><orig>y</orig></choice>our hint led to 
<lb/>all the observations 
<lb/>I made on the climate 
<lb/>&amp; geology for it 
<lb/>stimulated me to 
<lb/>studies in which I 
<lb/>would not have taken 
<lb/>so much interest<reg>.</reg>
<lb/>I thank you most </p>

			
</div>
		</body>
	</text></TEI>