<?xml version="1.0" encoding="UTF-8"?>
<?xml-model href="http://livingstoneonline.github.io/LEAP-ODD/leap.rng" type="application/xml" schematypens="http://relaxng.org/ns/structure/1.0"?>
<?xml-model href="http://livingstoneonline.github.io/LEAP-ODD/leap.rng" type="application/xml" schematypens="http://purl.oclc.org/dsdl/schematron"?>
 <?xml-stylesheet href="http://livingstoneonline.github.io/LEAP-XSLT/transcription.xsl" type="text/xsl"?>
 <!--Converted from a TEI P4 XML file to the LEAP TEI P5 Schema by James Cummings on 2015-03-02--><!--TEI encoding revised and standardized by Adrian S. Wisnicki, 2015-2016-->
         <TEI xmlns="http://www.tei-c.org/ns/1.0" xml:id="liv_002318">
	<teiHeader>
		<fileDesc>
			<titleStmt>
				<title>Letter to John Murray III</title>
                <title type="alternative">Letter to John Murray III, 31 May 1865</title>
				<author xml:id="DL">Livingstone, David, 1813-1873</author>
			</titleStmt>
			<publicationStmt>
				<authority>Livingstone Online</authority>
				<pubPlace>London</pubPlace>
				<date>2008-11-06</date>
				<publisher>Wellcome Centre for the History of Medicine, UCL</publisher>
				<idno type="LEAP-ID">liv_002318</idno>
			</publicationStmt>
			<sourceDesc>
				<bibl xml:id="shelfmark">National Library of Scotland; MS. 42421, ff. 71r-72v</bibl>
				<bibl xml:id="ccnumber">Letters, 1727</bibl>
				<bibl xml:id="recipient"><persName>Murray, John III, 1808-1892</persName></bibl>
				<bibl xml:id="date"><date when="1865-05-31">31 May 1865</date></bibl>
				<bibl xml:id="where">Burnbank Road, Hamilton</bibl>
			</sourceDesc>
		</fileDesc>
		<profileDesc>
			<langUsage>
				<language ident="en">English</language>
			</langUsage>
			<handNotes>
				<handNote xml:id="hand01">Scribe: Unknown</handNote>
			</handNotes>
		</profileDesc>
		<revisionDesc>
			<change>
				<date>2008-11-06</date>
				<name xml:id="CO">Caroline Overy</name>Initial Transcription by Caroline Overy
			</change>
			<change>
				<date>2008-11-22</date>
				<name xml:id="CL">Chris Lawrence</name>Proof by Chris Lawrence
			</change>
		</revisionDesc>
	</teiHeader>

	<text>
		<body xml:lang="en">
			<div>

	<pb n="0001" facs="liv_002318_0001"/><!--pb/@n='71r'-->
<lb/><p rend="right">Burnbank Road</p>
<lb/><p rend="right">Hamilton 31 May</p>
<lb/><p rend="right">1865</p>
<lb/><p>My Dear <persName>M<hi rend="sup underline">r</hi> Murray</persName></p>
<lb/><p>Having been 
<lb/>absent in Edinburgh 
<lb/>I did not <choice><sic>recieve</sic><corr>receive</corr></choice>
<lb/>your note till this 
<lb/>morning - <persName>Oswell</persName>
<lb/>would attend to 
<lb/>the Preface but 
<lb/>to be sure I sent him 
<lb/>a note to point out 
<lb/>the second line 
<lb/>from top of page IV 
<lb/>also to add a 
<lb/>single sentence to 

	<pb n="0002" facs="liv_002318_0002"/><!--pb/@n='71v'-->
<lb/>Dedication such as 
<lb/>you suggested. </p>
<lb/><p>The delay till Nov<hi rend="sup underline">r</hi>
<lb/>is all right &amp; proper<reg>.</reg></p>
<lb/><p>I mean to write 
<lb/>to <persName>Madame Hocédé</persName>
<lb/>tomorrow and I shall 
<lb/>accept the offer 
<lb/>you kindly made, 
<lb/>and trust to you 
<lb/>to pay for <persName>Agnes</persName>
<lb/>as she requires it, 
<lb/>and put down 
<lb/>whatever may be 
<lb/>necessary against 
<lb/>me in your account<reg>.</reg>
<lb/>It is £120 a year 

	<pb n="0003" facs="liv_002318_0003"/><!--pb/@n='72r'-->
<lb/>and something for 
<lb/>washing, and 
<lb/>Music, possibly 
<lb/>German - so that 
<lb/>her time may be 
<lb/>fully occupied 
<lb/>and she be fitted 
<lb/>for making her 
<lb/>own way in 
<lb/>the future should 
<lb/>she not have me 
<lb/>to aid her.</p>
<lb/><p>I did not write 
<lb/>to <persName>Madame Hocédé</persName>
<lb/>sooner because 
<lb/>I wished to consult 
<lb/>with <persName>M<hi rend="sup underline">r</hi> Young</persName>
<lb/>&amp; saw him yesterday. </p>

	<pb n="0004" facs="liv_002318_0004"/><!--pb/@n='72v'-->
<lb/><p><persName>Professor &amp; M<hi rend="sup underline">rs</hi>
<lb/>Buchanan</persName> are so much 
<lb/>affected by the recent 
<lb/>loss of a most promising 
<lb/>and only son that 
<lb/>I do not like to trouble 
<lb/>them about 
<lb/><persName>Agnes</persName>, 
<lb/>and if you &amp; <persName>M<hi rend="sup underline">rs</hi>
<lb/>Murray</persName> would give 
<lb/>her a word of advice 
<lb/>and direction in 
<lb/>my absence, it will 
<lb/>be a great obligation<reg>.</reg>
<lb/>Should the money 
<lb/>matter be convenient 
<lb/>then I need not 
<lb/>say anything about 
<lb/><persName>Agnes</persName> to the Trustees<reg>.</reg></p>
<lb/><p>Yours ever faithfully</p>
<lb/><p>David Livingstone</p>
			
</div>
		</body>
	</text></TEI>