<?xml version="1.0" encoding="UTF-8"?>
<?xml-model href="http://livingstoneonline.github.io/LEAP-ODD/leap.rng" type="application/xml" schematypens="http://relaxng.org/ns/structure/1.0"?>
<?xml-model href="http://livingstoneonline.github.io/LEAP-ODD/leap.rng" type="application/xml" schematypens="http://purl.oclc.org/dsdl/schematron"?>
 <?xml-stylesheet href="http://livingstoneonline.github.io/LEAP-XSLT/transcription.xsl" type="text/xsl"?>
 <!--Converted from a TEI P4 XML file to the LEAP TEI P5 Schema by James Cummings on 2015-03-02--><!--TEI encoding revised and standardized by Adrian S. Wisnicki, 2015-2016-->
         <TEI xmlns="http://www.tei-c.org/ns/1.0" xml:id="liv_001706">
	<teiHeader>
		<fileDesc>
			<titleStmt>
				<title>Letter to John Washington</title>
                <title type="alternative">Letter to John Washington, 20 December 1861</title>
				<author xml:id="DL">Livingstone, David, 1813-1873</author>
			</titleStmt>
			<publicationStmt>
				<authority>Livingstone Online</authority>
				<pubPlace>London</pubPlace>
				<date>2009-08-26</date>
				<publisher>Wellcome Centre for the History of Medicine, UCL</publisher>
				<idno type="LEAP-ID">liv_001706</idno>
			</publicationStmt>
			<sourceDesc>
				<bibl xml:id="shelfmark">National Museum of the Royal Navy (Great Britain); MSS. 120</bibl>
				<bibl xml:id="ccnumber">Letters, 1156</bibl>
				<bibl xml:id="recipient"><persName>Washington, John, 1800-1863</persName></bibl>
				<bibl xml:id="date"><date when="1861-12-20">20 December 1861</date></bibl>
				<bibl xml:id="where">HMS "Pioneer"</bibl>
			</sourceDesc>
		</fileDesc>
		<profileDesc>
			<langUsage>
				<language ident="en">English</language>
			</langUsage>
			<handNotes>
				<handNote xml:id="hand01">Scribe: Unknown</handNote>
			</handNotes>
		</profileDesc>
		<revisionDesc>
			<change>
				<date>2009-08-26</date>
				<name xml:id="SM">Sharon Messenger</name>Initial Transcription by Sharon Messenger
			</change>
			<change>
				<date>2009-10-28</date>
				<name xml:id="CL">Chris Lawrence</name>First Proof by Chris Lawrence
			</change>
		</revisionDesc>
	</teiHeader>

	<text>
		<body xml:lang="en">
			<div>

	<pb n="0001" facs="liv_001706_0001"/><!--pb/@n='1'-->
<lb/><p rend="right">H.M.S. Pioneer 20 Dec<hi rend="sup">r</hi></p>
<lb/><p rend="right">1861 </p>
<lb/><p rend="center">Captain Washington R<reg>.</reg> N. </p>
<lb/><p>Sir </p>
<lb/><p>I am very sorry to have 
<lb/>to report the death of <persName>Robert 
<lb/>Fayers</persName>, carpenter of the Pioneer 
<lb/>on the 17<hi rend="sup underline">th</hi> Currt. After a 
<lb/>fortnight<reg>'</reg>s illness. We have 
<lb/>been detained since the 16<hi rend="sup underline">th</hi>
<lb/>November in a most 
<w>un-<lb break="no"/>healthy</w> part of the river having 
<lb/>a large marsh on each 
<lb/>side of us. <choice><reg>T</reg><orig>t</orig></choice>his is the only 
<lb/>reason we know for the 
<lb/>greater virulence of the Fever 
<lb/>for the ship has been kept 
<lb/>scrupulously clean above, 
<lb/>below and in the bilges. 
<lb/>We did not expect a fatal 
<lb/>issue and feel the loss 
<lb/>very much it being the 

	<pb n="0002" facs="liv_001706_0002"/><!--pb/@n='2'--> 
<lb/>only death in the Expedition 
<lb/>during three and a half 
<lb/>years in these rivers<reg>.</reg></p>
<lb/><p>I have written to the young 
<lb/>man<reg>'</reg>s parents and advised 
<lb/>them to apply to you about 
<lb/>arrears of wages, and any 
<lb/>money that may arise 
<lb/>from the sale of his tools 
<lb/>and clothes and an account 
<lb/>of which will be sent 
<lb/>as soon as possible. Their 
<lb/>address is <persName>M<hi rend="sup underline">rs</hi> Fayers</persName></p>
<lb/><p><placeName>Near the Coventry Cross</placeName></p>
<lb/><p><placeName>St Leonard's</placeName></p>
<lb/><p><placeName>Bromley</placeName></p>
<lb/><p><placeName>Middlesex</placeName></p>
<lb/><p rend="center">I am &amp;c </p>
<lb/><p rend="center"><persName>David Livingstone</persName></p>
<lb/><p rend="center">H.M.Consul. </p>

	<pb n="0003" facs="liv_001706_0003"/><!--pb/@n='3'-->
<lb/><p>He was attended by <persName>D<hi rend="sup underline">r</hi> Meller</persName> during 
<lb/>most of his illness &amp; latterly 
<lb/>had the assistance of <persName>D<hi rend="sup underline">r</hi> Kirk</persName><reg>.</reg>
<lb/><persName>D<hi rend="sup underline">r</hi> Meller<reg>'</reg>s</persName> report &amp; post 
<lb/>mortem examination is 
<lb/>enclosed<reg>.</reg></p>
<lb/><p>I close this letter and will 
<lb/>send an account of the 
<lb/>effects of the carpenter in 
<lb/>another letter as soon 
<lb/>as the sale takes place<reg>.</reg></p>
			
</div>
		</body>
	</text></TEI>