<?xml version="1.0" encoding="UTF-8"?>
<?xml-model href="http://livingstoneonline.github.io/LEAP-ODD/leap.rng" type="application/xml" schematypens="http://relaxng.org/ns/structure/1.0"?>
<?xml-model href="http://livingstoneonline.github.io/LEAP-ODD/leap.rng" type="application/xml" schematypens="http://purl.oclc.org/dsdl/schematron"?>
 <?xml-stylesheet href="http://livingstoneonline.github.io/LEAP-XSLT/transcription.xsl" type="text/xsl"?>
 <!--Converted from a TEI P4 XML file to the LEAP TEI P5 Schema by James Cummings on 2015-03-02--><!--TEI encoding revised and standardized by Adrian S. Wisnicki, 2015-2016-->
         <TEI xmlns="http://www.tei-c.org/ns/1.0" xml:id="liv_002485">
	<teiHeader>
		<fileDesc>
			<titleStmt>
				<title>Letter to Edmund St. John Garforth</title>
                <title type="alternative">Letter to Edmund St. John Garforth, 16 March 1866</title>
				<author xml:id="DL">Livingstone, David, 1813-1873</author>
			</titleStmt>
			<publicationStmt>
				<authority>Livingstone Online</authority>
				<pubPlace>London</pubPlace>
				<date>2007-10-30</date>
				<publisher>Wellcome Centre for the History of Medicine, UCL</publisher>
				<idno type="LEAP-ID">liv_002485</idno>
			</publicationStmt>
			<sourceDesc>
				<bibl xml:id="shelfmark">National Library of Scotland; MS. 10707, ff. 83-84</bibl>
				<bibl xml:id="ccnumber">Letters, 1887</bibl>
				<bibl xml:id="recipient"><persName>Garforth, Edmund St. John, ?-1921</persName></bibl>
				<bibl xml:id="date"><date when="1866-03-16">16 March 1866</date></bibl>
				<bibl xml:id="where">Zanzibar</bibl>
			</sourceDesc>
		</fileDesc>
		<profileDesc>
			<langUsage>
				<language ident="en">English</language>
			</langUsage>
			<handNotes>
				<handNote xml:id="hand01">Scribe: Unknown</handNote>
				<handNote xml:id="hand02">Scribe: David Livingstone</handNote>
			</handNotes>
		</profileDesc>
		<revisionDesc>
			<change>
				<date>2007-10-30</date>
				<name xml:id="SM">Sharon Messenger</name>Initial Transcription by Sharon Messenger
			</change>
			<change>
				<date>2008-01-01</date>
				<name xml:id="CL">Chris Lawrence</name>First proof
			</change>
			<change>
				<date>2008-02-27</date>
				<name xml:id="JB">Janet Browne</name>Second proof
			</change>
		</revisionDesc>
	</teiHeader>

	<text>
		<body xml:lang="en">
			<div>

	<pb n="0001" facs="liv_002485_0001"/><!--pb/@n='83r'-->
<lb/><p rend="center"><handShift new="#hand01"/><placeName>Zanzibar</placeName> 16 March 1866 </p>
<lb/><p><persName>Lieut Garforth R N</persName></p>
<lb/><p>Commanding <term type="boat">H.M.S. Penguin </term></p>
<lb/><p>Sir 
<lb/>I have the honour to bring to 
<lb/>your notice the state of the Expedition 
<lb/>with which I am entrusted by H.M 
<lb/>Government, &amp; to beg you to take 
<lb/>it with your kind consideration 
<lb/>with a view to render us what 
<lb/>aid may be in your power.</p>
<lb/><p>We were detained a long 
<lb/>time at <placeName>Bombay</placeName> waiting for the 
<lb/>Man of War appointed by the 
<lb/>Commodore to convey us to the 
<lb/>East Coast - that detention was 
<lb/>not so injurious to us as that which 
<lb/>we have suffered here, for though 
<lb/>the whole party has been provided 

	<pb n="0002" facs="liv_002485_0002"/><!--pb/@n='83v'-->
<lb/>liberally for by His Highness the 
<lb/>Sultan, many of us have 
<lb/>suffered severely from fever 
<lb/>&amp; all are daily becoming 
<lb/>physically much less fit 
<lb/>for the arduous duties 
<lb/>before us - This deterioration 
<lb/>arises solely from want of 
<lb/>Employment in an unhealthy 
<lb/>climate - and if we remain 
<lb/>much longer I fear that we 
<lb/>shall be obliged to abandon 
<lb/>the work entrusted to us by 
<lb/>Government. </p>
<lb/><p>In addition to the failure of 
<lb/>health in ourselves personally 
<lb/>we have lost ten beasts of 
<lb/>burden - others are sick 
<lb/>&amp; as I know nothing more conducive 

	<pb n="0003" facs="liv_002485_0003"/><!--pb/@n='84r'-->
<lb/>to recovery for ourselves &amp; 
<lb/>animals than active 
<w>Em-<lb break="no"/>ployment</w> I crave the 
<lb/>favour of your assistance 
<lb/>as far as the <placeName>Rovuma</placeName>
<lb/>&amp; I earnestly hope that 
<lb/>the aid which you can most 
<lb/>effectually render, may not 
<lb/>seriously interfere with your 
<lb/>other duties on the coast. 
<lb/>From the uniform readiness 
<lb/>with which the Admiralty 
<lb/>have always granted me 
<lb/>all the assistance in their 
<lb/>power I feel positive that 
<lb/>their Lordships would promptly 
<lb/>approve of your lending me a 
<lb/>helping hand - </p>

	<pb n="0004" facs="liv_002485_0004"/><!--pb/@n='84v'-->

<lb/><p>I have the honour to be 
<lb/>Sir 
<lb/>Your most obedient Servant </p>
<lb/><p><handShift new="#hand02"/><persName>David Livingstone</persName></p>
<lb/><p><handShift new="#hand01"/><hi rend="underline">H.M. Consul</hi></p>
<lb/><p><persName>David Livingstone</persName></p>
			
</div>
		</body>
	</text></TEI>