<?xml version="1.0" encoding="UTF-8"?>
<?xml-model href="http://livingstoneonline.github.io/LEAP-ODD/leap.rng" type="application/xml" schematypens="http://relaxng.org/ns/structure/1.0"?>
<?xml-model href="http://livingstoneonline.github.io/LEAP-ODD/leap.rng" type="application/xml" schematypens="http://purl.oclc.org/dsdl/schematron"?>
 <?xml-stylesheet href="http://livingstoneonline.github.io/LEAP-XSLT/transcription.xsl" type="text/xsl"?>
 <!--Converted from a TEI P4 XML file to the LEAP TEI P5 Schema by James Cummings on 2015-03-02--><!--TEI encoding revised and standardized by Adrian S. Wisnicki, 2015-2016-->
         <TEI xmlns="http://www.tei-c.org/ns/1.0" xml:id="liv_002666">
	<teiHeader>
		<fileDesc>
			<titleStmt>
				<title>Letter to Austin H. Layard</title>
                <title type="alternative">Letter to Austin H. Layard, 28 September 1865</title>
				<author xml:id="DL">Livingstone, David, 1813-1873</author>
			</titleStmt>
			<publicationStmt>
				<authority>Livingstone Online</authority>
				<pubPlace>London</pubPlace>
				<date>2007-05-22</date>
				<publisher>Wellcome Centre for the History of Medicine, UCL</publisher>
				<idno type="LEAP-ID">liv_002666</idno>
			</publicationStmt>
			<sourceDesc>
				<bibl xml:id="shelfmark">Royal Geographical Society (Great Britain); Archives, DL 2/7/3</bibl>
				<bibl xml:id="ccnumber">Letters, 1823</bibl>
				<bibl xml:id="recipient"><persName>Layard, Austin H., 1817-1894</persName></bibl>
				<bibl xml:id="date"><date when="1865-09-28">28 September 1865</date></bibl>
				<bibl xml:id="where">Bombay</bibl>
			</sourceDesc>
		</fileDesc>
		<profileDesc>
			<langUsage>
				<language ident="en">English</language>
			</langUsage>
			<handNotes>
				<handNote xml:id="hand01">Scribe: Unknown</handNote>
			</handNotes>
		</profileDesc>
		<revisionDesc>
			<change>
				<date>2007-04-24</date>
				<name xml:id="SM">Sharon Messenger</name>Initial Transcription by Sharon Messenger
			</change>
		</revisionDesc>
	</teiHeader>

	<text>
		<body xml:lang="en">
			<div>

	<pb n="0001" facs="liv_002666_0001"/><!--pb/@n='1'-->
<lb/><p>Copy of original historical letter 
<lb/><hi rend="underline">From <persName>D<hi rend="sup underline">r</hi>David Livingstone</persName></hi></p>
<lb/><p><placeName>Bombay</placeName></p>
<lb/><p>28<hi rend="sup underline">th</hi> Sept<hi rend="sup underline">r</hi> 1865 </p>
<lb/><p>My dear <persName>M<hi rend="sup underline">r</hi> Layard</persName></p>
<lb/><p>Having nothing official to write about I 
<lb/>send this private note to say that I am 
<lb/>making preparations for starting in 
<lb/>November when the monsoon changes, &amp; 
<lb/>when we hope a Man of War will be here. 
<lb/>I have got 8 Africans &amp; some drilled men 
<lb/>- Indians - of the Marine Battalion who 
<lb/>have been accustomed to rough it in the 
<lb/><placeName>Persian Gulph</placeName> &amp; are said to be quite 
<lb/>trustworthy. </p>
<lb/><p>In addition to these I intend to take 
<lb/>buffaloes as beasts of burden, &amp; I am 
<lb/>indulging in hope that they may 
<lb/>understand the poison of the Tsetse, &amp; 
<lb/>if they do we shall confer a great boon on 
<lb/><placeName>East Africa</placeName>. The brutes are as like our 
<lb/>wild African ones as two peas, except the 
<lb/>horns, &amp; I am told the horns of the tame 
<lb/>ones are often straightened <add place="above">out</add> artificially 
<lb/>I have seen several with the regular 
<lb/>curves of the wild ones. </p>
<lb/><p>The men of the Marine <choice><sic>Batallion</sic><corr>Battallion</corr></choice>
<lb/>being Indians know how to manage 
<lb/>them. </p>

	<pb n="0002" facs="liv_002666_0002"/><!--pb/@n='2'-->
<lb/><p><persName>The Sultan of Zanzibar</persName> is coming here 
<lb/>I shall make what arrangements are 
<lb/>necessary when he comes, &amp; then I 
<lb/>can land at <placeName>Rovuma</placeName> without 
<lb/>delay, &amp; when we get to the coast, I 
<lb/>am acquainted with <persName>Rev<hi rend="sup underline">d</hi> D<hi rend="sup underline">r</hi> Wilson</persName>
<lb/>whom you may remember at 
<lb/><placeName>Constantinople</placeName></p>
<lb/><p>I am &amp;<hi rend="sup underline">c</hi>
<lb/><persName>David Livingstone</persName></p>
<lb/><p>Copied from the 
<lb/>Original letter by 
<lb/><persName>C. G. Reeve</persName>
<lb/><choice><abbr>Feby</abbr><expan>February</expan></choice> 1938 </p>
			
</div>
		</body>
	</text></TEI>