<?xml version="1.0" encoding="UTF-8"?>
<?xml-model href="http://livingstoneonline.github.io/LEAP-ODD/leap.rng" type="application/xml" schematypens="http://relaxng.org/ns/structure/1.0"?>
<?xml-model href="http://livingstoneonline.github.io/LEAP-ODD/leap.rng" type="application/xml" schematypens="http://purl.oclc.org/dsdl/schematron"?>
 <?xml-stylesheet href="http://livingstoneonline.github.io/LEAP-XSLT/transcription.xsl" type="text/xsl"?>
 <!--Converted from a TEI P4 XML file to the LEAP TEI P5 Schema by James Cummings on 2015-03-02--><!--TEI encoding revised and standardized by Adrian S. Wisnicki, 2015-2016-->
         <TEI xmlns="http://www.tei-c.org/ns/1.0" xml:id="liv_002104">
	<teiHeader>
		<fileDesc>
			<titleStmt>
				<title>Letter to John Murray III</title>
                <title type="alternative">Letter to John Murray III, 5 November 1864</title>
				<author xml:id="DL">Livingstone, David, 1813-1873</author>
			</titleStmt>
			<publicationStmt>
				<authority>Livingstone Online</authority>
				<pubPlace>London</pubPlace>
				<date>2008-11-19</date>
				<publisher>Wellcome Centre for the History of Medicine, UCL</publisher>
				<idno type="LEAP-ID">liv_002104</idno>
			</publicationStmt>
			<sourceDesc>
				<bibl xml:id="shelfmark">National Library of Scotland; MS. 42421, ff. 17r-18v</bibl>
				<bibl xml:id="ccnumber">Letters, 1525</bibl>
				<bibl xml:id="recipient"><persName>Murray, John III, 1808-1892</persName></bibl>
				<bibl xml:id="date"><date when="1864-11-05">5 November 1864</date></bibl>
				<bibl xml:id="where">Newstead Abbey</bibl>
			</sourceDesc>
		</fileDesc>
		<profileDesc>
			<langUsage>
				<language ident="en">English</language>
			</langUsage>
			<handNotes>
				<handNote xml:id="hand01">Scribe: Unknown</handNote>
			</handNotes>
		</profileDesc>
		<revisionDesc>
			<change>
				<date>2008-11-19</date>
				<name xml:id="CO">Caroline Overy</name>Initial Transcription by Caroline Overy
			</change>
			<change>
				<date>2008-11-22</date>
				<name xml:id="CL">Chris Lawrence</name>Proof by Chris Lawrence
			</change>
		</revisionDesc>
	</teiHeader>

	<text>
		<body xml:lang="en">
			<div>

	<pb n="0001" facs="liv_002104_0001"/><!--pb/@n='17r'-->
<!--printed letterhead--><!--
<p rend="center">NEWSTEAD ABBEY</p>
<p rend="center">MANSFIELD</p>
<p rend="center">NOTTS</p>
--><!--printed letterhead ends here-->
<lb/><p rend="right">5 Nov<hi rend="sup">r</hi> 1864</p>
<lb/><p>My Dear <persName>M<hi rend="sup underline">r</hi> Murray</persName></p>
<lb/><p>I thank you for 
<lb/>the note about the 
<lb/>"Field" effusion - &amp; 
<lb/>send you an order 
<lb/>for certain paintings 
<lb/>by <persName>Baines</persName> our 
<lb/>artist for a while 
<lb/>on the <placeName>Zambesi</placeName><reg>.</reg>
<lb/>I applied for them 
<lb/>to <persName>Lord Russell</persName>

	<pb n="0002" facs="liv_002104_0002"/><!--pb/@n='17v'-->
<lb/>He said that <add place="above">the artist <persName>Baines</persName></add> having 
<lb/>been paid they were 
<lb/>public property - &amp; 
<lb/>when I told him that 
<lb/>I meant only to use 
<lb/>them for my 
<w>forth-<lb break="no"/>coming</w> work he 
<lb/>sent this order. 
<lb/><choice><reg>T</reg><orig>t</orig></choice>hey are to be returned 
<lb/>to the Foreign Office 
<lb/>when you are done 
<lb/>with them - so you 
<lb/>had better, please, 
<lb/>get them and if 
<lb/>they are to your 

	<pb n="0003" facs="liv_002104_0003"/><!--pb/@n='18r'-->
<lb/>mind employ one 
<lb/>to reduce what you 
<lb/>like - Poor <persName>Captain 
<lb/>Need</persName> gets on very 
<lb/>slowly in consequence 
<lb/>of his infirmities<reg>.</reg>
<lb/>He is a confirmed 
<lb/>invalid - very 
<lb/>glad of the work 
<lb/>but sorely tried with 
<lb/>stomach spine &amp;c. 
<lb/>He has composed 
<lb/>two which I think 
<lb/>will do.</p>
<lb/><p><persName>Soapy</persName> got me sorely 

	<pb n="0004" facs="liv_002104_0004"/><!--pb/@n='18v'-->
<lb/>against my will to a 
<lb/>meeting at <placeName><choice><sic>Notingham</sic><corr>Nottingham</corr></choice></placeName>
<lb/>yesterday. I told him 
<lb/>privately how ill <persName>bishop 
<lb/>Mackenzie</persName> had been 
<lb/>sustained - his associates 
<lb/>being utterly unfit to be 
<lb/>missionaries - and he 
<lb/>knew a little already<reg>.</reg>
<lb/><choice><reg>T</reg><orig>t</orig></choice>his is the chief thing 
<lb/>I mean to do in the 
<lb/>matter - praise <persName>bishop 
<lb/>Mackenzie</persName> &amp; let the 
<lb/>rest drop in the book<reg>.</reg>
<lb/><persName>Baines</persName> &amp; <persName>Chapman</persName> were 
<lb/>together latterly I am going 
<lb/>to look through <persName>Baines</persName>
<lb/>immediately - I know 
<lb/>nothing of the publisher 
<lb/>of <persName>Chapman</persName><reg>.</reg> David Livingstone</p>
			
</div>
		</body>
	</text></TEI>