<?xml version="1.0" encoding="UTF-8"?>
<?xml-model href="http://livingstoneonline.github.io/LEAP-ODD/leap.rng" type="application/xml" schematypens="http://relaxng.org/ns/structure/1.0"?>
<?xml-model href="http://livingstoneonline.github.io/LEAP-ODD/leap.rng" type="application/xml" schematypens="http://purl.oclc.org/dsdl/schematron"?>
 <?xml-stylesheet href="http://livingstoneonline.github.io/LEAP-XSLT/transcription.xsl" type="text/xsl"?>
 <!--Converted from a TEI P4 XML file to the LEAP TEI P5 Schema by James Cummings on 2015-03-02--><!--TEI encoding revised and standardized by Adrian S. Wisnicki, 2015-2016-->
         <TEI xmlns="http://www.tei-c.org/ns/1.0" xml:id="liv_002644"><!-- LP33 -->
	<teiHeader>
		<fileDesc>
			<titleStmt>
				<title>Note and Autograph</title>
                <title type="alternative">Note and Autograph, 22 February 1858</title>
				<author xml:id="DL">Livingstone, David, 1813-1873</author>
			</titleStmt>
			<publicationStmt>
				<authority>Livingstone Online</authority>
				<pubPlace>London</pubPlace>
				<date>2005-05-10</date>
				<publisher>Wellcome Centre for the History of Medicine, UCL</publisher>
				<idno type="LEAP-ID">liv_002644</idno>
			</publicationStmt>
			<sourceDesc>
				<bibl xml:id="ccnumber">Autographs and Autograph Books, 13</bibl>
				<bibl xml:id="recipient"><persName>Wyon, Mrs.</persName></bibl>
				<bibl xml:id="date"><date when="1858-02-22">22 February 1858</date></bibl>
				<bibl xml:id="where">[18 Hart St., London]</bibl>
				<bibl xml:id="shelfmark">Wellcome Institute for the History of Medicine. Library; 7329 33</bibl><!--1858-02-22--><!--Original:1858-02-22-->
				<bibl xml:id="extent">2 pages</bibl>
			</sourceDesc>
		</fileDesc>
		<revisionDesc>
			<change>
				<date>2005-05-10</date>
				<name xml:id="CO">Caroline Overy</name>Initial Transcription
			</change>
			<change>
				<date>2006-02-13</date>
				<name xml:id="JB">Janet Browne</name>first proof
			</change>
			<change>
				<date>2006-02-23</date>
				<name xml:id="CL">Chris Lawrence</name>second proof
			</change>
			<change>
				<date>2006-03-01</date>
				<name xml:id="SM">Sharon Messenger</name>final proof
			</change>
		</revisionDesc>
	</teiHeader>

	<text>
		<body>
			<div>

	<pb n="0001" facs="liv_002644_0001"/><!--pb/@n='1'-->
<!--Hand 01 65 top left--><!--Hand 02 68010 superscript B top right-->
<lb/><p rend="right">22 <choice><abbr>Feby</abbr><expan>February</expan></choice> 1858</p>
<lb/><p>If <persName>M<hi rend="sup underline">rs</hi> <unclear cert="low">Wyon</unclear></persName> wished an autograph 
<lb/>in the envelope I have just 
<lb/>lighted on here it is. If anything 
<lb/>else I am off at 5 1/2 PM 
<lb/>for Scotland</p>
<lb/><p rend="right">David Livingstone</p>
<lb/><p>Kind regards to <persName>M<hi rend="sup underline">r</hi> W.</persName></p>

	<pb n="0002" facs="liv_002644_0002"/><!--pb/@n='2'-->
<!--Hand 02 bottom right-->
<lb/><p>D<hi rend="sup underline">r</hi> Livingstones </p>
<lb/><p>Autograph</p>
			
</div>
		</body>
	</text></TEI>