<?xml version="1.0" encoding="UTF-8"?>
<?xml-model href="http://livingstoneonline.github.io/LEAP-ODD/leap.rng" type="application/xml" schematypens="http://relaxng.org/ns/structure/1.0"?>
<?xml-model href="http://livingstoneonline.github.io/LEAP-ODD/leap.rng" type="application/xml" schematypens="http://purl.oclc.org/dsdl/schematron"?>
 <?xml-stylesheet href="http://livingstoneonline.github.io/LEAP-XSLT/transcription.xsl" type="text/xsl"?>
 <!--Converted from a TEI P4 XML file to the LEAP TEI P5 Schema by James Cummings on 2015-03-02--><!--TEI encoding revised and standardized by Adrian S. Wisnicki, 2015-2016-->
         <TEI xmlns="http://www.tei-c.org/ns/1.0" xml:id="liv_002314">
	<teiHeader>
		<fileDesc>
			<titleStmt>
				<title>Letter to Charles A. Alington</title>
                <title type="alternative">Letter to Charles A. Alington, 26 May 1865</title>
				<author xml:id="DL">Livingstone, David, 1813-1873</author>
			</titleStmt>
			<publicationStmt>
				<authority>Livingstone Online</authority>
				<pubPlace>London</pubPlace>
				<date>2007</date>
				<publisher>Wellcome Centre for the History of Medicine, UCL</publisher>
				<idno type="LEAP-ID">liv_002314</idno>
			</publicationStmt>
			<sourceDesc>
				<bibl xml:id="shelfmark">National Library of Scotland; MS. 3651, ff. 91-92</bibl>
				<bibl xml:id="ccnumber">Letters, 1724</bibl>
				<bibl xml:id="recipient"><persName>Alington, Charles A., ?-1899</persName></bibl>
				<bibl xml:id="date"><date when="1865-05-26">26 May 1865</date></bibl>
				<bibl xml:id="where">Burnbank Road, Hamilton</bibl>
			</sourceDesc>
		</fileDesc>
		<profileDesc>
			<langUsage>
				<language ident="en">English</language>
			</langUsage>
			<handNotes>
				<handNote xml:id="hand01">Scribe: Unknown</handNote>
			</handNotes>
		</profileDesc>
		<revisionDesc>
			<change>
				<date>2007</date>
				<name xml:id="SM">Sharon Messenger</name>Initial Transcription by Sharon Messenger
			</change>
			<change>
				<date>2007-11-04</date>
				<name xml:id="CL">Chris Lawrence</name>Proofed by Chris
			</change>
		</revisionDesc>
	</teiHeader>

	<text>
		<body xml:lang="en">
			<div>

	<pb n="0001" facs="liv_002314_0001"/><!--pb/@n='91r'-->
<lb/><p rend="right"><placeName>Burnbank Road</placeName></p>
<lb/><p rend="right"><placeName>Hamilton</placeName></p>
<lb/><p rend="right">26 May 1865 </p>
<lb/><p>Dear <persName>M<hi rend="sup underline">r</hi> Alington</persName></p>
<lb/><p>We cannot always 
<lb/>follow our own 
<lb/>inclinations and 
<lb/>often that path 
<lb/>we would prefer 
<lb/>is not the best. 
<lb/>I should have liked 
<lb/>your company 
<lb/>I think, and this 
<lb/>I cannot say of 
<lb/>anyone else <persName><unclear cert="low">Col O</unclear></persName>
<lb/>has offered - I am 

	<pb n="0002" facs="liv_002314_0002"/><!--pb/@n='91v'-->
<lb/>just writing a refusal 
<lb/>to an offer from 
<lb/>a Scotch doctor 
<lb/>who says he can 
<lb/>refer to the highest 
<lb/>authorities. One 
<lb/>of these being a 
<lb/>character after a 
<lb/>previous trial 
<lb/>I suspect he 
<lb/>cannot adduce 
<lb/>so I decline to have 
<lb/>him. </p>
<lb/><p>I should like 
<lb/>the cot very well 
<lb/>if very strong 

	<pb n="0003" facs="liv_002314_0003"/><!--pb/@n='92r'-->
<lb/>and all the more 
<lb/>as coming from 
<lb/>one for whom 
<lb/>I entertain feelings 
<lb/>of sincere esteem - 
<lb/>- strength not 
<lb/>beauty, or rather 
<lb/>strength is the 
<lb/>chief quality 
<lb/>required, beauty - 
<lb/>though an advantage 
<lb/>is not so necessary<reg>.</reg></p>
<lb/><p>I am &amp;c </p>
<lb/><p><persName>David Livingstone</persName></p>

	<pb n="0004" facs="liv_002314_0004"/><!--pb/@n='92v'-->
<lb/><p>My point for 
<lb/>collecting luggage 
<lb/>at before starting 
<lb/>is, <placeName>19 Bucklesbury 
<lb/>London </placeName><persName> M<hi rend="sup underline">r</hi> Brown</persName>the agent 
<lb/>there takes care 
<lb/>of my things<reg>.</reg></p><!--Mike it's also n="93r", which do we use??--><!-- I need to see the images to make sure since I can't guarantee that the envelope is even 93r until I see it.-->

	<pb n="0005" facs="liv_002314_0005"/><!--pb/@n='92a'-->
 <addSpan spanTo="#addEnd-92a"><!--addSpan/@place='Envelope'--></addSpan>
<lb/><p rend="no-indent"><persName>Rev<hi rend="sup underline">d</hi> Charles A. Alington</persName>
<lb/><placeName> Swinhope House 
<lb/>Great Grimsby 
<lb/>S. B.</placeName>
<lb/><persName>D<hi rend="sup underline">r</hi> L.</persName></p><anchor xml:id="addEnd-92a"/>
			
</div>
		</body>
	</text></TEI>