<?xml version="1.0" encoding="UTF-8"?>
<?xml-model href="http://livingstoneonline.github.io/LEAP-ODD/leap.rng" type="application/xml" schematypens="http://relaxng.org/ns/structure/1.0"?>
<?xml-model href="http://livingstoneonline.github.io/LEAP-ODD/leap.rng" type="application/xml" schematypens="http://purl.oclc.org/dsdl/schematron"?>
 <?xml-stylesheet href="http://livingstoneonline.github.io/LEAP-XSLT/transcription.xsl" type="text/xsl"?>
 <!--Converted from a TEI P5 XML file to the LEAP TEI P5 Schema by James Cummings on 2015-03-02--><!--TEI encoding revised and standardized by Adrian S. Wisnicki, 2015-2016-->
         <TEI xmlns="http://www.tei-c.org/ns/1.0" xml:id="liv_001897">
	<teiHeader>
		<fileDesc>
			<titleStmt>
				<title>Letter to Horace Waller</title>
                <title type="alternative">Letter to Horace Waller, 26 March 1863</title>
				<author xml:id="DL">Livingstone, David, 1813-1873</author>
			</titleStmt>
			<publicationStmt>
				<authority>Livingstone Online</authority>
				<pubPlace>London, UK</pubPlace>
				<publisher>University College London</publisher>
				<date>2012</date>
				<idno type="LEAP-ID">liv_001897</idno>
			</publicationStmt>
			<sourceDesc>
				<bibl xml:id="shelfmark">Bodleian Library. Weston Library; Waller MSS. Afr. s. 16.1, ff. 11-12</bibl>
				<bibl xml:id="ccnumber">Letters, 1331</bibl>
				<bibl xml:id="recipient"><persName>Waller, Horace, 1833-1896</persName></bibl>
				<bibl xml:id="date"><date when="1863-03-26">26 March 1863</date></bibl>
				<bibl xml:id="where">1' above Mankokwe's</bibl>
			</sourceDesc>
		</fileDesc>
		<profileDesc>
			<langUsage>
				<language ident="en">English</language>
				<language ident="und">Undetermined African Language</language>
			</langUsage>
		</profileDesc>
		<revisionDesc>
			<change>
				<date>2011-11-29</date>
				<name xml:id="AJS">A.J. Schmitz</name> initial transcription and XML encoding.
            
			</change>
			<change>
				<date>2011-12-14</date>
				<name xml:id="HFB">Heather F. Ball</name> proofreading.
            
			</change>
			<change>
				<date>2012-02-12</date>
				<name xml:id="AW">Adrian S. Wisnicki</name> editing.
            
			</change>
		</revisionDesc>
	</teiHeader>

	<text>
		<body>
			<div>

	<pb n="0001" facs="liv_001897_0001"><!--pb/@n='11r'--></pb>
<lb/><p rend="right">1º Above<placeName><settlement type="village"><persName>Mankokwe</persName>'s</settlement></placeName></p>
<lb/><p rend="right"><date when="1863-03-26">26 March 1863</date></p>
<lb/><p>My Dear <persName>Waller</persName></p>
<lb/><p>I write a note 
<lb/>only by way of saying how 
<lb/>dýe do as I expect soon to be 
<lb/>up - We are wooding or rather 
<lb/>searching for wood our 
<lb/>friend <persName>Mañkokwe</persName> having 
<lb/>neglected to cut any - and 
<lb/>we failed yesterday in getting 
<lb/>well away from his villages 
<lb/>by being compelled to separate 
<lb/>the vessels in order to get 
<lb/>through a shoal spot singly -  
<lb/>on our return I called on 

       

	<pb n="0002" facs="liv_001897_0002"><!--pb/@n='11v'--></pb>
<lb/><persName>Mankokwe</persName> - He then began his 
<lb/><term type="tribe">Makololo</term> plaint and when 
<lb/>I said that as they too had a 
<lb/><foreign xml:lang="und">mulando</foreign> it would be better 
<lb/>to hear both sides face to face 
<lb/>just to give him an idea of the 
<lb/>other side I added it referred to 
<lb/><persName>Mankokwe</persName> shooting at them 
<lb/>with arrows - This caused a 
<lb/>burst of laughter in which all 
<lb/>the company joined - Thinking 
<lb/>that I had made some mistake 
<lb/>I went over - the statement in 
<lb/>different words and another 
<lb/>hearty laugh <choice><orig>shewed</orig><reg>showed</reg></choice> that his 
<lb/>attack was considered a good 
<lb/>joke - He proposed visiting 
<lb/>the ship and asked rather earnestly 
<lb/>if any <term type="tribe">Makololo</term> were in it -  

       

	<pb n="0003" facs="liv_001897_0003"><!--pb/@n='12r'--></pb>
<lb/>During this visit he said nothing 
<lb/>about coming up in the ship to 
<lb/>face the <term type="tribe">Makololo</term> - Nor did I -  
<lb/>We bought a little maize at a 
<lb/>very high rate and feel anxious 
<lb/>now about our black crew 
<lb/>as <persName>Vianna</persName> has evidently 
<lb/>played false with us - I shall 
<lb/>lose no time in starting 
<lb/>down river after reading 
<lb/>you - If any one here 
<lb/>understood yoking oxen 
<lb/>I should leave at once 
<lb/>now that <persName>D<hi rend="sup underline">r</hi> Kirk</persName> is here</p>
<lb/><p>I cannot tell you how 
<lb/>deeply I sympathize in 
<lb/>your affliction and I 
<lb/>pray daily that you 
<lb/>may be strengthened to 

       

	<pb n="0004" facs="liv_001897_0004"><!--pb/@n='12v'--></pb>
<lb/>endure and overcome at last. 
<lb/>Do get away to the <placeName><region>Highlands</region></placeName>
<lb/>or move about more - no 
<lb/>one whose opinion is worth 
<lb/>anything will blame you -
<lb/>I had written again &amp; again to 
<lb/>friends at home that having 
<lb/>been driven into a corner 
<lb/>by slave hunting complications 
<lb/>I entertained grave fears for 
<lb/>you all - Come down &amp; visit 
<lb/>us if you don't go up - or 
<lb/>Let <persName>Procter</persName> come we are 
<lb/>usually stirring about 
<lb/>though nominally stationary 
<lb/>and with one exception we 
<lb/>have brisk intercourse 
<lb/>With kindest salutations 
<lb/>to <persName>Procter</persName> &amp; the others - I am &amp;c</p>
<lb/><p rend="right">David Livingstone</p>
			
</div>
		</body>
	</text></TEI>