<?xml version="1.0" encoding="UTF-8"?>
<?xml-model href="http://livingstoneonline.github.io/LEAP-ODD/leap.rng" type="application/xml" schematypens="http://relaxng.org/ns/structure/1.0"?>
<?xml-model href="http://livingstoneonline.github.io/LEAP-ODD/leap.rng" type="application/xml" schematypens="http://purl.oclc.org/dsdl/schematron"?>
 <?xml-stylesheet href="http://livingstoneonline.github.io/LEAP-XSLT/transcription.xsl" type="text/xsl"?>
 <!--Converted from a TEI P4 XML file to the LEAP TEI P5 Schema by James Cummings on 2015-03-02--><!--TEI encoding revised and standardized by Adrian S. Wisnicki, 2015-2016-->
         <TEI xmlns="http://www.tei-c.org/ns/1.0" xml:id="liv_002641"><!-- LP132 -->
	<teiHeader>
		<fileDesc>
			<titleStmt>
				<title>Explorations into the Interior of Africa</title>
                <title type="alternative">Explorations into the Interior of Africa, [1855]</title>
				<author>Livingstone, David, 1813-1873</author>
			</titleStmt>
			<publicationStmt>
				<authority>Livingstone Online</authority>
				<pubPlace>London</pubPlace>
				<date>2006-10-10</date>
				<publisher>Wellcome Centre for the History of Medicine, UCL</publisher>
				<idno type="LEAP-ID">liv_002641</idno>
			</publicationStmt>
			<sourceDesc>
				<bibl xml:id="shelfmark">Private owner</bibl>
				<bibl xml:id="ccnumber"/>
				<bibl xml:id="recipient">Unknown</bibl>
				<bibl xml:id="date"><date when="1855">[1855]</date></bibl>
				<bibl xml:id="where">[Southern Africa]</bibl><!--
Journal of the Royal Geographical Society of London, Vol. 25, 1855 (1855), pp. 218-219
-->
				<bibl xml:id="print">
					<hi rend="italic">Journal of the Royal Geographical Society of London</hi> (1855)
				</bibl><!-- If any of the above are uncertain or supplied from other sources,
 like CC, surround the text with square brackets.
 For example, [1863-01-12] (for a supplied date, etc).
-->
			</sourceDesc>
		</fileDesc>
		<profileDesc/>
		<revisionDesc>
			<change>
				<date>DATE</date>
				<name xml:id="CO">Caroline Overy</name>initial transcription
			</change>
		</revisionDesc>
	</teiHeader>

	<text>
		<body>
			<div>

	<pb n="0001" facs="liv_002641_0001"/><!--pb/@n='218'-->
<!-- added rend - MJH -->
<lb/><p rend="center">XVI.- <hi rend="italic">Explorations into the Interior of Africa</hi>. 
<lb/>By the Rev.
<lb/><hi rend="smallcaps">David Livingstone, ll.d.</hi> (<hi rend="italic">Gold Medallist</hi>.)</p>
<lb/><p rend="center">(Continued from Vol. XXIV.)</p><!-- added rend - MJH -->
<lb/><p rend="center">Extracted from the communications to the Foreign Office from <persName>E. <hi rend="smallcaps">Gabriel</hi></persName>, Esq.;
<lb/>to the <hi rend="smallcaps">London Missionary Society</hi>; <persName>Sir <hi rend="smallcaps">Roderick Murchison</hi></persName>; <persName>Consul 
<lb/><hi rend="smallcaps">Brand</hi></persName>, and others</p>
<lb/><p rend="center"><hi rend="italic">Read</hi> Jan. 8 and Nov. 12, 1855.</p>
<lb/><p rend="right">Pungo Andongo, 31st Dec., 1854</p>
<lb/><p rend="right">31<hi rend="sup underline">st</hi> Dec<hi rend="sup">r</hi> 1854</p>
<lb/><p>[The letter marked 
<lb/>No. 1. is a copy from memory chiefly of one I sent under 
<lb/>date of August last, which, with a map of the country travelled over, I have 
<lb/>lately heard, was lost in the destruction of the '<term type="boat">Forerunner</term>' off <placeName>Madeira</placeName>. I 
<lb/>had the fever so frequently after leaving <placeName>Cassangé</placeName>, that I could only take 
<lb/>latitudes, inserting them and my route in pencil, and I promised to send 
<lb/>a better map of <placeName>Angola</placeName> back from <placeName>Cassangé</placeName> on my return. This I shall do 
<lb/>from the last point to which the postal arrangements extend. I have been 
<lb/>detained some time here reproducing the letters lost in the '<term type="boat">Forerunner</term>;' 
<lb/>and and I leave for <placeName>Cassangé</placeName> tomorrow morning. </p>
<lb/><p>I naturally feel some little regret at the loss of my Map, for, believing 
<lb/>it safe in your hands, I had been rather free in giving away latitudes, 
<lb/>longitudes, and sketches of the country, some of which have been copied and 
<lb/>sent to other parts, and I have some Ambition, as I am the only one who 
<lb/>ever made astronomical observations in this part of the world, that my 
<lb/>own Country should have the preference  <!--no fullstop and double space-->At present I give the following 
<lb/>list:-</p>

	<pb n="0002" facs="liv_002641_0002"/><!--pb/@n='219'-->
<lb/><p>List for insertion in note from 
<lb/>Pungo Andongo Dec <hi rend="underline">31</hi><!--add hand??--></p>
<lb/><p rend="right">54</p>
<lb/><p rend="center"><hi rend="underline"><!--or is this deleted-->South Latitude</hi></p><table><row><cell/><cell/><cell>S. <hi rend="smallcaps">Lat</hi>.</cell><cell/><cell/><cell/><cell>E. <hi rend="smallcaps">Long</hi>.</cell><cell/><cell><hi rend="smallcaps">Remarks</hi>.</cell></row><row><cell/><cell>°</cell><cell>′</cell><cell>″</cell><!-- <cell>&deg; &min; &sec;</cell> --><cell/><cell>°</cell><cell>′</cell><cell>″</cell><!-- <cell>&deg; &min; &sec;</cell> --><cell/></row><row><cell>Golungo Alto</cell><cell>9</cell><cell>8</cell><cell>30</cell><!-- <cell>9 8 30</cell> --><cell/><cell>14</cell><cell>59</cell><cell>21</cell><!-- <cell>14 59 21</cell> --><cell>Mean of 7 lunar 
<w>ob-<lb break="no"/>servations</w> at the residence 
<lb/>of the Commandant.</cell></row><row><cell>confluence of the Luinha 
<lb/>and Luce rivers</cell><cell>9</cell><cell>15</cell><cell>0</cell><!-- <cell>9 15 0</cell> --><cell/><cell>14</cell><cell>49</cell><cell>0</cell><!-- <cell>14 49 0</cell> --><cell>In Cazengo Discrict. The 
<lb/>Longitude is approximate.</cell></row><row><cell>Confluence of the Luinha 
<lb/>and Lucalla</cell><cell>9</cell><cell>26</cell><cell>21</cell><!-- <cell>9 26 21</cell> --><cell/><cell/><cell/><cell/><cell/></row><row><cell>Confluence of the Lucalla 
<lb/>and Coanza</cell><cell>9</cell><cell>37</cell><cell>50</cell><!-- <cell>9 37 50</cell> --><cell/><cell/><cell/><cell/><cell>Fort &amp; town of 
<w>Massem-<lb break="no"/>gano</w> is on this confluence. 
<lb/>I could obtain no lunars, 
<lb/>but I have bearings for an 
<lb/>approximate Longitude.</cell></row><row><cell>Ambaca</cell><cell>9</cell><cell>16</cell><cell>35</cell><!-- <cell>9 16 35</cell> --><cell/><cell>15</cell><cell>23</cell><cell>15</cell><!-- <cell>15 23 15</cell> --><cell>At the residence of the 
<lb/>Commandant.</cell></row><row><cell>Pungo Andongo</cell><cell>9</cell><cell>40</cell><cell>35</cell><!-- <cell>9 40 35</cell> --><cell/><cell/><cell/><cell/><cell>The residence of Mr. Piris 
<lb/>on the south side of the 
<lb/>rocks.</cell></row><row><cell>--The Fort</cell><cell>9</cell><cell>40</cell><cell>0</cell><!-- <cell>9 40 0</cell> --><cell/><cell>15</cell><cell>33</cell><cell>40</cell><!-- <cell>15 33 40</cell> --><cell>The longitude from three 
<lb/>good observations.</cell></row><row><cell>Coanza River, at a point 
<lb/>S.S.W. of the Fort of 
<lb/>Pungo Andongo</cell><cell>9</cell><cell>47</cell><cell>3</cell><!-- <cell>9 47 3</cell> --><cell/><cell/><cell/><cell/><cell/></row><row><cell>Cassangé</cell><cell>9</cell><cell>37</cell><cell>29</cell><!-- <cell>9 37 29</cell> --><cell/><cell>17</cell><cell>43</cell><cell>30</cell><!-- <cell>17 43 30</cell> --><cell>From many observations.</cell></row><row><cell>The Quango river</cell><cell>9</cell><cell>51</cell><cell>28</cell><!-- <cell>9 51 28</cell> --><cell/><cell/><cell/><cell/><cell>At the ford 150 yards wide.</cell></row><row><cell>The Chikapa river</cell><cell>10</cell><cell>38</cell><cell>0</cell><!-- <cell>10 38 0</cell> --><cell/><cell/><cell/><cell/><cell>Flowing W.N.W., 60 yards 
<lb/>wide.</cell></row><row><cell> Confluence of the 
<w>Chi-<lb break="no"/>huné</w> and Longe</cell><cell>10</cell><cell>57</cell><cell>31</cell><!-- <cell>10 57 31</cell> --><cell/><cell>20</cell><cell>29</cell><cell>30.</cell><!-- <cell>20 29 30.</cell> --><cell>Both small streams. Canoes 
<lb/>on the latter.</cell></row><row><cell>The Casai (Kasye) or 
<lb/>Loké (at the ford)</cell><cell>11</cell><cell>17</cell><cell>0</cell><!-- <cell>11 17 0</cell> --><cell/><cell/><cell/><cell/><cell>Flowing N.E. and E.N.E., 
<lb/>120 yards broad</cell></row><row><!-- this row is majorly hacked --><cell>Lake Dilolo, source of 
<lb/>the Lotembwa between 
<lb/><!--and --></cell><cell>
<lb/>11 
<lb/>
<lb/>11</cell><!--where to put the and in ist cell of this line, refers to lats??--><cell>
<lb/>30 
<lb/>and <!-- this belongs in firs cell -->
<lb/>32</cell><cell>
<lb/>0 
<lb/>
<lb/>0</cell><!--<cell>11 30 0 <lb/>11 32 0</cell>--><cell/><cell/><cell/><cell/><cell>W. end is 1/2<!-- what is code for 1/2--> mile broad. 
<lb/>E. end 
<lb/>is said to be 6 miles 
<lb/>broad. Same longitude as 
<lb/>Katema.</cell></row><row><cell>Katema town</cell><cell>11</cell><cell>35</cell><cell>37</cell><!-- <cell>11 35 37</cell> --><cell/><cell>22</cell><cell>47</cell><cell>0</cell><!-- <cell>22 47 0</cell> --><cell>Near the river Lotembwa.</cell></row><row><cell>Lotembwa river, crossed 
<lb/>in</cell><cell>11</cell><cell>40</cell><cell>0</cell><!-- <cell>11 40 0</cell> --><cell/><cell/><cell/><cell/><cell>Above 100 yards broad.</cell></row><row><cell>Soana Malopo 
<lb/>Village</cell><cell>11</cell><cell>49</cell><cell>42</cell><!-- <cell>11 49 42</cell> --><cell/><cell>22</cell><cell>52</cell><cell>0</cell><!-- <cell>22 52 0</cell> --><cell>3 miles N.N.W. of the ford  
<lb/>on the river Lokaloye</cell></row><row><cell>Leeba river, crossed in</cell><cell>12</cell><cell>8</cell><cell>0</cell><!-- <cell>12 8 0</cell> --><cell/><cell>22</cell><cell>55</cell><cell>0</cell><!-- <cell>22 55 0</cell> --><cell>Flowing here from E. to W.</cell></row><!--note: Dr. Livingston's latest astronomical observations have since been received <lb/>from Mr. Maclear, and will be given in the next Journal.-E<hi rend="smallCaps">D</hi>.--></table>
			
</div>
		</body>
	</text></TEI>