<?xml version="1.0" encoding="UTF-8"?>
<?xml-model href="http://livingstoneonline.github.io/LEAP-ODD/leap.rng" type="application/xml" schematypens="http://relaxng.org/ns/structure/1.0"?>
<?xml-model href="http://livingstoneonline.github.io/LEAP-ODD/leap.rng" type="application/xml" schematypens="http://purl.oclc.org/dsdl/schematron"?>
 <?xml-stylesheet href="http://livingstoneonline.github.io/LEAP-XSLT/transcription.xsl" type="text/xsl"?>
 <!--Converted from a TEI P4 XML file to the LEAP TEI P5 Schema by James Cummings on 2015-03-02--><!--TEI encoding revised and standardized by Adrian S. Wisnicki, 2015-2016-->
         <TEI xmlns="http://www.tei-c.org/ns/1.0" xml:id="liv_002648"><!-- MS7 -->
	<teiHeader>
		<fileDesc>
			<titleStmt>
				<title>Prescription</title>
                <title type="alternative">Prescription, [20 January-23 May 1857]</title>
				<author>Livingstone, David, 1813-1873</author>
			</titleStmt>
			<publicationStmt>
				<authority>Livingstone Online</authority>
				<pubPlace>London</pubPlace>
				<date>2006-09-28</date>
				<publisher>Wellcome Centre for the History of Medicine, UCL</publisher>
				<idno type="LEAP-ID">liv_002648</idno>
			</publicationStmt>
			<sourceDesc>
				<bibl xml:id="shelfmark">Wellcome Institute for the History of Medicine. Library; 7329 74</bibl>
				<bibl xml:id="ccnumber">Documents, 09</bibl>
				<bibl xml:id="recipient"/>
				<bibl xml:id="date"><date from="1857-01-20" to="1857-05-23">[20 January-23 May 1857]</date></bibl>
				<bibl xml:id="where">[57 Sloane St. or Mission House, London]</bibl>

				<bibl xml:id="extent">1 page</bibl>
			</sourceDesc>
		</fileDesc>
		<revisionDesc>
			<change>
				<date>2006-09-28</date>
				<name>Sharon</name>initial transcription
			</change>
		</revisionDesc>
	</teiHeader>

	<text>
		<body>
			<div>

	<pb n="0001" facs="liv_002648_0001"/><!--pb/@n='1'-->
<!--hand 01 top left 64--><!--hand 02 top right MS7329/74-->
<lb/><p rend="center"><hi rend="underline"><choice><orig>Æther Nitros</orig><reg>Nitrous Ether Spirit</reg></choice> <choice><orig><choice><orig><figure><figDesc>ounce<!--<graphic rend="other" url="x2125.gif"/>--></figDesc></figure></orig><reg>ounce</reg></choice><choice><orig>ß</orig><reg>half</reg></choice></orig><reg>1/2 an ounce</reg></choice></hi></p>

<lb/><milestone unit="section" rend="line"/>

<lb/>

<lb/><p><choice><orig n="translation"><choice><orig>Rx</orig><reg>Take</reg></choice> <choice><orig>Resinæ Jalapæ</orig><reg>Jalap Resin</reg></choice> <choice><orig>gr v</orig><reg>5 grains</reg></choice></orig><reg>Take 5 grains Jalap Resin</reg></choice></p>

<lb/><p><choice><orig n="translation"><choice><orig>Quinæ Disulph.</orig><reg>Quinine Disulphate</reg></choice>

<lb/><choice><orig>Calomelam</orig><reg>Mercurious chloride</reg></choice> <choice><orig>āā</orig><reg>of each</reg></choice> <choice><orig>gr iij</orig><reg>3 grains</reg></choice></orig><reg>3 grains of each Quinine Disulphate and Mercurious chloride</reg></choice>.</p>

<lb/><p><choice><orig n="translation"><choice><orig>Tæ</orig><reg>Tincture</reg></choice> <choice><orig>Cardamomi</orig><reg>Cardamom</reg></choice> <choice><orig>qs ft Pil</orig><reg>to make a pill</reg></choice></orig><reg>Tincture of Cardamom to make a pill</reg></choice>.</p>

<lb/><p><choice><orig>Mitte XII</orig><reg>Send 12</reg></choice>.</p>

<lb/><p rend="right"><persName>D. Livingston</persName></p>

<lb/><p rend="right">for himself</p>

<lb/><p><placeName>57 Sloane St.</placeName></p>
			
</div>
		</body>
	</text></TEI>