<?xml version="1.0" encoding="UTF-8"?>
<?xml-model href="http://livingstoneonline.github.io/LEAP-ODD/leap.rng" type="application/xml" schematypens="http://relaxng.org/ns/structure/1.0"?>
<?xml-model href="http://livingstoneonline.github.io/LEAP-ODD/leap.rng" type="application/xml" schematypens="http://purl.oclc.org/dsdl/schematron"?>
 <?xml-stylesheet href="http://livingstoneonline.github.io/LEAP-XSLT/transcription.xsl" type="text/xsl"?>
 <!--Converted from a TEI P4 XML file to the LEAP TEI P5 Schema by James Cummings on 2015-03-02--><!--TEI encoding revised and standardized by Adrian S. Wisnicki, 2015-2016-->
         <TEI xmlns="http://www.tei-c.org/ns/1.0" xml:id="liv_002215">
	<teiHeader>
		<fileDesc>
			<titleStmt>
				<title>Letter to John Murray III</title>
                <title type="alternative">Letter to John Murray III, 3 March 1865</title>
				<author xml:id="DL">Livingstone, David, 1813-1873</author>
			</titleStmt>
			<publicationStmt>
				<authority>Livingstone Online</authority>
				<pubPlace>London</pubPlace>
				<date>2008-11-11</date>
				<publisher>Wellcome Centre for the History of Medicine, UCL</publisher>
				<idno type="LEAP-ID">liv_002215</idno>
			</publicationStmt>
			<sourceDesc>
				<bibl xml:id="shelfmark">National Library of Scotland; MS. 42421, ff. 45r-46v</bibl>
				<bibl xml:id="ccnumber">Letters, 1630</bibl>
				<bibl xml:id="recipient"><persName>Murray, John III, 1808-1892</persName></bibl>
				<bibl xml:id="date"><date when="1865-03-03">3 March 1865</date></bibl>
				<bibl xml:id="where">[Newstead Abbey?]</bibl>
			</sourceDesc>
		</fileDesc>
		<profileDesc>
			<langUsage>
				<language ident="en">English</language>
			</langUsage>
			<handNotes>
				<handNote xml:id="hand01">Scribe: Unknown</handNote>
			</handNotes>
		</profileDesc>
		<revisionDesc>
			<change>
				<date>2008-11-11</date>
				<name xml:id="CO">Caroline Overy</name>Initial Transcription by Caroline
			</change>
			<change>
				<date>2008-11-18</date>
				<name xml:id="CL">Chris Lawrence</name>Proof by Chris Lawrence
			</change>
		</revisionDesc>
	</teiHeader>

	<text>
		<body xml:lang="en">
			<div>

	<pb n="0001" facs="liv_002215_0001"/><!--pb/@n='45r'-->
<addSpan spanTo="#p45r-01" place="marginleft"><!--addSpan/@place='left margin of fol. 45r'--></addSpan>
<lb/><p rend="no-indent">what corrections he may make to me &amp; <persName>Oswell</persName>
<lb/>D<hi rend="sup">o</hi> I will incorporate from <persName>Oswell</persName>
<lb/>any thing of value from <persName>O.</persName>
<lb/>into his and 
<lb/>send one set 
<lb/>alone to printer<reg>.</reg></p><anchor xml:id="p45r-01"/>
<lb/><p rend="right">3 March 1865</p><!--printed letterhead--><!--
<p rend="right">NEWSTEAD ABBEY</p>
<p rend="right">MANSFIELD</p>
<p rend="right">NOTTS</p>
--><!--printed letterhead ends here--><!-- haven't transcribed notes in other hands covering address-->
<lb/><p>My Dear <persName>M<hi rend="sup underline">r</hi> Murray</persName></p>
<lb/><p>I return the sheets 
<lb/>corrected by your 
<lb/>literary friend and 
<lb/>would like you to 
<lb/>ask him to 
<w>com-<lb break="no"/>pare</w> his corrections 
<lb/>with the 4<hi rend="sup underline">th</hi> Revise! 
<lb/>which I have polished 
<lb/>&amp; repolished and 
<lb/>better polished until 
<lb/>I thought it was 
<lb/>perfect more perfect 
<lb/>&amp; most perfect. I see 
<lb/>that several of your 

	<pb n="0002" facs="liv_002215_0002"/><!--pb/@n='45v'-->
<lb/>friend<reg>'</reg>s corrections 
<lb/>are improvements<reg>.</reg>
<lb/>I added a few words 
<lb/>about the <term type="boat">Ma Robert</term>
<lb/>which make it 
<lb/>plain - and a note 
<lb/>to shew what he 
<lb/>had better do with 
<lb/>the 4<hi rend="sup underline">th</hi> Revise.</p>
<lb/><p><persName>Oswell</persName> does not 
<lb/>pretend to be literary 
<lb/>but has good taste 
<lb/>and a great 
<w>know-<lb break="no"/>ledge</w> of African 
<lb/>affairs. His help 
<lb/>need not interfere 
<lb/>with that of your 
<lb/>friend. <persName>Professor 

	<pb n="0003" facs="liv_002215_0003"/><!--pb/@n='46r'-->
<lb/>Owen</persName> looks over the 
<lb/>natural history 
<lb/>parts &amp; is pleased 
<lb/>with it.</p>
<lb/><p>The artist has done 
<lb/>very well with 
<lb/>bellows - net 
<lb/>arrowhead - and 
<lb/><placeName>Shupanga</placeName> house<reg>.</reg>
<lb/>He might make 
<lb/>one of the figures 
<lb/>in the hoeing scene 
<lb/>a little less apish<reg>.</reg>
<lb/><persName>Baines</persName> could not 
<lb/>draw human 
<lb/>figures without 
<lb/>caricaturing them<reg>.</reg>

	<pb n="0004" facs="liv_002215_0004"/><!--pb/@n='46v'-->
<lb/>I send continuation 
<lb/>of matter for your 
<lb/>friend - 17a  - 32a 
<lb/>3<hi rend="sup">d</hi> Revise.</p>
<lb/><p>I have asked <persName>M<hi rend="sup">r</hi> Clowes</persName>
<lb/>to send me the matter 
<lb/>following and contents 
<lb/>if printed as early as 
<lb/>possible - the want 
<lb/>of which puzzles me 
<lb/>greatly.</p>
<lb/><p>In 4<hi rend="sup">th</hi> revise the 
<lb/>place for woodcuts 
<lb/>are all marked - 
<lb/>the fish basket is 
<lb/>wrong if the artist had 
<lb/>the block back I would 
<lb/>ask <persName>Waller</persName> again to call<reg>.</reg>
<lb/><persName>Oswell</persName> will send 4<hi rend="sup underline">th</hi>
<lb/>revise to you - then in future 
<lb/>if your friend sends </p>

			
</div>
		</body>
	</text></TEI>