<?xml version="1.0" encoding="UTF-8"?>
<?xml-model href="http://livingstoneonline.github.io/LEAP-ODD/leap.rng" type="application/xml" schematypens="http://relaxng.org/ns/structure/1.0"?>
<?xml-model href="http://livingstoneonline.github.io/LEAP-ODD/leap.rng" type="application/xml" schematypens="http://purl.oclc.org/dsdl/schematron"?>
 <?xml-stylesheet href="http://livingstoneonline.github.io/LEAP-XSLT/transcription.xsl" type="text/xsl"?>
 <!--Converted from a TEI P4 XML file to the LEAP TEI P5 Schema by James Cummings on 2015-03-02--><!--TEI encoding revised and standardized by Adrian S. Wisnicki, 2015-2016-->
         <TEI xmlns="http://www.tei-c.org/ns/1.0" xml:id="liv_002671">
	<teiHeader>
		<fileDesc>
			<titleStmt>
				<title>Easy Chair Geography vs. Field Geography</title>
                <title type="alternative">Easy Chair Geography vs. Field Geography, 25 November 1856</title>
				<author xml:id="DL">Livingstone, David, 1813-1873</author>
			</titleStmt>
			<publicationStmt>
				<authority>Livingstone Online</authority>
				<pubPlace>London</pubPlace>
				<date>DATE</date>
				<publisher>Wellcome Centre for the History of Medicine, UCL</publisher>
				<idno type="LEAP-ID">liv_002671</idno>
			</publicationStmt>
			<sourceDesc>
				<bibl xml:id="shelfmark">Royal Geographical Society (Great Britain) Zimbabwe. National Archives; Archives, DL 2/12 LI 1/1/1, pp. 552-570</bibl>
				<bibl xml:id="ccnumber">Papers and Reports, 14</bibl>
				<bibl xml:id="recipient"><persName>Athenaeum, Editor of the</persName></bibl>
				<bibl xml:id="date"><date when="1856-11-25">25 November 1856</date></bibl>
				<bibl xml:id="where">[S.S. "England"?]</bibl>
			</sourceDesc>
		</fileDesc>
		<profileDesc>
			<langUsage>
				<language ident="en">English</language>
			</langUsage>
			<handNotes>
				<handNote xml:id="hand01" medium="ink_ink">Scribe: Unknown</handNote>
			</handNotes>
		</profileDesc>
		<revisionDesc>
			<change>
				<date>2007-03-23</date>
				<name xml:id="CO">Caroline Overy</name>Trancribed by Caroline Overy
			</change>
			<change>
				<date>2007-04-17</date>
				<name xml:id="MH">Michael Hawkins</name>Coding Proofed by
			</change>
		</revisionDesc>
	</teiHeader>

	<text>
		<body xml:lang="en">
			<div>

	<pb n="0001" facs="liv_002671_0001"/><!--pb/@n='1r'-->
<lb/><p rend="right"><term type="boat">Steam Ship Candia</term></p>
<lb/><p rend="right">In Mediterranean</p>
<lb/><p rend="right">25<hi rend="sup underline">th</hi> Nov<hi rend="sup">r</hi></p>
<lb/><p rend="right">1856</p>
<lb/><p><persName>To the Editor of the Athenaeum</persName></p><!-- CODIC: Centred line in text dividing paragraphs -->
<lb/><p>Easy chair<add place="inline" hand="#hand01">,</add><del type="strikethrough" hand="#hand01">geography</del> <add place="above" hand="#hand01">-</add> versus Field geography </p>
<lb/><p>In coming up the <placeName>Red Sea</placeName> about 
<lb/>a week ago in the P. &amp; O. Co<hi rend="sup"><unclear cert="low">y</unclear></hi> steamer <term type="boat">Nubia</term>
<lb/>I was favoured by <persName>M<hi rend="sup">r</hi> Latouche</persName> the Admiralty 
<lb/>agent on board with a sight of a late number 
<lb/>of your widely circulated journal containing 
<lb/>a paper by <persName>M<hi rend="sup underline">r</hi> Cooley</persName> the author of a pamphlet 
<lb/>called "Inner Africa <hi rend="underline">laid open</hi>", in which he 
<lb/>rather lugubriously complains because I 
<lb/>have not thrown a <term type="reference">"flood of light"</term> on what 
<lb/>if his pamphlet is what its name implies, 
<lb/>surely needed not any glimmerings I could 
<lb/>give. He asserts that when I went to 

	<pb n="0002" facs="liv_002671_0002"/><!--pb/@n='1v'-->
<lb/><placeName>Loanda</placeName> I got my head "stuffed full" of 
<lb/>antiquated Portuguese notions respecting 
<lb/>" Inner Africa" which (observe) I <hi rend="underline">not</hi> they <hi rend="underline">nor</hi> he 
<lb/>had visited, and then he modestly 
<lb/>makes mouths at <persName>Sir Roderick 
<lb/>Murchison</persName> for not inflicting the whole 
<lb/>of these "notions" in one dose upon the 
<lb/>members of the British Association 
<lb/>at Cheltenham. Excuse a stupid story. 
<lb/>It was formerly the custom at what are 
<lb/>called sacramental occasions in Scotland 
<lb/>for the assembled ministers to have a feast 
<lb/>on the <choice><reg>M</reg><orig>m</orig></choice>ondays when the entire services 
<lb/>were over. A worthy grazier &amp; butcher <persName>Tom 
<lb/>Trumel</persName> by name having, on account of 
<lb/>his influential position in the parish, been 
<lb/>invited to share in the conviviality, sat 
<lb/>most of the time dumb, But one of the 
<lb/>ministers observing him several times 
<lb/>"making his mouth" as if to edge in an 

	<pb n="0003" facs="liv_002671_0003"/><!--pb/@n='2r'-->
<lb/>observation, interrupted the others by saying 
<lb/><persName>M<hi rend="sup underline">r</hi> T.</persName> wishes to make some remark, when 
<lb/><persName>Tom</persName> burst forth with "My brown bull 
<lb/>is the best that ever came out of the <placeName><choice><reg>I</reg><orig>i</orig></choice>sle 
<lb/>of Mull</placeName>". <choice><reg>T</reg><orig>t</orig></choice>he explosion that followed 
<lb/>may be imagined. Now <persName>M<hi rend="sup">r</hi> Cooley</persName>
<lb/>evidently considers <persName>Sir Roderick <add place="below">^</add> <add place="above">Murchison</add></persName> and 
<lb/>myself as a pair of "<persName>Tom Trummels</persName>". 
<lb/>I could not, he modestly avers, open my 
<lb/>mouth in <placeName>Loanda</placeName>, except about the <del type="strikethrough">Zambesi</del> <add place="above">Interior</add>
<lb/>and he is disappointed because <persName>Sir Roderick</persName>
<lb/>did not sustain fully the <persName>Trummel</persName>
<lb/>character - bore the members to death 
<lb/>with what he proceeds to shew is my 
<lb/>"nonsense" and enable the erudite 
<lb/>author of <term type="reference">"Inner Africa <hi rend="underline">laid open</hi>"</term>
<lb/>an opportunity of snuffing out my 
<lb/>pretensions before I should reach my 
<lb/>native shores or utter one squeak for 

	<pb n="0004" facs="liv_002671_0004"/><!--pb/@n='2v'-->
<lb/><choice><sic>for</sic><corr>notext</corr></choice> mercy. For some time I thought 
<lb/>it unnecessary to notice such an ebullition 
<lb/>of killing modesty on the part of a 
<lb/>gentleman who never left his easy 
<lb/>chair in London to settle one single 
<lb/>point in geography or in anything else. 
<lb/>One must make some allowance for 
<lb/>the crochets of our elders, and we can 
<lb/>readily excuse <persName>M<hi rend="sup">r</hi> Cooley</persName> in feeling the 
<lb/>necessity of keeping up the <hi rend="underline">eclat</hi> he 
<lb/>formerly gained by his exposé of 
<lb/><persName>Douville's</persName> bungling attempt to appear 
<lb/>as an actual traveller in<placeName> Angola</placeName>, by 
<lb/>running a muck against every one 
<lb/>else traveller or no traveller. We can 
<lb/>even feel kindly to him though he used 
<lb/>exactly the same means of getting some 
<lb/>idea of "Inner Africa" as <persName>Douville</persName> did, 
<lb/>and then boldly publishing <term type="reference">"Inner Africa laid open"</term>

	<pb n="0005" facs="liv_002671_0005"/><!--pb/@n='3r'-->
<lb/><fw type="other"><hi rend="underline">2<hi rend="sup underline">d</hi> Sheet</hi></fw> 
<lb/>without even pretending to have visited the scenes 
<lb/>which the title seems to promise, for, does not 
<lb/><persName>Carlyle</persName> declare that the whole world is a 
<lb/><term type="reference">"huge <unclear cert="low">sham</unclear>"</term> but I must crave leave to 
<lb/>enter a gentle protest against putting Easychair 
<lb/>geography on a level with that of actual 
<lb/>observation. Field geography need not 
<lb/>rank lower than Field geology, and if 
<lb/>the progress of the former in Africa should 
<lb/>like all improvements bring the unavoidable 
<lb/>evil with it of addling some ingenious 
<lb/>speculations and theories, our comfortable 
<lb/>friends need not despair. <choice><reg>T</reg><orig>t</orig></choice>hey may 
<lb/>indulge their <hi rend="underline">cacoethes scribendi</hi> by <term type="reference">"Inner 
<lb/>Australia laid open"</term>. <reg>"</reg>Inner <add place="below">^</add> <add place="above">Ant</add>Arctic circle 
<lb/>laid open" and if they wish to avoid 
<lb/>being twitted about not having <hi rend="underline">seen</hi> the 
<lb/>countries they patronize they may give us 
<lb/>"Inner Lunar lands laid open" as well.</p>
<lb/><p>In excuse for wasting time in answering 

	<pb n="0006" facs="liv_002671_0006"/><!--pb/@n='3v'-->
<lb/>the geographical twaddle contained in the 
<lb/>paper referred to I have several things to plead, 
<lb/>such as, a dislike to being represented as 
<lb/>having discovered marvels I never saw 
<lb/>and being quoted as authority for things I 
<lb/>never said. My easychair friends are so 
<lb/>fond of garbling matters on the plea of "right 
<lb/>interpretation". (a favourite phrase with such) 
<lb/>that I fear I must soon make out a 
<lb/>list of things I did <hi rend="underline">not</hi> see. One of 
<lb/>them who is excessively fond of the 
<lb/>parenthesis, "unknown to themselves", actually 
<lb/>got up in a meeting of the Geographical 
<lb/>Society in which the discovery of <placeName>Lake 
<lb/>Ngami</placeName> by <persName>M<hi rend="sup">r</hi> <choice><sic>Oswel</sic><corr>Oswell</corr></choice></persName> and myself in 1849 
<lb/>was communicated, and declared that 
<lb/>it had been discovered by <hi rend="underline">me alone</hi> many 
<lb/>years before. I was obliged to deny the 
<lb/>assertion. <choice><reg>T</reg><orig>t</orig></choice>hen here comes another and 
<lb/>asserts that a large river discovered 

	<pb n="0007" facs="liv_002671_0007"/><!--pb/@n='4r'-->
<lb/>by the same parties in 1851 runs not on the 
<lb/>surface but underground. Now I cannot 
<lb/>afford to deal largely in travellers' wonders 
<lb/>I intend to return, and even supposing 
<lb/>there were no other considerations, it 
<lb/>would be rather inconvenient to be 
<lb/>asked by a companion who may 
<lb/>favour me with his company "Where 
<lb/>did you meet the men with tails? 
<lb/>Where was the Phoenix's nest? Where the 
<lb/>river running underground? Or where 
<lb/>did you drink the milk of she unicorns 
<lb/>in your coffee?" <choice><reg>T</reg><orig>t</orig></choice>he return difficulties 
<lb/>are all avoided by those who neither go 
<lb/>nor come again.</p>
<lb/><p>In order however that your readers 
<lb/>may understand the assertions contained 
<lb/>in <persName>M<hi rend="sup">r</hi> Cooley's</persName> paper respecting the 
<lb/><placeName>Leeambye</placeName> or <placeName>Zambesi</placeName> I may explain 
<lb/>that there are two main chains in the great 
<lb/>interior valley neither of which nor 

	<pb n="0008" facs="liv_002671_0008"/><!--pb/@n='4v'-->
<lb/>valley itself were ever dreamed of by the author 
<lb/>of <term type="reference">"Inner Africa <hi rend="underline">laid open</hi>"</term>. <choice><reg>T</reg><orig>t</orig></choice>hese drains are 
<lb/>the <placeName>Congo</placeName> on the North and the <placeName>Zambesi</placeName> on the 
<lb/>South. The rivers generally flow from the 
<lb/>sides of the country into the centre to form 
<lb/>the mains referred to, and these run the one 
<lb/>North the other South till they find an 
<lb/>exit to the sea the one on the West the 
<lb/>other on the East coast. <choice><reg>T</reg><orig>t</orig></choice>he <placeName>Zambesi</placeName>
<lb/>with which we have at present to do flows 
<lb/>from North to South from 14° to 18° South 
<lb/>Latitude before it turns Eastwards, <choice><sic>recieving</sic><corr>receiving</corr></choice>
<lb/>in that space, if my eyesight did not <choice><sic>decieve</sic><corr>deceive</corr></choice>
<lb/>me, no fewer than ten large perennial 
<lb/>rivers, <choice><reg>a</reg><orig>A</orig></choice>nd if the native testimony may 
<lb/>be <choice><sic>recieved</sic><corr>received</corr></choice>, there is <add place="below">^</add> <add place="above">in "Inner Africa"</add> a net work of waters 
<lb/>with "anastomoses" unequalled in the 
<lb/>world beside. The <placeName>Zambesi</placeName> however 
<lb/>is the main artery of the system. And 
<lb/>affords the best test of the utter worthlessness 
<lb/>of easychair geography that could have 
<lb/>been selected. <choice><reg>T</reg><orig>t</orig></choice>he great river in the 

	<pb n="0009" facs="liv_002671_0009"/><!--pb/@n='5r'-->
<lb/><fw type="other"><hi rend="underline">3<hi rend="sup">rd</hi> Sheet</hi></fw> 
<lb/>centre of the Continent is essentially an English 
<lb/>discovery. <choice><reg>T</reg><orig>t</orig></choice>he Portuguese all imagined 
<lb/>that it rose in the South (vide all old maps<del type="strikethrough">)</del><add place="above">and a jumble of the same in <term type="reference"><hi rend="underline">"Inner</hi> Africa laid open"</term>)</add>
<lb/>They discovered a branch of it at <placeName>Cazembe<reg>'</reg>s</placeName>
<lb/>town but supposed it went to <placeName>Angola</placeName>! 
<lb/>from seeing it flowing westwards. It is 
<lb/>named <placeName>Luamegi</placeName> (soft g) <placeName>Luambeji</placeName>
<lb/><placeName>Luambesi</placeName>, <placeName>Iambeji</placeName>, <placeName>Zjambeji</placeName>, <placeName>Leeambye</placeName>
<lb/><placeName>Zambesei</placeName> - <placeName>Ojimbesi</placeName><placeName>Zambesi</placeName> at 
<lb/>different parts of its course, the name 
<lb/>varying according to the dialect of the 
<lb/>people who live on its banks<choice><reg>.</reg><orig>,</orig></choice> But these words 
<lb/>all express one and the same idea 
<lb/>viz. <hi rend="double-underline">the River</hi> <hi rend="underline">par excellence</hi>, and it is 
<lb/>most appropriately so called for it truly is 
<lb/>Malinoka cotle = "mother of all rivers" <del type="strikethrough">to</del>
<lb/>to the inhabitants. When we discovered the 
<lb/>southern portion we found it at its lowest 
<lb/><add place="below">^</add> <add place="marginleft">state</add> yet there were from 300 to 500 yards 
<lb/>of deep flowing water, and during its 
<lb/>annual inundation there is a perpendicular 

	<pb n="0010" facs="liv_002671_0010"/><!--pb/@n='5v'-->
<lb/>rise of between twenty and thirty feet<reg>.</reg><persName>M<hi rend="sup">r</hi> <choice><sic>Oswel</sic><corr>Oswell</corr></choice></persName>
<lb/>had never seen such a magnificent river 
<lb/>even in India. And the Nile at the spot 
<lb/>where the railway from <placeName>Cairo</placeName> to <placeName>Alexandria</placeName>
<lb/>crosses it, lately seemed to me small in 
<lb/>comparison. It forms the southern line 
<lb/>of defence of the <term type="tribe">Makololo</term> (from <placeName>Sesheke</placeName>
<lb/>to near the Portuguese possessions) against 
<lb/>the <term type="tribe">Matibele</term> of <persName>Mosilikatze</persName>. And they have 
<lb/>men stationed at different points 
<lb/>of its banks to prevent the original 
<lb/>inhabitants of the country from ferrying 
<lb/>their enemies over. But <persName>M<hi rend="sup underline">r</hi> Cooley</persName>
<lb/>tells your readers that this gigantic stream 
<lb/>is only an "undeveloped river"<reg>.</reg> And as 
<lb/>his ideas of rivers all evidently formed 
<lb/>from the sight familiar <hi rend="underline">in his travels</hi> of 
<lb/>little ragged boys letting crooked pins down 
<lb/>through grating into Cockney streams to 
<lb/>catch four legged fish, he declares that the 
<lb/><placeName>Leeambye</placeName> or <placeName>Luamegi</placeName> or the river runs 
<lb/>beneath a grating somewhat larger 

	<pb n="0011" facs="liv_002671_0011"/><!--pb/@n='6r'-->
<lb/>than the whole French Empire. I only wish 
<lb/>this were true. I should then have a 
<lb/>traveller<reg>'</reg>s tale worth telling. But having 
<lb/>traced it by travelling sometimes <del type="strikethrough">by travelling</del>
<lb/>on one bank sometimes on the other 
<lb/>or sailed hundreds of miles on its 
<lb/>broad bosom, I am compelled to believe 
<lb/>that a geographer on an easy chair with 
<lb/>a bowl of Punch before him may see 
<lb/>greater marvels than any traveller in 
<lb/>the field. If we fancy the scene in 
<lb/>England we have a clearer idea of the assertion 
<lb/>that the glorious river referred to "runs 
<lb/>underground and supports the vegetation 
<lb/>of the <placeName>Kalahari desert</placeName>." The Thames 
<lb/>at London <choice><reg>B</reg><orig>b</orig></choice>ridge to the best of my recollection 
<lb/>is considerably smaller than the 
<lb/><placeName>Leeambye</placeName> at <placeName>Sesheke</placeName>, but let us 
<lb/>take it for illustration, and <choice><sic>concieve</sic><corr>conceive</corr></choice>
<lb/>of another river (the <placeName>Chobe</placeName>) having 
<lb/>120 yards of deep flowing water * 
<addSpan spanTo="#p.6r-01" place="marginleft"><!--addSpan/@place='left margin of fol. 6r'--></addSpan>
<lb/>* 40 yards at the waggon stand of 1851 but 120 yards lower down 
<lb/>when all its branches are joined into one stream<anchor xml:id="p.6r-01"/>
<lb/>running parallel to its right bank 

	<pb n="0012" facs="liv_002671_0012"/><!--pb/@n='6v'-->
<lb/>and <hi rend="underline">intending</hi> to join it at <placeName>Gravesend</placeName>. <choice><reg>T</reg><orig>t</orig></choice>hen 
<lb/>listen to <persName>M<hi rend="sup">r</hi> Cooley</persName> declaring to the thousands 
<lb/>who peruse the Athenaeum that the "Thames" 
<lb/>and the "Pool" are not the same river. That 
<lb/>the Thames doubles down beneath the soil 
<lb/>and flows underneath the other river 
<lb/>and at right angles to it to support the 
<lb/>vegetation <add place="above">of</add> England Scotland and the 
<lb/><placeName>Orkney <choice><reg>I</reg><orig>i</orig></choice>slands</placeName>. <choice><reg>T</reg><orig>t</orig></choice>hen winding up the 
<lb/>assertion with another one about 
<lb/>"sincerity"!</p>
<lb/><p>I have also to plead a desire to disabuse 
<lb/>the minds of your readers of the idea put 
<lb/>forth by this gentleman that actual 
<lb/>travellers <del type="strikethrough">gain</del> have no knowledge of 
<lb/>the country adjacent to their line of march 
<lb/>and must rely on "conjecture alone"<reg>.</reg> Grant 
<lb/>him this and the Easychair geographer 
<lb/>feels he has as good a right to put forth 
<lb/>conjectures as any man who ever 
<lb/>travelled. <choice><reg>T</reg><orig>t</orig></choice>he Field geologist glories in 
<lb/>his hammer but say that he is 

	<pb n="0013" facs="liv_002671_0013"/><!--pb/@n='7r'-->
<lb/><fw type="other"><hi rend="underline">4<hi rend="sup">th</hi></hi></fw> ignorant of everything but the hammer 
<lb/>and all the rest is conjecture, and you 
<lb/>bring back philosophy to the dignified 
<lb/>system which <persName>Bacon</persName> exploded<choice><reg>.</reg><orig>,</orig></choice> As your 
<lb/>readers must <choice><sic>percieve</sic><corr>perceive</corr></choice> by <persName>M<hi rend="sup">r</hi> C.'s</persName> confession 
<lb/>for such I regard it that conjecture holds 
<lb/>a prominent place in Easychair philosophy 
<lb/>I may give one instance of the value 
<lb/>of the actual travellers plan of gaining 
<lb/>information, and another of the folly 
<lb/>of trusting to "conjecture". We travel in 
<lb/>the company of men who are well 
<lb/>acquainted with parts of the country 
<lb/>by personal observation. I had one man 
<lb/>for instance who had <add place="below">^</add> <add place="above">formerly</add> travelled both 
<lb/>banks of the <placeName>Zambesi</placeName> to near <placeName>Tete</placeName>
<lb/>and another who had been present 
<lb/>at an attack on <placeName>Senna</placeName>. <choice><reg>T</reg><orig>t</orig></choice>hey soon see 
<lb/>that we are interested in the courses 
<lb/>of rivers, names of hills, tribes &amp;c &amp;c 
<lb/>and make enquiries among the 

	<pb n="0014" facs="liv_002671_0014"/><!--pb/@n='7v'-->
<lb/>villagers to whom we come. Drawings are 
<lb/>made on the ground and parts pointed 
<lb/>out that bearings may be taken and 
<lb/>comparisons drawn from the views 
<lb/>of different individuals. We thus gain 
<lb/>a general idea of the whole country. We 
<lb/>confess our obligations to native 
<lb/>information, <choice><reg>w</reg><orig>W</orig></choice>e admit our liability to 
<lb/>mistake. It is discovery not a survey. 
<lb/><add place="marginleft">But</add> the self satisfied assurance of the Easychair 
<lb/>and pair of compasses, is not one 
<lb/>of our besetting sins. <choice><reg>T</reg><orig>t</orig></choice>he first time I 
<lb/>ventured on <add place="below">^</add> <add place="above">giving</add> a large extent of country 
<lb/>on native information was in the case 
<lb/>of this same <placeName>Zambesi</placeName> or <placeName>Leeambye</placeName>. And 
<lb/>so accurate has it been proved by my 
<lb/>own personal inspection <del type="strikethrough">of it</del> from 
<lb/>Lat. 14° South to the Sea I have little to add 
<lb/>to the native map of 1851. <choice><reg>T</reg><orig>t</orig></choice>his shews 
<lb/>the value of the plan usually followed.</p>
<lb/><p>In that same year I was guilty of 
<lb/>"conjecturing" that certain wells south 

	<pb n="0015" facs="liv_002671_0015"/><!--pb/@n='8r'-->
<lb/>of the river system was probably supplied 
<lb/>by percolation through soft calcareous 
<lb/>tufa from the North. <choice><reg>T</reg><orig>t</orig></choice>his was seized upon 
<lb/>and amplified in "Inner Africa laid open" 
<lb/>into the whole <placeName>Zambesi</placeName> going underground<reg>.</reg> 
<lb/>If a little water percolates a hundred 
<lb/>miles a great river will percolate 
<lb/>seven hundred, and if it flows 
<lb/>beneath the soil it cannot run on 
<lb/>the surface, therefore the Thames &amp; the 
<lb/>Pool are two distinct rivers. You 
<lb/>think I am trifling. <add place="above">do you?</add> No one would 
<lb/>either argue in that way or if he should 
<lb/>could find an individual to believe him. 
<lb/>When <persName>M<hi rend="sup">r</hi> <choice><sic>Oswel</sic><corr>Oswell</corr></choice></persName> and I discovered <placeName>Lake 
<lb/>Ngami</placeName> in 1849 we believed that short 
<lb/>letters to the Royal Geographical Society 
<lb/>were all that need be published about 
<lb/>it. <persName>M<hi rend="sup">r</hi> <choice><sic>Anderson</sic><corr>Andersson</corr></choice></persName> who succeeded in 
<lb/>reaching it from the west adopted another 
<lb/>course and published a book, wishing 
<lb/>to see what his predecessors thought 

	<pb n="0016" facs="liv_002671_0016"/><!--pb/@n='8v'-->
<lb/>of it he seems to have turned to "Inner 
<lb/>Africa laid open" and not suspecting 
<lb/>that the statements had been garbled by 
<lb/>"right interpretation" made several 
<lb/>ludicrous blunders. He thinks <add place="below">^</add> <add place="above">for instance</add> we estimate 
<lb/>the extent of the Lake too highly and then 
<lb/>puts his own estimate at a higher 
<lb/>figure, 70 geographical miles being 
<lb/>greater that 75 statute miles. He verifies 
<lb/>our observation of <placeName>Lake Ngami</placeName> being 
<lb/>only 2000 ft above the level of the 
<lb/>sea and though he was present when 
<lb/><persName>M<hi rend="sup">r</hi> Galton</persName> ascertained the country west 
<lb/>of <placeName>Libebe</placeName> &amp; the Lake to be about 6000 ft 
<lb/>high he has no hesitation in "inserting 
<lb/>on the <hi rend="underline">authority of <persName>M<hi rend="sup">r</hi> Cooley</persName></hi> the river 
<lb/>Itchybumbum" which to flow at all 
<lb/>westwards must run uphill four 
<lb/>thousand feet. I quote from memory 
<lb/>and with not the smallest intention 
<lb/>to depreciate the merits of such an 
<lb/>intelligent &amp; enterprising traveller as 

	<pb n="0017" facs="liv_002671_0017"/><!--pb/@n='9r'-->
<lb/><fw type="other"><hi rend="underline">5<hi rend="sup underline">th</hi></hi></fw> <persName> M<hi rend="sup underline">r</hi> <choice><sic>Anderson</sic><corr>Andersson</corr></choice></persName>, Indeed I feel a little sorry that 
<lb/>I must refer to him at all as some may 
<lb/>construe my reference into that. But we find 
<lb/>him fairly <choice><sic>decieved</sic><corr>deceived</corr></choice> by this same curious logic 
<lb/>and then quoted triumphantly by <persName>M<hi rend="sup">r</hi> Cooley</persName> in 
<lb/>exactly the same style as a boy who had been 
<lb/>duped on all fools day might be quoted to 
<lb/>increase the number of dupes. <persName>M<hi rend="sup">r</hi> <choice><sic>Anderson</sic><corr>Andersson</corr></choice></persName>
<lb/>certainly would never have said that "<persName>M<hi rend="sup">r</hi> Cooley</persName>
<lb/>clearly proves that the <placeName>Leeambye</placeName> runs south." 
<lb/>if he had known that I and about half a 
<lb/>dozen Europeans had travelled North on 
<lb/>dry land in what is said to be its bed and 
<lb/><persName>M<hi rend="sup">r</hi> Moffat</persName> had been prevented by want of 
<lb/>water <add place="below">^</add> <add place="bottom"><!--addSrc09-1-->in the same quarter</add> from reaching me <!-- NB: <anchor id="addSrc09-1" />--> <lb/>because that would imply the 
<lb/>indorsement of the doctrine that the goodly 
<lb/>river was all the while gurgling beneath 
<lb/><persName>M<hi rend="sup underline">r</hi> M's</persName> feet. I sailed along the noble 
<lb/>river right to the cleft by which it bursts 
<lb/>through the Eastern ridge. And as <persName>M<hi rend="sup">r</hi> Cooley</persName>
<lb/>has scraped together all the little the Portuguese 
<lb/>had of Interior geography his meanderings 

	<pb n="0018" facs="liv_002671_0018"/><!--pb/@n='9v'-->
<lb/>most thoroughly demonstrate that the fact 
<lb/>of a great Interior valley &amp; the <placeName>Zambesi</placeName>
<lb/>flowing in it is a genuine English discovery 
<lb/>and the point which proves the connection 
<lb/>between the new and the old ought to have 
<lb/>the name of our Queen in the way of 
<lb/>commemoration.</p>
<lb/><p>It may now be seen whether <persName>M<hi rend="sup">r</hi> Cooley's</persName>
<lb/>positive assertion that I did not travel from 
<lb/>the <hi rend="double-underline">River</hi> to <placeName>Loanda</placeName> means more than whether 
<lb/>six is less or more than half a dozen but 
<lb/>he adds a mistake was made about the 
<lb/><placeName>Chikapa</placeName>. "<choice><reg>T</reg><orig>t</orig></choice>here is a difference of forty miles 
<lb/>between going and returning, this is very 
<lb/>unsatisfactory." Now I did make a mistake 
<lb/>but when on my return I crossed this 
<lb/>stream forty miles further down I found out 
<lb/>my mistake and hastened to correct it. Could 
<lb/>mortal man do more? I was determined 
<lb/>to succeed in opening "Inner Africa" and 
<lb/>as there <add place="below">^</add> <add place="above">were</add> some very formidable probabilities 
<lb/>against <unclear cert="low">living</unclear> through the enterprise - some 
<lb/>forms of death which an easychair geographer 

	<pb n="0019" facs="liv_002671_0019"/><!--pb/@n='10r'-->
<lb/>would of course gladly dare. I sent home 
<lb/>succinct accounts by every opportunity of 
<lb/>every important point. <choice><reg>T</reg><orig>t</orig></choice>hese were 
<lb/>necessarily fragmentary, and without 
<lb/>remarking on <persName>M<hi rend="sup">r</hi> C's</persName> good taste in eagerly 
<lb/>pronouncing a mistake corrected <hi rend="underline">not by him</hi>
<lb/>but myself as "very unsatisfactory" I shall 
<lb/>just notice the logic and then favour 
<lb/><persName>M<hi rend="sup underline">r</hi> Cooley</persName> with a proposition. <choice><reg>T</reg><orig>t</orig></choice>he 
<lb/>corrected mistake is declared to be unsatisfactory 
<lb/>evidently to prepare the mind of the reader 
<lb/>for believing his own mistake about 
<lb/>the <placeName>Zambesi</placeName> flowing underground<reg>.</reg> 
<lb/>He could not mean if a mistake was made 
<lb/>I ought to stick to it, like the man who 
<lb/>always <choice><sic>eat</sic><corr>eats</corr></choice> his asparagus hard end 
<lb/>foremost, but simply this if he made 
<lb/>a mistake in the <placeName>Chikapa</placeName> he has also 
<lb/>made one with <placeName>Leeambye</placeName>, and if he 
<lb/>is wrong I am right. It would scarcely 
<lb/>do to add and if D<hi rend="sup underline">r</hi> L. corrected his error 
<lb/>in one case he would do the same 
<lb/>in the other? O dear No, that would be 
<lb/><add place="inline">Nigger logic</add>

	<pb n="0020" facs="liv_002671_0020"/><!--pb/@n='10v'-->
<lb/></p>
<lb/><p>When <persName>M<hi rend="sup">r</hi> Gordon Cumming</persName> was forming 
<lb/>his well known collection around and beyond 
<lb/>my house at <placeName>Kolobeng</placeName> I had somewhat to 
<lb/>do in the way of furnishing guides, and being 
<lb/>considered by them as a sort of father they 
<lb/>furnished me with a minute account 
<lb/>of the movements and adventures which 
<lb/>have since been published by the "Lionslayer" 
<lb/>himself. Sometimes the narrators were 
<lb/>sent forward with presents of game. At 
<lb/>other times they came for assistance to 
<lb/>extricate their master out of difficulties, 
<lb/>so it generally happened that I had to listen 
<lb/>to the stories from unsophisticated witnesses 
<lb/>a considerable time before we had the 
<lb/>pleasure of listening to the same from <persName>M<hi rend="sup">r</hi>
<lb/>Cumming's</persName> lips at our own fireside. 
<lb/>Now I have two reasons for referring 
<lb/>to this. One is I have frequently been 
<lb/>asked if <term type="reference">M<hi rend="sup">r</hi> Cumming's book</term> were true 
<lb/>and wish <add place="below">^</add> <add place="above">to</add> give a general answer to those 
<lb/>who may wish to put the question again 
<lb/>that without approving everything 

	<pb n="0021" facs="liv_002671_0021"/><!--pb/@n='11r'-->
<lb/><fw type="other"><hi rend="underline">6<hi rend="sup">th</hi></hi></fw> in it the book is essentially a truthful one<reg>.</reg>
<lb/><choice><reg>T</reg><orig>t</orig></choice>he statements with respect to the abundance 
<lb/>of game at the time he was in the country 
<lb/>far from exaggerated, and it gives a 
<lb/>good idea of African hunting<choice><reg>.</reg><orig>,</orig></choice> The other 
<lb/>reason may be seen in the following 
<lb/>supposing as I had it in my power 
<lb/>I had collected these hunting adventures 
<lb/>garbled and "rightly interpreted" and 
<lb/>published them in the manner of "Inner 
<lb/>Africa <hi rend="underline">laid open</hi>". Could I honestly have 
<lb/>called myself a "lion slayer"? My antecedents 
<lb/>would seem to say if I had made such 
<lb/>a mistake so far from pronouncing it 
<lb/>"very unsatisfactory" and trying to write 
<lb/><persName>M<hi rend="sup">r</hi> Cumming</persName> down before he could 
<lb/>publish a connected statement, I 
<lb/>would instantly have confessed my 
<lb/>mistake by transferring the profits 
<lb/>of my work to the true "Lion slayer". 
<lb/>And as my hopes are excited by the 
<lb/>flourish about "sincerity" if <persName>M<hi rend="sup">r</hi>

	<pb n="0022" facs="liv_002671_0022"/><!--pb/@n='11v'-->
<lb/>Cooley</persName> will take the hint I hereby 
<lb/>engage to give a good account of the 
<lb/>profits of "Inner Africa laid open"<reg>.</reg></p>
<lb/><p rend="right">David Livingston</p> 
	<ab>
<add hand="#hand01" rend="vertical" place="marginleft"><hi rend="underline">1856</hi>
<lb/>Rev.<hi rend="sup">d</hi> D<hi rend="sup">r</hi> Livingston</add> 
	</ab>

			
</div>
		</body>
	</text></TEI>