<?xml version="1.0" encoding="UTF-8"?>
<?xml-model href="http://livingstoneonline.github.io/LEAP-ODD/leap.rng" type="application/xml" schematypens="http://relaxng.org/ns/structure/1.0"?>
<?xml-model href="http://livingstoneonline.github.io/LEAP-ODD/leap.rng" type="application/xml" schematypens="http://purl.oclc.org/dsdl/schematron"?>
 <?xml-stylesheet href="http://livingstoneonline.github.io/LEAP-XSLT/transcription.xsl" type="text/xsl"?>
 <!--Converted from a TEI P5 XML file to the LEAP TEI P5 Schema by James Cummings on 2015-03-02--><!--TEI encoding revised and standardized by Adrian S. Wisnicki, 2015-2016-->
         <TEI xmlns="http://www.tei-c.org/ns/1.0" xml:id="liv_002596"><!--Corrected this to the current letter. Originally read "LETT1422" -Ashanka 5/4/14-->
	<teiHeader>
		<fileDesc>
			<titleStmt>
				<title>Letter to George H. Richards</title>
                <title type="alternative">Letter to George H. Richards, 8 February 1872</title>
				<author xml:id="DL">Livingstone, David, 1813-1873</author>
			</titleStmt>
			<publicationStmt>
				<authority>Livingstone Online</authority>
				<pubPlace>College Park, MD, USA</pubPlace>
				<publisher>University of Maryland Libraries</publisher>
				<date>2014</date>
				<idno type="LEAP-ID">liv_002596</idno>
			</publicationStmt>
			<sourceDesc>
				<bibl xml:id="shelfmark">National Library of Scotland; MS. 20312, ff. 167-170</bibl><!-- note that for the fol. number we are no longer using "r" and "v", just the page numbers as per this example. Adrian, I saw this bit after I finished the letter and went back over it. Since we did this part together and then discussed the "r" and "v," I'm assuming that using them is correct. I'm just not sure why this statement is here and we didn't delete it. -->
				<bibl xml:id="ccnumber">Letters, 1992</bibl>
				<bibl xml:id="recipient"><persName>Richards, George H., 1819-1876</persName></bibl>
				<bibl xml:id="date"><date when="1872-02-08">8 February 1872</date></bibl>
				<bibl xml:id="where">[Ngombe Nullah]</bibl><!-- Where the letter was written -->
			</sourceDesc>
		</fileDesc>
		<profileDesc>
			<langUsage>
				<language ident="en">English</language>
			</langUsage>
		</profileDesc>
		<revisionDesc>
			<change>
				<date>2012-12-04</date>
				<name xml:id="AA">Angela Aliff</name> Initial transcription and XML encoding.
            
			</change>
			<change>
				<date>2014-04-05</date>
				<name xml:id="AK">Ashanka Kumari</name> Proofreading and additional XML encoding.
		
			</change>
			<change>
				<date>2014-04-08</date>
				<name xml:id="AW">Adrian S. Wisnicki</name> Proofreading and additional XML encoding.
		
			</change>
		</revisionDesc>
	</teiHeader>

	<text>
		<body>
			<div>

	<pb n="0001" facs="liv_002596_0001"><!--pb/@n='167r'--></pb>
<lb/><p rend="no-indent"><placeName><settlement type="village">Ngombe Nullah</settlement></placeName> near
<lb/><persName>Speke</persName>'s <placeName><settlement type="village">Kazeh</settlement></placeName> <date when="1872-02-08">8<hi rend="sup underline">th</hi> <choice><abbr>Feby</abbr><expan>February</expan></choice>
<lb/><space dim="horizontal" extent="3" unit="words"/>1872</date></p>
<lb/><p>My Dear <persName>Captain Richards</persName></p>
<lb/><p>My letters to you
<lb/>have been destroyed
<lb/>because I have been
<lb/>looked upon as a spy
<lb/>on the <placeName><region>Zanzibar</region></placeName> slave
<lb/>trade so you must
<lb/>kindly make allowances
<lb/>for my long silence -
<lb/><persName>M<hi rend="sup">r</hi> Stanley</persName> an <term type="nationality">American</term><!--Inserted the nationality tag for "American" -Ashanka 5/4/15-->
<lb/>gentleman takes this
<lb/>to the coast so I repeat
<lb/>my thoughtfulness to
<lb/>you for all you did
<lb/>in <persName>Young</persName>'s Expedition
<lb/>and otherwise - </p>

	<pb n="0002" facs="liv_002596_0002"><!--pb/@n='167v'--></pb>
<lb/><p>My work would have
<lb/>been finished long ago
<lb/>but <hi rend="underline">from</hi> grievance of
<lb/>the situtation <persName> D<hi rend="sup underline">r</hi> Kirk</persName>
<lb/>handed over the matter
<lb/>of supplies &amp; men to 
<lb/><persName>Ludha</persName> a <choice><sic>Bannian</sic><corr>Banian</corr></choice> slave <!--added "a" before "Banian" as per the image of letter. -Ashanka 5/4/15-->
<lb/>trader and he entrusted
<lb/>his slaves who curiously
<lb/>enough all had the idea
<lb/>that they were not to
<lb/>follow but force me
<lb/>back - £500 were thus
<lb/>squandered and again
<lb/>another £500 was placed
<lb/>in <persName>Ludha</persName>'s hands. &amp;
<lb/>I am now going East
<lb/>to catch the relics of
<lb/>the second £500 worth
<lb/>of goods from the slaves
<lb/>who like jolly fellows
<lb/>have been feasting on

        

	<pb n="0003" facs="liv_002596_0003"><!--pb/@n='168r'--></pb>
<lb/>on them for 14 months
<lb/>the loss inflicted on 
<lb/>me is over 2 years
<lb/>in time. 1800 miles
<lb/>of tramp and nearly
<lb/>£1000 in money - 
<lb/>but I hope to get over 
<lb/>it all - You will
<lb/>have learned before
<lb/>this that the <placeName><geogName type="river">Nile</geogName></placeName>
<lb/>rises in 10°-12° South
<lb/>When this became
<lb/>known it is said to
<lb/>have been awarded
<lb/>to <persName>Beke</persName><supplied cert="high">,</supplied><persName>Finlay</persName><supplied cert="high">,</supplied> and <!--Not sure where the commas are coming from. I don't see them in the image. Should they be omitted? -Ashanka 5/4/15-->
<lb/><persName>Arrowsmith</persName> because
<lb/>they dreamed about
<lb/>it - this is interesting
<lb/>for as my Despatches
<lb/>will <choice><orig>shew</orig><reg>show</reg></choice> you the
<lb/>watershed from which
<lb/>the <placeName><geogName type="river">Nile</geogName></placeName> arises is

        

	<pb n="0004" facs="liv_002596_0004"><!--pb/@n='168v'--></pb>
<lb/><choice><sic>is</sic><corr/></choice> some 700 miles long
<lb/>and to be fair the dreamers
<lb/>must have awarded to
<lb/>them also the discovery
<lb/>of division of labour
<lb/>in dreaming - Each to
<lb/>get 233 miles = Discovery
<lb/>to me means very hard
<lb/>work and the work is
<lb/>not yet finished - I 
<lb/>go West again to the
<lb/>Western or seventh
<lb/>hundred miles of the 
<lb/>watershed where the
<lb/>four fountains are
<lb/>separated to the West
<lb/>possibly are the sources
<lb/>mentioned long ago
<lb/>to <persName>Herodotus</persName> - I wish
<lb/>I could settle them in
<lb/>a good long <choice><sic>snoose</sic><corr>noose</corr></choice> -

        

	<pb n="0005" facs="liv_002596_0005"><!--pb/@n='169r'--></pb>
<lb/>The fountains are almost
<lb/>innumerable and all
<lb/>converge into large
<lb/>rivers and Lakes in
<lb/>the great <placeName><geogName type="river">Nile</geogName></placeName> really
<lb/>a perpetual slope so
<lb/>far as I have seen it
<lb/>and no "<placeName><geogName type="river">Upper Nile</geogName></placeName>
<lb/>basin" at all and I
<lb/>reached the level
<lb/>ascribed to <placeName><settlement type="village">Gondokoro</settlement></placeName>
<lb/>It goes through the 
<lb/>country of the cannibals
<lb/>called <placeName><region>Manyuema</region></placeName>
<lb/>The slave trade lately
<lb/>began there as not
<lb/>trading in any sense
<lb/>it is simply cold
<lb/>blooded murder and 
<lb/>it is all carried on

        

	<pb n="0006" facs="liv_002596_0006"><!--pb/@n='169v'--></pb>
<lb/>by the money of <persName>Ludha</persName>
<lb/>and other <term type="tribe">Banian</term> English
<lb/>subjects who though
<lb/>they dare not kill a
<lb/>gnat or flea are really
<lb/>and truly the very
<lb/>worst cannibals in
<lb/>all <placeName><bloc>Africa</bloc></placeName> - The money 
<lb/>all comes from them
<lb/>and they manage <choice><sic>adrotitly</sic><corr>adroitly</corr></choice>
<lb/>to let the odium rest
<lb/>on their Arab agents -</p>
<lb/><p>I transmit by <persName> M<hi rend="sup underline">r</hi>
<lb/>Stanley</persName> two pocket
<lb/>chronometers and two <!--corrected typo "chonometers" to "chronometers" as per the images. -Ashanka 5/4/15-->
<lb/>common watches - 
<lb/>all are dead though no
<lb/>accident befel any of
<lb/>my instruments except
<lb/>some by shipwreck

        

	<pb n="0007" facs="liv_002596_0007"><!--pb/@n='170r'--></pb>
<lb/>which were going to be
<lb/>put in depot in case
<lb/>of those I took with me
<lb/>being lost. I retain
<lb/>one <add place="below">^</add> <add place="above">dead</add> chronometer to
<lb/>try if I can get a <w>longi<add place="inline">-</add><lb break="no"/>-tude</w> by putting a
<lb/>weight on the key and
<lb/>observing successive
<lb/>sun's <choice><abbr>alts</abbr><expan cert="high">altitudes</expan></choice> - and moon's
<lb/>distances. The watches
<lb/>I trouble you with
<lb/>because you have
<lb/>superior workmen
<lb/>one was dipped in
<lb/>water and I filled
<lb/>it with oil to preserve
<lb/>it - The other had
<lb/>second stop hands
<lb/>but too small -

        

	<pb n="0008" facs="liv_002596_0008"><!--pb/@n='170v'--></pb>
<lb/>If you can favour
<lb/>me by allowing your
<lb/>workmen to put a
<lb/>new dial &amp; larger
<lb/>second face on it. I
<lb/>shall feel greatly
<lb/>obliged - It is a very
<lb/>good watch but too
<lb/>small - I am hoping
<lb/>to get the Aneroids
<lb/>back to the sea to
<lb/>test them there again
<lb/>one has altered
<lb/>considerably.
</p><lb/><p rend="center">very sincerely yours</p>
<lb/><p rend="center"><persName>David Livingstone</persName></p>
<lb/><p rend="center"><choice><abbr>H.M.</abbr><corr>Her Majesty's</corr></choice> consul.</p>
			
</div>
		</body>
	</text></TEI>