<?xml version="1.0" encoding="UTF-8"?>
<?xml-model href="http://livingstoneonline.github.io/LEAP-ODD/leap.rng" type="application/xml" schematypens="http://relaxng.org/ns/structure/1.0"?>
<?xml-model href="http://livingstoneonline.github.io/LEAP-ODD/leap.rng" type="application/xml" schematypens="http://purl.oclc.org/dsdl/schematron"?>
 <?xml-stylesheet href="http://livingstoneonline.github.io/LEAP-XSLT/transcription.xsl" type="text/xsl"?>
 <!--Converted from a TEI P5 XML file to the LEAP TEI P5 Schema by James Cummings on 2015-03-02--><!--TEI encoding revised and standardized by Adrian S. Wisnicki, 2015-2016-->
         <TEI xmlns="http://www.tei-c.org/ns/1.0" xml:id="liv_001956">
	<teiHeader>
		<fileDesc>
			<titleStmt>
				<title>Letter to Horace Waller</title>
                <title type="alternative">Letter to Horace Waller, 6 August 1863</title>
				<author xml:id="DL">Livingstone, David, 1813-1873</author>
			</titleStmt>
			<publicationStmt>
				<authority>Livingstone Online</authority>
				<pubPlace>London, UK</pubPlace>
				<publisher>University College London</publisher>
				<date>2012</date>
				<idno type="LEAP-ID">liv_001956</idno>
			</publicationStmt>
			<sourceDesc>
				<bibl xml:id="shelfmark">Bodleian Library. Weston Library; Waller MSS. Afr. s. 16.1, ff. 49-50</bibl>
				<bibl xml:id="ccnumber">Letters, 1386</bibl>
				<bibl xml:id="recipient"><persName>Waller, Horace, 1833-1896</persName></bibl>
				<bibl xml:id="date"><date when="1863-08-06">6 August 1863</date></bibl>
				<bibl xml:id="where">Above Tedzane</bibl>
			</sourceDesc>
		</fileDesc>
		<profileDesc>
			<langUsage>
				<language ident="en">English</language>
			</langUsage>
		</profileDesc>
		<revisionDesc>
			<change>
				<date>2011-12-06</date>
				<name xml:id="AJS">A.J. Schmitz</name> initial transcription and XML encoding.
            
			</change>
			<change>
				<date>2012-03-14</date>
				<name xml:id="KS">Kathryn Simpson</name> proofreading.
            
			</change>
			<change>
				<date>2012-07-01</date>
				<name xml:id="HFB">Heather F. Ball</name> XML editing.
            
			</change>
			<change>
				<date>2012-09-09</date>
				<name xml:id="AW">Adrian S. Wisnicki</name> XML editing.
            
			</change>
		</revisionDesc>
	</teiHeader>

	<text>
		<body>
			<div>

	<pb n="0001" facs="liv_001956_0001"><!--pb/@n='49r'--></pb>
<lb/><p rend="right">Above <placeName><settlement type="village"><choice><sic>Tedzane</sic><corr>Tedzani</corr></choice></settlement></placeName> <date when="1863-08-06">6 August 
<lb/>1863</date></p>
<lb/><p>My Dear <persName>Waller</persName></p>
<lb/><p>The <term type="tribe">Ajawa</term> went 
<lb/>off saying that they were 
<lb/>sick and made the 
<lb/>woods ring with their 
<lb/>laughter while still in sight 
<lb/>I certainly would punish 
<lb/>them for breech of contract 
<lb/>to teach them &amp; others not 
<lb/>to do wrong &amp; do it insultingly 
<lb/>but we are going away 
<lb/>and in the example I 
<lb/>might include some of 
<lb/>the innocent.  I find 
<lb/><persName>Mololo</persName> &amp; his companion 
<lb/>capital fellows - I told 
<lb/>them that the pay 
<lb/>of the seven who went 
<lb/>off for the six days 
<lb/>they worked should be 

     

	<pb n="0002" facs="liv_001956_0002"><!--pb/@n='49v'--></pb>
<lb/>divided among those 
<lb/>who remain - We were 
<lb/>delayed <choice><sic>other</sic><corr>another</corr></choice> six days  
<lb/>by this but having sent 
<lb/>for men to the ship 
<lb/>will now get on - 
<lb/>Before our good bishop 
<lb/>came up he had sent 
<lb/>a humble request to <persName>Tito</persName>
<lb/>to be allowed to settle 
<lb/>on the slopes of <placeName><geogName type="feature">Morambala</geogName></placeName>
<lb/>and to allow <persName>Mesquita</persName>
<lb/>to be his interpreter !!! 
<lb/>His good sense will 
<lb/>get over such stuff = 
<lb/>Hence I think it of the 
<lb/>last importance that 
<lb/>you old stagers should 
<lb/>remain &amp; influence by a 
<lb/>little sense - such vagaries - 
<lb/>they are no doubt real 
<lb/>good christian men 
<lb/>at heart and just as 

     

	<pb n="0003" facs="liv_001956_0003"><!--pb/@n='50r'--></pb>
<lb/><persName>Alington</persName> comes out so will 
<lb/>they as experience is 
<lb/>gathered - <persName>Captain Wilson</persName>
<lb/>desires to be kindly 
<lb/>remembered to you all 
<lb/>by name - <unclear cert="low">U</unclear> to some who 
<lb/>are gone - promises to 
<lb/>use his influence in 
<lb/><placeName><settlement type="city">London</settlement></placeName> to get a cutter &amp;c 
<lb/>for you &amp; has landed 
<lb/>some salt provisions 
<lb/>for you at <placeName><country><choice><orig>Mosambique</orig><reg>Mozambique</reg></choice></country></placeName>
<lb/>Poor <persName>Ramsay</persName> is dead 
<lb/>I enclosed a note for 
<lb/>you that came in 
<lb/>my letters =</p>
<lb/><p>Commending you to
<lb/>the guidance &amp; protection 
<lb/>of our never failing 
<lb/>friend I am</p>
<lb/><p rend="right">Ever with Affection</p>
<lb/><p rend="right"><persName>David Livingstone</persName></p>
<lb/><p>Remembrances to <persName>Rowley</persName>
<lb/>&amp; <persName>Alington</persName></p>

	<pb n="0004" facs="liv_001956_0004"><!--pb/@n='50v'--></pb>
<lb/><p>Please send the note 
<lb/>to <persName>Meller</persName> on by your 
<lb/>earliest opportunity 
<lb/>&amp; send <persName>Alington</persName> away 
<lb/>from that low spot 
<lb/>of yours before the 
<lb/>hot weather sets in 
<lb/>otherwise he will get  
<lb/>a bad type of fever 
<lb/>The <hi rend="underline">note</hi> for <persName>M<hi rend="sup underline">rs</hi><!-- Unsure if "note" is underlined, or if the line is a superscript of some sort for below line HB 7/1/12 -->
<lb/>Ferreio</persName> please to be 
<lb/>left at mouth of 
<lb/><placeName><geogName type="river">Shire</geogName></placeName> with the 
<lb/>Commandante - 
<lb/>Please thank <persName>D<hi rend="sup underline">r</hi> Steare</persName>
<lb/>for his kindness in 
<lb/>sending off our goods 
<lb/>want of time prevents 
<lb/>my doing so myself</p>
			
</div>
		</body>
	</text></TEI>