<?xml version="1.0" encoding="UTF-8"?>
<?xml-model href="http://livingstoneonline.github.io/LEAP-ODD/leap.rng" type="application/xml" schematypens="http://relaxng.org/ns/structure/1.0"?>
<?xml-model href="http://livingstoneonline.github.io/LEAP-ODD/leap.rng" type="application/xml" schematypens="http://purl.oclc.org/dsdl/schematron"?>
 <?xml-stylesheet href="http://livingstoneonline.github.io/LEAP-XSLT/transcription.xsl" type="text/xsl"?>
 <!--Converted from a TEI P4 XML file to the LEAP TEI P5 Schema by James Cummings on 2015-03-02--><!--TEI encoding revised and standardized by Adrian S. Wisnicki, 2015-2016-->
         <TEI xmlns="http://www.tei-c.org/ns/1.0" xml:id="liv_002110"><!-- LP69 -->
	<teiHeader>
		<fileDesc>
			<titleStmt>
				<title>Letter to John Kirk 2</title>
                <title type="alternative">Letter to John Kirk 2, [14 November 1864?]</title>
				<author xml:id="DL">Livingstone, David, 1813-1873</author>
			</titleStmt>
			<publicationStmt>
				<authority>Livingstone Online</authority>
				<pubPlace>London</pubPlace>
				<date>2005-04-27</date>
				<publisher>Wellcome Centre for the History of Medicine, UCL</publisher>
				<idno type="LEAP-ID">liv_002110</idno>
			</publicationStmt>
			<sourceDesc>
				<bibl xml:id="ccnumber">Letters, 1531</bibl>
				<bibl xml:id="recipient"><persName>Kirk, John 2, 1832-1922</persName></bibl>
				<bibl xml:id="date"><date when="1864-11-14">[14 November 1864?]</date></bibl>
				<bibl xml:id="where">Newstead Abbey</bibl>
				<bibl xml:id="shelfmark">Wellcome Institute for the History of Medicine. Library; 7329 69</bibl><!--0000-00-00--><!--Original:Unknown-->
				<bibl xml:id="extent">1 page</bibl>
			</sourceDesc>
		</fileDesc>
		<revisionDesc>
			<change>
				<date>2005-04-27</date>
				<name xml:id="SM">Sharon Messenger</name>Initial Transcription
			</change>
			<change>
				<date>2006-02-13</date>
				<name xml:id="JB">Janet Browne</name>first proof
			</change>
			<change>
				<date>2006-02-14</date>
				<name xml:id="CL">Chris Lawrence</name>second proof
			</change>
			<change>
				<date>2005-02-23</date>
				<name xml:id="CO">Caroline Overy</name>final proof
			</change>
		</revisionDesc>
	</teiHeader>

	<text>
		<body>
			<div>

	<pb n="0001" facs="liv_002110_0001"/><!--pb/@n='1'-->
<!--Hand 01 59 top left--><!--hand 02 67463 top right--><!-- printed address on paper<p rend="right">NEWSTEAD ABBEY,</p>
<p rend="right">MANSFIELD.</p>
<p rend="right">NOTTS. <lb/></p>--><!--end of printed address-->
<lb/><p rend="right">Monday morning</p>
<lb/><p>My Dear Kirk</p>
<lb/><p>The Webbs are to 
<lb/>be at 51 Upper 
<lb/>Brook <choice><abbr>St.</abbr><expan>Street</expan></choice> We 
<lb/>expect to be 
<lb/>in town about 
<lb/>3 or before it 
<lb/>I take this with 
<lb/>me &amp; post it in town</p>
<lb/><p>David Livingstone</p>
			
</div>
		</body>
	</text></TEI>