<?xml version="1.0" encoding="UTF-8"?>
<?xml-model href="http://livingstoneonline.github.io/LEAP-ODD/leap.rng" type="application/xml" schematypens="http://relaxng.org/ns/structure/1.0"?>
<?xml-model href="http://livingstoneonline.github.io/LEAP-ODD/leap.rng" type="application/xml" schematypens="http://purl.oclc.org/dsdl/schematron"?>
 <?xml-stylesheet href="http://livingstoneonline.github.io/LEAP-XSLT/transcription.xsl" type="text/xsl"?>
 <!--Converted from a TEI P4 XML file to the LEAP TEI P5 Schema by James Cummings on 2015-03-02--><!--TEI encoding revised and standardized by Adrian S. Wisnicki, 2015-2016-->
         <TEI xmlns="http://www.tei-c.org/ns/1.0" xml:id="liv_001717">
	<teiHeader>
		<fileDesc>
			<titleStmt>
				<title>Letter to Thomas S. Livingstone</title>
                <title type="alternative">Letter to Thomas S. Livingstone, 7 January 1862</title>
				<author xml:id="DL">Livingstone, David, 1813-1873</author>
			</titleStmt>
			<publicationStmt>
				<authority>Livingstone Online</authority>
				<pubPlace>London</pubPlace>
				<date>2006-05-10</date>
				<publisher>Wellcome Centre for the History of Medicine, UCL</publisher>
				<idno type="LEAP-ID">liv_001717</idno>
			</publicationStmt>
			<sourceDesc>
				<bibl xml:id="ccnumber">Letters, 1167</bibl>
				<bibl xml:id="recipient"><persName>Livingstone, Thomas S., 1849-1876</persName></bibl>
				<bibl xml:id="date"><date when="1862-01-07">7 January 1862</date></bibl>
				<bibl xml:id="where">River Shire</bibl>
				<bibl xml:id="shelfmark">National Library of Scotland; MS. 10701, ff. 120-121</bibl><!-- Foliation checked 08-21-06 -->
				<bibl xml:id="extent">4 pages</bibl>
			</sourceDesc>
		</fileDesc>
		<profileDesc>
			<langUsage>
				<language ident="en">English</language>
			</langUsage>
			<handNotes>
				<handNote xml:id="hand01">Scribe: Unknown</handNote><!-- TODO CO: Can you recognize the primary hand for this document-->
				<handNote xml:id="hand02">Scribe: Unknown</handNote>
				<handNote xml:id="hand03">Scribe: Unknown</handNote>
			</handNotes>
		</profileDesc>
		<revisionDesc>
			<change>
				<date>2006-05-10</date>
				<name xml:id="SM">Sharon Messenger</name>Initial Transcription
			</change>
			<change>
				<date>2006-06-09</date>
				<name xml:id="JB">Janet Browne</name>First Proof
			</change>
			<change>
				<date>2006-06-21</date>
				<name xml:id="CO">Caroline Overy</name>Final Proof
			</change>
		</revisionDesc>
	</teiHeader>

	<text>
		<body>
			<div>

	<pb n="0001" facs="liv_001717_0001"/><!--pb/@n='120'--> 
<!--<fw place="margintop" rend="right" corresp="#hand02"/><fw place="margintop" rend="left" corresp="#hand03"/>-->
<lb/><p rend="right">River Shire 7 January</p>
<lb/><p rend="right">1862</p>
<lb/><p>My Dear Tom</p>
<lb/><p>I send you through 
<lb/><persName>M<hi rend="sup underline">r</hi> Conynham </persName> a small canoe 
<lb/>which I picked up on <placeName>Lake 
<lb/>Nyassa.</placeName> some little boy had 
<lb/>made it of a light wood of a 
<lb/>species of <unclear cert="low" reason="hand">Arschinomena </unclear>, and it 
<lb/>gives a good idea of the shape canoes 
<lb/>are made on the Lake - It ought to 
<lb/>be more hollowed out inside - 
<lb/>then a tin box contains some bits 
<lb/>of the rocks on the <unclear cert="high" reason="hand">west </unclear> of the 
<lb/>Lake, can you tell me what 
<lb/>they are? <add place="above">I think I saw rocks of the family at <placeName>Kendal</placeName></add> One piece was a weight 
<lb/>to a floating net which boys were 
<lb/>using to catch fish, you will 
<lb/>see the line with which it was tied 

	<pb n="0002" facs="liv_001717_0002"/><!--pb/@n='120v'--> 
<lb/>then the house which an insect - a species 
<lb/>of cricket makes, and trails about while 
<lb/>its body is still soft. It is formed of 
<lb/>little sticks. then a number of shells 
<lb/>from <placeName>Lake Nyassa, </placeName> some are rare - 
<lb/>you may share them with your 
<lb/>brothers - Lastly a piece of a cake 
<lb/>made of an insect called <hi rend="underline"><foreign xml:lang="und">Kungo</foreign></hi>
<lb/>no bigger than midges or gnats. 
<lb/>I don't expect you to eat it but 
<lb/>to see food made of the smallest 
<lb/>insect used as food by man - 
<lb/>send it to <persName>James Aspinal Turner 
<lb/>Esq.</persName> Manchester - you remember 
<lb/>he gave you some apples &amp;c - 
<lb/>when a little box like this was 
<lb/>sent through him. Tell him in 
<lb/>your letter that I sent the <foreign xml:lang="und">Kungo</foreign>
<lb/>to shew the use that these little 
<lb/>insects are put to. He does not 
<lb/>utilize his insects as people here do. </p>

	<pb n="0003" facs="liv_001717_0003"/><!--pb/@n='121'--> 
<!--<fw place="margintop" rend="right" corresp="#hand02"/>-->
<lb/><p>I have not recieved <choice><sic>recieved</sic><corr>received</corr></choice> any letter from 
<lb/>you for a very long time. I expect 
<lb/>Mama soon, and am sorry to 
<lb/>think that baby will not be 
<lb/>with her for I should like to see 
<lb/>her - but I am afraid that she 
<lb/>could not live in the <term type="ailment">malaria</term>
<lb/>of the rivers here. We came through 
<lb/>the Elephant marsh today and 
<lb/>it smells so strongly of decayed 
<lb/>vegetable matter and has so 
<lb/>many mosquitoes it cannot 
<lb/>be healthy. If the land were 
<lb/>cultivated it would be more 
<lb/>wholesome. the soil is so rich 
<lb/>it could support millions of 
<lb/>people where now there are 
<lb/>but thousands or hundreds. 
<lb/><gap extent="3" unit="words" agent="damage"/><supplied>God has provided</supplied> ded ample room 

	<pb n="0004" facs="liv_001717_0004"/><!--pb/@n='121v'--> 
<lb/>for all his creatures in our beautiful 
<lb/>world but a great many people 
<lb/>are crowded together in cities in 
<lb/>Europe and much misery is 
<lb/>endured in close ill ventilated 
<lb/>narrow lanes and dwellings &amp; 
<lb/>to those who dont know the 
<lb/>world it might seem that the 
<lb/>discomfort, ill health &amp; misery 
<lb/>that exist there are necessary 
<lb/>evils. The Lord is good to all 
<lb/>and has provided every thing 
<lb/>we need for time &amp; eternity if 
<lb/>people will only avail themselves 
<lb/>of his goodness &amp; grace. the rich 
<lb/>ought to help the poor to go to other 
<lb/>lands and all ought to embrace 
<lb/>Jesus Christ and with him every 
<lb/>good thing necessary will be added </p>
<lb/><p>I have written you another letter 
<lb/>besides this <gap extent="3" unit="words" agent="damage"/></p>
			
</div>
		</body>
	</text></TEI>