<?xml version="1.0" encoding="UTF-8"?>
<?xml-model href="http://livingstoneonline.github.io/LEAP-ODD/leap.rng" type="application/xml" schematypens="http://relaxng.org/ns/structure/1.0"?>
<?xml-model href="http://livingstoneonline.github.io/LEAP-ODD/leap.rng" type="application/xml" schematypens="http://purl.oclc.org/dsdl/schematron"?>
 <?xml-stylesheet href="http://livingstoneonline.github.io/LEAP-XSLT/transcription.xsl" type="text/xsl"?>
 <!--Converted from a TEI P4 XML file to the LEAP TEI P5 Schema by James Cummings on 2015-03-02--><!--TEI encoding revised and standardized by Adrian S. Wisnicki, 2015-2016-->
         <TEI xmlns="http://www.tei-c.org/ns/1.0" xml:id="liv_002087">
	<teiHeader>
		<fileDesc>
			<titleStmt>
				<title>Letter to John Murray III</title>
                <title type="alternative">Letter to John Murray III, 12 October 1864</title>
				<author xml:id="DL">Livingstone, David, 1813-1873</author>
			</titleStmt>
			<publicationStmt>
				<authority>Livingstone Online</authority>
				<pubPlace>London</pubPlace>
				<date>2008-11-25</date>
				<publisher>Wellcome Centre for the History of Medicine, UCL</publisher>
				<idno type="LEAP-ID">liv_002087</idno>
			</publicationStmt>
			<sourceDesc>
				<bibl xml:id="shelfmark">National Library of Scotland; MS. 42420, ff. 11r-12v</bibl>
				<bibl xml:id="ccnumber">Letters, 1508</bibl>
				<bibl xml:id="recipient"><persName>Murray, John III, 1808-1892</persName></bibl>
				<bibl xml:id="date"><date when="1864-10-12">12 October 1864</date></bibl>
				<bibl xml:id="where">Newstead Abbey</bibl>
			</sourceDesc>
		</fileDesc>
		<profileDesc>
			<langUsage>
				<language ident="en">English</language>
			</langUsage>
			<handNotes>
				<handNote xml:id="hand01">Scribe: Unknown</handNote>
			</handNotes>
		</profileDesc>
		<revisionDesc>
			<change>
				<date>2008-11-25</date>
				<name xml:id="SM">Sharon Messenger</name>Initial Transcription by Sharon Messenger
			</change>
			<change>
				<date>2008-12-06</date>
				<name xml:id="CL">Chris Lawrence</name>Proof by Chris Lawrence
			</change>
		</revisionDesc>
	</teiHeader>

	<text>
		<body xml:lang="en">
			<div>

	<pb n="0001" facs="liv_002087_0001"/><!--pb/@n='11r'-->
<lb/><p rend="right">
12 Oct<hi rend="sup">r</hi> 1864 </p>
<lb/><p>My Dear <persName>M<hi rend="sup underline">r</hi> Murray</persName></p>
<lb/><p>My brother having 
<lb/><choice><sic>recieved</sic><corr>received</corr></choice> the 
<w>Appoint-<lb break="no"/>ment</w> of consul at 
<lb/><placeName>Fernando Po</placeName> is 
<lb/>naturally desirous 
<lb/>of visiting his 
<lb/>family in <placeName>Boston</placeName>
<lb/><placeName>America</placeName>, and 
<lb/>would be glad if 
<lb/>an arrangement 
<lb/>could be made 

	<pb n="0002" facs="liv_002087_0002"/><!--pb/@n='11v'-->
<lb/>with an American 
<lb/>publisher while he is 
<lb/>within call. I suppose 
<lb/>his wife might be 
<lb/>made his agent in 
<lb/>his absence but 
<lb/>I don<reg>'</reg>t know about 
<lb/>the agreement with 
<lb/>a publisher. So 
<lb/>I write to you in 
<lb/>order that if you 
<lb/>can do anything 
<lb/>in the matter you 
<lb/>may tell us. </p>

	<pb n="0003" facs="liv_002087_0003"/><!--pb/@n='12r'-->
<lb/><p>I am getting on very 
<lb/>well I think. My 
<lb/>brother<reg>'</reg>s journal 
<lb/>is interesting from 
<lb/>its being first 
<lb/>impressions and 
<lb/>I see that he has 
<lb/>caught many things 
<lb/>said by the natives 
<lb/>which I translated 
<lb/>for him at the 
<lb/>moment and I 
<lb/>think they give a 
<lb/>better idea of what 
<lb/>they do actually 
<lb/>say &amp; think than 
<lb/>what is given by 
<lb/>some others<reg>.</reg>

	<pb n="0004" facs="liv_002087_0004"/><!--pb/@n='12v'-->
<lb/>However you will be 
<lb/>better able to judge 
<lb/><persName>M<hi rend="sup underline">r</hi> &amp; M<hi rend="sup underline">rs</hi> Webb</persName> help to 
<lb/>no mean extent in 
<lb/>copying - <persName>Captain 
<lb/>Need</persName> is at the drawings 
<lb/>and altogether I can 
<lb/>report satisfactory 
<lb/>progress. If you 
<lb/>can manage the 
<lb/>first proposition of 
<lb/>this please tell my 
<lb/>brother at your 
<w>con-<lb break="no"/>venience</w> - &amp; oblige 
<lb/>Yours ever </p>
<lb/><p><persName>David Livingstone</persName></p>
<lb/><p>His address is <placeName>Hadleigh House</placeName>
<lb/><placeName>Highbury New Park</placeName></p>
			
</div>
		</body>
	</text></TEI>