<?xml version="1.0" encoding="UTF-8"?>
<?xml-model href="http://livingstoneonline.github.io/LEAP-ODD/leap.rng" type="application/xml" schematypens="http://relaxng.org/ns/structure/1.0"?>
<?xml-model href="http://livingstoneonline.github.io/LEAP-ODD/leap.rng" type="application/xml" schematypens="http://purl.oclc.org/dsdl/schematron"?>
 <?xml-stylesheet href="http://livingstoneonline.github.io/LEAP-XSLT/transcription.xsl" type="text/xsl"?>
 <!--Converted from a TEI P4 XML file to the LEAP TEI P5 Schema by James Cummings on 2015-03-02--><!--TEI encoding revised and standardized by Adrian S. Wisnicki, 2015-2016-->
         <TEI xmlns="http://www.tei-c.org/ns/1.0" xml:id="liv_002334">
	<teiHeader>
		<fileDesc>
			<titleStmt>
				<title>Letter to John Murray III</title>
                <title type="alternative">Letter to John Murray III, 9 June 1865</title>
				<author xml:id="DL">Livingstone, David, 1813-1873</author>
			</titleStmt>
			<publicationStmt>
				<authority>Livingstone Online</authority>
				<pubPlace>London</pubPlace>
				<date>2008-04-09</date>
				<publisher>Wellcome Centre for the History of Medicine, UCL</publisher>
				<idno type="LEAP-ID">liv_002334</idno>
			</publicationStmt>
			<sourceDesc>
				<bibl xml:id="shelfmark">National Library of Scotland; MS. 42421, ff. 76r-77v</bibl>
				<bibl xml:id="ccnumber">Letters, 1741</bibl>
				<bibl xml:id="recipient"><persName>Murray, John III, 1808-1892</persName></bibl>
				<bibl xml:id="date"><date when="1865-06-09">9 June 1865</date></bibl>
				<bibl xml:id="where">Burnbank Road, Hamilton</bibl>
			</sourceDesc>
		</fileDesc>
		<profileDesc>
			<langUsage>
				<language ident="en">English</language>
			</langUsage>
			<handNotes>
				<handNote xml:id="hand01">Scribe: Unknown</handNote>
			</handNotes>
		</profileDesc>
		<revisionDesc>
			<change>
				<date>2008-04-09</date>
				<name xml:id="CO">Caroline Overy</name>Intial Transcription by Caroline Overy
			</change>
			<change>
				<date>2008-06-14</date>
				<name xml:id="CL">Chris Lawrence</name>Proof by Chris Lawrence
			</change>
			<change>
				<date>2008-12-01</date>
				<name xml:id="JB">Janet Browne</name>Proofed by Janet Browne
			</change>
		</revisionDesc>
	</teiHeader>

	<text>
		<body xml:lang="en">
			<div>

	<pb n="0001" facs="liv_002334_0001"/><!--pb/@n='76r'-->
<lb/><p rend="right"><placeName>Burnbank Road</placeName></p>
<lb/><p rend="right"><placeName>Hamilton</placeName></p>
<lb/><p rend="right">9<hi rend="sup">th</hi> June 1865</p>
<lb/><p>My Dear <persName>M<hi rend="sup underline">r</hi> Murray</persName></p>
<lb/><p><persName>Madame Hocede</persName>
<lb/>'s fee is £120 per 
<lb/>annum - she says 
<lb/>that Music Masters 
<lb/>charge from ten to 
<lb/>twenty francs an 
<lb/>hour - German 
<lb/>masters generally 
<lb/>five. What <unclear cert="medium">washing</unclear>
<lb/>may come to 
<lb/>I don<reg>'</reg>t know 

	<pb n="0002" facs="liv_002334_0002"/><!--pb/@n='76v'-->
<lb/>but I shall get 
<lb/>more accurate 
<lb/>information by &amp; 
<lb/>bye.</p>
<lb/><p><persName>Sir Roderick<reg>'</reg>s</persName>
<lb/>name may go out 
<lb/>of the Dedication<reg>.</reg>
<lb/>He liked it himself 
<lb/>but I shall explain 
<lb/>and he will not 
<lb/>object. You had 
<lb/>better expunge 
<lb/>it &amp; send it to 
<lb/>press. I send 
<lb/>the last sheet 

	<pb n="0003" facs="liv_002334_0003"/><!--pb/@n='77r'-->
<lb/>all correct, <hi rend="underline">through</hi>
<lb/><persName>Oswell</persName> to <hi rend="underline">Press</hi>.</p>
<lb/><p>I am going to pay 
<lb/>a promised visit 
<lb/>to some friends 
<lb/>at <persName>D<hi rend="sup underline">r</hi> Daubeny's</persName>
<lb/>Oxford next 
<lb/>week &amp; will call 
<lb/>either going or 
<lb/>coming<reg>.</reg></p>
<lb/><p>Could you <choice><sic>recal</sic><corr>recall</corr></choice>
<lb/>a note book 
<lb/>lent for the 
<lb/><placeName>Rovuma</placeName> wood 
<lb/>cut &amp; leave it 
<lb/>for me where 

	<pb n="0004" facs="liv_002334_0004"/><!--pb/@n='77v'-->
<lb/>I could get it? I need it 
<lb/>for returning to that 
<lb/>River.</p>
<lb/><p rend="center">I am &amp;c </p>
<lb/><p>David Livingstone</p>
<lb/><p>Do you know if there 
<lb/>is any truth in the 
<lb/>reported resignation 
<lb/>of <persName>Sir Bartle Frere</persName>
<lb/>in the Times. His 
<lb/>departure would 
<lb/>be a grievous loss 
<lb/>to me in Bombay.</p>
			
</div>
		</body>
	</text></TEI>