<?xml version="1.0" encoding="UTF-8"?>
<?xml-model href="http://livingstoneonline.github.io/LEAP-ODD/leap.rng" type="application/xml" schematypens="http://relaxng.org/ns/structure/1.0"?>
<?xml-model href="http://livingstoneonline.github.io/LEAP-ODD/leap.rng" type="application/xml" schematypens="http://purl.oclc.org/dsdl/schematron"?>
 <?xml-stylesheet href="http://livingstoneonline.github.io/LEAP-XSLT/transcription.xsl" type="text/xsl"?>
 <!--Converted from a TEI P4 XML file to the LEAP TEI P5 Schema by James Cummings on 2015-03-02--><!--TEI encoding revised and standardized by Adrian S. Wisnicki, 2015-2016-->
         <TEI xmlns="http://www.tei-c.org/ns/1.0" xml:id="liv_002226">
	<teiHeader>
		<fileDesc>
			<titleStmt>
				<title>Letter to John Murray III</title>
                <title type="alternative">Letter to John Murray III, 18 March 1865</title>
				<author xml:id="DL">Livingstone, David, 1813-1873</author>
			</titleStmt>
			<publicationStmt>
				<authority>Livingstone Online</authority>
				<pubPlace>London</pubPlace>
				<date>2008-11-06</date>
				<publisher>Wellcome Centre for the History of Medicine, UCL</publisher>
				<idno type="LEAP-ID">liv_002226</idno>
			</publicationStmt>
			<sourceDesc>
				<bibl xml:id="shelfmark">National Library of Scotland; MS. 42421, ff. 49r-52v</bibl>
				<bibl xml:id="ccnumber">Letters, 1640</bibl>
				<bibl xml:id="recipient"><persName>Murray, John III, 1808-1892</persName></bibl>
				<bibl xml:id="date"><date when="1865-03-18">18 March 1865</date></bibl>
				<bibl xml:id="where">Newstead Abbey</bibl>
			</sourceDesc>
		</fileDesc>
		<profileDesc>
			<langUsage>
				<language ident="en">English</language>
			</langUsage>
			<handNotes>
				<handNote xml:id="hand01">Scribe: Unknown</handNote>
			</handNotes>
		</profileDesc>
		<revisionDesc>
			<change>
				<date>2008-11-06</date>
				<name xml:id="CO">Caroline Overy</name>Initial Transcription by Caroline Overy
			</change>
			<change>
				<date>2008-11-27</date>
				<name xml:id="CL">Chris Lawrence</name>Proofed by Chris Lawrence
			</change>
		</revisionDesc>
	</teiHeader>

	<text>
		<body xml:lang="en">
			<div>

	<pb n="0001" facs="liv_002226_0001"/><!--pb/@n='49r'-->
<lb/><p rend="right">18 March 1865</p><!--printed letterhead--><!--
<p rend="right">NEWSTEAD ABBEY</p>
<p rend="right">MANSFIELD</p>
<p rend="right">NOTTS</p>
--><!--printed letterhead ends here-->
<lb/><p>My Dear <persName>M<hi rend="sup underline">r</hi> Murray</persName></p>
<lb/><p>I fear that I don<reg>'</reg>t 
<lb/>see clearly what 
<lb/>the note means 
<lb/>by B - C D. - 
<lb/>sheets of these 
<lb/>marks were correct
<lb/>ed &amp; returned from 
<lb/><add place="inline">printer</add> as slips 17a-24a 
<lb/>- 25a 32a 
<lb/>3<hi rend="sup">d</hi> Revise which 
<lb/>I now send to you 
<lb/>to look at &amp; then send 
<lb/>to <persName>M<hi rend="sup">r</hi> Clowes</persName><reg>.</reg>
<lb/><!-- page 49v not written on-->

	<pb n="0002" facs="liv_002226_0002"/><!--pb/@n='50r'-->
<lb/>Lately a slip of 
<lb/>25a 33a came 
<lb/>marked by the 
<lb/>printer<reg>.</reg></p>
<lb/><p>Revise of D duplicates 
<lb/>First Revise - I 
<lb/>incorporated the 
<lb/>corr<hi rend="sup">t</hi> by <persName>Oswell</persName> in 
<lb/>it but some are 
<lb/>awaiting as for 
<lb/>instance first 
<lb/>line of II chapt<hi rend="sup">r</hi>
<lb/>wants the date I 
<lb/>again supply - the 
<lb/>slips <del type="strikethrough">25a</del> 17a-24a &amp; 
<lb/>25a 33a had better 
<lb/>go out of hand now<reg>.</reg>
<lb/><!-- nothing written on 50v-->

	<pb n="0003" facs="liv_002226_0003"/><!--pb/@n='51r'-->
<lb/>In matter consecutive 
<lb/>to 33a I send tomorrow 
<lb/>as corrected by 
<lb/><persName>Oswell</persName> i.e. 33a - 
<lb/>43a after I have 
<lb/>answered some 
<lb/>questions in 
<lb/>the matter.</p>
<lb/><p>If Sheet B is not 
<lb/>quite out of hand 
<lb/>could the following 
<lb/>words be inserted 
<lb/>in their proper 
<lb/>place as I have 
<lb/>not done full 

	<pb n="0004" facs="liv_002226_0004"/><!--pb/@n='51v'-->
<lb/>justice to <persName>M<hi rend="sup">r</hi> Skead</persName>
<lb/>zeal &amp; labours 
<lb/>"the <placeName>Luawe</placeName> was 
<lb/>all carefully 
<lb/>sounded <del type="strikethrough">by</del> and 
<lb/>surveyed by 
<lb/><persName>M<hi rend="sup underline">r</hi> Skead</persName>, whose <add place="above">skilful &amp;</add>
<lb/>energetic labours 
<lb/>both on that river 
<lb/>and afterwards 
<lb/>in the lower 
<lb/><placeName>Zambesi</placeName> were 
<lb/>deserving of all 
<lb/>praise"<reg>.</reg></p>

	<pb n="0005" facs="liv_002226_0005"/><!--pb/@n='52r'-->
<lb/><p>Could I procure 
<lb/>the loan of that 
<lb/>part of <!--reference--><persName>Denman</persName>
<lb/>&amp; <persName>Clapperton</persName> about 
<lb/>Mahometan 
<lb/>proselytism or 
<lb/>of any other 
<lb/>information 
<lb/>on that head<reg>.</reg>
<lb/>I have <unclear cert="low">Baile</unclear><reg>.</reg>
<lb/>If you have 
<lb/>not secured 
<lb/>a copy of the 
<lb/>book for <persName>M<hi rend="sup">r</hi>
<lb/>Moffat</persName> I think 

	<pb n="0006" facs="liv_002226_0006"/><!--pb/@n='52v'-->
<lb/><persName>M<hi rend="sup">r</hi> Webb</persName> will give 
<lb/>one<reg>.</reg></p>
<lb/><p>Today I send 
<lb/>First revise 19<del type="strikethrough" hand="#hand01">2</del> <add place="above" hand="#hand01">3</add> - 
<lb/>-196 - First proof 
<lb/>201-217<reg>.</reg></p>
<lb/><p>David Livingstone</p>
			
</div>
		</body>
	</text></TEI>