<?xml version="1.0" encoding="UTF-8"?>
<?xml-model href="http://livingstoneonline.github.io/LEAP-ODD/leap.rng" type="application/xml" schematypens="http://relaxng.org/ns/structure/1.0"?>
<?xml-model href="http://livingstoneonline.github.io/LEAP-ODD/leap.rng" type="application/xml" schematypens="http://purl.oclc.org/dsdl/schematron"?>
 <?xml-stylesheet href="http://livingstoneonline.github.io/LEAP-XSLT/transcription.xsl" type="text/xsl"?>
 <!--Converted from a TEI P4 XML file to the LEAP TEI P5 Schema by James Cummings on 2015-03-02--><!--TEI encoding revised and standardized by Adrian S. Wisnicki, 2015-2016-->
         <TEI xmlns="http://www.tei-c.org/ns/1.0" xml:id="liv_002099">
	<teiHeader>
		<fileDesc>
			<titleStmt>
				<title>Letter to John Murray III</title>
                <title type="alternative">Letter to John Murray III, 30 October 1864</title>
				<author xml:id="DL">Livingstone, David, 1813-1873</author>
			</titleStmt>
			<publicationStmt>
				<authority>Livingstone Online</authority>
				<pubPlace>London</pubPlace>
				<date>2008-11-16</date>
				<publisher>Wellcome Centre for the History of Medicine, UCL</publisher>
				<idno type="LEAP-ID">liv_002099</idno>
			</publicationStmt>
			<sourceDesc>
				<bibl xml:id="shelfmark">National Library of Scotland; MS. 42421, ff. 15r-16v</bibl>
				<bibl xml:id="ccnumber">Letters, 1520</bibl>
				<bibl xml:id="recipient"><persName>Murray, John III, 1808-1892</persName></bibl>
				<bibl xml:id="date"><date when="1864-10-30">30 October 1864</date></bibl>
				<bibl xml:id="where">Newstead Abbey</bibl>
			</sourceDesc>
		</fileDesc>
		<profileDesc>
			<langUsage>
				<language ident="en">English</language>
			</langUsage>
			<handNotes>
				<handNote xml:id="hand01">Scribe: Unknown</handNote>
			</handNotes>
		</profileDesc>
		<revisionDesc>
			<change>
				<date>2008-11-16</date>
				<name xml:id="CO">Caroline Overy</name>Initial Transcription by Caroline Overy
			</change>
			<change>
				<date>2008-11-18</date>
				<name xml:id="CL">Chris Lawrence</name>Proof by Chris Lawrence
			</change>
		</revisionDesc>
	</teiHeader>

	<text>
		<body xml:lang="en">
			<div>

	<pb n="0001" facs="liv_002099_0001"/><!--pb/@n='15r'-->
<lb/><p rend="right">30 Oct<hi rend="sup">r</hi>
<lb/>1864</p><!--printed letterhead--><!--
<p rend="right">NEWSTEAD ABBEY</p>
<p rend="right">MANSFIELD</p>
<p rend="right">NOTTS</p>
--><!--printed letterhead ends here-->
<lb/><p>My Dear <persName>M<hi rend="sup underline">r</hi> Murray</persName></p>
<lb/><p>A series of papers 
<lb/>has been begun 
<lb/>yesterday in the 
<lb/>"Field" by a <persName>D<hi rend="sup">r</hi> Waghorn</persName>
<lb/>who was attached 
<lb/>to <persName>Bishop<del type="strikethrough">'s</del> Tozer<reg>'</reg>s</persName>
<lb/>mission with 
<lb/>the intimation 
<lb/>that he was 

	<pb n="0002" facs="liv_002099_0002"/><!--pb/@n='15v'-->
<lb/>"in connection with 
<lb/>D<hi rend="sup">r</hi> Livingstone<reg>'</reg>s 
<lb/>Expedition" - Would 
<lb/>it be well to say 
<lb/>to the Editor that 
<lb/>he was <hi rend="underline">not</hi> of 
<lb/>my party? or 
<lb/>would it be a 
<lb/>good advertisement? 
<lb/>or would it be 
<lb/>considered by the 
<lb/>public cantankerous 
<lb/>on my part? 

	<pb n="0003" facs="liv_002099_0003"/><!--pb/@n='16r'-->
<lb/>My good friends 
<lb/>here think that I 
<lb/>had better contradict 
<lb/>him in justice to 
<lb/>you &amp; myself as 
<lb/>people may say 
<lb/>that they have 
<lb/>already read all 
<lb/>about the Expedition 
<lb/>in the "Field" &amp; 
<lb/>not buy the book<reg>.</reg>
<lb/>This which I have 
<lb/>glanced over is 

	<pb n="0004" facs="liv_002099_0004"/><!--pb/@n='16v'-->
<lb/><choice><sic>is</sic><corr>notext</corr></choice> chiefly about 
<lb/>hunting. <choice><reg>T</reg><orig>t</orig></choice>he man 
<lb/>is a sort of fool<reg>.</reg>
<lb/>If you can convenient
<lb/>ly answer this before 
<lb/>the next publication 
<lb/>of the "Field" I shall 
<lb/>be obliged.</p>
<lb/><p>Yours ever</p>
<lb/><p>David Livingstone</p>
<lb/><p>All from the <persName>bishop</persName>
<lb/>down to <persName>Waghorn</persName> liked 
<lb/>very much to call 
<w>them-<lb break="no"/>selves</w> of D<hi rend="sup underline">r</hi> L's Expedition 
<lb/>which perhaps was 
<lb/>complimentary though they didn<reg>'</reg>t 
<lb/>mean it<reg>.</reg></p>
			
</div>
		</body>
	</text></TEI>