<?xml version="1.0" encoding="UTF-8"?>
<?xml-model href="http://livingstoneonline.github.io/LEAP-ODD/leap.rng" type="application/xml" schematypens="http://relaxng.org/ns/structure/1.0"?>
<?xml-model href="http://livingstoneonline.github.io/LEAP-ODD/leap.rng" type="application/xml" schematypens="http://purl.oclc.org/dsdl/schematron"?>
 <?xml-stylesheet href="http://livingstoneonline.github.io/LEAP-XSLT/transcription.xsl" type="text/xsl"?>
 <!--Converted from a TEI P4 XML file to the LEAP TEI P5 Schema by James Cummings on 2015-03-02--><!--TEI encoding revised and standardized by Adrian S. Wisnicki, 2015-2016-->
         <TEI xmlns="http://www.tei-c.org/ns/1.0" xml:id="liv_002420">
	<teiHeader>
		<fileDesc>
			<titleStmt>
				<title>Letter to John Murray III</title>
                <title type="alternative">Letter to John Murray III, 28 September 1865</title>
				<author xml:id="DL">Livingstone, David, 1813-1873</author>
			</titleStmt>
			<publicationStmt>
				<authority>Livingstone Online</authority>
				<pubPlace>London</pubPlace>
				<date>2008-06-11</date>
				<publisher>Wellcome Centre for the History of Medicine, UCL</publisher>
				<idno type="LEAP-ID">liv_002420</idno>
			</publicationStmt>
			<sourceDesc>
				<bibl xml:id="shelfmark">National Library of Scotland; MS. 42421, ff. 92r-93v</bibl>
				<bibl xml:id="ccnumber">Letters, 1825</bibl>
				<bibl xml:id="recipient"><persName>Murray, John III, 1808-1892</persName></bibl>
				<bibl xml:id="date"><date when="1865-09-28">28 September 1865</date></bibl>
				<bibl xml:id="where">Bombay</bibl>
			</sourceDesc>
		</fileDesc>
		<profileDesc>
			<langUsage>
				<language ident="en">English</language>
			</langUsage>
			<handNotes>
				<handNote xml:id="hand01">Scribe: Unknown</handNote>
			</handNotes>
		</profileDesc>
		<revisionDesc>
			<change>
				<date>2008-06-11</date>
				<name xml:id="SM">Sharon Messenger</name>Initial Transcription by Sharon Messenger
			</change>
			<change>
				<date>2008-08-12</date>
				<name xml:id="CL">Chris Lawrence</name>Proofed by Chris Lawrence
			</change>
			<change>
				<date>2008-12-01</date>
				<name xml:id="JB">Janet Browne</name>Proofed by Janet Browne
			</change>
		</revisionDesc>
	</teiHeader>

	<text>
		<body xml:lang="en">
			<div>

	<pb n="0001" facs="liv_002420_0001"/><!--pb/@n='92r'-->
<lb/><p rend="right"><placeName>Bombay</placeName> 28 Sep<hi rend="sup">t</hi>
<lb/>1865</p>
<lb/><p>My Dear <persName>M<hi rend="sup underline">r</hi> Murray</persName></p>
<lb/><p>I beg to trouble 
<lb/>you with a note for 
<lb/><persName>Lady Frere</persName>. She 
<lb/>requested me to write 
<lb/>and <persName>Sir Bartle</persName> has 
<lb/>been so very kind in 
<lb/>inviting me to stay 
<lb/>with him and in 
<lb/>forwarding my 
<lb/>plans as much as 
<lb/>lay in his power 
<lb/>that I feel very 

	<pb n="0002" facs="liv_002420_0002"/><!--pb/@n='92v'-->
<lb/>grateful. I should 
<lb/>like to give <persName>Lady Frere</persName>
<lb/>a copy of the book. 
<lb/><persName>M<hi rend="sup underline">r</hi> Maine</persName> and I got 
<lb/>on so well that he 
<lb/>promised me a copy 
<lb/>of his work - and I 
<lb/>cannot do less than 
<lb/>give him the same 
<lb/>token of good will - 
<lb/>If you would add 
<lb/>one for <persName>Rev<hi rend="sup underline">d</hi> D<hi rend="sup underline">r</hi>
<lb/>Wilson</persName> - <placeName> Malabar-Hill</placeName>
<lb/>Bombay I shall feel 
<lb/>much obliged. </p>
<lb/><p>I am to have eight 
<lb/>Africans from an 

	<pb n="0003" facs="liv_002420_0003"/><!--pb/@n='93r'-->
<lb/>educational establish
<lb/>ment where carpentery 
<lb/>&amp; smith work are taught<reg>.</reg>
<lb/>They may help me in 
<lb/>the navigation if I 
<lb/>get so far as to need it. 
<lb/>Also some of the 
<lb/>Marine battalion - 
<lb/>good will drilled 
<lb/>Indians who have 
<lb/>already  roughed it 
<lb/>in the <placeName>Persian Gulph</placeName>
<lb/>and elsewhere - 
<lb/>And I propose to take 
<lb/>some buffaloes 
<lb/>as an experiment 
<lb/>on the poison of the 
<lb/>Tsetse - They are very 

	<pb n="0004" facs="liv_002420_0004"/><!--pb/@n='93v'-->
<lb/>like the wild in every 
<lb/>way save in the shape of 
<lb/>their horns and amount 
<lb/>of hair but I have seen 
<lb/>here horns curved exactly 
<lb/>like those of the wild one 
<lb/>which lives among the 
<lb/>tsetse - If we can 
<lb/>introduce a beast of 
<lb/>burden that defies the 
<lb/>insect pest it will be 
<lb/>a boon. I hope to be 
<lb/>ready in Nov <hi rend="sup underline">r</hi><reg>.</reg> I am to 
<lb/>give two lectures one 
<lb/>at <placeName>Poonah</placeName> &amp; one at 
<lb/><placeName>Bombay</placeName>. With love 
<lb/>to <persName>M<hi rend="sup underline">rs</hi> Murray</persName> and 
<lb/>the children &amp; <persName>Cooke</persName>
<lb/>I am &amp;c<reg>.</reg></p>
<lb/><p><persName>David Livingstone</persName></p>
			
</div>
		</body>
	</text></TEI>