<?xml version="1.0" encoding="UTF-8"?>
<?xml-model href="http://livingstoneonline.github.io/LEAP-ODD/leap.rng" type="application/xml" schematypens="http://relaxng.org/ns/structure/1.0"?>
<?xml-model href="http://livingstoneonline.github.io/LEAP-ODD/leap.rng" type="application/xml" schematypens="http://purl.oclc.org/dsdl/schematron"?>
 <?xml-stylesheet href="http://livingstoneonline.github.io/LEAP-XSLT/transcription.xsl" type="text/xsl"?>
 <!--Converted from a TEI P4 XML file to the LEAP TEI P5 Schema by James Cummings on 2015-03-02--><!--TEI encoding revised and standardized by Adrian S. Wisnicki, 2015-2016-->
         <TEI xmlns="http://www.tei-c.org/ns/1.0" xml:id="liv_001875"><!-- LP43 -->
	<teiHeader>
		<fileDesc>
			<titleStmt>
				<title>Letter to Lovell J. Procter</title>
                <title type="alternative">Letter to Lovell J. Procter, 27 January 1863</title>
				<author xml:id="DL">Livingstone, David, 1813-1873</author>
			</titleStmt>
			<publicationStmt>
				<authority>Livingstone Online</authority>
				<pubPlace>London</pubPlace>
				<date>2005-05-16</date>
				<publisher>Wellcome Centre for the History of Medicine, UCL</publisher>
				<idno type="LEAP-ID">liv_001875</idno>
			</publicationStmt>
			<sourceDesc>
				<bibl xml:id="ccnumber">Letters, 1315</bibl>
				<bibl xml:id="recipient"><persName>Procter, Lovell J., 1833-1910</persName></bibl>
				<bibl xml:id="date"><date when="1863-01-27">27 January 1863</date></bibl>
				<bibl xml:id="where">Elephant Swamp</bibl>
				<bibl xml:id="shelfmark">Wellcome Institute for the History of Medicine. Library; 7329 43</bibl><!--1863-01-27--><!--Original:1863-01-27-->
				<listPerson>
					<person xml:id="d1e76">
						<note type="rendNote">James Lovell Proctor (1833-1910), Anglican clergyman from Yorkshire who served with the Universities\' Mission to Central Africa (UMCA) 1861-63. He was one of Bishop Mackenzie\'s original party who succeeded him as head of the Mission.</note>
					</person>
					<person xml:id="d1e80">
						<note type="rendNote">Lorenzo Johnson (dates as yet unidentified), a Jamaican cook who travelled to Africa with Bishop Mackenzie.</note>
					</person>
					<person xml:id="d1e92">
						<note type="rendNote">Reverend Henry Carter Scudamore (?-1863) arrived with Bishop Mackenzie aboard the &lt;i&gt;Pioneer&lt;/i&gt;. He died from fever in 1863.</note>
					</person>
					<person xml:id="d1e158">
						<note type="rendNote">Senhor Vianna, sometimes Vienna, (dates as yet unidentified), a planter and slaver who gave much assistance to the Zambesi Expedition. \'Vianna\'s\' is marked on Livingstone\'s map of the area in his &lt;i&gt;Shire Journal 1861-1864&lt;/i&gt;. It was at the junction of the Mutu and the Zambesi rivers.</note>
					</person>
					<person xml:id="d1e175">
						<note type="rendNote">Tito Augusto d\'Araujo Sicard (?-1864), Portuguese Commandant of Tete up to 1859. From 1862-64 he was Commandant of Mazaro and the Shire. He was also the temporary Governor of Quilimane.</note>
					</person>
					<person xml:id="d1e202">
						<note type="rendNote">Senhor Vianna, sometimes Vienna, (dates as yet unidentified), a planter and slaver who gave much assistance to the Zambesi Expedition. \'Vianna\'s\' is marked on Livingstone\'s map of the area in his &lt;i&gt;Shire Journal 1861-1864&lt;/i&gt;. It was at the junction of the Mutu and the Zambesi rivers.</note>
					</person>
					<person xml:id="d1e217">
						<note type="rendNote">Lorenzo Johnson (dates as yet unidentified), a Jamaican cook who travelled to Africa with Bishop Mackenzie.</note>
					</person>
					<person xml:id="d1e251">
						<note type="rendNote">Abraham Pearce (?-1863), Quartermaster on the &lt;i&gt;Ariel&lt;/i&gt;, which arrived in the Zambesi in July 1862. He died in Quilimane, 4 June 1863.</note>
					</person>
					<person xml:id="d1e271">
						<note type="rendNote">Possibly Gualdino José Nuñes (dates as yet unidentified), Military Commandant of Quilimane, who occasionally handled Livingstone\'s financial transactions. He was acting Governor of the district until 1857.</note>
					</person>
					<person xml:id="d1e293">
						<note type="rendNote">Mariano (dates as yet unidentified), a slave-trader on the River Shire. Livingstone mentions Marianno [sic] as one of the causes of depopulation of the lower Shire valley in a letter of 1863.</note>
					</person>
				</listPerson>
				<listPlace>
					<place xml:id="d1e64">
						<note type="rendNote">Elephant Swamp was a vast marsh, "Nyanja Mukulu", on the River Shire, frequented by large herds of elephants.</note>
					</place>
				</listPlace>
			</sourceDesc>
		</fileDesc>
		<revisionDesc>
			<change>
				<date>2005-05-16</date>
				<name xml:id="SM">Sharon Messenger</name>Initial Transcription
			</change>
			<change>
				<date>2006-02-13</date>
				<name xml:id="CL">Chris Lawrence</name>first proof
			</change>
			<change>
				<date>2006-02-20</date>
				<name xml:id="JB">Janet Browne</name>second proof
			</change>
			<change>
				<date>2005-02-27</date>
				<name xml:id="CO">Caroline Overy</name>final proof
			</change>
		</revisionDesc>
	</teiHeader>

	<text>
		<body>
			<div>

	<pb n="0001" facs="liv_001875_0001"/><!--pb/@n='1'-->
<lb/><p><placeName ref="#d1e64">Elephant Swamp</placeName></p>
<lb/><p>27 <choice><abbr>Jan.y</abbr><expan>January</expan></choice> 1863</p>
<lb/><p>My Dear <persName ref="#d1e76"><surname>Proctor</surname></persName></p>
<lb/><p><persName ref="#d1e80"><surname>Johnston</surname></persName> brings 
<lb/>the most distressing 
<lb/>intelligence of the 
<lb/>death of our 
<lb/>beloved <persName ref="#d1e92"><surname>Scudamore</surname></persName>
<lb/>I feel like <choice><sic>Jacob</sic><corr>Joseph</corr></choice>'s 
<lb/>bretheren "What 
<lb/>shall we say or 
<lb/>what shall we 
<lb/>speak" It is the 
<lb/>Lord &amp; yet it is 

	<pb n="0002" facs="liv_001875_0002"/><!--pb/@n='2'-->
<lb/>shall I say terrible 
<lb/>It seems as if here 
<lb/>we are to be tried 
<lb/>as much as they 
<lb/>were in the <unclear cert="medium">west</unclear>
<lb/>may equal success 
<lb/>follow. May the 
<lb/>Almighty comfort 
<lb/>you.</p>
<lb/><p>Will you take 
<lb/>charge of a canoe 
<lb/>for us with 
<lb/>100 <foreign xml:lang="und">panjas</foreign> of 
<lb/><unclear cert="medium">rice</unclear> from <persName ref="#d1e158">Vianna</persName>
<lb/>or of <unclear cert="low">mantiments</unclear>

	<pb n="0003" facs="liv_001875_0003"/><!--pb/@n='3'-->
<lb/><hi rend="underline">not beans</hi> - which 
<lb/>I write for. If 
<lb/><persName ref="#d1e175">S<hi rend="sup underline">r</hi><surname>Tito</surname></persName> is at 
<lb/>mouth of <placeName>Shire</placeName>
<lb/>and hear what 
<lb/>he says about 
<lb/>some  rice I have 
<lb/>asked from him 
<lb/>I am doubtful 
<lb/>of <persName ref="#d1e202">Vianna</persName> now 
<lb/>since he <choice><sic>deceived</sic><corr>deceived</corr></choice>
<lb/>us once. I advised 
<lb/><persName ref="#d1e217"><surname>Johnstone</surname></persName> to go 
<lb/>on &amp; help you 

	<pb n="0004" facs="liv_001875_0004"/><!--pb/@n='4'-->
<lb/>as he had come 
<lb/>so far. We have 
<lb/>met a new <placeName>bank</placeName>
<lb/>here. We came up 
<lb/>quickly to this &amp; 
<lb/>now have lost 
<lb/>a couple of days 
<lb/>but will soon get 
<lb/>on. We are all 
<lb/>well thank God 
<lb/>except <persName ref="#d1e251"><surname>Pearce</surname></persName> who 
<lb/>has been long down 
<lb/>but is recovering</p>
<lb/><p>Ever Yours</p>
<lb/><p><persName>David <surname> Livingstone</surname></persName></p>

	<pb n="0005" facs="liv_001875_0005"/><!--pb/@n='5'-->
<lb/><p>the <persName ref="#d1e271">Commandante</persName> of 
<lb/>the mouth of the 
<lb/><placeName>Shire</placeName> told us that 
<lb/>a canoe was 
<lb/>seized by him 
<lb/>with arms 
<w>ammu-<lb break="no"/>nition.</w> Wines 
<lb/>spirits &amp;c For 
<lb/><unclear cert="medium"><persName ref="#d1e293">Marianno</persName></unclear> going 
<lb/>up in <hi rend="underline">name 
<lb/>of the missionaries</hi>
<lb/>Oh the <unclear cert="low">Willans</unclear>! 
<lb/>the <persName>Governor</persName> of 

	<pb n="0006" facs="liv_001875_0006"/><!--pb/@n='6'-->
<lb/>of <placeName><choice><sic>Quillimaine</sic><corr>Quilimane</corr></choice></placeName> &amp; 
<lb/>the rest of them 
<lb/>ought to be up a tree</p>
			
</div>
		</body>
	</text></TEI>