<?xml version="1.0" encoding="UTF-8"?>
<?xml-model href="http://livingstoneonline.github.io/LEAP-ODD/leap.rng" type="application/xml" schematypens="http://relaxng.org/ns/structure/1.0"?>
<?xml-model href="http://livingstoneonline.github.io/LEAP-ODD/leap.rng" type="application/xml" schematypens="http://purl.oclc.org/dsdl/schematron"?>
 <?xml-stylesheet href="http://livingstoneonline.github.io/LEAP-XSLT/transcription.xsl" type="text/xsl"?>
 <!--Converted from a TEI P4 XML file to the LEAP TEI P5 Schema by James Cummings on 2015-03-02--><!--TEI encoding revised and standardized by Adrian S. Wisnicki, 2015-2016-->
         <TEI xmlns="http://www.tei-c.org/ns/1.0" xml:id="liv_002092">
	<teiHeader>
		<fileDesc>
			<titleStmt>
				<title>Letter to John Kirk 2</title>
                <title type="alternative">Letter to John Kirk 2, 21 October 1864</title>
				<author xml:id="DL">Livingstone, David, 1813-1873</author>
			</titleStmt>
			<publicationStmt>
				<authority>Livingstone Online</authority>
				<pubPlace>London</pubPlace>
				<date>2008-01-21</date>
				<publisher>Wellcome Centre for the History of Medicine, UCL</publisher>
				<idno type="LEAP-ID">liv_002092</idno>
			</publicationStmt>
			<sourceDesc>
				<bibl xml:id="shelfmark">National Library of Scotland; Acc. 9942, ff. 5r-6v</bibl>
				<bibl xml:id="ccnumber">Letters, 1513</bibl>
				<bibl xml:id="recipient"><persName>Kirk, John 2, 1832-1922</persName></bibl>
				<bibl xml:id="date"><date when="1864-10-21">21 October 1864</date></bibl>
				<bibl xml:id="where">Newstead Abbey</bibl>
			</sourceDesc>
		</fileDesc>
		<profileDesc>
			<langUsage>
				<language ident="en">English</language>
			</langUsage>
			<handNotes>
				<handNote xml:id="hand01">Scribe: Unknown</handNote>
			</handNotes>
		</profileDesc>
		<revisionDesc>
			<change>
				<date>2008-01-21</date>
				<name xml:id="SM">Sharon Messenger</name>Initial Transcription by Sharon Messenger
			</change>
			<change>
				<date>2008-04-06</date>
				<name xml:id="CL">Chris Lawrence</name>Proof by Chris Lawrence
			</change>
		</revisionDesc>
	</teiHeader>

	<text>
		<body xml:lang="en">
			<div>

	<pb n="0001" facs="liv_002092_0001"/><!--pb/@n='5r'-->
<addSpan spanTo="#p5r-01" place="marginleft"><!--addSpan/@place='left margin fos. 5r 5v 6r'--></addSpan>
<lb/><p rend="no-indent">You might consult <persName>D<hi rend="sup underline">r</hi> Smith</persName> with</p><anchor xml:id="p5r-01"/> 
<lb/><p>21 Oct<hi rend="sup underline">r</hi> 1864 </p><!--headed notepaper--><!--
<p rend="right"><placeName>Newstead Abbey</placeName> <lb/></p>
<p rend="right"><placeName>Mansfield</placeName> <lb/><placeName> Notts</placeName> <lb/></p>-->
<lb/><p>My Dear <persName>Kirk</persName>
<lb/>I am very sorry 
<lb/>to hear your determination 
<lb/>not to engage in 
<lb/>the proposed work 
<lb/>for I am quite sure 
<lb/>that you would 
<lb/>give information 
<lb/>to the world of great 
<lb/>value - and besides 
<lb/>making your 
<lb/>name better known 
<lb/>you would be in a </p>

	<pb n="0002" facs="liv_002092_0002"/><!--pb/@n='5v'-->
<addSpan spanTo="#p5v-01" place="marginleft"><!--addSpan/@place='left margin fos. 5r 5v 6r'--></addSpan>
<lb/><p rend="no-indent">advantage and to him and <persName>Lady Smith</persName></p><anchor xml:id="p5v-01"/>
<lb/><p rend="no-indent">fair way of getting 
<lb/>something better - 
<lb/>You will excuse me 
<lb/>if I urge you to 
<w>re-<lb break="no"/>consider</w> the subject 
<lb/>I am purposely avoiding 
<lb/>anything like scientific 
<lb/>description having 
<lb/>said in the introduction 
<lb/>that it is hoped that 
<lb/>you will give the botany 
<lb/>and natural history 
<lb/>of the Expedition (in 
<lb/>the way that <persName>Darwin</persName>
<lb/>did of the Beagle<reg>'</reg>s voyage) 
<lb/>I mention sometimes 
<lb/>that certain beasts were 
<lb/>seen or killed and </p>

	<pb n="0003" facs="liv_002092_0003"/><!--pb/@n='6r'-->
<addSpan spanTo="#p6r-01" place="marginleft"><!--addSpan/@place='left margin fos. 5r 5v 6r'--></addSpan>
<lb/><p rend="no-indent">you will kindly remember me <reg>.</reg></p><anchor xml:id="p6r-01"/>
<lb/><p rend="no-indent">always when possible 
<lb/>use <hi rend="underline">we</hi> - referring to 
<lb/>you &amp; myself as <persName>D<hi rend="sup underline">r</hi> L</persName>
<lb/>and <persName>D<hi rend="sup underline">r</hi> K.</persName> and I 
<lb/>would give you the 
<lb/>proof sheets that you 
<lb/>might see if I 
<w>en-<lb break="no"/>croached</w> too much 
<lb/>on your province - 
<lb/>and give you any 
<lb/>information I could 
<lb/>on the habits of some 
<lb/>of the animals - 
<lb/>though I daresay you 
<lb/>know more on 
<lb/>that subject than 
<lb/>I do. Your Botanical 
<lb/>knowledge is not 
<lb/>elementary and 
<lb/>I thought <persName><choice><sic>Welwatsch's</sic><corr>Welwitsch's</corr></choice></persName>
<lb/>was frightfully so - all 
<lb/>the works on natural 
<lb/>history would be at your 
<lb/>disposal, and by due 
<lb/>acknowledgement 
<lb/>you could work up most 
<lb/>of the <add place="above">popular</add> information they 
<lb/>contain &amp; the authors 
<lb/>be thankful. You may 
<lb/>see what can be done 
<lb/>though not in an open 
<lb/>above board line as yours 
<lb/>would be, by <persName><choice><sic>Routlege's</sic><corr>Routledge's</corr></choice></persName>
<lb/>natural history I think 
<lb/>he calls it. You had 
<lb/>better think over the 
<lb/>matter again and if 
<lb/>you change your mind 
<lb/>please let me know <reg>.</reg></p> 

</div>
		</body>
	</text></TEI>