<?xml version="1.0" encoding="UTF-8"?>
<?xml-model href="http://livingstoneonline.github.io/LEAP-ODD/leap.rng" type="application/xml" schematypens="http://relaxng.org/ns/structure/1.0"?>
<?xml-model href="http://livingstoneonline.github.io/LEAP-ODD/leap.rng" type="application/xml" schematypens="http://purl.oclc.org/dsdl/schematron"?>
 <?xml-stylesheet href="http://livingstoneonline.github.io/LEAP-XSLT/transcription.xsl" type="text/xsl"?>
 <!--Converted from a TEI P4 XML file to the LEAP TEI P5 Schema by James Cummings on 2015-03-02--><!--TEI encoding revised and standardized by Adrian S. Wisnicki, 2015-2016-->
         <TEI xmlns="http://www.tei-c.org/ns/1.0" xml:id="liv_002663">
	<teiHeader>
		<fileDesc>
			<titleStmt>
				<title>Letter to Roderick I. Murchison</title>
                <title type="alternative">Letter to Roderick I. Murchison, 8 July 1868</title><!-- this is a scribal copy of C&C 1930 - original in Rhodesia -->
				<author xml:id="DL">Livingstone, David, 1813-1873</author>
			</titleStmt>
			<publicationStmt>
				<authority>Livingstone Online</authority>
				<pubPlace>London</pubPlace>
				<date>2008-08-27</date>
				<publisher>Wellcome Centre for the History of Medicine, UCL</publisher>
				<idno type="LEAP-ID">liv_002663</idno>
			</publicationStmt>
			<sourceDesc>
				<bibl xml:id="shelfmark">Royal Geographical Society (Great Britain); Archives, DL 4/7/1</bibl>
				<bibl xml:id="ccnumber">Letters, 1930</bibl>
				<bibl xml:id="recipient"><persName>Murchison, Roderick I., 1792-1871</persName></bibl>
				<bibl xml:id="date"><date when="1868-07-08">8 July 1868</date></bibl>
				<bibl xml:id="where">Near Lake Bangweolo</bibl>
			</sourceDesc>
		</fileDesc>
		<profileDesc>
			<langUsage>
				<language ident="en">English</language>
			</langUsage>
			<handNotes>
				<handNote xml:id="hand01">Scribe: unknown</handNote>
				<handNote xml:id="hand02">Scribe: unknown</handNote>
			</handNotes>
		</profileDesc>
		<revisionDesc>
			<change>
				<date>2008-07-02</date>
				<name xml:id="SM">Sharon Messenger</name>Initial Transcription by Sharon Messenger
			</change>
			<change>
				<date>2008-09-14</date>
				<name xml:id="CL">Chris Lawrence</name>First Proof by Chris Lawrence
			</change>
		</revisionDesc>
	</teiHeader>

	<text>
		<body xml:lang="en">
			<div>

	<pb n="0001" facs="liv_002663_0001"/><!--pb/@n='1'-->
<lb/><p><handShift new="#hand01"/>3 Extracts from a letter of 
<lb/>Livingstone to the President. </p>
<lb/><p rend="right"><handShift new="#hand02"/><placeName>Near Lake Bangweolo</placeName>
<lb/>8 July. 1868. </p>
<lb/><p>My dear <persName>Sir Roderick</persName>
<lb/>My letter to <persName>Lord Clarendon</persName>
<lb/>will explain what I have been doing and why I 
<lb/>can only give you a leaf out of my note book. 
<lb/>The sources of the <placeName>Nile</placeName> are undoubtedly between 
<lb/>10° and 12° South, <del type="strikethrough">or some 400 miles south of the 
<lb/><placeName>Victoria Nyanza</placeName></del>, not one or two, but upwards of 
<lb/>twenty of them rise south of all the Lakes 
<lb/>except <placeName>Bangweolo</placeName>. The great valley is exactly 
<lb/>like the valleys of the <placeName>Congo</placeName> and <placeName>Zambesi</placeName>, and 
<lb/>you have been seeking the sources too far to the 
<lb/>north. I have yet to follow down the three lines 
<lb/>of drainage into which the twenty-three sources 

	<pb n="0002" facs="liv_002663_0002"/><!--pb/@n='2'-->
<lb/>converge, and do not speak very positively as to 
<lb/>whether they flow past <placeName>Tanganyika</placeName> to the west into 
<lb/><placeName>Chowambe</placeName>, which I suppose to be <placeName>Baker's Lake</placeName>, or 
<lb/>into <placeName>Tanganyika</placeName> and through by a river named 
<lb/><placeName>Loanda</placeName> into the same lake............................................
<lb/>............................................................................................
<lb/>............................................................................................
<lb/>....................................................................</p>
<lb/><p>We are in the same quarter of the world 
<lb/>yet - I do not know if <persName>Kirk</persName> has come to <placeName>Zanzibar</placeName>. 
<lb/>I hope in a couple of months to be at <placeName>Ujiji</placeName>, where 
<lb/>I have goods and I hope letters. Want of paper 
<lb/>prevents my writing to my friends. A note for 
<lb/><persName>Agnes</persName> goes by this . . . . . . . . . . . .
<lb/>. . . . . . . . . . . . . . . . . . . . . . . . . . . . . . . .</p>
<lb/><p>With love to <persName>Lady Murchison</persName>, I am ever 
<lb/>affectionately yours 
<lb/><persName>David Livingstone</persName></p>

	<pb n="0003" facs="liv_002663_0003"/><!--pb/@n='3'-->
<lb/><p><handShift new="#hand01"/><hi rend="underline">Postscript</hi>
<lb/><handShift new="#hand02"/>The following is a summary on Sources 
<lb/>from 30 to 50 yards broad, and always deep 
<lb/>enough to require either canoes or bridges.
<lb/><placeName>Chambese</placeName>, <placeName>Luapula</placeName>, <placeName>Lualaba</placeName> and the Lakes 
<lb/>receive thirteen sources, each larger than the 
<lb/><placeName>Isis</placeName> at <placeName>Oxford</placeName> or <placeName>Avon</placeName> at <placeName>Hamilton</placeName>. Another 
<lb/>line of drainage receives five sources. A third 
<lb/>receives other five, or twenty-three (23) in all. 
<lb/>I do not count small burns from five to ten 
<lb/>or fifteen yards broad. Lofu has eleven of these, 
<lb/>all perennial, nor do I refer to the oozes 
<lb/>or sponges which are the sources of them all. 
<lb/>(signed) D L. </p>
	
	<pb n="0004" facs="liv_002663_0004"/><!--pb/@n='4'-->
		
</div>
		</body>
	</text></TEI>