<?xml version="1.0" encoding="UTF-8"?>
<?xml-model href="http://livingstoneonline.github.io/LEAP-ODD/leap.rng" type="application/xml" schematypens="http://relaxng.org/ns/structure/1.0"?>
<?xml-model href="http://livingstoneonline.github.io/LEAP-ODD/leap.rng" type="application/xml" schematypens="http://purl.oclc.org/dsdl/schematron"?>
 <?xml-stylesheet href="http://livingstoneonline.github.io/LEAP-XSLT/transcription.xsl" type="text/xsl"?>
 <!--Converted from a TEI P4 XML file to the LEAP TEI P5 Schema by James Cummings on 2015-03-02--><!--TEI encoding revised and standardized by Adrian S. Wisnicki, 2015-2016-->
         <TEI xmlns="http://www.tei-c.org/ns/1.0" xml:id="liv_002643">
	<teiHeader>
		<fileDesc>
			<titleStmt>
				<title>Biblical Quotation (John 6:37) (English and Setswana)</title>
                <title type="alternative">Biblical Quotation (John 6:37) (English and Setswana), 31 August 1857</title>
				<author xml:id="DL">Livingstone, David, 1813-1873</author>
			</titleStmt>
			<publicationStmt>
				<authority>Livingstone Online</authority>
				<pubPlace>London</pubPlace>
				<date>2005-04-27</date>
				<publisher>Wellcome Centre for the History of Medicine, UCL</publisher>
				<idno type="LEAP-ID">liv_002643</idno>
			</publicationStmt>
			<sourceDesc>
				<bibl xml:id="ccnumber">Autographs and Autograph Books, 04</bibl>
				<bibl xml:id="recipient">Unknown</bibl>
				<bibl xml:id="date"><date when="1857-08-31">31 August 1857</date></bibl>
				<bibl xml:id="where">Drumcondra Castle</bibl>
				<bibl xml:id="shelfmark">Wellcome Institute for the History of Medicine. Library; 7329 18</bibl>
			</sourceDesc>
		</fileDesc>
		<revisionDesc>
			<change>
				<date>2005-04-26</date>
				<name xml:id="CO">Caroline Overy</name>Initial Transcription
			</change>
			<change>
				<date>2006-02-12</date>
				<name xml:id="CL">Chris Lawrence</name>first proof
			</change>
			<change>
				<date>2006-02-19</date>
				<name xml:id="JB">Janet Browne</name>second proof
			</change>
			<change>
				<date>2006-03-02</date>
				<name xml:id="SM">Sharon Messenger</name>final proof
			</change>
		</revisionDesc>
	</teiHeader>

	<text>
		<body>
			<div>

	<pb n="0001" facs="liv_002643_0001"/><!--pb/@n='1'-->
<!--Hand 01 67 top left--><!--Hand 02 63319 top right--><!--Hand 03--><!--<p>In the Sebituana language</p>--><!--end hand 03-->
<lb/><p><unclear cert="medium">Ena eo o tlan go 
<lb/>na, ga 'nkitla ki 
<lb/>mo leleka ka gope.</unclear></p>
<lb/><p><term type="reference">Him that cometh 
<lb/>unto me, I will 
<lb/>in no wise cast 
<lb/>out.</term></p>
<lb/><p><placeName>Drumcondra Castle</placeName></p>
<lb/><p rend="right">31<hi rend="sup underline">st</hi> August</p>
<lb/><p rend="right">1857</p>
<lb/><p>David Livingstone</p>
			
</div>
		</body>
	</text></TEI>