<?xml version="1.0" encoding="UTF-8"?>
<?xml-model href="http://livingstoneonline.github.io/LEAP-ODD/leap.rng" type="application/xml" schematypens="http://relaxng.org/ns/structure/1.0"?>
<?xml-model href="http://livingstoneonline.github.io/LEAP-ODD/leap.rng" type="application/xml" schematypens="http://purl.oclc.org/dsdl/schematron"?>
 <?xml-stylesheet href="http://livingstoneonline.github.io/LEAP-XSLT/transcription.xsl" type="text/xsl"?>
 <!--Converted from a TEI P4 XML file to the LEAP TEI P5 Schema by James Cummings on 2015-03-02--><!--TEI encoding revised and standardized by Adrian S. Wisnicki, 2015-2016-->
         <TEI xmlns="http://www.tei-c.org/ns/1.0" xml:id="liv_002198">
	<teiHeader>
		<fileDesc>
			<titleStmt>
				<title>Letter to Charles A. Alington</title>
                <title type="alternative">Letter to Charles A. Alington, 18 February 1865</title>
				<author xml:id="DL">Livingstone, David, 1813-1873</author>
			</titleStmt>
			<publicationStmt>
				<authority>Livingstone Online</authority>
				<pubPlace>London</pubPlace>
				<date>2007-08-01</date>
				<publisher>Wellcome Centre for the History of Medicine, UCL</publisher>
				<idno type="LEAP-ID">liv_002198</idno>
			</publicationStmt>
			<sourceDesc>
				<bibl xml:id="shelfmark">National Library of Scotland; MS. 3651, ff. 85-88</bibl>
				<bibl xml:id="ccnumber">Letters, 1614</bibl>
				<bibl xml:id="recipient"><persName>Alington, Charles A., ?-1899</persName></bibl>
				<bibl xml:id="date"><date when="1865-02-18">18 February 1865</date></bibl>
				<bibl xml:id="where">Newstead Abbey</bibl>
			</sourceDesc>
		</fileDesc>
		<profileDesc>
			<langUsage>
				<language ident="en">English</language>
			</langUsage>
			<handNotes>
				<handNote xml:id="hand01">Scribe: Unknown</handNote>
			</handNotes>
		</profileDesc>
		<revisionDesc>
			<change>
				<date>2007-08-01</date>
				<name xml:id="SM">Sharon Messenger</name>Initial Transcription by Sharon Messenger
			</change>
			<change>
				<date>2007-11-04</date>
				<name xml:id="CL">Chris Lawrence</name>Proofed by Chris
			</change>
		</revisionDesc>
	</teiHeader>

	<text>
		<body xml:lang="en">
			<div>

	<pb n="0001" facs="liv_002198_0001"/><!--pb/@n='85r'-->
<lb/><p rend="right">18 Feby 1865 </p>
<lb/><p>My Dear <persName>M<hi rend="sup underline">r</hi> Alington</persName></p>
<lb/><p>From what 
<lb/>you say in your 
<lb/>second note 
<lb/>about the box I 
<lb/>have no doubt but 
<lb/>it belonged to poor 
<lb/><persName>Thornton</persName> and 
<lb/>you had better send 
<lb/>it on to his brother 
<lb/><persName>George Thornton</persName>
<lb/><placeName>39 Great Horton Road 
<lb/>Bradford</placeName>- 

	<pb n="0002" facs="liv_002198_0002"/><!--pb/@n='85v'-->
<lb/>At first flush I thought 
<lb/>one of our long 
<w>-<lb break="no"/>lost</w> four has turned 
<lb/>up but from its 
<lb/>coming by Orestes 
<lb/>it must have been 
<lb/>slipped by mistake 
<lb/>out of <persName>M<hi rend="sup underline">r</hi> Young<reg>'</reg>s</persName>
<lb/>charge. </p>
<lb/><p>After <choice><sic>recieving</sic><corr>receiving</corr></choice>
<lb/>your note I got a 
<lb/>letter from <persName>M<hi rend="sup underline">r</hi> John 
<lb/>Moffat</persName> in 
<w>Mos-<lb break="no"/>ilikatze's</w> country<reg>.</reg>
<lb/>The old man has 
<lb/>lost much of his 
<lb/>influence but does 

	<pb n="0003" facs="liv_002198_0003"/><!--pb/@n='86r'-->
<lb/>not use it against 
<lb/>the mission as he 
<lb/>once did. They are 
<lb/>free to speak and 
<lb/>preach as much 
<lb/>as they like. He has 
<lb/>still a great number 
<lb/>of cattle &amp; people. </p>
<lb/><p>I wish to get an 
<lb/>opening into the 
<lb/>country North of the 
<lb/>Portuguese, possibly 
<lb/>by the <placeName>Rovuma</placeName>. 
<lb/><choice><reg>A</reg><orig>a</orig></choice>nd if you will 
<lb/>go in &amp; occupy 
<lb/>after that you 
<lb/>may do a good 
<lb/>work. <choice><reg>T</reg><orig>t</orig></choice>he work 
<lb/>I do will be afoot 
<lb/>chiefly - but 

	<pb n="0004" facs="liv_002198_0004"/><!--pb/@n='86v'-->
<lb/>nearly all new - I get 
<lb/>a good many offers 
<lb/>of service and from 
<lb/>some odd people - 
<lb/>Shall I hand over 
<lb/>a lady's application 
<lb/>to you. <reg>?</reg> The book will 
<lb/>be out I hope in a 
<lb/>month or six weeks<reg>.</reg></p>
<lb/><p>I have not heard 
<lb/>a word of M<hi rend="sup underline">r</hi> Ferraõ<reg>'</reg>s 
<lb/>son. <persName>Senhor Tito</persName> is 
<lb/>dead. Zulus went across 
<lb/>the <placeName>Zambesi</placeName> at <placeName>Shigogu</placeName>
<lb/>some 30 years ago &amp; up 
<lb/>to <placeName>Nyassa's</placeName> Northern 
<lb/>end. Can you speak 
<lb/>Zulu<reg>?</reg> The Arabs call 
<lb/>The Manganja Wa 
<lb/><placeName>Nyassa</placeName> &amp; the Agawas 
<lb/>or Waizau call them 

	<pb n="0005" facs="liv_002198_0005"/><!--pb/@n='87r'-->
<lb/>so too. It is probably 
<lb/>the derivation - the 
<lb/>elephant marsh was 
<lb/>called <placeName>Nyanjamukuru</placeName>
<lb/>and that near 
<lb/><placeName>Moranubala Nyanja</placeName>
<lb/>ia motope (or mud) 
<lb/>or <placeName>Nyanja Spangous</placeName>
<lb/>The Portuguese ministry 
<lb/>now claim the 
<lb/>discovery of <placeName>Nyassa</placeName>
<lb/>properly <placeName>Nyanya</placeName> on 
<lb/>the ground that the 
<lb/>people of <placeName>Senna</placeName>
<lb/>sailed into the <placeName>Great 
<lb/>Hetta lakes</placeName> (These 
<lb/>names imply - the 
<lb/><placeName>cataracts</placeName> were not within 

	<pb n="0006" facs="liv_002198_0006"/><!--pb/@n='87v'-->
<lb/>way it seems of old<reg>.</reg></p>
<lb/><p>I don<reg>'</reg>t know about 
<lb/>the three breasted 
<lb/>woman - but a 
<lb/>female general of 
<lb/>Zulus of old did 
<lb/>wonders up at &amp; 
<lb/>beyond the <placeName>Zambesi</placeName><reg>.</reg></p>
<lb/><p>There are lots of 
<lb/>the spider you mention 
<lb/>in the <placeName>Bechuana 
<lb/>country</placeName>. When the 
<lb/>door is open you 
<lb/>know he is out 
<lb/>he is a formidable 
<lb/>looking fellow<reg>.</reg></p>

	<pb n="0007" facs="liv_002198_0007"/><!--pb/@n='88r'-->
<lb/><p><choice><reg>T</reg><orig>t</orig></choice>he horns may be 
<lb/>those of the Pallah 
<lb/>but you don<reg>'</reg>t 
<lb/>shew the twist of 
<lb/>the Pallah - In front 
<lb/>it is a little 
<lb/><figure><!--<graphic style="float:left" url="LETT1742-1.gif"/>--></figure> harpshaped<reg>.</reg></p>
<lb/><p>There is Angus' 
<lb/>buck in that 
<lb/>quarter too<reg>.</reg></p>
<lb/><p>Cold enough here 
<lb/>I assure you &amp; 
<lb/>snowing as if it 
<lb/>would never tire<reg>.</reg></p>
<lb/><p>I am yours &amp;c </p>
<lb/><p><persName>David Livingstone</persName></p>

	<pb n="0008" facs="liv_002198_0008"/><!--pb/@n='89r'-->
<ab type="envelope">
<address>
<addrLine><persName>Rev<hi rend="sup underline">d</hi> C A Alington</persName></addrLine>
<addrLine><placeName>Swinhope House
<lb/>Great Grimsby </placeName></addrLine>
</address>
</ab>
			
</div>
		</body>
	</text></TEI>