<?xml version="1.0" encoding="UTF-8"?>
<?xml-model href="http://livingstoneonline.github.io/LEAP-ODD/leap.rng" type="application/xml" schematypens="http://relaxng.org/ns/structure/1.0"?>
<?xml-model href="http://livingstoneonline.github.io/LEAP-ODD/leap.rng" type="application/xml" schematypens="http://purl.oclc.org/dsdl/schematron"?>
 <?xml-stylesheet href="http://livingstoneonline.github.io/LEAP-XSLT/transcription.xsl" type="text/xsl"?>
 <!--Converted from a TEI P4 XML file to the LEAP TEI P5 Schema by James Cummings on 2015-03-02--><!--TEI encoding revised and standardized by Adrian S. Wisnicki, 2015-2016-->
         <TEI xmlns="http://www.tei-c.org/ns/1.0" xml:id="liv_002392"><!-- LP63 -->
	<teiHeader>
		<fileDesc>
			<titleStmt>
				<title>Letter to [John Loader?]</title>
                <title type="alternative">Letter to [John Loader?], 11 August 1865</title>
				<author xml:id="DL">Livingstone, David, 1813-1873</author>
			</titleStmt>
			<publicationStmt>
				<authority>Livingstone Online</authority>
				<pubPlace>London</pubPlace>
				<date>2006-02-21</date>
				<publisher>Wellcome Centre for the History of Medicine, UCL</publisher>
				<idno type="LEAP-ID">liv_002392</idno>
			</publicationStmt>
			<sourceDesc>
				<bibl xml:id="ccnumber">Letters, 1797</bibl>
				<bibl xml:id="recipient"><persName>Loader, John</persName></bibl>
				<bibl xml:id="date"><date when="1865-08-11">11 August 1865</date></bibl>
				<bibl xml:id="where">50 Albemarle St., London</bibl>
				<bibl xml:id="shelfmark">Wellcome Institute for the History of Medicine. Library; 7329 63</bibl><!--1865-08-11--><!--Original:1865-08-11-->
				<bibl xml:id="extent">2 pages</bibl>
			</sourceDesc>
		</fileDesc>
		<revisionDesc>
			<change>
				<date>2006-02-21</date>
				<name xml:id="SM">Sharon Messenger</name>Initial Transcription
			</change>
			<change>
				<date>2006-02-13</date>
				<name xml:id="CL">Chris Lawrence</name>first proof
			</change>
			<change>
				<date>2006-02-20</date>
				<name xml:id="JB">Janet Browne</name>second proof
			</change>
			<change>
				<date>2006-03-07</date>
				<name xml:id="CO">Caroline Overy</name>final proof
			</change>
		</revisionDesc>
	</teiHeader>

	<text>
		<body>
			<div>

	<pb n="0001" facs="liv_002392_0001"/><!--pb/@n='1'-->
<!--hand 01 56 top left-->
<lb/><p rend="right">50 Albermarle <choice><abbr>St</abbr><expan>Street</expan></choice></p>
<lb/><p rend="right">London </p>
<lb/><p rend="right">11 <choice><abbr>Aug</abbr><expan>August</expan></choice>1865 </p>
<lb/><p>Dear Sir </p>
<lb/><p>I regret that 
<lb/>I am unable to afford 
<lb/>you any information 
<lb/>about such a 
<lb/>situation as you 
<lb/>require. I am 
<lb/>not taking out 
<lb/>an expedition of 
<lb/>Europeans &amp; 
<lb/>cannot therefore 

	<pb n="0002" facs="liv_002392_0002"/><!--pb/@n='2'-->
<lb/>offer you any hopes 
<lb/>in it. Liverpool 
<lb/>would perhaps be 
<lb/>the place where 
<lb/>such appointments 
<lb/>as you wish may 
<lb/>be found. Wishing 
<lb/>you better success 
<lb/>there</p>
<lb/><p rend="center">I am &amp; </p>
<lb/><p rend="center">David Livingstone </p><!--hand 02 11 Aug. 1865. bottom left--><!-- hand 03 A.167 bottom right-->
			
</div>
		</body>
	</text></TEI>