<?xml version="1.0" encoding="UTF-8"?>
<?xml-model href="http://livingstoneonline.github.io/LEAP-ODD/leap.rng" type="application/xml" schematypens="http://relaxng.org/ns/structure/1.0"?>
<?xml-model href="http://livingstoneonline.github.io/LEAP-ODD/leap.rng" type="application/xml" schematypens="http://purl.oclc.org/dsdl/schematron"?>
 <?xml-stylesheet href="http://livingstoneonline.github.io/LEAP-XSLT/transcription.xsl" type="text/xsl"?>
 <!--Converted from a TEI P4 XML file to the LEAP TEI P5 Schema by James Cummings on 2015-03-02--><!--TEI encoding revised and standardized by Adrian S. Wisnicki, 2015-2016-->
         <TEI xmlns="http://www.tei-c.org/ns/1.0" xml:id="liv_002670">
	<teiHeader>
		<fileDesc>
			<titleStmt>
				<title>Letter to Edmund Gabriel</title>
                <title type="alternative">Letter to Edmund Gabriel, 14, 15 February 1855</title><!-- Scribal copy of a BL letter C&C 0368 -->
				<author xml:id="DL">Livingstone, David, 1813-1873</author>
			</titleStmt>
			<publicationStmt>
				<authority>Livingstone Online</authority>
				<pubPlace>London</pubPlace>
				<date>2007-04-24</date>
				<publisher>Wellcome Centre for the History of Medicine, UCL</publisher>
				<idno type="LEAP-ID">liv_002670</idno>
			</publicationStmt>
			<sourceDesc>
				<bibl xml:id="shelfmark">Royal Geographical Society (Great Britain); Archives, DL 2/7/1</bibl>
				<bibl xml:id="ccnumber">Letters, 0368</bibl>
				<bibl xml:id="recipient"><persName>Gabriel, Edmund, 1821-1862</persName></bibl>
				<bibl xml:id="date"><date from="1855-02-14" to="1855-02-15">14, 15 February 1855</date></bibl>
				<bibl xml:id="where">Cassange</bibl>
			</sourceDesc>
		</fileDesc>
		<profileDesc>
			<langUsage>
				<language ident="en">English</language>
			</langUsage>
			<handNotes>
				<handNote xml:id="CGR">Scribe: C G Reeve</handNote>
			</handNotes>
		</profileDesc>
		<revisionDesc>
			<change>
				<date>2007-04-24</date>
				<name xml:id="SM">Sharon Messenger</name>Initial Transcription by Sharon Messenger
			</change>
			<change>
				<date>2008-05-10</date>
				<name xml:id="CL">Christopher Lawrence</name>Proof by Chris Lawrence
			</change>
		</revisionDesc>
	</teiHeader>

	<text>
		<body xml:lang="en">
			<div>

	<pb n="0001" facs="liv_002670_0001"/><!--pb/@n='1'-->
<lb/><p><handShift new="#CGR"/>Copy of original historical 
<lb/><hi rend="underline">letter from D<hi rend="sup underline">r</hi> David Livingstone</hi></p>
<lb/><p><placeName>Cassange</placeName></p>
<lb/><p>14<hi rend="sup underline">th</hi> Feby 1855 </p>
<lb/><p>My dear <persName>M<hi rend="sup underline">r</hi> Gabriel</persName></p>
<lb/><p>Along with this I enclose the map 
<lb/>&amp; letter for <persName>Sir R. Murchison</persName><reg>.</reg>
<lb/>In opening it you will find it easy 
<lb/>if you will let it stand an hour or two 
<lb/>in a towel on which you sprinkled 
<lb/>some water previously. </p>
<lb/><p>The same process will enable you to 
<lb/>fold it again with facility </p>
<lb/><p>Please when you write to <persName>Lie<hi rend="sup underline">ut</hi>
<lb/><choice><sic>Bendingfeld</sic><corr>Bedingfeld</corr></choice></persName> present my compliments 
<lb/>on his escape. </p>
<lb/><p>Fancy the natives in 1855 of the "new" 
<lb/>"earth", &amp; no more sea, digging up my 
<lb/>fossil manuscripts &amp; as much puzzled 
<lb/>to tell the situation of <placeName>Angola</placeName> as the 
<lb/>Commentators have been with the 
<lb/>whereabouts of the <placeName>Garden of Eden.</placeName> 
<lb/>As you are a lawyer in embryo 
<lb/>(pardon) I suppose the decision that 
<lb/>a person born out of <placeName>England</placeName> is an 
<lb/>"alien"- will change your views a 
<lb/>little, I believe it was given in a 
<lb/>case of copyright. </p>

	<pb n="0002" facs="liv_002670_0002"/><!--pb/@n='2'-->
<lb/><p><hi rend="underline">2.</hi><hi rend="underline">re Gabriel</hi></p>
<lb/><p>English parents don't now produce 
<lb/>English children</p>
<lb/><p>Mine are therefore niggers - "moleques"- 
<lb/>in fact for they were born in <placeName>Africa</placeName>
<lb/>Excuse the hotch potch note </p>
<lb/><p>Believe me ever most 
<lb/>affectionately yours </p>
<lb/><p>(sd.) <persName>David Livingstone </persName></p>
<lb/><p>Copied from original 
<lb/><persName>C. G. Reeve</persName>
<lb/>London 
<lb/>Feby 1938 </p>
			
</div>
		</body>
	</text></TEI>