<?xml version="1.0" encoding="UTF-8"?>
<?xml-model href="http://livingstoneonline.github.io/LEAP-ODD/leap.rng" type="application/xml" schematypens="http://relaxng.org/ns/structure/1.0"?>
<?xml-model href="http://livingstoneonline.github.io/LEAP-ODD/leap.rng" type="application/xml" schematypens="http://purl.oclc.org/dsdl/schematron"?>
 <?xml-stylesheet href="http://livingstoneonline.github.io/LEAP-XSLT/transcription.xsl" type="text/xsl"?>
 <!--Converted from a TEI P4 XML file to the LEAP TEI P5 Schema by James Cummings on 2015-03-02--><!--TEI encoding revised and standardized by Adrian S. Wisnicki, 2015-2016-->
         <TEI xmlns="http://www.tei-c.org/ns/1.0" xml:id="liv_002476"><!-- LP117 -->
	<teiHeader>
		<fileDesc>
			<titleStmt>
				<title>Letter to Agnes Livingstone 3</title>
                <title type="alternative">Letter to Agnes Livingstone 3, 8 February 1866</title>
				<author xml:id="DL">Livingstone, David, 1813-1873</author>
			</titleStmt>
			<publicationStmt>
				<authority>Livingstone Online</authority>
				<pubPlace>London</pubPlace>
				<date>2006-10-09</date>
				<publisher>Wellcome Centre for the History of Medicine, UCL</publisher>
				<idno type="LEAP-ID">liv_002476</idno>
			</publicationStmt>
			<sourceDesc>
				<bibl xml:id="ccnumber">Letters, 1878</bibl>
				<bibl xml:id="recipient"><persName>Livingstone, Agnes 3, 1847-1912</persName></bibl>
				<bibl xml:id="date"><date when="1866-02-08">8 February 1866</date></bibl>
				<bibl xml:id="where">Zanzibar</bibl>
				<bibl xml:id="shelfmark">National Library of Scotland; MS. 10704, ff. 41-44</bibl><!--1866-02-08--><!--Original:1866-02-8-->
			</sourceDesc>
		</fileDesc>
		<revisionDesc>
			<change>
				<date>2006-09-05</date>
				<name>Caroline</name>initial transcription
			</change>
		</revisionDesc>
	</teiHeader>

	<text>
		<body>
			<div>

	<pb n="0001" facs="liv_002476_0001"/><!--pb/@n='41r'-->
<!--written down left hadn side of the page--> 
<addSpan spanTo="#addEnd-41r" place="marginleft"><!--addSpan/@place='left margin of fol. 41r'--></addSpan><!-- marginleft-41r-->
<lb/><p rend="no-indent">Good night. Love to Madame Hocede, 
<lb/>DL </p><anchor xml:id="addEnd-41r"/>
<!--hand 1 top right 41--><!--hand 1 top left 48, deleted by hand 3--><!--hand 3 top center 16 in a circle-->
<lb/><p rend="right">Zanzibar 8<hi rend="sup underline">th</hi> February </p>
<lb/><p rend="right">1866 </p>
<lb/><p>My Dear <persName>Nannie</persName></p>
<lb/><p>As <term type="boat">H M S. Wasp</term> goes 
<lb/>to <placeName>Mauritius</placeName> on 10<hi rend="sup underline">th</hi> though 
<lb/>I gave you a pretty long letter 
<lb/>by the <term type="boat">Vigilant</term> which went 
<lb/>of yesterday, I may add a little 
<lb/>by this conveyance. and then 
<lb/>you may feel bound at 
<lb/>some future time to write 
<lb/>to me when there may be no 
<lb/>possibility of <add place="above">my</add> answering. I 
<lb/>am happy to hear that D<hi rend="sup underline">r</hi>
<lb/>Kirk is coming out here as 
<lb/>surgeon to the Resident 
<lb/>Political Agent which is 
<lb/>almost sure to end in his 
<lb/>succeeding to that office itself 
<lb/>He will be of great use to 
<lb/>every good cause out here 
<lb/>&amp; then I can write to one in 
<lb/>whom I have entire confidence </p>

	<pb n="0002" facs="liv_002476_0002"/><!--pb/@n='41v'-->
<lb/><p>It is not a good climate by 
<lb/>any means. <persName>Rae's</persName> brother 
<lb/>came out here to supply <persName>George's</persName>
<lb/>place. He has been ill ten days 
<lb/>and died last night. <persName>Miss 
<lb/>Tozer</persName> had to go off to the <placeName>Seychelles</placeName>
<lb/>yesterday in ill health and 
<lb/><persName>D<hi rend="sup underline">r</hi> &amp; M<hi rend="sup underline">rs</hi> Seward</persName> have just 
<lb/>come back from those islands 
<lb/>whither he went nearly dead 
<lb/>four months ago. The town 
<lb/>is by the shore on a tongue of 
<lb/>land behind which the sea 
<lb/>comes. The shore is indescribably 
<lb/>filthy &amp; provocative of holding 
<lb/>the nose. The island to look 
<lb/>at is extremely beautiful. 
<lb/>Groves of coconut palms, 
<lb/>mangrove <unclear cert="low">topes</unclear> &amp; groves 
<lb/>of <unclear cert="low">clove</unclear> trees flourish 
<lb/>in perpetual greeness, but it is 
<lb/>a sickly place. Slaves swarm 
<lb/>and they seem to have collected 
<lb/>all the ugliest of their race 
<lb/>from <placeName>Africa.</placeName> One never 
<lb/>sees a face on which the eye 

	<pb n="0003" facs="liv_002476_0003"/><!--pb/@n='42r'-->
<lb/><!--hand1 top right 42--><unclear cert="low">rest</unclear> with pleasure &amp; this 
<lb/>is the "fair sex"! I know their 
<lb/>tribal marks. Nearly all 
<lb/>come from Lake Nyassa 
<lb/>and beyond it. One woman 
<lb/>said to me that she had 
<lb/>heard of my passing in a 
<lb/>boat but she did not see 
<lb/>me. Another came from 
<lb/>hundreds of miles beyond 
<lb/>the Lake. The slave owners 
<lb/>go about in the slave mar
<lb/>ket here with a woman or 
<lb/>a child held by the hand 
<lb/>calling out "seven dollars" 
<lb/>"seven dollars." The highest 
<lb/>was 20 dollars. They sit in 
<lb/>rows looking dejected &amp; 
<lb/>ashamed. An Arab or a 
<lb/>Persian comes forward &amp; 
<lb/>raises up a girl - opens her 
<lb/>mouth &amp; examines her 
<lb/>teeth - then her limbs &amp; 

	<pb n="0004" facs="liv_002476_0004"/><!--pb/@n='42v'-->
<lb/>enquires how any scar was 
<lb/>got. A wound from the lash 
<lb/>decreases the value because 
<lb/>it shews that she has been 
<lb/>obstinate or disobedient - He 
<lb/>usually ends by throwing 
<lb/>his stick 20 yards or so &amp; 
<lb/>makes her walk for it to 
<lb/>see as a horse dealer would 
<lb/>say "her paces." One of my 
<lb/>men was with me &amp; he 
<lb/>became very much excited 
<lb/>on seeing "wives for sale." 
<lb/>all dressed up with flowers, 
<lb/>and eyebrows painted. He 
<lb/>said in English "<unclear cert="low">Wife</unclear> all 
<lb/>same sister. All same as 
<lb/>mother. Arab man sell wife 
<lb/>very bad oh very bad. &amp; 
<lb/>he began to protest to them 
<lb/>so energetically I had to take 
<lb/>him away. One said to him 

	<pb n="0005" facs="liv_002476_0005"/><!--pb/@n='43r'-->
<lb/><!--hand 1 top right 43-->you are the same as we 
<lb/>no said he "I am an 
<lb/>Englishman" </p>
<lb/><p>The Sultan gave me 
<lb/>a house and he furnishes 
<lb/>food and everything we 
<lb/>need. He insisted on sending 
<lb/><persName>Lieutenant <unclear cert="low">Brebnor</unclear></persName> and 
<lb/>the crew of the <unclear cert="low">Thule</unclear> back 
<lb/>to <placeName>Bombay</placeName> in one of his 
<lb/>men of war <unclear cert="low">The Nadir Shah</unclear>
<lb/>while it is getting ready all 
<lb/>our men are entertained 
<lb/>at the Sultan's expense. 
<lb/>This is rather handsome 
<lb/>and if he would only 
<lb/>give up slaving he 
<lb/>would be a "brick" of a 
<lb/>Sultan. but his chief 
<lb/>income is derived from 

	<pb n="0006" facs="liv_002476_0006"/><!--pb/@n='43v'-->
<lb/>this source. We had our 
<lb/>formal presentation 
<lb/>after D<hi rend="sup underline">r</hi> Seward came - 
<lb/>the toothache was nearly 
<lb/>gone and he insisted 
<lb/>on meeting us &amp; again 
<lb/>coming down to shake 
<lb/>hands in the street. I 
<lb/>told him what <persName>Sir Bartle 
<lb/>Frere</persName> said to the South 
<lb/><unclear cert="low">Mahratta</unclear> princes on the 
<lb/>necessity of education 
<lb/>and if they did not 
<lb/>make some exertion 
<lb/>to get knowledge power 
<lb/>would slip through their 
<lb/>fingers &amp; they would be 
<lb/>left behind in the race 
<lb/>I meant him of course 
<lb/>to make the application 

	<pb n="0007" facs="liv_002476_0007"/><!--pb/@n='44r'-->
<lb/><!--hand 01 top right 44-->to himself - I mentioned 
<lb/>the power of steam &amp; the 
<lb/>gift of the <unclear cert="low">Thule</unclear>
<lb/>evidence that our <unclear cert="low"><hi rend="sup">Gov</hi></unclear>
<lb/>wished him to be a 
<lb/>participtor in that power 
<lb/>We did not wish to 
<w>mo-<lb break="no"/>nopolize</w> it. Everything 
<lb/>he could send to <placeName>Bombay</placeName>
<lb/>for sale would find a 
<lb/>ready market there. We 
<lb/>needed grain of all sorts 
<lb/>as rice - dura - in fact 
<lb/>everything but slaves" 
<lb/>he laughed at my last 
<lb/>remark. Told me he would 
<lb/>help me as much as he 
<lb/>could now &amp; at all future 
<lb/>times - and I was never to 
<lb/>have any shame in telling 
<lb/>him what to do for me. </p>

	<pb n="0008" facs="liv_002476_0008"/><!--pb/@n='44v'-->
<lb/><p>Among Orientals this does 
<lb/>not mean much but 
<lb/>we must be Thankful for 
<lb/>even the smallest 
<w>con-<lb break="no"/>tributions.</w> His house has 
<lb/>the only flower garden in 
<lb/>the island. It abounds in 
<lb/>roses which are free to 
<lb/>use. The couches are 
<w>mag-<lb break="no"/>nificent</w> and to keep the 
<lb/><unclear cert="low">sepoys</unclear> up to the mark 
<lb/>the <unclear cert="low">Havildar</unclear> has made 
<lb/>them mount guard at the 
<lb/>door. A Portuguese has the 
<lb/>contract for supplying us 
<lb/>with provisions because 
<lb/>he speaks English &amp; is 
<lb/>supposed to know English 
<lb/>tastes. He did not know 
<lb/>that there is no love lost between 
<lb/>that nation &amp; me. I did not 
<lb/>pay the last letters. They went 
<lb/>off unintentionally unpaid </p>
			
</div>
		</body>
	</text></TEI>