<?xml version="1.0" encoding="UTF-8"?>
<?xml-model href="http://livingstoneonline.github.io/LEAP-ODD/leap.rng" type="application/xml" schematypens="http://relaxng.org/ns/structure/1.0"?>
<?xml-model href="http://livingstoneonline.github.io/LEAP-ODD/leap.rng" type="application/xml" schematypens="http://purl.oclc.org/dsdl/schematron"?>
 <?xml-stylesheet href="http://livingstoneonline.github.io/LEAP-XSLT/transcription.xsl" type="text/xsl"?>
 <!--Converted from a TEI P4 XML file to the LEAP TEI P5 Schema by James Cummings on 2015-03-02--><!--TEI encoding revised and standardized by Adrian S. Wisnicki, 2015-2016-->
         <TEI xmlns="http://www.tei-c.org/ns/1.0" xml:id="liv_002654">
	<teiHeader>
		<fileDesc>
			<titleStmt>
				<title>Letter to General Edward Sabine</title>
                <title type="alternative">Letter to General Edward Sabine, 13 December 1865</title>
				<author>Livingstone, David, 1813-1873</author>
			</titleStmt>
			<publicationStmt>
				<authority>Livingstone Online</authority>
				<pubPlace>London</pubPlace>
				<date>2007-06-20</date>
				<publisher>Wellcome Centre for the History of Medicine, UCL</publisher>
				<idno type="LEAP-ID">liv_002654</idno>
			</publicationStmt>
			<sourceDesc>
				<bibl xml:id="shelfmark">Royal Society (Great Britain); SA.795</bibl>
				<bibl xml:id="ccnumber"/>
				<bibl xml:id="recipient"><persName>Sabine, General Edward, 1788-1883</persName></bibl>
				<bibl xml:id="date"><date when="1865-12-13">13 December 1865</date></bibl>
				<bibl xml:id="where">Kongone</bibl>
			</sourceDesc>
		</fileDesc>
		<profileDesc>
			<langUsage>
				<language ident="en">English</language>
			</langUsage>
			<handNotes>
				<handNote xml:id="hand01">Scribe: Unknown</handNote>
			</handNotes>
		</profileDesc>
		<revisionDesc>
			<change>
				<date>2007-06-20</date>
				<name xml:id="CO">Caroline Overy</name>Intial Transcription by Caroline Overy
			</change>
			<change>
				<date>2007-06-20</date>
				<name xml:id="JB">Janet Browne</name>First proof by Janet
			</change>
			<change>
				<date>2007-06-20</date>
				<name xml:id="CL">Chris Lawrence</name>Second Proof by Chris Lawrence
			</change>
		</revisionDesc>
	</teiHeader>

	<text>
		<body xml:lang="en">
			<div>

	<pb n="0001" facs="liv_002654_0001"/><!--pb/@n='1r'-->
<addSpan spanTo="#addEnd1-01" place="marginleft"><!--addSpan/@place='left margin of fol. 1r'--></addSpan>
<lb/><p rend="no-indent">The instruments are not so bad as I expected, this 
<lb/>may be from having been carefully dried after 
<lb/>wetting<reg>.</reg></p><anchor xml:id="addEnd1-01"/>
<lb/><p rend="right">Bombay 13 Dec<hi rend="sup underline">r</hi></p>
<lb/><p rend="right">1865</p>
<lb/><p>My Dear General Sabine</p>
<lb/><p>By some 
<w>un-<lb break="no"/>accountable</w> mistake 
<lb/>some of the magnetic 
<lb/>instruments had been 
<lb/>taken on board the 
<lb/><term type="boat">Lady Nyassa</term> and 
<lb/>on clearing her out 
<lb/>I found them. I 
<lb/>have delivered them 
<lb/>over to <persName>M<hi rend="sup underline">r</hi> Chambers</persName>
<lb/>of the Observatory 
<lb/>here who thinks that 

	<pb n="0002" facs="liv_002654_0002"/><!--pb/@n='1v'-->
<lb/>you may prefer 
<lb/>them being used here 
<lb/>to having them sent 
<lb/>home. A small 
<lb/>theodolite accompanies 
<lb/>the other instrument<reg>.</reg>
<lb/><persName>My brothers</persName> observation 
<lb/>book was in the 
<lb/>box so as <persName>Mr 
<lb/>Chambers</persName> had calculated 
<lb/>the observations 
<lb/>sent home he may 
<lb/><hi rend="underline">look over</hi> those 
<lb/>not yet sent and 
<lb/>possibly they may 
<lb/>be confirmatory 

	<pb n="0003" facs="liv_002654_0003"/><!--pb/@n='2r'-->
<lb/>or otherwise<reg>.</reg></p>
<lb/><p>My observation 
<lb/>books and 
<w>com-<lb break="no"/>parison</w> of chronometers 
<lb/>book have all 
<lb/>gone to the Cape 
<lb/>and probably <persName>M<hi rend="sup underline">r</hi>
<lb/>Mann</persName> the assistant 
<lb/>Astronomer to 
<lb/><persName>Sir Thomas Maclear</persName>
<lb/>may be able to 
<lb/>supply the exact 
<lb/>Longitude &amp; Latitude 
<lb/>of the places where 
<lb/>observations were 

	<pb n="0004" facs="liv_002654_0004"/><!--pb/@n='2v'-->
<lb/>as also the mean 
<lb/>time. <persName>M<hi rend="sup underline">r</hi>
<lb/>Mann</persName>
<lb/>took great pains 
<lb/>with the observations 
<lb/>and having all the 
<lb/>data may be able 
<lb/>as I have no doubt 
<lb/>he will be willing 
<lb/>to give the required time 
<lb/>that may be 
<lb/>necessary<reg>.</reg></p>
<lb/><p>I am in daily 
<lb/>expectation of getting 
<lb/>away from this to 
<lb/>Africa. With kind 
<lb/>salutation to <persName>M<hi rend="sup underline">rs</hi> Sabine</persName>
<lb/>I am &amp;c David Livingstone</p> 
			
</div>
		</body>
	</text></TEI>