<?xml version="1.0" encoding="UTF-8"?>
<?xml-model href="http://livingstoneonline.github.io/LEAP-ODD/leap.rng" type="application/xml" schematypens="http://relaxng.org/ns/structure/1.0"?>
<?xml-model href="http://livingstoneonline.github.io/LEAP-ODD/leap.rng" type="application/xml" schematypens="http://purl.oclc.org/dsdl/schematron"?>
 <?xml-stylesheet href="http://livingstoneonline.github.io/LEAP-XSLT/transcription.xsl" type="text/xsl"?>
 <!--Converted from a TEI P4 XML file to the LEAP TEI P5 Schema by James Cummings on 2015-03-02--><!--TEI encoding revised and standardized by Adrian S. Wisnicki, 2015-2016-->
         <TEI xmlns="http://www.tei-c.org/ns/1.0" xml:id="liv_002439">
	<teiHeader>
		<fileDesc>
			<titleStmt>
				<title>Letter to James Hamilton</title>
                <title type="alternative">Letter to James Hamilton, 28 November 1865</title>
				<author xml:id="DL">Livingstone, David, 1813-1873</author>
			</titleStmt>
			<publicationStmt>
				<authority>Livingstone Online</authority>
				<pubPlace>London</pubPlace>
				<date>2007-07-03</date>
				<publisher>Wellcome Centre for the History of Medicine, UCL</publisher>
				<idno type="LEAP-ID">liv_002439</idno>
			</publicationStmt>
			<sourceDesc>
				<bibl xml:id="shelfmark">National Library of Scotland; MS. 10768, ff. 74r-75v</bibl>
				<bibl xml:id="ccnumber">Letters, 1843</bibl>
				<bibl xml:id="recipient"><persName>Hamilton, James, 1814-1867</persName></bibl>
				<bibl xml:id="date"><date when="1865-11-28">28 November 1865</date></bibl>
				<bibl xml:id="where">Bombay</bibl>
			</sourceDesc>
		</fileDesc>
		<profileDesc>
			<langUsage>
				<language ident="en">English</language>
			</langUsage>
			<handNotes>
				<handNote xml:id="hand01">Scribe: Unknown</handNote>
			</handNotes>
		</profileDesc>
		<revisionDesc>
			<change>
				<date>2007-07-03</date>
				<name xml:id="CO">Caroline Overy</name>Intial Transcription by Caroline Overy
			</change>
			<change>
				<date>2007-08-13</date>
				<name xml:id="JB">Janet Browne</name>Proofed by Janet Browne
			</change>
		</revisionDesc>
	</teiHeader>

	<text>
		<body xml:lang="en">
			<div>

	<pb n="0001" facs="liv_002439_0001"/><!--pb/@n='74r'-->
<addSpan spanTo="#p74r-01" place="marginleft"><!--addSpan/@place='left and right margins fol. 74r'--></addSpan>
<lb/><p rend="no-indent">someday &amp; so do all letters. My love &amp; 
<lb/>kind remembrances to you all 
<lb/><persName>David Livingstone</persName></p><anchor xml:id="p74r-01"/>
<addSpan spanTo="#p74r-02" place="marginright"><!--addSpan/@place='left and right margins fol. 74r'--></addSpan>
<lb/><p rend="no-indent">not forgetting <persName>Aunt Julia</persName> &amp; <persName>Lady Price</persName></p><anchor xml:id="p74r-02"/>
<lb/><p><placeName>Bombay</placeName> 28 Nov</p>
<lb/><p>1865</p>
<lb/><p>My Dear <persName>D<hi rend="sup underline">r</hi> Hamilton</persName></p>
<lb/><p>I delivered myself 
<lb/>of a paper at <placeName>Malta</placeName>
<lb/>but the cholera was 
<lb/>there and as the 
<lb/>production was 
<lb/>very "seedy" I fear 
<lb/>it fell a victim - 
<lb/>for I have heard 
<lb/>nothing about it 
<lb/>since. I thought 
<lb/>of writing you 
<lb/>a sketch of my 
<lb/>impressions of 

	<pb n="0002" facs="liv_002439_0002"/><!--pb/@n='74v'-->
<lb/>India today but 
<lb/>I am too near post 
<lb/>time now for any 
<lb/>thing of the sort 
<lb/>and as I am going 
<lb/>off to <placeName>Zanzibar</placeName>
<lb/>in a few days I can 
<lb/>send you only a 
<lb/>gossiping little note<reg>.</reg>
<lb/>You might let me 
<lb/>know how you all 
<lb/>are for you very soon 
<lb/>will not be able - 
<lb/>I shall soon dive 
<lb/>into that darkness 
<lb/>which broods over 
<lb/>the region west of the 
<lb/><placeName>Rovuma</placeName> and may 

	<pb n="0003" facs="liv_002439_0003"/><!--pb/@n='75r'-->
<lb/>wear away to the 
<lb/>land of the <unclear cert="low">Val</unclear> &amp; 
<lb/>never come back<reg>.</reg>
<lb/>I am going in a few 
<lb/>days in a small 
<lb/>steamer sent as a 
<lb/>present to <persName>His Highness 
<lb/>the Sultan</persName>. He was over 
<lb/>here and gave me 
<lb/>a Firman and carried 
<lb/>the buffaloes for me 
<lb/>in one of his ships. 
<lb/><choice><reg>T</reg><orig>t</orig></choice>he buffaloes are to be 
<lb/>tried as beasts of 
<lb/>burden &amp; an 
<lb/>experim
<lb/>ent to see if they with
<lb/>stand the bite of the 
<lb/>Tsetse - the Governor 
<lb/>is an excellent man 

	<pb n="0004" facs="liv_002439_0004"/><!--pb/@n='75v'-->
<lb/>would like to go with 
<lb/>me himself were he 
<lb/>20 years younger - 
<w>would-<lb break="no"/>nt</w> you if <persName>Mrs Hamilton</persName>
<lb/>could spare you from 
<lb/>home consumption<reg>.</reg>
<lb/>I have seen many Irish 
<lb/>Presbyterian bretheren 
<lb/>&amp; found them rather proud 
<lb/>on hearing that <persName>D<hi rend="sup underline">r</hi> H.</persName>
<lb/>was editor of the Evang. 
<lb/>Christendom. You send 
<lb/>it to them all. I am more 
<lb/>than a Presbyterian - a 
<lb/>highchurch Independent 
<lb/>Baptist lowchurch 
<lb/>Presbyterian jack of all 
<lb/>trades &amp;c. If you send 
<lb/>it address care of <persName>Lennox 
<lb/>Conyngham</persName> Esq. Foreign 
<lb/>Office it will come free </p>

			
</div>
		</body>
	</text></TEI>