<?xml version="1.0" encoding="UTF-8"?>
<?xml-model href="http://livingstoneonline.github.io/LEAP-ODD/leap.rng" type="application/xml" schematypens="http://relaxng.org/ns/structure/1.0"?>
<?xml-model href="http://livingstoneonline.github.io/LEAP-ODD/leap.rng" type="application/xml" schematypens="http://purl.oclc.org/dsdl/schematron"?>
<?xml-stylesheet href="http://livingstoneonline.github.io/LEAP-XSLT/transcription.xsl" type="text/xsl"?>
 <!--Converted from a TEI P4 XML file to the LEAP TEI P5 Schema by James Cummings on 2015-03-02--><!--TEI encoding revised and standardized by Adrian S. Wisnicki, 2015-2016-->
         <TEI xmlns="http://www.tei-c.org/ns/1.0" xml:id="liv_002672">
	<teiHeader>
		<fileDesc>
			<titleStmt>
				<title>Letter to Royal Geographical Society (Great Britain)</title>
                <title type="alternative">Letter to Royal Geographical Society (Great Britain), 14 January 1855</title>
				<author>Livingstone, David, 1813-1873</author>
			</titleStmt>
			<publicationStmt>
				<authority>Livingstone Online</authority>
				<pubPlace>London</pubPlace>
				<date>2008-09-04</date>
				<publisher>Wellcome Centre for the History of Medicine, UCL</publisher>
				<idno type="LEAP-ID">liv_002672</idno>
			</publicationStmt>
			<sourceDesc>
				<bibl xml:id="shelfmark">Royal Geographical Society (Great Britain); Archives, DL 2/6/6</bibl>
				<bibl xml:id="ccnumber"/>
				<bibl xml:id="recipient"><persName>Royal Geographical Society (Great Britain)</persName></bibl>
				<bibl xml:id="date"><date when="1855-01-14">14 January 1855</date></bibl>
				<bibl xml:id="where">Cassange, Angola, West Africa</bibl><!--this is possibly an extract of a letter in SOAS C&C 360 to Arthur Tidman-->
			</sourceDesc>
		</fileDesc>
		<profileDesc>
			<langUsage>
				<language ident="en">English</language>
			</langUsage>
			<handNotes>
				<handNote xml:id="hand01">Scribe: Unknown</handNote>
				<handNote xml:id="hand02">Scribe: Unknown</handNote>
				<handNote xml:id="hand03">Scribe: Unknown</handNote>
			</handNotes>
		</profileDesc>
		<revisionDesc>
			<change>
				<date>2008-09-04</date>
				<name xml:id="CO">Caroline Overy</name>Initial Transcription by Caroline Overy
			</change>
			<change>
				<date>2008-09-14</date>
				<name xml:id="CL">Chris Lawrence</name>First Proof by Chris Lawrence
			</change>
		</revisionDesc>
	</teiHeader>

	<text>
		<body xml:lang="en">
			<div>

	<pb n="0001" facs="liv_002672_0001"/><!--pb/@n='1r'-->
<lb/><p><add place="inspace" rend="left" hand="#hand02">Insert after 20</add></p>
<lb/><p rend="right"><handShift new="#hand01"/>Extracts of letter from Rev<hi rend="sup underline">d</hi> D<hi rend="sup underline">r</hi>
	<lb/><space extent="3" unit="chars"/>Livingston dated <placeName>Cassange</placeName>, Angola, 
	<lb/><space extent="3" unit="chars"/>West Africa, 14<hi rend="sup underline">th</hi> January 1855.</p>
<lb/><p><add place="inline" hand="#hand02">Communicated through <persName>D<hi rend="sup">r</hi> Shaw</persName>, by 
<lb/><space extent="2" unit="words"/>the London Missionary Society.</add></p>
				<lb/><p><space extent="2" unit="words"/><space extent="2" unit="chars"/><del type="strikethrough" hand="#hand02">In the city of Loanda</del> I arrived 
<lb/><add place="marginleft" hand="#hand02">in the City</add> wearily knocked up and suffering from <term type="ailment">fever</term> and 
<lb/><term type="ailment">dysentery</term>. <persName>Edmund Gabriel</persName>, Esq<hi rend="sup underline">r</hi>, Her Majesty's 
<lb/>Commissioner for the suppression of the slave 
<lb/>trade, <del type="strikethrough" hand="#hand02">and the only Englishman I know in 
<lb/>the city,</del> most generously received me and my 27 
<lb/>Companions into his house. I shall never forget 
<lb/>the delicious pleasure of lying down on his bed 
<lb/>after sleeping six months on the ground, nor 
<lb/>the unwearied attention and kindness through a 
<lb/>long sickness which <persName>M<hi rend="sup underline">r</hi> G<add place="inline" hand="#hand02">abriel</add></persName> invariably shewed. 
<lb/>May God reward him. My companions were 
<lb/>struck with awe at the sight of a city, and 
<lb/>more especially when taken on board H. M. ships 
<lb/>of war. The kindness of the officers of the cruizers 
<lb/>removed the last vestige of fear from their minds, 
<lb/>for, finding them to be all my countrymen, they 
<lb/>saw the fallacy of the declarations <del type="strikethrough" hand="#hand02">of the 
<lb/>negroes of every village we came to west of 
<lb/><placeName>Cassange</placeName> - 'that the white man was taking 
<lb/>them to the sea, and would sell them all to 
<lb/>be taken on board ship, fattened, and eaten.'</del> <add place="above" hand="#hand02">made to them on the road.</add> 
<lb/><add place="marginleft" hand="#hand03"><del type="strikethrough">felt <lb/>themselves <lb/>to be in <lb/>safety.</del></add> <add place="marginleft" hand="#hand02">stet</add> They were afterwards engaged in discharging coals 
<lb/>from a ship for wages, and will marvel to 

	<pb n="0002" facs="liv_002672_0002"/><!--pb/@n='1v'-->
<lb/>the end of their lives at the prodigious quantity 
<lb/>of 'stones that burn' one ship could contain. 
<lb/>They previously imagined their own little canoes 
<lb/>on the <placeName>Zambesi</placeName> the best vessels, and themselves 
<lb/>the most expert sailors in the world.</p>
<lb/><p>"His Excellency the <persName>Bishop of 
<lb/>Angola</persName>, then the acting Governor of the 
<lb/>Province, received my companions with great 
<lb/>Kindness, and assured them of his protection and 
<lb/>friendship, as well as desire to promote 
<w>commer-<lb break="no"/>cial</w> intercourse with the Country of <persName>Sekeletu</persName>. 
<lb/>He also sent a present of a horse &amp; handsome 
<lb/>dress for that chief, and shewed very great 
<lb/>attention to myself in my sickness. The 
<lb/>Merchants too of <placeName>Loanda</placeName> took the opportunity 
<lb/>of our return to send presents to <persName>Sekeletu</persName>, and, 
<lb/>as they give much <unclear cert="low">envie</unclear> for the produce of 
<lb/>his country, than can be, or is done by 
<w>mer-<lb break="no"/>chants</w> from the <placeName>Cape Colony</placeName>, it is to be 
<lb/>hoped that intercourse with either <placeName>Cassange</placeName>
<lb/>or <placeName>Loanda</placeName>, will promote the civilization of 
<lb/>the Interior.</p>
<lb/><p>"I return, because I feel that 
<lb/>the work to which I set myself is only half 
<lb/>accomplished. The way out to the Eastern 
<lb/>Coast may be less difficult than I have found 
<lb/>that to the West. If I succeed, we shall at 
<lb/>least have a choice. <add place="marginright" hand="#hand03">Insert 
<lb/>22 <del type="strikethrough">&amp;</del>
<lb/>from the 2nd sheet of No 2 
<lb/>&amp; 23 from 5th sheet of No 1</add><del type="strikethrough" hand="#hand02"><del type="strikethrough" hand="#hand03">I intend, God helping 
<lb/>me, to go down the <placeName>Zambesi</placeName> or <placeName>Leambye</placeName>

	<pb n="0003" facs="liv_002672_0003"/><!--pb/@n='2r'-->
<lb/>to <placeName>Quilimane</placeName><add place="inline" hand="#hand03">I</add><del type="overwritten" hand="#hand03">M</del><add place="over-text" hand="#hand03">m</add>ay, in order to avoid the 
<lb/><placeName>Falls of <choice><sic> Mosisatunya</sic><corr>Mosiotunya</corr></choice></placeName>, and the rapid &amp; rocky 
<lb/>river above that Part - go across from 
<lb/><placeName>Secheke</placeName> to the <placeName><unclear cert="low">Maninche Loengo</unclear></placeName> or river 
<lb/>of the <unclear cert="low">Bashukulompo</unclear>, and then descend 
<lb/>it to the <placeName>Zambesi</placeName>.</del> If I cannot succeed 
<lb/>I shall return to <placeName>Loanda</placeName>, and thence embark 
<lb/>for England. I expected letters at <placeName>Loanda</placeName>
<lb/>and feel much disappointed at receiving 
<lb/>none. I asked my friends to write to that 
<lb/>place, and now suppose they believed I 
<lb/>should never reach it. I shall feel obliged 
<lb/>if you send a letter to <placeName>Quilimane</placeName>. I 
<lb/>know not whether I shall reach it <add place="inline" hand="#hand02">, but</add> I 
<lb/>mean to try."</del></p>

	<pb n="0004" facs="liv_002672_0004"/>
			
</div>
		</body>
	</text></TEI>