<?xml version="1.0" encoding="UTF-8"?>
<?xml-model href="http://livingstoneonline.github.io/LEAP-ODD/leap.rng" type="application/xml" schematypens="http://relaxng.org/ns/structure/1.0"?>
<?xml-model href="http://livingstoneonline.github.io/LEAP-ODD/leap.rng" type="application/xml" schematypens="http://purl.oclc.org/dsdl/schematron"?>
 <?xml-stylesheet href="http://livingstoneonline.github.io/LEAP-XSLT/transcription.xsl" type="text/xsl"?>
 <!--Converted from a TEI P4 XML file to the LEAP TEI P5 Schema by James Cummings on 2015-03-02--><!--TEI encoding revised and standardized by Adrian S. Wisnicki, 2015-2016-->
         <TEI xmlns="http://www.tei-c.org/ns/1.0" xml:id="liv_002664">
	<teiHeader>
		<fileDesc>
			<titleStmt>
				<title>Letter to Lord John Russell</title>
                <title type="alternative">Letter to Lord John Russell, 28 November 1865</title>
				<author>Livingstone, David, 1813-1873</author>
			</titleStmt>
			<publicationStmt>
				<authority>Livingstone Online</authority>
				<pubPlace>London</pubPlace>
				<date>2008-07-04</date>
				<publisher>Wellcome Centre for the History of Medicine, UCL</publisher>
				<idno type="LEAP-ID">liv_002664</idno>
			</publicationStmt>
			<sourceDesc>
				<bibl xml:id="shelfmark">Royal Geographical Society (Great Britain); Archives, DL 4/1/2</bibl>
				<bibl xml:id="ccnumber"/>
				<bibl xml:id="recipient"><persName>Russell, Lord John, 1792-1878</persName></bibl>
				<bibl xml:id="date"><date when="1865-11-28">28 November 1865</date></bibl>
				<bibl xml:id="where">Bombay</bibl>
			</sourceDesc>
		</fileDesc>
		<profileDesc>
			<langUsage>
				<language ident="en">English</language>
			</langUsage>
			<handNotes>
				<handNote xml:id="hand01">Scribe: unknown</handNote>
				<handNote xml:id="hand02">Scribe: unknown</handNote>
			</handNotes>
		</profileDesc>
		<revisionDesc>
			<change>
				<date>2008-07-04</date>
				<name xml:id="SM">Sharon Messenger</name>Initial Transcription by Sharon Messenger
			</change>
			<change>
				<date>2008-09-13</date>
				<name xml:id="CL">Chris Lawrence</name>First Proof by Chris Lawrence
			</change>
		</revisionDesc>
	</teiHeader>

	<text>
		<body xml:lang="en">
			<div>

	<pb n="0001" facs="liv_002664_0001"/><!--pb/@n='1'-->
				<lb/><p rend="no-indent"><handShift new="#hand01"/><hi rend="underline">Copy</hi><space extent="3" unit="words"/><placeName>Bombay</placeName>- 28 Nov<hi rend="sup underline">r</hi> 1865 
<lb/>n<hi rend="sup">o</hi>1 </p>
<lb/><p rend="no-indent">My Lord,</p>
<lb/><p>I have had the honour to inform Y. L. that
<lb/>having arrived here on the 11<hi rend="sup underline">th</hi> Sept<hi rend="sup underline">r</hi> I spent 
<lb/>some time in organizing my expedition for 
<lb/>the interior of <placeName>Africa</placeName>, &amp; was ready to start 
<lb/>6 weeks ago.</p>
<lb/><p>On again visiting my little steamer, I 
<lb/>came to the conclusion that she was much 
<lb/>too small to recross the 2700 miles between 
<lb/>this and the river <placeName>Rovuma</placeName>, &amp; that it w<hi rend="sup">d</hi> be 
<lb/>unwise again to incur the risk of that - 
<lb/>navigation for the sake of using her on the 
<lb/>150 miles of that river wh<hi rend="sup">h</hi> is navigable.</p>
<lb/><p>I therefore waited, in the hope of hearing 
<lb/>of a passage in a man-of-war, in accordance 
<lb/>with a request made by the For<hi rend="sup">n</hi> office to 
<lb/>the Admiralty, but received no information 
<lb/>till the arrival of <persName>Comm<hi rend="sup underline">re</hi> Montresor</persName>a 
<lb/>week ago, when it appeared that the first 
<lb/>ship proceeding to the E. Coast w<hi rend="sup underline">d</hi> not be 
<lb/>here for another month. <persName>H. E. Sir Bartle 
<lb/>Frere</persName>, however, having given me the option 
<lb/>of a passage in a small steamer, named 
<lb/>"Thule", wh<hi rend="sup underline">h</hi> is to be sent in a few days as 
	<lb/><fw type="catch" place="marginbottom" rend="right"><space extent="2" unit="chars"/>a</fw> 

	<pb n="0002" facs="liv_002664_0002"/><!--pb/@n='2'-->
<lb/>a  present from this Gov<hi rend="sup underline">t</hi> to the <persName>Sultan of 
<lb/>Zanzibar</persName>, I shall gladly avail myself of 
<lb/>this conveyance. </p>
<lb/><p>By the favour of <persName>H. E. the Gov<hi rend="sup underline">r</hi></persName> I have 12 
<lb/>sepoy volunteers &amp; a native officer from the 
<lb/>Marine Battalion, who having served as 
<lb/>marines in the old East Indian Navy in the 
<lb/><placeName>Persian Gulph</placeName> &amp; on the Coast of <placeName>Africa</placeName> are 
<lb/>prepared to undergo hardship, &amp; it has been 
<lb/>kindly arranged that this work will 
<lb/>count as service. </p>
<lb/><p>In addition to these, 8 liberated Africans, 
<lb/>who have received some education at a 
<lb/>gov<hi rend="sup underline">t</hi> school at <placeName>Nassick</placeName>, and been taught 
<lb/>carpenter &amp; smith's work, have also 
<lb/>volunteered to serve. </p>
<lb/><p>The most serious drawback to 
<lb/>travelling in <placeName>Africa</placeName> is the want of carriage 
<lb/>&amp; beasts of burden. The insect called 
<lb/>"<hi rend="underline">tsetse</hi>", by destroying domestic animals, 
<lb/>confines cattle to very limited areas of 
<lb/>country. As wild buffaloes are not injured 
<lb/>by the bite of this pest, it occured to me to 
<lb/>try whether the tame buffalo of <placeName>India</placeName> might 
<lb/>not enjoy the same immunity, &amp; by the very 
<lb/>friendly assistance of <persName>H. H. the Sultan of 
<lb/>Zanzibar</persName>, who wrote an order to the Captain 
<lb/><fw type="catch" place="marginbottom" rend="right"><space extent="2" unit="chars"/>of</fw> 

	<pb n="0003" facs="liv_002664_0003"/><!--pb/@n='3'-->
<lb/>of one of His Ships with his own hand to 
<lb/>convey what I might send on board. I 
<lb/>despatched 14 of these animals to be used 
<lb/>as beasts of burden, &amp; as an experiment to see 
<lb/>if they can withstand the insect poison. The 
<lb/>tame buffalo of <placeName>India</placeName> resembles the wild 
<lb/>one of <placeName>Africa</placeName> so closely that they must be 
<lb/>more than half brothers, &amp; should we succeed 
<lb/>in introducing a beast of burden it will be a 
<lb/>boon to the country, &amp; by rendering strangers 
<lb/>almost independent of native carriers 
<lb/>a blessing to travellers. The experiment at any 
<lb/>rate is worth the expense. </p>
<lb/><p><persName>H. E. Sir B. Frere</persName> has done everything in his 
<lb/>power to aid my progress &amp; shewn more 
<lb/>kindness than I can express. Through his 
<lb/>influence <persName>The Sultan of Zanzibar</persName> furnished a 
<lb/><unclear cert="low">frinan</unclear> to all his people whom we may meet 
<lb/>in Africa. This will at least prevent hostility, 
<lb/>&amp; may do much more. It is a gratifying 
<lb/>proof of <persName>H.H's</persName> friendship. </p>
<lb/><p>Some of the gentlemen of <persName>Bombay</persName> of their 
<lb/>own accord entered into a subscription in aid 
<lb/>of my expedition, &amp; handed £645 to me. I 
<lb/>have deposited this sum with a mercantile 
<lb/>firm to be used as soon as I can point out a 
<lb/>comparatively healthy locality, in an effort to 
<lb/>establish lawful commerce, &amp; begin that system 
<lb/>wh<hi rend="sup underline">h</hi> has been so emminently successful on the West 
	<lb/><fw type="catch" place="marginbottom" rend="right"><space extent="1" unit="words"/><space extent="2" unit="chars"/>Coast</fw> 

	<pb n="0004" facs="liv_002664_0004"/><!--pb/@n='4'-->
<lb/>Coast.  It is probable that a mercantile 
<lb/>house will manage a matter of this kind to 
<lb/>greater advantage, &amp; spend the money to 
<lb/>better purpose than I could, because I am 
<lb/>deficient in the trading instinct. </p>
<lb/><p>The explanations pointed out in <persName>Y. L's</persName>
<lb/>instructions, and in those of the Royal 
<lb/>Geographical Soc<hi rend="sup">y</hi> will claim my earliest 
<lb/>&amp; earnest attention. </p>
				<lb/><p><space extent="1" unit="words"/><space extent="1" unit="chars"/>I am &amp;c</p> 
<lb/><p>/signed/ <persName>David Livingstone</persName></p>
			
</div>
		</body>
	</text></TEI>