<?xml version="1.0" encoding="UTF-8"?>
<?xml-model href="http://livingstoneonline.github.io/LEAP-ODD/leap.rng" type="application/xml" schematypens="http://relaxng.org/ns/structure/1.0"?>
<?xml-model href="http://livingstoneonline.github.io/LEAP-ODD/leap.rng" type="application/xml" schematypens="http://purl.oclc.org/dsdl/schematron"?>
 <?xml-stylesheet href="http://livingstoneonline.github.io/LEAP-XSLT/transcription.xsl" type="text/xsl"?>
 <!--Converted from a TEI P4 XML file to the LEAP TEI P5 Schema by James Cummings on 2015-03-02--><!--TEI encoding revised and standardized by Adrian S. Wisnicki, 2015-2016-->
         <TEI xmlns="http://www.tei-c.org/ns/1.0" xml:id="liv_002649"><!-- LETT2183 -->
	<teiHeader>
		<fileDesc>
			<titleStmt>
				<title>Letter to A[lexander] Haldane</title>
                <title type="alternative">Letter to A[lexander] Haldane, 8 January 1858</title>
				<author>Livingstone, David, 1813-1873</author>
			</titleStmt>
			<publicationStmt>
				<authority>Livingstone Online</authority>
				<pubPlace>London</pubPlace>
				<date>2007-03-02</date>
				<publisher>Wellcome Centre for the History of Medicine, UCL</publisher>
				<idno type="LEAP-ID">liv_002649</idno>
			</publicationStmt>
			<sourceDesc>
				<bibl xml:id="shelfmark">Royal College of Physicians and Surgeons of Glasgow; 1/20/11/28/2</bibl>
				<bibl xml:id="ccnumber"/>
				<bibl xml:id="recipient"><persName>Haldane, Alexander, 1800-1882</persName></bibl>
				<bibl xml:id="date"><date when="1858-01-08">8 January 1858</date></bibl>
				<bibl xml:id="where">20 Bedford Square, London</bibl>
			</sourceDesc>
		</fileDesc>
		<profileDesc>
			<langUsage>
				<language ident="en">English</language>
			</langUsage>
		</profileDesc>
		<revisionDesc>
			<change>
				<date>2007-03-02</date>
				<name xml:id="SM">Sharon Messenger</name>Transcribed by Sharon Messenger
			</change>
		</revisionDesc>
	</teiHeader>

	<text>
		<body xml:lang="en">
			<div>

	<pb n="0001" facs="liv_002649_0001"/><!--pb/@n='1'-->
				<lb/><p rend="center"><space extent="2" unit="chars"/><placeName>20 Bedford <choice><abbr>Squ</abbr><expan>Square</expan></choice></placeName></p>
				<lb/><p rend="center"><space extent="2" unit="chars"/>8<hi rend="sup underline">th</hi> January </p>
				<lb/><p rend="center"><space extent="1" unit="words"/>1858 </p>
<lb/><p rend="no-indent"><space extent="1" unit="chars"/>My Dear Sir </p>
<lb/><p>In reference 
<lb/>to the kind invitation 
<lb/>contained in your 
<lb/>and <persName>M<hi rend="sup underline">rs</hi> Haldane's</persName>
<lb/>note I am sorry 
<lb/>that it will be 
<lb/>out of my power 
<lb/>to come. I am 

	<pb n="0002" facs="liv_002649_0002"/><!--pb/@n='2'-->
<lb/>engaged to go 
<lb/>to three kind friends 
<lb/>before my 
<lb/>departure and 
<lb/>have besides 
<lb/>very little time 
<lb/>to spare from 
<lb/>pressing duties<choice><orig/><reg>.</reg></choice>
<lb/>I thank you 
<lb/>most heartily 

	<pb n="0003" facs="liv_002649_0003"/><!--pb/@n='3'-->
<lb/>and am with 
<lb/>kind regard to 
<lb/><persName>M<hi rend="sup underline">rs</hi> H.</persName></p>
				<lb/><p rend="no-indent"><space extent="2" unit="chars"/><choice><orig>y</orig><reg>Y</reg></choice>ours truly </p>
<lb/><p rend="no-indent"><persName>David Livingstone</persName></p>
<lb/>
<lb/>
<lb/>
<lb/><p rend="no-indent"><persName>A. Haldane Esq</persName></p>
			
</div>
		</body>
	</text></TEI>