<?xml version="1.0" encoding="UTF-8"?>
<?xml-model href="http://livingstoneonline.github.io/LEAP-ODD/leap.rng" type="application/xml" schematypens="http://relaxng.org/ns/structure/1.0"?>
<?xml-model href="http://livingstoneonline.github.io/LEAP-ODD/leap.rng" type="application/xml" schematypens="http://purl.oclc.org/dsdl/schematron"?>
 <?xml-stylesheet href="http://livingstoneonline.github.io/LEAP-XSLT/transcription.xsl" type="text/xsl"?>
 <!--Converted from a TEI P4 XML file to the LEAP TEI P5 Schema by James Cummings on 2015-03-02--><!--TEI encoding revised and standardized by Adrian S. Wisnicki, 2015-2016-->
         <TEI xmlns="http://www.tei-c.org/ns/1.0" xml:id="liv_002642"><!-- LP11 -->
	<teiHeader>
		<fileDesc>
			<titleStmt>
				<title>Biblical Quotation (John 3:16) (Setswana)</title>
                <title type="alternative">Biblical Quotation (John 3:16) (Setswana), 3 May 1857</title>
				<author xml:id="DL">Livingstone, David, 1813-1873</author>
			</titleStmt>
			<publicationStmt>
				<authority>Livingstone Online</authority>
				<pubPlace>London</pubPlace>
				<date>2005-05-04</date>
				<publisher>Wellcome Centre for the History of Medicine, UCL</publisher>
				<idno type="LEAP-ID">liv_002642</idno>
			</publicationStmt>
			<sourceDesc>
				<bibl xml:id="ccnumber">Autographs and Autograph Books, 01</bibl>
				<bibl xml:id="recipient"><persName>Poyser, Miss</persName></bibl>
				<bibl xml:id="date"><date when="1857-05-03">3 May 1857</date></bibl>
				<bibl xml:id="where">Professor Owen's</bibl>
				<bibl xml:id="shelfmark">Wellcome Institute for the History of Medicine. Library; 7329 11</bibl><!--1857-05-03--><!--Original:1857-05-03-->
				<bibl xml:id="extent">1 page</bibl>
			</sourceDesc>
		</fileDesc>
		<revisionDesc>
			<change>
				<date>2005-05-04</date>
				<name xml:id="CO">Caroline Overy</name>Initial Transcription
			</change>
			<change>
				<date>2006-02-13</date>
				<name xml:id="CL">Chris Lawrence</name>first proof
			</change>
			<change>
				<date>2006-02-20</date>
				<name xml:id="JB">Janet Browne</name>second proof
			</change>
			<change>
				<date>2005-02-27</date>
				<name xml:id="SM">Sharon Messenger</name>final proof
			</change>
		</revisionDesc>
	</teiHeader>

	<text>
		<body>
			<div>

	<pb n="0001" facs="liv_002642_0001"/><!--pb/@n='1'-->
<!--Hand 01 66 top left--><!--Hand 02 56360 top right-->
<lb/><p rend="no-indent"><!-- language needs checking --><unclear cert="medium">Morimo o loa rata 
<lb/>Lehatsi yalo, ka o 
<lb/>loa naea moroa ona 
<lb/>go le shuela</unclear></p>
<lb/><p rend="right"><term type="reference">John III-16</term></p>
<lb/><p rend="no-indent">Sitchuana or language of 
<lb/>Bechuanas</p><!--MH - divide not underline-->
<lb/><p rend="no-indent">Written for <persName>Miss Poyser</persName>
<lb/>at <persName>Professor Owen's</persName></p>
<lb/><p rend="no-indent"><space extent="2" unit="chars"/>3<hi rend="sup underline">d</hi> May 1857</p>
<lb/><p rend="no-indent"><space extent="2" unit="chars"/>David Livingstone</p>
			
</div>
		</body>
	</text></TEI>