<?xml version="1.0" encoding="UTF-8"?>
<?xml-model href="http://livingstoneonline.github.io/LEAP-ODD/leap.rng" type="application/xml" schematypens="http://relaxng.org/ns/structure/1.0"?>
<?xml-model href="http://livingstoneonline.github.io/LEAP-ODD/leap.rng" type="application/xml" schematypens="http://purl.oclc.org/dsdl/schematron"?>
 <?xml-stylesheet href="http://livingstoneonline.github.io/LEAP-XSLT/transcription.xsl" type="text/xsl"?>
 <!--Converted from a TEI P4 XML file to the LEAP TEI P5 Schema by James Cummings on 2015-03-02--><!--TEI encoding revised and standardized by Adrian S. Wisnicki, 2015-2016-->
         <TEI xmlns="http://www.tei-c.org/ns/1.0" xml:id="liv_002428"><!-- LP65 -->
	<teiHeader>
		<fileDesc>
			<titleStmt>
				<title>Letter to Charles S. de Neufville Lucas</title>
                <title type="alternative">Letter to Charles S. de Neufville Lucas, 30 October 1865</title>
				<author xml:id="DL">Livingstone, David, 1813-1873</author>
			</titleStmt>
			<publicationStmt>
				<authority>Livingstone Online</authority>
				<pubPlace>London</pubPlace>
				<date>2005-05-04</date>
				<publisher>Wellcome Centre for the History of Medicine, UCL</publisher>
				<idno type="LEAP-ID">liv_002428</idno>
			</publicationStmt>
			<sourceDesc>
				<bibl xml:id="ccnumber">Letters, 1833</bibl>
				<bibl xml:id="recipient"><persName>Lucas, Charles S. de Neufville, ?-1887</persName></bibl>
				<bibl xml:id="date"><date when="1865-10-30">30 October 1865</date></bibl>
				<bibl xml:id="where">Cambala Hill</bibl>
				<bibl xml:id="shelfmark">Wellcome Institute for the History of Medicine. Library; 7329 65</bibl><!--1865-10-30--><!--Original:1865-10-30-->
				<bibl xml:id="extent">5 pages</bibl>
			</sourceDesc>
		</fileDesc>
		<revisionDesc>
			<change>
				<date>2005-05-04</date>
				<name xml:id="CO">Caroline Overy</name>Initial Transcription
			</change>
			<change>
				<date>2006-02-14</date>
				<name xml:id="JB">Janet Browne</name>first proof
			</change>
			<change>
				<date>2006-02-21</date>
				<name xml:id="CL">Chris Lawrence</name>second proof
			</change>
			<change>
				<date>2006-03-01</date>
				<name xml:id="SM">Sharon Messenger</name>final proof
			</change>
		</revisionDesc>
	</teiHeader>

	<text>
		<body>
			<div>

	<pb n="0001" facs="liv_002428_0001"/><!--pb/@n='1'-->
<!--Hand 01 58 top left--><!--hand 02 57469 top right-->
				<lb/><p rend="no-indent"><space extent="2" unit="chars"/><unclear cert="low">Cambala Hill</unclear></p>
				<lb/><p><space extent="3" unit="chars"/>30 <choice><abbr>Oct<hi rend="sup underline">r</hi></abbr><expan>October</expan></choice> 1865</p>
<lb/><p rend="no-indent">My Dear Sir</p>
<lb/><p>On <choice><sic>recieving</sic><corr>receiving</corr></choice>
<lb/>your note I wrote 
<lb/>to <choice><abbr>Col</abbr><expan>Colonel</expan></choice> Taylor &amp; 
<lb/>he spoke to the 
<lb/>Sultan about the 
<lb/>Captains disobliging 
<lb/>conduct. The 
<lb/>Sultan thought 
<lb/>matters would 
<lb/>all come smooth 

	<pb n="0002" facs="liv_002428_0002"/><!--pb/@n='2'-->
<lb/>This was not at all 
<lb/>satisfactory and 
<lb/>set me to find out 
<lb/>some other means 
<lb/>of influencing 
<lb/>Captain Mahomet. 
<lb/>but I found out 
<lb/>that he is a great 
<lb/>drunkard whom 
<lb/>the Sultan cannot 
<lb/>get on well without 
<lb/>So I have to 
<lb/>submit somewhat 

	<pb n="0003" facs="liv_002428_0003"/><!--pb/@n='3'-->
<lb/>in the same way 
<lb/>that the Sultan 
<lb/>has to do, and I 
<lb/>hope that the 
<lb/>beasts &amp; men 
<lb/>may arrive 
<lb/>safely in spite 
<lb/>of him. I formerly 
<lb/>met a Captain 
<lb/>who had this 
<lb/>man on board 
<lb/>from England &amp; 
<lb/>the only way of 
<lb/>keeping him 
<lb/>sober was to deny 

	<pb n="0004" facs="liv_002428_0004"/><!--pb/@n='4'-->
<lb/>having any more 
<lb/>spirits aboard!</p>
				<lb/><p rend="no-indent"><space extent="2" unit="chars"/>Thanking you 
<lb/>for the trouble 
<lb/>you kindly took</p>
				<lb/><p rend="no-indent"><space extent="1" unit="chars"/>I am sincerely yours</p>
<lb/><p rend="no-indent">David Livingstone</p>
<lb/>
<lb/>
<lb/>
<lb/><p rend="no-indent">Captain Lucas</p>

	<pb n="0005" facs="liv_002428_0005"/><!--pb/@n='5'-->
<!--<note type="editorial" anchored="true">notes in different hand</note>--><!--hand 02 57469 top right-->
<lb/><p rend="center">David Livingstone</p>
<lb/><p>Born 1817 - died</p>
<lb/><p rend="no-indent">African traveller and missionary</p>
<lb/><p rend="no-indent">In 1856. D<hi rend="sup">r</hi> Livingstone had during 
<lb/>his <unclear cert="low">16</unclear> years <unclear cert="high">wandering</unclear> travelled no 
<lb/>less than 11,000 miles, whilst 
<lb/>endeavouring <unclear cert="high">to</unclear> spread the blessing 
<lb/>of Christianity <unclear cert="high">thru</unclear> lands never before 
<lb/>trodden by the foot of an European. 
<lb/>He subsequently laid down his life 
<lb/>in his noble endeavour <unclear cert="high">to</unclear>  check the 
<lb/><space extent="1" unit="words"/>slave trade.</p>
			
</div>
		</body>
	</text></TEI>