<?xml version="1.0" encoding="UTF-8"?>
<?xml-model href="http://livingstoneonline.github.io/LEAP-ODD/leap.rng" type="application/xml" schematypens="http://relaxng.org/ns/structure/1.0"?>
<?xml-model href="http://livingstoneonline.github.io/LEAP-ODD/leap.rng" type="application/xml" schematypens="http://purl.oclc.org/dsdl/schematron"?>
 <?xml-stylesheet href="http://livingstoneonline.github.io/LEAP-XSLT/transcription.xsl" type="text/xsl"?>
 <!--Converted from a TEI P4 XML file to the LEAP TEI P5 Schema by James Cummings on 2015-03-02--><!--TEI encoding revised and standardized by Adrian S. Wisnicki, 2015-2016-->
         <TEI xmlns="http://www.tei-c.org/ns/1.0" xml:id="liv_002342">
	<teiHeader>
		<fileDesc>
			<titleStmt>
				<title>Letter to Charles A. Alington</title>
                <title type="alternative">Letter to Charles A. Alington, 20 June 1865</title>
				<author xml:id="DL">Livingstone, David, 1813-1873</author>
			</titleStmt>
			<publicationStmt>
				<authority>Livingstone Online</authority>
				<pubPlace>London</pubPlace>
				<date>2007</date>
				<publisher>Wellcome Centre for the History of Medicine, UCL</publisher>
				<idno type="LEAP-ID">liv_002342</idno>
			</publicationStmt>
			<sourceDesc>
				<bibl xml:id="shelfmark">National Library of Scotland; MS. 3651, ff. 94-95</bibl>
				<bibl xml:id="ccnumber">Letters, 1749</bibl>
				<bibl xml:id="recipient"><persName>Alington, Charles A., ?-1899</persName></bibl>
				<bibl xml:id="date"><date when="1865-06-20">20 June 1865</date></bibl>
				<bibl xml:id="where">Burnbank Road, Hamilton</bibl>
			</sourceDesc>
		</fileDesc>
		<profileDesc>
			<langUsage>
				<language ident="en">English</language>
			</langUsage>
			<handNotes>
				<handNote xml:id="hand01">Scribe: Unknown</handNote>
			</handNotes>
		</profileDesc>
		<revisionDesc>
			<change>
				<date>2007</date>
				<name xml:id="SM">Sharon Messenger</name>Initial Transcription by Sharon Messenger
			</change>
			<change>
				<date>2007-11-03</date>
				<name xml:id="CL">Chris Lawrence</name>Proofed by Chris
			</change>
		</revisionDesc>
	</teiHeader>

	<text>
		<body xml:lang="en">
			<div>

	<pb n="0001" facs="liv_002342_0001"/><!--pb/@n='94r'-->
<lb/><p><space extent="2" unit="chars"/><placeName>Burnbank Road</placeName></p>
<lb/><p><space extent="1" unit="words"/><placeName>Hamilton</placeName></p>
				<lb/><p rend="center"><space extent="1" unit="words"/>20 June 1865 </p>
<lb/>
<lb/><p rend="no-indent">My Dear <persName>M<hi rend="sup underline">r</hi> Alington</persName></p>
<lb/><p>A telegram with 
<lb/>the news of my 
<lb/>mothers death on 
<lb/>Sunday 18<hi rend="sup underline">th</hi> called 
<lb/>me away from 
<lb/><placeName>Oxford</placeName>- and by 
<lb/>travelling all 
<lb/>night I got to 
<lb/><placeName>Hamilton</placeName> at 8 this 
<lb/>morning. I found 

	<pb n="0002" facs="liv_002342_0002"/><!--pb/@n='94v'-->
<lb/>your letter here &amp; 
<lb/>thank you for 
<lb/>your kind present.
<lb/><note place="marginleft" rend="gray"><!--added in another hand in pencil -->a patent hammock</note>
<lb/>I shall value it 
<lb/>the more on account 
<lb/>of the kind good 
<lb/>will with which 
<lb/>it is presented<reg>.</reg></p>
<lb/><p>My mother of 
<lb/>whom you kindly 
<lb/>speak was better 
<lb/>when I left to go 
<lb/>to <placeName>Oxford</placeName> &amp; continued 
<lb/>so till quite near 
<lb/>the closing scene - 
<lb/>On being told her saviour 

	<pb n="0003" facs="liv_002342_0003"/><!--pb/@n='95r'-->
<lb/>seemed welcoming for her 
<lb/>she expressed humble 
<lb/>trust in Jesus - gave 
<lb/>her last look to my 
<lb/>little girl &amp; saying 
<lb/>"bonny wee lassie" 
<lb/>fell asleep in him. 
<lb/>Another I hope of 
<lb/>those for whom 
<lb/>we give thanks. 
<lb/>You must excuse 
<lb/>my referring to 
<lb/>what is at present 
<lb/>uppermost in 
<lb/>my thoughts. </p>
<lb/><p rend="no-indent">I met your 
<lb/>friend - probably
<lb/><lb/> 

	<pb n="0004" facs="liv_002342_0004"/><!--pb/@n='95v'-->
<lb/>school fellow. <persName>Reid</persName>, 
<lb/>I think is the name - 
<lb/>but I was introduced 
<lb/>to so many that 
<lb/>I forgot names - </p>
<lb/><p>I am glad to hear 
<lb/>of <persName>Captain Gardner's</persName>
<lb/>safe arrival - 
<lb/>And am ever 
<lb/>Affectionately Yours </p>
<lb/><p rend="no-indent"><persName>David Livingstone</persName></p>
			
</div>
		</body>
	</text></TEI>