<?xml version="1.0" encoding="UTF-8"?>
<?xml-model href="http://livingstoneonline.github.io/LEAP-ODD/leap.rng" type="application/xml" schematypens="http://relaxng.org/ns/structure/1.0"?>
<?xml-model href="http://livingstoneonline.github.io/LEAP-ODD/leap.rng" type="application/xml" schematypens="http://purl.oclc.org/dsdl/schematron"?>
 <?xml-stylesheet href="http://livingstoneonline.github.io/LEAP-XSLT/transcription.xsl" type="text/xsl"?>
 <!--Converted from a TEI P4 XML file to the LEAP TEI P5 Schema by James Cummings on 2015-03-02--><!--TEI encoding revised and standardized by Adrian S. Wisnicki, 2015-2016-->
         <TEI xmlns="http://www.tei-c.org/ns/1.0" xml:id="liv_002667">
	<teiHeader>
		<fileDesc>
			<titleStmt>
				<title>Letter to The Earl of Clarendon</title>
                <title type="alternative">Letter to The Earl of Clarendon, 18 May 1866</title><!-- Scribal copy of letter C&C 1892 original in the PRO-->
				<author xml:id="DL">Livingstone, David, 1813-1873</author>
			</titleStmt>
			<publicationStmt>
				<authority>Livingstone Online</authority>
				<pubPlace>London</pubPlace>
				<date>2008-07-03</date>
				<publisher>Wellcome Centre for the History of Medicine, UCL</publisher>
				<idno type="LEAP-ID">liv_002667</idno>
			</publicationStmt>
			<sourceDesc>
				<bibl xml:id="shelfmark">Royal Geographical Society (Great Britain); Archives, DL 4/1/5</bibl>
				<bibl xml:id="ccnumber">Letters, 1892</bibl>
				<bibl xml:id="recipient"><persName>Clarendon, The Earl of, 1800-1870</persName></bibl>
				<bibl xml:id="date"><date when="1866-05-18">18 May 1866</date></bibl>
				<bibl xml:id="where">Ngomano</bibl>
			</sourceDesc>
		</fileDesc>
		<profileDesc>
			<langUsage>
				<language ident="en">English</language>
			</langUsage>
			<handNotes>
				<handNote xml:id="hand01">Scribe: unknown</handNote>
				<handNote xml:id="hand02">Scribe: unknown</handNote>
			</handNotes>
		</profileDesc>
		<revisionDesc>
			<change>
				<date>2008-07-03</date>
				<name xml:id="SM">Sharon Messenger</name>Initial Transcription by Sharon Messenger
			</change>
			<change>
				<date>2009-04-09</date>
				<name xml:id="CL">Chris Lawrence</name>Proofed by Chris Lawrence
			</change>
		</revisionDesc>
	</teiHeader>

	<text>
		<body xml:lang="en">
			<div>

	<pb n="0001" facs="liv_002667_0001"/><!--pb/@n='1'-->
<lb/><p rend="no-indent"><hi rend="underline">Copy</hi></p>
<lb/>
<lb/><p rend="no-indent">No 2 
<lb/>geographical</p>
<lb/>
<lb/><p rend="right"><space extent="1" unit="words"/><handShift new="#hand01"/><placeName>Ngomano</placeName>. 18 May. 
	<lb/><space extent="3" unit="words"/><space extent="3" unit="chars"/>1866 </p>
<lb/><p rend="no-indent">My Lord,</p>
<lb/><p>When we could not discover a 
<lb/>path for camels thro' the mangrove 
<lb/>swamps of the mouths of the <placeName>Rovuma</placeName>
<lb/>we proceeded about 25 miles to the N. 
<lb/>of that river, &amp; at the bottom of <placeName><unclear cert="low">Nikindany</unclear>, 
<lb/>Bay</placeName> entered a beautiful landlocked 
<lb/>harbour called <placeName>Kinday</placeName> or <placeName>Pemba</placeName>. The 
<lb/>entrance seems not more than 300 
<lb/>yards wide, &amp; of these about 150 are deep; 
<lb/>the reef on each side of the channel 
<lb/>shewing so plainly of a light colour that 
<lb/>no ship ought to touch. The harbour is 
<lb/>somewhat of the shape of the "spade" on 
<lb/>cards, the entrance being like the short 
<lb/>handle. There is a mile nearly of space 
<lb/>for anchorage, the Southern part being 
<lb/>from 10 to 14 fathoms, while the N.W. portion 
<lb/>is shallow and rocky. It is a first-rate 
<lb/>harbour for Arab Dhows, the land rising nearly 
<lb/>all round from 200 to 300 feet. The water is 
<lb/>so calm, they can draw their craft to the 
<lb/>shore to discharge &amp; take in cargo. They are also 
<lb/>completely screened by the masses of trees
<lb/>growing all round it from sea-ward 
<lb/>observation. </p>
<lb/><p rend="no-indent"><persName>The Earl of Clarendon K. G. </persName></p>
<lb/><p><space extent="6" unit="words"/>The</p>

	<pb n="0002" facs="liv_002667_0002"/><!--pb/@n='2'-->
<lb/><p>The population consists of coast 
<lb/>Arabs &amp; their slaves. The six villages 
<lb/>in wh<hi rend="sup">h</hi> they live are dotted round the 
<lb/>shore, &amp; may contain 300 souls in all. 
<lb/>They seemed to be suspicious &amp; but for our 
<lb/>having been accompanied by H.M.S. 
<lb/>"Penguin" would have given trouble. 
<lb/>The ordinary precaution of placing a 
<lb/>sentry over our exposed goods caused a 
<lb/>panic &amp; the sirkar or headman thought 
<lb/>that he gave a crushing reply to my 
<lb/>explanations, when he bluttered out "But 
<lb/>we have no thieves here!" </p>
<lb/><p>Our route hence was S.S.W. to the 
<lb/><placeName>Rovuma</placeName>, wh<hi rend="sup">h</hi> we struck at the spot 
<lb/>marked on the chart as that wh<hi rend="sup">h</hi> the 
<lb/>"Pioneer" turned in 1861. We travelled 
<lb/>over the same plateau that is seen to 
<lb/>flank both sides of the <placeName>Rovuma</placeName> like 
<lb/>a chain of hills from 400 to 600 feet high. 
<lb/>Except where the natives, who are called 
<lb/>Makoude, have cleared spaces for 
<lb/>cultivation the whole country within the 
<lb/>influences of the moisture from the ocean 
<lb/>is covered with dense jungle. The trees 
<lb/>in general are not large, but planted so 
<lb/>closely together as generally to exclude the 
<lb/>sun. In many places they may be said 
<lb/><fw type="catch" place="marginbottom" rend="right">to</fw> 

	<pb n="0003" facs="liv_002667_0003"/><!--pb/@n='3'-->
<lb/>to be woven together by tangled masses 
<lb/>of climbing plants, more resembling the 
<lb/>ropes and cables of a ship in inextricable 
<lb/>confusion than the graceful creepers 
<lb/>with wh<hi rend="sup">h</hi> we are familiar in northern 
<lb/>climates. They gave the impression of 
<lb/>being remnants of the carboniferous 
<lb/>period by geologists, and the huge 
<lb/>Pachydermata of that time were the 
<lb/>only beings that could wriggle thro' them. 
<lb/>Trade paths have already been made, 
<lb/>but we had both to heighten &amp; widen 
<lb/>them for camels &amp; buffaloes. The people at 
<lb/>the sea-coast had declared that no aid 
<lb/>could be got from the natives. When we 
<lb/>were seven miles off, we were agreeably 
<lb/>surprised to find that for reasonable 
<lb/>wages we could employ any number of 
<lb/>carriers &amp; wood-cutters we desired. As 
<lb/>they were accustomed to clearing away the 
<lb/>gigantic climbers for their garden ground, 
<lb/>they whittled away with their tomahawks 
<lb/>with remarkable speed &amp; skill. Two days' 
<lb/>continuous hard labour was as much as 
<lb/>they could stand. It is questionable whether 
<lb/>any people (except possibly the Chinese) 
<lb/>Wh<hi rend="sup">h</hi> are not meat-eaters can endure 
	<lb/><fw type="catch" place="marginbottom" rend="center"><space extent="4" unit="words"/><space extent="3" unit="chars"/>continuous</fw> 

	<pb n="0004" facs="liv_002667_0004"/><!--pb/@n='4'-->
<lb/>continuous labour of a kind that
<lb/>brings so many muscles into violent 
<lb/>action as this work did. French navvies 
<lb/>could not compete with the English, 
<lb/>until they were fed exactly like the 
<lb/>latter. The Makoude have only fowls, a 
<lb/>few goats, &amp; the chance of an occasional 
<lb/>gorge of the wild hog of the country. </p>
<lb/><p>Little can be said about the 
<lb/>appearance of the country. By the 
<lb/>occasional glimpses we got it seemed 
<lb/>covered with great masses of dark 
<lb/>green foliage, except where the 
<lb/>bamboos gave a lighter tint, or a 
<lb/>sterculia had changed <choice><sic>it's</sic><corr>its</corr></choice> leaves to 
<lb/>yellow in anticipation of winter. The 
<lb/>path we followed sometimes went 
<lb/>along or across a "wady", in which we 
<lb/>were smothered by the grass overhead. </p>
<lb/><p>Such rocks as we could see w<del type="strikethrough">h</del>ere 
<lb/>undisturbed grey sandstone, capped by 
<lb/>ferruginous conglomerate. Upon this we 
<lb/>often stumbled against blocks of 
<lb/>silicified wood, so like the recent, that 
<lb/>any one would be unwilling to believe at 
<lb/>sight that they were stones. This is a 
	<lb/><fw type="catch" place="marginbottom" rend="center"><space extent="6" unit="words"/>sure</fw> 

	<pb n="0005" facs="liv_002667_0005"/><!--pb/@n='5'-->
<lb/>sure indication here of coal being 
<lb/>underneath, &amp; pieces of it were met in 
<lb/>the sands of the river </p>
<lb/><p>When about 90 miles from the mouth 
<lb/>of the <placeName>Rovuma</placeName>, the geological structure 
<lb/>changes, &amp; with this change we have more 
<lb/>open forest - <unclear cert="low">Thermier</unclear> vegetation &amp; more 
<lb/>reasonable grasses. The chief rock is 
<lb/>new Syanite, &amp; patches of fine white dolomite 
<lb/>lie upon it in spots. Granitic masses 
<lb/>have been shot up over the plain wh<hi rend="sup">h</hi>
<lb/>extends in front all the way to <placeName>Nyonano</placeName> - 
<lb/>the confluence of the <placeName>Rovuma</placeName> or <placeName>Louma</placeName>
<lb/>&amp; <placeName>Loendi</placeName>. In the drier country we found 
<lb/>that one of those inexplicable droughts had 
<lb/>happened over the north Bank of the 
<lb/><placeName>Rovuma</placeName> &amp; a tribe of <term type="tribe">Mazite or Mazitu</term>
<lb/>probably <term type="tribe">Zulus</term> had come down like a 
<lb/>swarm of locusts &amp; spread away all the 
<lb/>food above &amp; in the ground. I had now 
<lb/>to make forced marches with the <term type="tribe">Makoude</term>
<lb/>in quest of provisions for my party, &amp; 
<lb/>am now with <persName>Matumora</persName> or <persName>Machumora</persName>, 
<lb/>the chief at <placeName>Ngomano</placeName>, &amp; by sending some 
<lb/>20 miles to the South West I shall soon 
<lb/>succour them. This is the point of confluence 
	<lb/><fw type="catch" place="marginbottom" rend="right"><space extent="1" unit="words"/>as</fw> 

	<pb n="0006" facs="liv_002667_0006"/><!--pb/@n='6'-->
<lb/>as the name <placeName>Ngomanoor</placeName> or <placeName>Ngomano</placeName>
<lb/>implies, of the <placeName>Louma</placeName> &amp; <placeName>Loendi</placeName>. The 
<lb/><placeName>Loendi</placeName> is decidedly the parent stream, &amp; 
<lb/>comes from the S.W., where in addition to 
<lb/>some bold granitic peaks the dim outline of 
<lb/>distant highlands appears. Even at that 
<lb/>distance they raise the spirits, but possibly 
<lb/>that is caused partly by the fact that this 
<lb/>is about 30 miles beyond our former 
<lb/>turning-point and the thresh<del type="strikethrough">h</del>old of 
<lb/>the unexplored. </p>
<lb/><p>I propose to make this my 
<w>head-<lb break="no"/>quarters</w> till I have felt my way round 
<lb/><placeName>Lake Nyassa</placeName>. If prospects are fair there 
<lb/>I need not return, but trust to another 
<lb/>quarter for fresh supplies, but it is best 
<lb/>to say little about the future. <persName>Matumora</persName>
<lb/>is an intelligent man, &amp; one well-known 
<lb/>to be trustworthy. He is appealed to on all 
<lb/>hands for his wise decisions, but he has 
<lb/>not much real power beyond what his 
<lb/>character gives him. </p>
<lb/><p>The <term type="tribe">Makoude</term> are all independent of 
<lb/>each other - but not devoid of a natural 
<lb/>sense of justice. A carrier stole a shirt 
	<lb/><fw type="catch" place="marginbottom" rend="center"><space extent="5" unit="words"/><space extent="1" unit="chars"/>from</fw> 

	<pb n="0007" facs="liv_002667_0007"/><!--pb/@n='7'-->
<lb/>from one of my men. Our guide pursued 
<lb/>him at night - seized him in his own house 
<lb/>and the elders of his village made him pay 
<lb/>about 4 times the value of the article stolen. 
<lb/>No other case of theft occurred. No dues 
<lb/>were demanded, and only one fine - a very 
<lb/>just one - was levied. Attempts have been 
<lb/>made to make the Arabs pay, but they 
<lb/>have always been resisted. </p>
<lb/><p>So much has been said about Arab 
<lb/>prose by him, that it was with interest 
<lb/>inquiries were made about their success 
<lb/>in converting the <term type="tribe">Makoude</term> to the 
<lb/>Mahometan faith. Here as elsewhere no 
<lb/>attempts to teach had been made. Some 
<lb/>Arabs asserted that it would be useless 
<lb/>for the <term type="tribe">Makoude</term> had no idea of a Deity. 
<lb/>In making inquiries about the Gum-
<lb/>Copal digging, I was shewn a tree from 
<lb/>wh<hi rend="sup">h</hi> the gum was actually dropping, but 
<lb/>they do not dig under the trees at present 
<lb/>living. They choose the vicinity, in the belief 
<lb/>that near to the modern trees those which 
<lb/>yielded what is now considered fossil 
<lb/>gum must have grown. Here they dig; 
<lb/>"and", said that spokesman, "the first and 
<lb/><fw type="catch" place="marginbottom" rend="right">second</fw> 

	<pb n="0008" facs="liv_002667_0008"/><!--pb/@n='8'-->
<lb/>second days we may labour in vain, but 
<lb/>God may give it us after that." To this 
<lb/>acknowledgment of a Deity all responded. 
<lb/>"It is as He wills it. " </p>
<lb/><p>The experiment with the buffaloes and 
<lb/>Tsetse has not been satisfactory; one buffalo 
<lb/>and two camels died. Had we not been in 
<lb/>a Tsetse Country, I would have ascribed this 
<lb/>to overwork and bruises received on board 
<lb/>the Dhow wh<hi rend="sup">h</hi> brought them from <placeName>Zanzibar</placeName>. 
<lb/>These broke out into large ulcers. The 
<lb/>symptoms were not those I have observed 
<lb/>in oxen and horses. When stung by 
<lb/>gadflies, blood of the arterial colour flows 
<lb/>from the point. This may be the effect of the 
<lb/>Tsetse, for when an ox known to be bitten was 
<lb/>killed <choice><sic>it's</sic><corr>its</corr></choice> blood was all of the arterial hue. 
<lb/>I had but 4 buffaloes for the Experiment, &amp; as 
<lb/>yet, as 3 remain, I remain in doubt. </p>
<lb/><p>Hoping that this short sketch which I 
<lb/>write in haste for an Arab who is passing 
<lb/>down to the coast may be approved, </p>
				<lb/><p rend="center"><space extent="1" unit="words"/><space extent="1" unit="chars"/>I am &amp;c </p>
				<lb/><p rend="center"><space extent="2" unit="chars"/>/signed/ <persName>David Livingstone</persName></p>
<lb/><p rend="no-indent"><handShift new="#hand02"/><persName>Earl of Clarendon</persName></p>
			
</div>
		</body>
	</text></TEI>