<?xml version="1.0" encoding="UTF-8"?>
<?xml-model href="http://livingstoneonline.github.io/LEAP-ODD/leap.rng" type="application/xml" schematypens="http://relaxng.org/ns/structure/1.0"?>
<?xml-model href="http://livingstoneonline.github.io/LEAP-ODD/leap.rng" type="application/xml" schematypens="http://purl.oclc.org/dsdl/schematron"?>
 <?xml-stylesheet href="http://livingstoneonline.github.io/LEAP-XSLT/transcription.xsl" type="text/xsl"?>
 <!--Converted from a TEI P4 XML file to the LEAP TEI P5 Schema by James Cummings on 2015-03-02--><!--TEI encoding revised and standardized by Adrian S. Wisnicki, 2015-2016-->
         <TEI xmlns="http://www.tei-c.org/ns/1.0" xml:id="liv_002520">
	<teiHeader>
		<fileDesc>
			<titleStmt>
				<title>Letter to John Kirk 2</title>
                <title type="alternative">Letter to John Kirk 2, October 1867</title>
				<author xml:id="DL">Livingstone, David, 1813-1873</author>
			</titleStmt>
			<publicationStmt>
				<authority>Livingstone Online</authority>
				<pubPlace>London</pubPlace>
				<date>2009-01-16</date>
				<publisher>Wellcome Centre for the History of Medicine, UCL</publisher>
				<idno type="LEAP-ID">liv_002520</idno>
			</publicationStmt>
			<sourceDesc>
				<bibl xml:id="shelfmark">Royal Geographical Society (Great Britain); Archives, DL 4/6/3</bibl>
				<bibl xml:id="ccnumber">Letters, 1921</bibl>
				<bibl xml:id="recipient"><persName>Kirk, John 2, 1832-1922</persName></bibl>
				<bibl xml:id="date"><date when="1867-10">October 1867</date></bibl>
				<bibl xml:id="where">Lopone</bibl>
			</sourceDesc>
		</fileDesc>
		<profileDesc>
			<langUsage>
				<language ident="en">English</language>
			</langUsage>
			<handNotes>
				<handNote xml:id="hand01">Scribe: Unknown</handNote>
			</handNotes>
		</profileDesc>
		<revisionDesc>
			<change>
				<date>2009-01-16</date>
				<name xml:id="SM">Sharon Messenger</name>Initial Transcription by Sharon Messenger
			</change>
			<change>
				<date>2009-01-27</date>
				<name xml:id="CL">Christopher Lawrence</name>Proof by Chris Lawrence
			</change>
		</revisionDesc>
	</teiHeader>

	<text>
		<body xml:lang="en">
			<div>

	<pb n="0001" facs="liv_002520_0001"/><!--pb/@n='1r'-->
<lb/><p rend="no-indent"><hi rend="underline">Copy</hi></p>
<lb/><p rend="no-indent">To <persName>D<hi rend="sup">r</hi> Kirk</persName> H.M's V. Consul <placeName>Zanzibar</placeName>.</p>
<lb/><p rend="no-indent"><hi rend="underline"><placeName>Lopone</placeName></hi> Oct. 1867 </p>
<lb/><p rend="no-indent">My dear <persName>Kirk</persName>, </p>
				<lb/><p><space extent="3" unit="chars"/>I write a mere note at present as I 
<lb/>expect to send letters from <placeName>Ujiji</placeName> in a month 
<lb/>or two and the party that takes this is still 
<lb/>going west. The Arabs are very much 
<lb/>more careful not to frighten the people 
<lb/>than we ever were, messages and 
<lb/>presents are sent on ahead and explanations 
<lb/>given till it is tiresome to listen to the 
<lb/>details. The bearer of this <unclear cert="low">Leyd hi Ali</unclear>
<lb/>is anxious to be introduced to you and as 
<lb/>he has been extremely kind to me I can 
<lb/>recommend him as a very different sort of 
<lb/>man from the cruel Kilwa traders who 
<lb/>have strewed the road to <placeName>Nyassa</placeName> with human 
<lb/>bones; I have been with this party upwards 
<lb/>of four months and whatever they may be 
<lb/>elsewhere their conduct has been good during 
<lb/>that period, this man has been kind 
<lb/>and very hospitable to me personally 
					<lb/><fw type="catch" place="marginbottom" rend="right"><space extent="2" unit="chars"/>so</fw> 

	<pb n="0002" facs="liv_002520_0002"/><!--pb/@n='1v'-->
<lb/>so you may look on him as one of my 
<lb/>friends. I hope you keep your health? 
<lb/>Having no medicine mine is poorly when 
<lb/>not travelling. You will see the worthy 
<lb/>who lost our medicine box, his head is of 
<lb/>the shape always figured by <persName>Grant</persName>, he 
<lb/>has run away twice, had no complaint 
<lb/>to make of me, but to his companions 
<lb/>said he did not like work, prefers begging 
<lb/>from the Arab slaves in exchange for bringing 
<lb/>fire wood and water. There was some 
<lb/>pleasure <choice><sic>to</sic><corr>too</corr></choice> in bringing me to a stand still 
<lb/>I was so short handed<reg>.</reg> Fancy him 
<lb/>lying down in the jungle and having us 
<lb/>shooting, firing for him while he rested. 
<lb/>I had a bad lot this time - they nearly 
<lb/>all took after the wretched sepoys. </p>
<lb/><p>With Every good wish </p>
				<lb/><p rend="center"><space extent="1" unit="words"/><space extent="3" unit="chars"/>Very affectionately yours </p>
				<lb/><p rend="center"><space extent="1" unit="words"/><space extent="3" unit="chars"/>(signed) <persName>David Livingstone</persName>. </p>
<lb/><p rend="no-indent">Received at <placeName>Zanzibar</placeName> 11<hi rend="sup">th</hi> Aug. 1868 </p>
			
</div>
		</body>
	</text></TEI>