<?xml version="1.0" encoding="UTF-8"?>
<?xml-model href="http://livingstoneonline.github.io/LEAP-ODD/leap.rng" type="application/xml" schematypens="http://relaxng.org/ns/structure/1.0"?>
<?xml-model href="http://livingstoneonline.github.io/LEAP-ODD/leap.rng" type="application/xml" schematypens="http://purl.oclc.org/dsdl/schematron"?>
 <?xml-stylesheet href="http://livingstoneonline.github.io/LEAP-XSLT/transcription.xsl" type="text/xsl"?>
 <!--Converted from a TEI P4 XML file to the LEAP TEI P5 Schema by James Cummings on 2015-03-02--><!--TEI encoding revised and standardized by Adrian S. Wisnicki, 2015-2016-->
         <TEI xmlns="http://www.tei-c.org/ns/1.0" xml:id="liv_002339">
	<teiHeader>
		<fileDesc>
			<titleStmt>
				<title>Letter to John Murray III</title>
                <title type="alternative">Letter to John Murray III, 17 June 1865</title>
				<author xml:id="DL">Livingstone, David, 1813-1873</author>
			</titleStmt>
			<publicationStmt>
				<authority>Livingstone Online</authority>
				<pubPlace>London</pubPlace>
				<date>2008-12-10</date>
				<publisher>Wellcome Centre for the History of Medicine, UCL</publisher>
				<idno type="LEAP-ID">liv_002339</idno>
			</publicationStmt>
			<sourceDesc>
				<bibl xml:id="shelfmark">National Library of Scotland; MS. 42421, ff. 78r-79r</bibl>
				<bibl xml:id="ccnumber">Letters, 1746</bibl>
				<bibl xml:id="recipient"><persName>Murray, John III, 1808-1892</persName></bibl>
				<bibl xml:id="date"><date when="1865-06-17">17 June 1865</date></bibl>
				<bibl xml:id="where">Botanic Garden, Oxford</bibl>
			</sourceDesc>
		</fileDesc>
		<profileDesc>
			<langUsage>
				<language ident="en">English</language>
			</langUsage>
			<handNotes>
				<handNote xml:id="hand01">Scribe: Unknown</handNote>
			</handNotes>
		</profileDesc>
		<revisionDesc>
			<change>
				<date>2008-12-01</date>
				<name xml:id="CO">Caroline Overy</name>Initial Transcription by Caroline Overy
			</change>
			<change>
				<date>2008-12-06</date>
				<name xml:id="CL">Chris Lawrence</name>Proof by Chris Lawrence
			</change>
		</revisionDesc>
	</teiHeader>

	<text>
		<body xml:lang="en">
			<div>

	<pb n="0001" facs="liv_002339_0001"/><!--pb/@n='78r'-->
<lb/><p rend="right">17 June 1865</p><!--<p rend="right"><placeName>Botanic Garden.</placeName></p>
<p rend="right">Oxford.</p>
-->
<lb/>
<lb/>
<lb/><p rend="no-indent"> My dear <persName>M<hi rend="sup underline">r</hi> Murray</persName></p>
<lb/><p>I send you by 
<lb/>book post the 
<lb/>last sheet &amp; preface 
<lb/>corrected &amp; all 
<lb/>ready for press. 
<lb/>They came to me 
<lb/>on Wednesday 
<lb/>but I have been 
<lb/>immersed in the 
<lb/>dissipation of 

	<pb n="0002" facs="liv_002339_0002"/><!--pb/@n='78v'-->
<lb/><placeName>Oxford</placeName> &amp; could not 
<lb/>look on them till 
<lb/>today. I think that 
<lb/>I shall stay over 
<lb/>Wednesday to the 
<lb/>commemoration<reg>.</reg>
<lb/>I gave a little lecture 
<lb/>in <persName>D<hi rend="sup underline">r</hi> Daubeney's</persName>
<lb/>lecture room last 
<lb/>night. I would 
<lb/>have got the 
<lb/>Theatre but it 
<lb/>takes so much out 
<lb/>of me to prepare 

	<pb n="0003" facs="liv_002339_0003"/><!--pb/@n='79r'-->
<lb/>for a big audience. 
<lb/>I am glad I had the 
<lb/>excuse that I 
<lb/>could not give 
<lb/>the necessary few 
<lb/>days notice<reg>.</reg></p>
<lb/><p>I am &amp;c</p>
<lb/><p rend="no-indent">David Livingstone</p>
			
</div>
		</body>
	</text></TEI>