<?xml version="1.0" encoding="UTF-8"?>
<?xml-model href="http://livingstoneonline.github.io/LEAP-ODD/leap.rng" type="application/xml" schematypens="http://relaxng.org/ns/structure/1.0"?>
<?xml-model href="http://livingstoneonline.github.io/LEAP-ODD/leap.rng" type="application/xml" schematypens="http://purl.oclc.org/dsdl/schematron"?>
 <?xml-stylesheet href="http://livingstoneonline.github.io/LEAP-XSLT/transcription.xsl" type="text/xsl"?>
 <!--Converted from a TEI P4 XML file to the LEAP TEI P5 Schema by James Cummings on 2015-03-02--><!--TEI encoding revised and standardized by Adrian S. Wisnicki, 2015-2016-->
         <TEI xmlns="http://www.tei-c.org/ns/1.0" xml:id="liv_002565">
	<teiHeader>
		<fileDesc>
			<titleStmt>
				<title>Letter to Unknown</title>
                <title type="alternative">Letter to Unknown, 7 February 1871</title><!-- this is a scribal copy that will neeed a unique identifier-->
				<author xml:id="DL">Livingstone, David, 1813-1873</author>
			</titleStmt>
			<publicationStmt>
				<authority>Livingstone Online</authority>
				<pubPlace>London</pubPlace>
				<date>2008-07-01</date>
				<publisher>Wellcome Centre for the History of Medicine, UCL</publisher>
				<idno type="LEAP-ID">liv_002565</idno>
			</publicationStmt>
			<sourceDesc>
				<bibl xml:id="shelfmark">Royal Geographical Society (Great Britain); Archives, DL 4/10/1</bibl>
				<bibl xml:id="ccnumber">Letters, 1964</bibl>
				<bibl xml:id="recipient">Unknown</bibl>
				<bibl xml:id="date"><date when="1871-02-07">7 February 1871</date></bibl>
				<bibl xml:id="where">Manyema</bibl>
			</sourceDesc>
		</fileDesc>
		<profileDesc>
			<langUsage>
				<language ident="en">English</language>
			</langUsage>
			<handNotes>
				<handNote xml:id="hand01">Scribe: unknown</handNote>
				<handNote xml:id="hand02">Scribe: unknown</handNote>
			</handNotes>
		</profileDesc>
		<revisionDesc>
			<change>
				<date>2008-07-01</date>
				<name xml:id="SM">Sharon Messenger</name>Initial Transcription by Sharon Messenger
			</change>
		</revisionDesc>
	</teiHeader>

	<text>
		<body xml:lang="en">
			<div>

	<pb n="0001" facs="liv_002565_0001"/><!--pb/@n='1'-->
<lb/><p rend="no-indent gray"><handShift new="#hand01"/>Unpublished letter of 
<lb/><persName>D<hi rend="sup">r</hi> Livingstone</persName></p>
<lb/><p>February 7<hi rend="sup underline">th</hi> 1871.</p>
<lb/><p><space extent="1" unit="words"/><placeName>Manyema</placeName></p>
<lb/><p rend="no-indent gray small"><handShift new="#hand02"/>(Bearing on the 
<lb/>for: office question 
<lb/>of salary) </p>
<lb/><p>Being unable to 
<lb/>carry paper in this damp 
<lb/>climate I have given the 
<lb/>Foreign Office only one sheet 
<lb/>of closely written matter 
<lb/>much like what I have 
<lb/>given you but ending 
<lb/>with the following sentence<reg>.</reg></p>
<lb/><p>"I would fain <unclear cert="low">erase</unclear>
<lb/>Your Lordship's approba-
<lb break="no"/><choice><sic>bation</sic><corr>tion</corr></choice> of my labour 
<lb/>but the under secretary's 
<lb/><persName>Murray's</persName> impertinent 
<lb/>letter forbids any 
	<lb/><fw type="catch" place="marginbottom" rend="center"><space extent="1" unit="words"/><space extent="1" unit="chars"/>Government</fw> 

	<pb n="0002" facs="liv_002565_0002"/><!--pb/@n='2'-->
<lb/>Government from allowing 
<lb/>me any claim no matter 
<lb/>what services I may render"<reg>.</reg></p>
<lb/><p><persName>M<hi rend="sup underline">r</hi> Murray's</persName> "<hi rend="underline">ungracious 
<lb/>and unjust</hi>" effusion 
<lb/>contained internal evidence 
<lb/>that a statesman like 
<lb/><persName>Lord Russell</persName> knew nothing 
<lb/>of it for we might bind 
<lb/>down future <gap extent="1" unit="words"/>
<lb/>to <hi rend="underline">give</hi> but never <hi rend="underline">not to 
<lb/>give</hi> this could only 
<lb/>emanate from what 
<lb/>the office slang calls 
<lb/>"a safeman". He 
<lb/>withdrew the most 
<lb/>offensive part by sending 
<lb/>a copy without it, but 
<lb/>had not the Grace to 
<lb/>say, it was withdrawn<reg>.</reg>
	<lb/><fw type="catch" place="marginbottom" rend="center"><space extent="2" unit="words"/><space extent="2" unit="chars"/>My</fw> </p>

	<pb n="0003" facs="liv_002565_0003"/><!--pb/@n='3'-->
<lb/><p>My first effort 
<lb/>if I get home, will not 
<lb/>be to speak to geographers 
<lb/>but to bring the impertinent 
<lb/>letter before Parliament. 
<lb/>"You have no claim 
<lb/><choice><reg/><orig>"</orig></choice>for pay as consul, and 
<lb/><choice><reg/><orig>"</orig></choice>Your consulate will at 
<lb/><choice><reg/><orig>"</orig></choice>once cease on reaching 
<lb/><choice><reg/><orig>"</orig></choice>the Coast but you will 
<lb/><choice><reg/><orig>"</orig></choice>have no claim whatever": 
<lb/>This was substantially 
<lb/>the letter and one of the 
<lb/>most <choice><sic>exhuberant</sic><corr>exuberant</corr></choice><w>imper-<lb break="no"/>tinence</w> that ever left the 
<lb/>Foreign or any other office<reg>.</reg>
<lb/>On my first appointment 
<lb/><persName>Lord Clarendon's</persName> words 
<lb/>imply increase of salary. 
<lb/>I have a Despatch of -
	<lb/><fw type="catch" place="marginbottom" rend="center"><space extent="2" unit="words"/><space extent="2" unit="chars"/>Lord</fw> 

	<pb n="0004" facs="liv_002565_0004"/><!--pb/@n='4'-->
<lb/><persName>Lord Malmesbury</persName> - 
<lb/>stating his conviction 
<lb/>that my salary was far 
<lb/>too low: My Foreign 
<lb/>Office instructions tell me 
<lb/>to take my steamer to 
<lb/><placeName>Rovuma</placeName>, does that not 
<lb/>imply the duty to share 
<lb/>in my loss by her? </p>
<lb/><p><persName>D<hi rend="sup underline">r</hi> Miller</persName> got from <persName>Lord 
<lb/>Russell</persName> £800 a year for 
<lb/>scientific research and 
<lb/>no consular duties in 
<lb/><placeName>Madagascar</placeName>. While he 
<lb/>intended to give me only 
<lb/>£500 a year if I settled 
<lb/>anywhere. I mean to claim 
<lb/>any salary increased during 
<lb/>the whole of the time from 
	<lb/><fw type="catch" place="marginbottom" rend="center"><space extent="3" unit="words"/><space extent="2" unit="chars"/>1864</fw> 

	<pb n="0005" facs="liv_002565_0005"/><!--pb/@n='5'-->
<lb/>1864 onwards. I may 
<lb/>not get it tho'. <persName>Thornton's</persName>
<lb/>brother got his even for 
<lb/>going with <persName>von der Decken</persName>. 
<lb/>That letter with the 
<lb/>foolish instructions 
<lb/>of self elected busy 
<lb/>bodies worried in spite 
<lb/>of every effort to be 
<lb/>philosophical and the 
<lb/>worry is embittered by 
<lb/>remembering that good 
<lb/><persName>Lord Palmerston</persName> sent 
<lb/><persName>M<hi rend="sup">r</hi> Hayward</persName> to ask me 
<lb/>"what he could do as he 
<lb/><choice><reg/><orig>"</orig></choice>was anxious to serve me". </p>
<lb/><p>My mind was so sorely 
<lb/>jaded by that last book 
<lb/>and the wickedness of 
<lb/><fw type="catch" place="marginbottom" rend="center"><space extent="3" unit="words"/>the</fw> 

	<pb n="0006" facs="liv_002565_0006"/><!--pb/@n='6'-->
<lb/>the Portuguese doings, that 
<lb/>I never thought of ought 
<lb/>but my work. He 
<lb/>meant something for 
<lb/>myself but I wanted the 
<lb/>Ports of <placeName>East Africa</placeName> to be 
<lb/>opened to free commerce<reg>.</reg>
<lb/>My only solace was <persName>Sir 
<lb/>Francis Beaufort's</persName> words 
<lb/>to the Arctic Explorers. - 
<lb/>"Remember gentlemen you 
<lb/><choice><reg/><orig>"</orig></choice>are going on discovery and 
<lb/><choice><reg/><orig>"</orig></choice>not on survey" as if to me 
<lb/>(signed) <persName>David Livingstone</persName></p>
<lb/><p>: 
<lb/>A Despatch among the lost 40 
<lb/>was a supplement to that from 
<lb/><placeName><unclear cert="low">Bangalosa</unclear></placeName> and a very good one<reg>.</reg>
<lb/>It would have given you an idea 
<lb/>of the watershed such as no-
<lb/>theorist ever dreamed. 
<lb/>I have a copy in <placeName>Ujiji</placeName> in my 
<lb/>journal. </p>
			
</div>
		</body>
	</text></TEI>