<?xml version="1.0" encoding="UTF-8"?>
<?xml-model href="http://livingstoneonline.github.io/LEAP-ODD/leap.rng" type="application/xml" schematypens="http://relaxng.org/ns/structure/1.0"?>
<?xml-model href="http://livingstoneonline.github.io/LEAP-ODD/leap.rng" type="application/xml" schematypens="http://purl.oclc.org/dsdl/schematron"?>
 <?xml-stylesheet href="http://livingstoneonline.github.io/LEAP-XSLT/transcription.xsl" type="text/xsl"?>
 <!--Converted from a TEI P4 XML file to the LEAP TEI P5 Schema by James Cummings on 2015-03-02--><!--TEI encoding revised and standardized by Adrian S. Wisnicki, 2015-2016-->
         <TEI xmlns="http://www.tei-c.org/ns/1.0" xml:id="liv_002651">
	<teiHeader>
		<fileDesc>
			<titleStmt>
				<title>Letter to General Edward Sabine</title>
                <title type="alternative">Letter to General Edward Sabine, 19 December 1858</title>
				<author>Livingstone, David, 1813-1873</author>
			</titleStmt>
			<publicationStmt>
				<authority>Livingstone Online</authority>
				<pubPlace>London</pubPlace>
				<date>2007-06-20</date>
				<publisher>Wellcome Centre for the History of Medicine, UCL</publisher>
				<idno type="LEAP-ID">liv_002651</idno>
			</publicationStmt>
			<sourceDesc>
				<bibl xml:id="shelfmark">Royal Society (Great Britain); SA.790</bibl>
				<bibl xml:id="ccnumber"/>
				<bibl xml:id="recipient"><persName>Sabine, General Edward, 1788-1883</persName></bibl>
				<bibl xml:id="date"><date when="1858-12-19">19 December 1858</date></bibl>
				<bibl xml:id="where">Tette</bibl>
			</sourceDesc>
		</fileDesc>
		<profileDesc>
			<langUsage>
				<language ident="en">English</language>
			</langUsage>
			<handNotes>
				<handNote xml:id="hand01">Scribe: Unknown</handNote>
			</handNotes>
		</profileDesc>
		<revisionDesc>
			<change>
				<date>2007-06-20</date>
				<name xml:id="SM">Sharon Messenger</name>Initial Transcription by Sharon Messenger
			</change>
		</revisionDesc>
	</teiHeader>

	<text>
		<body xml:lang="en">
			<div>

	<pb n="0001" facs="liv_002651_0001"/><!--pb/@n='1r'-->
<lb/><p rend="no-indent"><persName>General Sabine</persName></p>
<lb/><p><space extent="2" unit="words"/>Sir </p>
<lb/><p><space extent="3" unit="words"/>In transmitting this 
<lb/>first <choice><sic>installment</sic><corr>instalment</corr></choice> of observations 
<lb/>to your care I have to regret that 
<lb/><persName>M<hi rend="sup underline">r</hi> Baines</persName> was unable from the 
<lb/>effects of a slight <term type="ailment">sun stroke</term> to repeat 
<lb/>them. He is however now almost 
<lb/>well and will be <reg>in</reg> order to take 
<lb/>a complete set at <placeName>Tette</placeName>. <persName>M<hi rend="sup underline">r</hi> Livingstone</persName> 
<lb/>will repeat his probably on both 
<lb/>sides of the river. </p>
<lb/><p>I have also to beg your 
<lb/>aid in procuring another spirit 
<lb/>level as per enclosed pencil sketch<reg>.</reg>
<lb/>It was broken probably when a 
<lb/>portion of the roof of our house 
<lb/>was blown away &amp; the servants 
<lb/>removed our luggage from one 
<lb/>end of the dwelling to the other. 
<lb/><choice><reg>T</reg><orig>t</orig></choice>he level itself is enclosed among 
<lb/>some sketches sent to the Foreign 
<lb/>Office. The part of the instruments 
<lb/>to which this belongs was not 
<lb/>sent to  <placeName>Kew</placeName> for examination 
<lb/>and was so badly constructed as 
<lb/>to give us a world of trouble 
<lb/>adjusting it. An upright glass tube 
<lb/>which is required to be quite 
<lb/>perpendicular is screwed into wood 
<lb/>only &amp; the thread yields either way 
<lb/>to the brass. The socket ought 
<lb/>clearly to have been brass. Any 

	<pb n="0002" facs="liv_002651_0002"/><!--pb/@n='1v'-->
<lb/>hints you may have to offer 
<lb/>after examining the observations 
<lb/>will be thankfully <choice><sic>recieved</sic><corr>received</corr></choice><reg>.</reg></p>
<lb/><p rend="no-indent"><choice><reg>T</reg><orig>t</orig></choice>he new level may be sent 
<lb/>to the care of <persName>Admiral Grey</persName>
<lb/>at the <placeName>Cape</placeName> but should 
<lb/>H. M. Government decide 
<lb/>on sending out a vessel of 
<lb/>greater power than we at present 
<lb/>possess to ascend the rapids 
<lb/>of  <placeName>Kebra basa</placeName> that may be 
<lb/>the safest conveyance<reg>.</reg></p>
				<lb/><p><space extent="1" unit="words"/><space extent="2" unit="chars"/>I am &amp;c </p>
				<lb/><p><space extent="1" unit="words"/><persName>David Livingstone</persName></p>
<lb/><p rend="no-indent"><space extent="3" unit="chars"/><placeName>Tette,</placeName></p>
				<lb/><p><space extent="1" unit="words"/>19<hi rend="sup underline">th</hi> Dec<hi rend="sup">r</hi></p>
<lb/><p><space extent="2" unit="words"/>1858</p>
			
</div>
		</body>
	</text></TEI>