<?xml version="1.0" encoding="UTF-8"?>
<?xml-model href="http://livingstoneonline.github.io/LEAP-ODD/leap.rng" type="application/xml" schematypens="http://relaxng.org/ns/structure/1.0"?>
<?xml-model href="http://livingstoneonline.github.io/LEAP-ODD/leap.rng" type="application/xml" schematypens="http://purl.oclc.org/dsdl/schematron"?>
 <?xml-stylesheet href="http://livingstoneonline.github.io/LEAP-XSLT/transcription.xsl" type="text/xsl"?>
 <!--Converted from a TEI P4 XML file to the LEAP TEI P5 Schema by James Cummings on 2015-03-02--><!--TEI encoding revised and standardized by Adrian S. Wisnicki, 2015-2016-->
         <TEI xmlns="http://www.tei-c.org/ns/1.0" xml:id="liv_002653">
	<teiHeader>
		<fileDesc>
			<titleStmt>
				<title>Letter to General Edward Sabine</title>
                <title type="alternative">Letter to General Edward Sabine, 17 January 1861</title>
				<author>Livingstone, David, 1813-1873</author>
			</titleStmt>
			<publicationStmt>
				<authority>Livingstone Online</authority>
				<pubPlace>London</pubPlace>
				<date>2007-06-20</date>
				<publisher>Wellcome Centre for the History of Medicine, UCL</publisher>
				<idno type="LEAP-ID">liv_002653</idno>
			</publicationStmt>
			<sourceDesc>
				<bibl xml:id="shelfmark">Royal Society (Great Britain); SA.792</bibl>
				<bibl xml:id="ccnumber"/>
				<bibl xml:id="recipient"><persName>Sabine, General Edward, 1788-1883</persName></bibl>
				<bibl xml:id="date"><date when="1861-01-17">17 January 1861</date></bibl>
				<bibl xml:id="where">Kongone</bibl>
			</sourceDesc>
		</fileDesc>
		<profileDesc>
			<langUsage>
				<language ident="en">English</language>
			</langUsage>
			<handNotes>
				<handNote xml:id="hand01">Scribe: Unknown</handNote>
			</handNotes>
		</profileDesc>
		<revisionDesc>
			<change>
				<date>2007-06-20</date>
				<name xml:id="SM">Sharon Messenger</name>Initial Transcription by Sharon Messenger
			</change>
		</revisionDesc>
	</teiHeader>

	<text>
		<body xml:lang="en">
			<div>

	<pb n="0001" facs="liv_002653_0001"/><!--pb/@n='1r'-->
				<lb/><p rend="right"><space extent="1" unit="words"/><space extent="1" unit="chars"/><placeName>Kongone</placeName> 17<hi rend="sup underline">th</hi> January 1861. </p>
				<lb/><p rend="no-indent"><space extent="2" unit="chars"/>My Dear <persName>General Sabine</persName>
<lb/><space extent="6" unit="words"/>We were gratified 
<lb/>by <choice><sic>recieving</sic><corr>receiving</corr></choice> two notes containing the reductions 
<lb/>of the magnetical observations by <persName>D<hi rend="sup underline">r</hi> Chambers</persName>
<lb/>on our return from a trip up the 
<lb/>river of some 600 miles. We left <placeName>Tette</placeName>
<lb/>before I observed  that the exact mean 
<lb/>time was required for those taken at 
<lb/><placeName>Expedition Island</placeName><choice><orig>,</orig><reg>.</reg></choice><choice><reg>A</reg><orig>a</orig></choice>nd as I believe 
<lb/>we have data whereby that may be 
<lb/>ascertained<choice><orig>,</orig><reg>.</reg></choice><choice><reg>A</reg><orig>a</orig></choice>nd the observations 
<lb/>sent are not the only ones taken 
<lb/>at these stations it may be well 
<lb/>for you to keep what you have 
<lb/>by you till we can give you 
<lb/>the whole. </p>
<lb/><p>We are now down here waiting 
<lb/>for the arrival of our new vessel<reg>.</reg>

	<pb n="0002" facs="liv_002653_0002"/><!--pb/@n='1v'-->
<lb/>I wish the instruments which were quite 
<lb/>spoiled by <persName>M<hi rend="sup underline">r</hi> Lairds</persName> wretched launch 
<lb/>had been reserved for the new one - you 
<lb/>may be disposed to blame us but 
<lb/>I can assure you that our utmost 
<lb/>endeavours could not keep our own 
<lb/>beds dry. <choice><reg>T</reg><orig>t</orig></choice>he partitions pumped in 
<lb/>water perpetually. Our bedding was all 
<lb/>rotten and we lost a great deal of 
<lb/>both public &amp; private property. It was 
<lb/>only in our last trip when we 
<lb/>suddenly filled that the instruments were 
<lb/>injured. <choice><reg>T</reg><orig>t</orig></choice>he wet in this hot climate 
<lb/>had an almost instantaneous effect 
<lb/>on the glue and on the steel. </p>
<lb/><p>I am very glad to hear of the 
<lb/>formation of the <placeName>Oxford</placeName> &amp; <placeName>Cambridge</placeName>
<lb/>mission of which I observe you are 
<lb/>on the committee. I have been applied 
<lb/>to for information and I have not 

	<pb n="0003" facs="liv_002653_0003"/><!--pb/@n='2r'-->
<lb/>failed to hint at the desirableness of 
<lb/>bearing in mind meteorological and 
<lb/>magnetical observations for the time of 
<lb/>comparative <choice><sic>leizure</sic><corr>leisure</corr></choice> which will follow 
<lb/>the first hard work of the foundation. 
<lb/>It might be well for you to follow 
<lb/>up what I have suggested by a reference 
<lb/>to what was done in <placeName>Algeria</placeName> by 
<lb/>the missionaries under <persName>Bishop Dupuch<reg>.</reg></persName>
<lb/>It is mentioned in  "Blakesley's Algeria"<reg>.</reg>
<lb/><persName>M<hi rend="sup underline">r</hi> Dupuch</persName> established 47 churches &amp; chapels 
<lb/>40 almonries &amp; hospitals <reg>,</reg> orphan asylums 
<lb/>and a house of Trappists! which distinguishes 
<lb/>itself by an extensive series of meteorological 
<lb/>observations. In a climate so little 
<lb/>known as this, similar observations 
<lb/>are surely as necessary, and for a 
<lb/>mercantile country such as ours 
<lb/>magnetical observations are of no less 
<lb/>importance. The well educated young 

	<pb n="0004" facs="liv_002653_0004"/><!--pb/@n='2v'-->
<lb/>men who will follow the bishop would 
<lb/>no doubt cheerfully undertake any work 
<lb/>tending to advance the interests of either 
<lb/>science or civilisation. This is merely 
<lb/>a hint the value of which you are best 
<lb/>qualified to judge. <choice><reg>F</reg><orig>f</orig></choice>rom the high position 
<lb/>you occupy your personal influence 
<lb/>would be sufficient. </p>
<lb/><p rend="no-indent"><space extent="1" unit="words"/>With very kind greetings to <persName>M<hi rend="sup underline">rs</hi> Sabine</persName></p>
				<lb/><p><space extent="2" unit="words"/><space extent="2" unit="chars"/>I am Faithfully Yours</p>
				<lb/><p><space extent="3" unit="words"/><space extent="2" unit="chars"/><persName>David Livingstone</persName></p>
<lb/>
<lb/><p rend="no-indent">The glass tube and riding spirit level 
<lb/>came safely. <choice><reg>T</reg><orig>t</orig></choice>hey belong to a much 
<lb/>larger instrument than ours. <choice><reg>Y</reg><orig>y</orig></choice>ou 
<lb/>will have seen our application 
<lb/>for any set of instruments that 
<lb/>may have been returned uninjured 
<lb/>from other Expeditions<reg>.</reg></p>
			
</div>
		</body>
	</text></TEI>