<?xml version="1.0" encoding="UTF-8"?>
<?xml-model href="http://livingstoneonline.github.io/LEAP-ODD/leap.rng" type="application/xml" schematypens="http://relaxng.org/ns/structure/1.0"?>
<?xml-model href="http://livingstoneonline.github.io/LEAP-ODD/leap.rng" type="application/xml" schematypens="http://purl.oclc.org/dsdl/schematron"?>
 <?xml-stylesheet href="http://livingstoneonline.github.io/LEAP-XSLT/transcription.xsl" type="text/xsl"?>
 <!--Converted from a TEI P4 XML file to the LEAP TEI P5 Schema by James Cummings on 2015-03-02--><!--TEI encoding revised and standardized by Adrian S. Wisnicki, 2015-2016-->
         <TEI xmlns="http://www.tei-c.org/ns/1.0" xml:id="liv_002652">
	<teiHeader>
		<fileDesc>
			<titleStmt>
				<title>Letter to General Edward Sabine</title>
                <title type="alternative">Letter to General Edward Sabine, 6 February 1860</title>
				<author>Livingstone, David, 1813-1873</author>
			</titleStmt>
			<publicationStmt>
				<authority>Livingstone Online</authority>
				<pubPlace>London</pubPlace>
				<date>2007-06-20</date>
				<publisher>Wellcome Centre for the History of Medicine, UCL</publisher>
				<idno type="LEAP-ID">liv_002652</idno>
			</publicationStmt>
			<sourceDesc>
				<bibl xml:id="shelfmark">Royal Society (Great Britain); SA.791</bibl>
				<bibl xml:id="ccnumber"/>
				<bibl xml:id="recipient"><persName>Sabine, General Edward, 1788-1883</persName></bibl>
				<bibl xml:id="date"><date when="1860-02-06">6 February 1860</date></bibl>
				<bibl xml:id="where">Tette</bibl>
			</sourceDesc>
		</fileDesc>
		<profileDesc>
			<langUsage>
				<language ident="en">English</language>
			</langUsage>
			<handNotes>
				<handNote xml:id="hand01">Scribe: Unknown</handNote>
			</handNotes>
		</profileDesc>
		<revisionDesc>
			<change>
				<date>2007-06-20</date>
				<name xml:id="CO">Caroline Overy</name>Intial Transcription by Caroline Overy
			</change>
			<change>
				<date>2007-06-26</date>
				<name xml:id="JB">Janet Browne</name>First proof by JB
			</change>
			<change>
				<date>2007-07-16</date>
				<name xml:id="CL">Chris Lawrence</name>Second Proof by Chris Lawrence
			</change>
		</revisionDesc>
	</teiHeader>

	<text>
		<body xml:lang="en">
			<div>

	<pb n="0001" facs="liv_002652_0001"/><!--pb/@n='1r'-->
<lb/><p rend="no-indent"><add place="inline" rend="left">Ans<hi rend="sup">d</hi>. Oct. 3 
<lb/><unclear cert="medium">by <persName>Arch. Mackenzie</persName></unclear>.</add></p>
<lb/><p rend="right"><placeName>Tette</placeName> 6<hi rend="sup underline">th</hi> Feby 1860</p>
<lb/><p>My Dear <persName>General Sabine</persName></p>
				<lb/><p><space extent="3" unit="words"/><space extent="2" unit="chars"/>In spite of the interest 
<lb/>employed in our behalf by the Royal Society 
<lb/>and the intentions of Government 
<lb/><persName>M<hi rend="sup underline">r</hi> Laird</persName> furnished us with a most 
<lb/>wretched vessel, and I am sorry to 
<lb/>inform you that our magnetic 
<lb/>instruments have lately suffered 
<lb/>severely in consequence. <choice><reg>T</reg><orig>t</orig></choice>he 
<lb/>vessel was built of a sort of 
<lb/>Patent steel plate of only 1/16<!--one sixteenth--> of an 
<lb/>inch in thickness. It is excessively 
<lb/>hard - friction has no effect 
<lb/>upon it, but moisture &amp; heat 

	<pb n="0002" facs="liv_002652_0002"/><!--pb/@n='1v'-->
<lb/>produce a chemical decomposition 
<lb/>from which paint is no protection. 
<lb/>Scales apparently of the black oxide 
<lb/>of iron are formed inside &amp; out 
<lb/>and when these are peeled off there 
<lb/>is a black smooth shining surface 
<lb/>with numerous small holes. <choice><reg>T</reg><orig>t</orig></choice>he 
<lb/>scales are strongly magnetic, and 
<lb/>I think that they have damaged the 
<lb/>magnetism of the instruments. The 
<lb/>moisture consequent on the scaling 
<lb/>off, and wet from springing 
<lb/>of leaks in plates now not 
<lb/>1/32<!-- one thirtysecond--> of an inch in thickness 
<lb/>have destroyed the glue in 
<lb/>the wooden parts, so much 
<lb/>that a new set would be 

	<pb n="0003" facs="liv_002652_0003"/><!--pb/@n='2r'-->
<lb/>the only really satisfactory 
<lb/>remedy. You may be 
<lb/>sure that <persName>my brother</persName>
<lb/>will do the best that 
<lb/>he can in the circumstances 
<lb/>by regluing &amp;c. <choice><reg>B</reg><orig>b</orig></choice>ut I 
<lb/>think it my duty to let 
<lb/>you know exactly how 
<lb/>matters stand. We hope 
<lb/>for a new vessel with 
<lb/>room for instruments &amp; 
<lb/>collections. In this we have 
<lb/><space extent="1" unit="words"/><add place="inspace" rend="small">&amp; much private &amp; public property has been</add>
<lb/><add place="below" rend="small">spoiled</add> neither. <choice><reg>A</reg><orig>a</orig></choice>nd she has been 
<lb/>so put together as to pump 
<lb/>water into herself by her own 
<lb/>proper motions. <persName>M<hi rend="sup">r</hi> Macgregor 

	<pb n="0004" facs="liv_002652_0004"/><!--pb/@n='2v'-->
<lb/>Laird</persName> promised <hi rend="underline">before</hi> we got her 
<lb/>that she would carry ten or twelve 
<lb/>tons. His brother cooly says 
<lb/><hi rend="underline">after</hi> we got her, that she 
<lb/>was intended to carry only a 
<lb/>very few persons. As far 
<lb/>as discovery is concerned we 
<lb/>have done pretty well, but 
<lb/>all our operations have 
<lb/>been cramped by this wretched 
<lb/>vessel, and it is a wonder 
<lb/>we have escaped with our 
<lb/>lives.</p>
<lb/><p rend="center"><space extent="1" unit="words"/>I am Dear Sir</p>
<lb/><p rend="right">Yours Most Truly</p>
				<lb/><p rend="center"><space extent="1" unit="words"/>David Livingstone</p>
			
</div>
		</body>
	</text></TEI>