<?xml version="1.0" encoding="UTF-8"?>
<?xml-model href="http://livingstoneonline.github.io/LEAP-ODD/leap.rng" type="application/xml" schematypens="http://relaxng.org/ns/structure/1.0"?>
<?xml-model href="http://livingstoneonline.github.io/LEAP-ODD/leap.rng" type="application/xml" schematypens="http://purl.oclc.org/dsdl/schematron"?>
 <?xml-stylesheet href="http://livingstoneonline.github.io/LEAP-XSLT/transcription.xsl" type="text/xsl"?>
 <!--Converted from a TEI P4 XML file to the LEAP TEI P5 Schema by James Cummings on 2015-03-02--><!--TEI encoding revised and standardized by Adrian S. Wisnicki, 2015-2016-->
         <TEI xmlns="http://www.tei-c.org/ns/1.0" xml:id="liv_002341">
	<teiHeader>
		<fileDesc>
			<titleStmt>
				<title>Letter to John Murray III</title>
                <title type="alternative">Letter to John Murray III, 19 June 1865</title>
				<author xml:id="DL">Livingstone, David, 1813-1873</author>
			</titleStmt>
			<publicationStmt>
				<authority>Livingstone Online</authority>
				<pubPlace>London</pubPlace>
				<date>2008-12-01</date>
				<publisher>Wellcome Centre for the History of Medicine, UCL</publisher>
				<idno type="LEAP-ID">liv_002341</idno>
			</publicationStmt>
			<sourceDesc>
				<bibl xml:id="shelfmark">National Library of Scotland; MS. 42421, f. 80</bibl>
				<bibl xml:id="ccnumber">Letters, 1748</bibl>
				<bibl xml:id="recipient"><persName>Murray, John III, 1808-1892</persName></bibl>
				<bibl xml:id="date"><date when="1865-06-19">19 June 1865</date></bibl>
				<bibl xml:id="where">Botanic Garden, Oxford</bibl>
			</sourceDesc>
		</fileDesc>
		<profileDesc>
			<langUsage>
				<language ident="en">English</language>
			</langUsage>
			<handNotes>
				<handNote xml:id="hand01">Scribe: Unknown</handNote>
			</handNotes>
		</profileDesc>
		<revisionDesc>
			<change>
				<date>2008-12-01</date>
				<name xml:id="SM">Sharon Messenger</name>Initial Transcription by Sharon Messenger
			</change>
			<change>
				<date>2008-12-06</date>
				<name xml:id="CL">Chris Lawrence</name>Proof by Chris Lawrence
			</change>
		</revisionDesc>
	</teiHeader>

	<text>
		<body xml:lang="en">
			<div>

	<pb n="0001" facs="liv_002341_0001"/><!--pb/@n='80r'-->
<!--
<p rend="right"><placeName>Botanic Garden.</placeName> <lb/></p>
<p rend="right"><placeName>Oxford.</placeName> <lb/></p>
-->
<lb/><p rend="center"><space extent="1" unit="words"/>19<hi rend="sup underline">th</hi> June 
	<lb/><space extent="1" unit="words"/><space extent="1" unit="chars"/>1865 </p>
<lb/>
<lb/><p rend="no-indent">My Dear <persName>M<hi rend="sup underline">r</hi> Murray</persName></p>
<lb/><p>A telegram just 
<lb/><choice><sic>recieved</sic><corr>received</corr></choice> announces 
<lb/>the death of my 
<lb/>mother so I 
<lb/>start at once 
<lb/>for <placeName>Scotland</placeName> to 
<lb/>help my sisters<reg>.</reg>
<lb/>I shall not 
<lb/>remain very 

	<pb n="0002" facs="liv_002341_0002"/><!--pb/@n='80v'-->
<lb/>long but come 
<lb/>back to <placeName>London</placeName>
<lb/>to prepare for 
<lb/>my departure<reg>.</reg>
<lb/>Will you kindly 
<lb/>forward any 
<lb/>letters sent to 
<lb/>you to <placeName>Hamilton</placeName><reg>.</reg></p>
				<lb/><p rend="no-indent"><space extent="2" unit="chars"/>&amp; oblige </p>
				<lb/><p><space extent="1" unit="chars"/>Yours &amp;c </p>
<lb/><p rend="no-indent"><persName>David Livingstone</persName></p>
			
</div>
		</body>
	</text></TEI>