<?xml version="1.0" encoding="UTF-8"?>
<?xml-model href="http://livingstoneonline.github.io/LEAP-ODD/leap.rng" type="application/xml" schematypens="http://relaxng.org/ns/structure/1.0"?>
<?xml-model href="http://livingstoneonline.github.io/LEAP-ODD/leap.rng" type="application/xml" schematypens="http://purl.oclc.org/dsdl/schematron"?>
 <?xml-stylesheet href="http://livingstoneonline.github.io/LEAP-XSLT/transcription.xsl" type="text/xsl"?>
 <!--Converted from a TEI P4 XML file to the LEAP TEI P5 Schema by James Cummings on 2015-03-02--><!--TEI encoding revised and standardized by Adrian S. Wisnicki, 2015-2016-->
         <TEI xmlns="http://www.tei-c.org/ns/1.0" xml:id="liv_002655">
	<teiHeader>
		<fileDesc>
			<titleStmt>
				<title>Letter to Earl of Malmesbury</title>
                <title type="alternative">Letter to Earl of Malmesbury, 5 October 1858</title>
				<author>Livingstone, David, 1813-1873</author>
			</titleStmt>
			<publicationStmt>
				<authority>Livingstone Online</authority>
				<pubPlace>London</pubPlace>
				<date>2007-10-23</date>
				<publisher>Wellcome Centre for the History of Medicine, UCL</publisher>
				<idno type="LEAP-ID">liv_002655</idno>
			</publicationStmt>
			<sourceDesc>
				<bibl xml:id="shelfmark">Royal Society (Great Britain); MM/14/20</bibl>
				<bibl xml:id="ccnumber"/>
				<bibl xml:id="recipient"><persName>Malmesbury, Earl of, 1807-1889</persName></bibl>
				<bibl xml:id="date"><date when="1858-10-05">5 October 1858</date></bibl>
				<bibl xml:id="where">Kongone Harbour</bibl>
			</sourceDesc>
		</fileDesc>
		<profileDesc>
			<langUsage>
				<language ident="en">English</language>
			</langUsage>
			<handNotes>
				<handNote xml:id="hand01">Scribe: Unknown</handNote>
			</handNotes>
		</profileDesc>
		<revisionDesc>
			<change>
				<date>2007-10-23</date>
				<name xml:id="SM">Sharon Messenger</name>Initial Transcription by Sharon Messenger
			</change>
		</revisionDesc>
	</teiHeader>

	<text>
		<body xml:lang="en">
			<div>

	<pb n="0001" facs="liv_002655_0001"/><!--pb/@n='1r'-->
<lb/><p>Extract of a Letter from 
<lb/><persName>D<hi rend="sup underline">r</hi> Livingstone</persName>
<lb/><space extent="3" unit="chars"/>dated
<lb/><space extent="2" unit="words"/><placeName>Kongone Harbour</placeName>
<lb/><space extent="3" unit="words"/>5<hi rend="sup underline">th</hi> Oct<hi rend="underline"><hi rend="sup"/></hi>r 1858 </p>
<lb/><p rend="no-indent">I beg leave also to state 
<lb/>for the information of 
<lb/><persName>Gen<hi rend="sup">l</hi> Sabine</persName> &amp; the <term type="institution">Royal 
<lb/>Society</term> that careful 
<lb/>magnetical observations 
<lb/>were made on <placeName>Expedition 
<lb/>Island</placeName> by <persName>M<hi rend="sup">r</hi> Charles 
<lb/>Livingstone</persName> and I have 
<lb/>left him at <placeName>Tette</placeName> in 
<lb/>order to report the same. 
<lb/>For the sake of greater 
<lb/>accuracy it was arranged 
<lb/><space extent="5" unit="words"/>that 

	<pb n="0002" facs="liv_002655_0002"/><!--pb/@n='1v'-->
<lb/><choice><sic>that</sic><corr>no text</corr></choice> the observations should 
<lb/>be repeated by three 
<lb/>observers - but <persName>Bedingfeld</persName>
<lb/>failed to observe, and 
<lb/><persName>Baines</persName> had a slight 
<lb/><term type="ailment">sunstroke</term>, which rendered 
<lb/>him unable to - 
<lb/>perform the duty - 
<lb/>Copies of the results - 
<lb/>obtained by <persName>M<hi rend="sup underline">r</hi> Livingstone</persName>
<lb/>will be transmitted 
<lb/>by next opportunity.</p>
			
</div>
		</body>
	</text></TEI>