<?xml version="1.0" encoding="UTF-8"?>
<?xml-model href="http://livingstoneonline.github.io/LEAP-ODD/leap.rng" type="application/xml" schematypens="http://relaxng.org/ns/structure/1.0"?>
<?xml-model href="http://livingstoneonline.github.io/LEAP-ODD/leap.rng" type="application/xml" schematypens="http://purl.oclc.org/dsdl/schematron"?>
 <?xml-stylesheet href="http://livingstoneonline.github.io/LEAP-XSLT/transcription.xsl" type="text/xsl"?>
 <!--Converted from a TEI P4 XML file to the LEAP TEI P5 Schema by James Cummings on 2015-03-02--><!--TEI encoding revised and standardized by Adrian S. Wisnicki, 2015-2016-->
         <TEI xmlns="http://www.tei-c.org/ns/1.0" xml:id="liv_002216">
	<teiHeader>
		<fileDesc>
			<titleStmt>
				<title>Letter to John Murray III</title>
                <title type="alternative">Letter to John Murray III, 4 March 1865</title>
				<author xml:id="DL">Livingstone, David, 1813-1873</author>
			</titleStmt>
			<publicationStmt>
				<authority>Livingstone Online</authority>
				<pubPlace>London</pubPlace>
				<date>2008-11-06</date>
				<publisher>Wellcome Centre for the History of Medicine, UCL</publisher>
				<idno type="LEAP-ID">liv_002216</idno>
			</publicationStmt>
			<sourceDesc>
				<bibl xml:id="shelfmark">National Library of Scotland; MS. 42421, ff. 47r-48v</bibl>
				<bibl xml:id="ccnumber">Letters, 1631</bibl>
				<bibl xml:id="recipient"><persName>Murray, John III, 1808-1892</persName></bibl>
				<bibl xml:id="date"><date when="1865-03-04">4 March 1865</date></bibl>
				<bibl xml:id="where">Newstead Abbey</bibl>
			</sourceDesc>
		</fileDesc>
		<profileDesc>
			<langUsage>
				<language ident="en">English</language>
			</langUsage>
			<handNotes>
				<handNote xml:id="hand01">Scribe: Unknown</handNote>
			</handNotes>
		</profileDesc>
		<revisionDesc>
			<change>
				<date>2008-11-06</date>
				<name xml:id="CO">Caroline Overy</name>Initial Transcription by Caroline Overy
			</change>
			<change>
				<date>2008-11-25</date>
				<name xml:id="CL">Chris Lawrence</name>Proof by Chris Lawrence
			</change>
		</revisionDesc>
	</teiHeader>

	<text>
		<body xml:lang="en">
			<div>

	<pb n="0001" facs="liv_002216_0001"/><!--pb/@n='47r'-->
				<lb/><p rend="center"><space extent="1" unit="chars"/>4<hi rend="sup underline">th</hi> March 1865</p>
				<lb/><p rend="center"><space extent="1" unit="words"/><placeName>Newstead Abbey</placeName></p>
<lb/>
<lb/><p rend="no-indent">My Dear <persName>M<hi rend="sup underline">r</hi> Murray</persName></p>
				<lb/><p><space extent="1" unit="chars"/>After I had sent off 
<lb/>the corrections of your 
<lb/>friend I regretted 
<lb/>that I had not 
<lb/>incorporated them 
<lb/>into 4<hi rend="sup">th</hi> Revise myself 
<lb/>and sent him new 
<lb/>matter. If you will 
<lb/>kindly return them 
<lb/>namely B. C. D I shall 
<lb/>do so and today 
<lb/>I send pages 43-89 

	<pb n="0002" facs="liv_002216_0002"/><!--pb/@n='47v'-->
<lb/>2<hi rend="sup">nd</hi> Revise - which 
<lb/>are a portion of the 
<lb/>journey up the river 
<lb/>to the <placeName>Falls</placeName>, and if 
<lb/>he will let me have 
<lb/>them back in the 
<lb/>course of the week 
<lb/>I shall then be 
<lb/>able to give him 
<lb/>the narrative 
<w>con-<lb break="no"/>secutively,</w> and I 
<lb/>have no doubt 
<lb/>he may be able to 
<lb/>point out omissions<reg>.</reg>
<lb/>I am glad he mentions 
<lb/>the want of inform

	<pb n="0003" facs="liv_002216_0003"/><!--pb/@n='48r'-->
<lb/>ation about the 
<lb/>"steamers"<reg>.</reg> What I added 
<lb/>will give offence to 
<lb/>no one.</p>
<lb/><p>As by sending back 
<lb/>your friend<reg>'</reg>s corrections 
<lb/>to me &amp; 4<hi rend="sup underline">th</hi> Revise 
<lb/>I relieve him from 
<lb/>the work of in
<lb/>corporating his 
<lb/>corrections. I suppose 
<lb/>he may have gone 
<lb/>over 43-89 now 
<lb/>sent by Wednesday 
<lb/>next and will 
<lb/>therefore send new 
<lb/>matters on that day 

	<pb n="0004" facs="liv_002216_0004"/><!--pb/@n='48v'-->
<lb/>to keep him going - the 
<lb/>reason why the 
<w>con-<lb break="no"/>secutive</w> narrative is 
<lb/>not sent is I made 
<lb/>additions &amp; these have 
<lb/>not come back from 
<lb/><persName>Clowes</persName>. He will do 
<lb/>good service by 
<lb/>going over it as a 
<lb/>whole - there may 
<lb/>be repetitions which 
<lb/>I don<reg>'</reg>t notice - I 
<lb/>think sometimes I walk 
<lb/>into the Portuguese 
<lb/>too savagely. Hoping 
<lb/>you will excuse 
<lb/>this trouble<reg>.</reg></p>
<lb/><p rend="no-indent">I am &amp;c David Livingstone</p>
			
</div>
		</body>
	</text></TEI>