<?xml version="1.0" encoding="UTF-8"?>
<?xml-model href="http://livingstoneonline.github.io/LEAP-ODD/leap.rng" type="application/xml" schematypens="http://relaxng.org/ns/structure/1.0"?>
<?xml-model href="http://livingstoneonline.github.io/LEAP-ODD/leap.rng" type="application/xml" schematypens="http://purl.oclc.org/dsdl/schematron"?>
 <?xml-stylesheet href="http://livingstoneonline.github.io/LEAP-XSLT/transcription.xsl" type="text/xsl"?>
 <!--Converted from a TEI P4 XML file to the LEAP TEI P5 Schema by James Cummings on 2015-03-02--><!--TEI encoding revised and standardized by Adrian S. Wisnicki, 2015-2016-->
         <TEI xmlns="http://www.tei-c.org/ns/1.0" xml:id="liv_002206"><!-- LP56 -->
	<teiHeader>
		<fileDesc>
			<titleStmt>
				<title>Letter to [Joseph B. Braithwaite?]</title>
                <title type="alternative">Letter to [Joseph B. Braithwaite?], 24 February 1865</title>
				<author xml:id="DL">Livingstone, David, 1813-1873</author>
			</titleStmt>
			<publicationStmt>
				<authority>Livingstone Online</authority>
				<pubPlace>London</pubPlace>
				<date>2005-05-04</date>
				<publisher>Wellcome Centre for the History of Medicine, UCL</publisher>
				<idno type="LEAP-ID">liv_002206</idno>
			</publicationStmt>
			<sourceDesc>
				<bibl xml:id="ccnumber">Letters, 1622</bibl>
				<bibl xml:id="recipient"><persName>Braithwaite, Joseph B., 1818-1905</persName></bibl>
				<bibl xml:id="date"><date when="1865-02-24">24 February 1865</date></bibl>
				<bibl xml:id="where">Newstead Abbey</bibl>
				<bibl xml:id="shelfmark">Wellcome Institute for the History of Medicine. Library; 7329 56</bibl><!--1865-02-24--><!--Original:1865-02-24-->
				<bibl xml:id="extent">4 pages</bibl>
			</sourceDesc>
		</fileDesc>
		<revisionDesc>
			<change>
				<date>2005-05-04</date>
				<name xml:id="SM">Sharon Messenger</name>Initial Transcription
			</change>
			<change>
				<date>2006-02-14</date>
				<name xml:id="JB">Janet Browne</name>first proof
			</change>
			<change>
				<date>2006-03-02</date>
				<name xml:id="CO">Caroline Overy</name>final proof
			</change>
		</revisionDesc>
	</teiHeader>

	<text>
		<body>
			<div>

	<pb n="0001" facs="liv_002206_0001"/><!--pb/@n='1'-->
<!--Hand 01 49 top left--><!--Hand 02 67707 top right--><!--headed paper--><!--<p rend="right"><hi rend="italic">Newstead Abbey,</hi></p>
<p rend="right"><hi rend="italic">Mansfield, Notts.</hi></p>--><!--end of headed type-->
				<lb/><p><space extent="1" unit="words"/>24 <choice><abbr>Feby</abbr><expan>February</expan></choice></p>
				<lb/><p rend="center"><space extent="1" unit="words"/>1865</p>
<lb/><p rend="no-indent">My Dear Friend</p>
				<lb/><p><space extent="1" unit="chars"/>I thank you 
<lb/>very much for 
<lb/>your kind note 
<lb/>when you found 
<lb/>that I had called 
<lb/>at your chambers 
<lb/>I was going to tell 
<lb/>you that my 
<lb/>way was smooth 

	<pb n="0002" facs="liv_002206_0002"/><!--pb/@n='2'-->
<lb/>towards another 
<lb/>endeavour to 
<lb/>get the slave trade 
<lb/>supplanted by the 
<lb/>free by the <choice><abbr>R.G.S.</abbr><expan>Royal Geographical Society</expan></choice>
<lb/>offering £500 for 
<lb/>ascertaining the 
<lb/>watershed of that 
<lb/>part of the country 
<lb/>about Lake Nyassa 
<lb/>and that though I 
<lb/>would not go for it 
<lb/>alone will be in 
<lb/>my way in trying 
<lb/>to get an inlet to the 
<lb/>interior north of the 
<lb/>Portuguese. The 

	<pb n="0003" facs="liv_002206_0003"/><!--pb/@n='3'-->
<lb/>Foreign Office give 
<lb/>another £500 - and 
<lb/>a friend who does 
<lb/>not wish the name 
<lb/>known a thousand 
<lb/>If I only had Robert 
<lb/>(<unclear cert="low">if alive</unclear>) home to go 
<lb/>with me I should 
<lb/>do pretty well. Lord 
<lb/>R. promised another 
<lb/>commission but 
<lb/>I think it will have 
<lb/>to be mentioned in 
<lb/>Parliament &amp; I should 
<lb/>be glad if I knew 
<lb/>some one to second 
<lb/>it. That is all I know.</p>
<lb/><p>I enclose a letter 
<lb/>from John Moffat 

	<pb n="0004" facs="liv_002206_0004"/><!--pb/@n='4'-->
<lb/>which I hope you 
<lb/>will have time to 
<lb/>read &amp; let me have 
<lb/>it back by the beginning 
<lb/>of the month. I 
<lb/>asked D<hi rend="sup underline">r</hi><unclear cert="high">Tidman</unclear>
<lb/>for information 
<lb/>as soon as I came 
<lb/>home &amp; he gave me 
<lb/>extracts from his 
<lb/>fathers letters alone 
<lb/>I think I have told 
<lb/>John exactly how 
<lb/>I feel. I would have 
<lb/>written as if I cared 
<lb/>nothing but having 
<lb/>had letters twice from 
<lb/>Kuruman if not three 
<lb/>times I think that I ought 
<lb/><!--the following is written up the side of page one--> to have been written to with much esteem 
<lb/>I am &amp;c David Livingstone</p>
			
</div>
		</body>
	</text></TEI>