<?xml version="1.0" encoding="UTF-8"?>
<?xml-model href="http://livingstoneonline.github.io/LEAP-ODD/leap.rng" type="application/xml" schematypens="http://relaxng.org/ns/structure/1.0"?>
<?xml-model href="http://livingstoneonline.github.io/LEAP-ODD/leap.rng" type="application/xml" schematypens="http://purl.oclc.org/dsdl/schematron"?>
 <?xml-stylesheet href="http://livingstoneonline.github.io/LEAP-XSLT/transcription.xsl" type="text/xsl"?>
 <!--Converted from a TEI P4 XML file to the LEAP TEI P5 Schema by James Cummings on 2015-03-02--><!--TEI encoding revised and standardized by Adrian S. Wisnicki, 2015-2016-->
         <TEI xmlns="http://www.tei-c.org/ns/1.0" xml:id="liv_002234">
	<teiHeader>
		<fileDesc>
			<titleStmt>
				<title>Letter to [James Napier]</title>
                <title type="alternative">Letter to [James Napier], 23 March 1865</title>
				<author xml:id="DL">Livingstone, David, 1813-1873</author>
			</titleStmt>
			<publicationStmt>
				<authority>Livingstone Online</authority>
				<pubPlace>London</pubPlace>
				<date>2008-02-04</date>
				<publisher>Wellcome Centre for the History of Medicine, UCL</publisher>
				<idno type="LEAP-ID">liv_002234</idno>
			</publicationStmt>
			<sourceDesc>
				<bibl xml:id="shelfmark">University of Strathclyde. Andersonian Library</bibl>
				<bibl xml:id="ccnumber">Letters, 1648</bibl>
				<bibl xml:id="recipient"><persName>Napier, James, 1820-1884</persName></bibl>
				<bibl xml:id="date"><date when="1865-03-23">23 March 1865</date></bibl>
				<bibl xml:id="where">Newstead Abbey</bibl>
			</sourceDesc>
		</fileDesc>
		<profileDesc>
			<langUsage>
				<language ident="en">English</language>
			</langUsage>
			<handNotes>
				<handNote xml:id="hand01">Scribe: Unknown</handNote>
			</handNotes>
		</profileDesc>
		<revisionDesc>
			<change>
				<date>2008-03-04</date>
				<name xml:id="SM">Sharon Messenger</name>Initial Transcription by Sharon Messenger
			</change>
			<change>
				<date>2008-08-16</date>
				<name xml:id="CL">Chris Lawrence</name>Proofed by Chris Lawrence
			</change>
		</revisionDesc>
	</teiHeader>

	<text>
		<body xml:lang="en">
			<div>

	<pb n="0001" facs="liv_002234_0001"/><!--pb/@n='1'-->
				<lb/><p rend="center"><space extent="3" unit="chars"/>23 March 1865 </p><!-- TRANSC: headed notepaper not displayed:
<p><placeName>Newstead Abbey</placeName> <lb/><placeName>Mansfield</placeName> <lb/><placeName>Notts</placeName></p>
-->
<lb/>
<lb/><p rend="no-indent">My Dear Sir</p>
<lb/><p>No 3. is most like 
<lb/>what is wanted - 
<lb/>the stone is placed 
<lb/>sloping away 
<lb/>from the person 
<lb/>grinding. She has the 
<lb/>rule so far under 
<lb/>her as to give her 
<lb/>weight to the move
<lb/>able stone. It is 
<lb/>placed on a mat 
<lb/>or skin to catch 

	<pb n="0002" facs="liv_002234_0002"/><!--pb/@n='2'-->
<lb/>the meal as it slips off 
<lb/>at the lower end<reg>.</reg></p>
<lb/><p>Put a <choice><sic>killt</sic><corr>kilt</corr></choice> on 
<lb/>from waist to knees 
<lb/>above that bare 
<lb/>with a string of beads 
<lb/>on the neck - neat 
<lb/>hands are usual 
<lb/>in the originals - 
<lb/>You might make 
<lb/>a front view 
<lb/>like 3. &amp; a side 
<lb/>one - the knees 
<lb/>being right at the 
<lb/>high part of the stone<reg>.</reg>

	<pb n="0003" facs="liv_002234_0003"/><!--pb/@n='3'-->
<lb/>Make a good face &amp; 
<lb/>head. Don<reg>'</reg>t follow 
<lb/>the usual formula 
<lb/>namely - Mouth like 
<lb/>that of a hippopotamus 
<lb/>Ears like waggon- 
<w>-<lb break="no"/>wheels</w> - no forehead 
<lb/>&amp; nose like the 
<lb/>droppings of a 
<lb/>cow and you 
<lb/>will oblige<reg>.</reg></p>
				<lb/><p rend="no-indent"><space extent="2" unit="chars"/>Yours &amp;c 
<lb/><persName>David Livingstone</persName></p>

	<pb n="0004" facs="liv_002234_0004"/><!--pb/@n='4'-->
<lb/><!--<pb n="04"/>-->

	<pb n="0005" facs="liv_002234_0005"/><!--pb/@n='5'-->
<ab type="envelope">
<address>
<addrLine><persName>M<hi rend="sup underline">r</hi> James Napier</persName></addrLine>
	<addrLine><space extent="2" unit="chars"/><placeName>Chemical works</placeName></addrLine>
	<addrLine><persName>D<hi rend="sup">r</hi> L</persName><space extent="1" unit="words"/><space extent="2" unit="chars"/><placeName>Bathgate</placeName></addrLine>
	<addrLine><space extent="4" unit="words"/><space extent="2" unit="chars"/>NB</addrLine>
</address>
</ab>

	<pb n="0006" facs="liv_002234_0006"/><!--pb/@n='6'-->
<lb/><!--<pb n="06"/>-->

			
</div>
		</body>
	</text></TEI>