<?xml version="1.0" encoding="UTF-8"?>
<?xml-model href="http://livingstoneonline.github.io/LEAP-ODD/leap.rng" type="application/xml" schematypens="http://relaxng.org/ns/structure/1.0"?>
<?xml-model href="http://livingstoneonline.github.io/LEAP-ODD/leap.rng" type="application/xml" schematypens="http://purl.oclc.org/dsdl/schematron"?>
<?xml-stylesheet href="http://livingstoneonline.github.io/LEAP-XSLT/transcription.xsl" type="text/xsl"?>
<!--TEI encoding revised and standardized by Adrian S. Wisnicki, 2015-2016-->
<TEI xmlns="http://www.tei-c.org/ns/1.0" xml:id="liv_002285">
    <!-- xml:id attribute value above should be same as the LEAP file name (without .xml suffix) -->
    <teiHeader>
        <fileDesc>
            <titleStmt>
				<title>Letter to James Hamilton</title>
                <title type="alternative">Letter to James Hamilton, 4 May 1865</title>
				<author xml:id="DL">Livingstone, David, 1813-1873</author>
                <principal>Adrian S. Wisnicki</principal>
                <principal>Christopher Lawrence</principal>
                <respStmt xml:id="AW">
                    <name>Adrian S. Wisnicki</name>
                    <resp>Transcription</resp>
                    <resp>TEI Encoding</resp>
                    <resp>Editorial Decisions</resp>
					<resp>Proofing</resp>
					<resp>Encoding Review</resp>
                </respStmt>
				<respStmt xml:id="CL">
					<name>Christopher Lawrence</name>
					<resp>Final proofing</resp>
				</respStmt>
                <respStmt xml:id="HB">
                    <name>Heather F. Ball</name>
                    <resp>Transcription</resp>
                    <resp>TEI Encoding</resp>
                    <resp>Editorial Decisions</resp>
					<resp>Proofing</resp>
					<resp>Quality Control and Integration</resp>
                </respStmt>
                <respStmt xml:id="AM">
                    <name>Anne Martin</name>
                    <resp>Transcription</resp>
                    <resp>TEI Encoding</resp>
					<resp>Proofing</resp>
                </respStmt>
            </titleStmt>
            <publicationStmt>
                <authority>Livingstone Online</authority>
                <publisher>University of Maryland Libraries</publisher>
                <pubPlace>College Park, MD, USA</pubPlace>
                <date>2015</date>
				<idno type="LEAP-ID">liv_002285</idno>
            </publicationStmt>
            <sourceDesc>
                <msDesc>
                    <msIdentifier>
                        <country>United Kingdom</country>
                        <settlement>Blantyre</settlement>
                        <repository>David Livingstone Centre</repository>
                        <idno type="shelfmark">783</idno>
                        <altIdentifier>
                            <idno type="ccnumber">Letters, 1697</idno>
                        </altIdentifier>
                    </msIdentifier>
                    <physDesc>
                        <handDesc>
                            <handNote xml:id="U"><label>Unknown Hand</label> This hand is unknown
                                but thought not David Livingstone's.</handNote>
                        </handDesc>
                    </physDesc>
                </msDesc>
                <bibl type="sourceMetadata">
                    <title>Letter to James Hamilton, 4 May 1865</title>
                    <author>Livingstone, David, 1813-1873</author>
                    <date type="composition" when="1865-05-04">4 May 1865</date>
                    <placeName type="compositionPlace">8 Dover Street, Piccadilly</placeName>
                    <persName type="addressee">Hamilton, James, 1814-1867</persName>
                </bibl>
            </sourceDesc>
        </fileDesc>
        <profileDesc>
            <langUsage>
                <language ident="en">English</language>
            </langUsage>
        </profileDesc>
        <revisionDesc>
			<change when="2015-10-18" who="#CL">Corrections</change>
			<change when="2015-08-22" who="#AW">Coding Review</change>
            <change when="2015-08-01" who="#HB">Proofing and Quality Control</change>
            <change when="2014-08-18" who="#AM">Initial Transcription and TEI Encoding</change>
        </revisionDesc>
    </teiHeader>

    <text>
        <body>
            <div>
                
	<pb facs="liv_002285_0001" n="0001"/>
<lb/><p rend="no-indent"><space extent="2" unit="words"/><placeName>8 Dover Street</placeName>
    <lb/><space extent="2" unit="words"/><space extent="3" unit="chars"/><placeName>Piccadilly</placeName> 
    <lb/><space extent="2" unit="words"/><space extent="3" unit="chars"/><date when="1865-05-04">4<hi rend="sup underline">th</hi> May 1865</date></p>
<lb/>
<lb/><p rend="no-indent">My Dear <persName>D<hi rend="sup underline">r</hi> Hamilton</persName></p>
<lb/><p>Will you kindly
<lb/>forward <bibl>this note</bibl>
<lb/>to <persName>M<hi rend="sup underline">r</hi> Brodie</persName>?</p>
<lb/><p>A gentleman
<lb/>called <persName>Robert
<lb/>Arthington</persName> of
<lb/><placeName><settlement type="city">Leeds</settlement></placeName> wishes to
<lb/>make an effort
<lb/>to introduce the
<lb/><bibl>bible</bibl> into <placeName><country>Angola</country></placeName></p>
<lb/>
<lb/><cb/><ab>not knowing <choice><sic><persName>M<hi rend="sup">r</hi> Brodie</persName>s</sic><corr><persName>M<hi rend="sup">r</hi> Brodie</persName>'s</corr></choice> address
<lb/>I venture to trouble you With kind
<lb/><space extent="4" unit="words"/>regards to
<lb/><space extent="4" unit="words"/><persName>M<hi rend="sup underline">rs</hi> <choice><abbr>H</abbr><expan>Hamilton</expan></choice></persName> &amp;
<lb/><space extent="4" unit="words"/>family
<lb/><space extent="4" unit="words"/><persName>David Livingstone</persName></ab>

	<pb facs="liv_002285_0002" n="0002"/>
<lb/><p rend="no-indent">He has been led to
<lb/>this from reading
<lb/>my account of
<lb/>that country - He <!-- geog:  -->
<lb/>seems of a very
<lb/>ardent temperament
<lb/>uses the word
<lb/>Hallelujah! in <bibl>his
<lb/>letters</bibl> and is
<lb/>possessed of
<lb/>means - I <choice><sic>dont</sic><corr>don't</corr></choice>
<lb/>know him at
<lb/>all more that he
<lb/>sometimes writes
<lb/>to me, and in the 
<lb/>course he proposed
<lb/>to adopt I feared</p>
<lb/>
<lb/><cb/><ab><persName>Sir Roderick</persName> had a thousand at
<lb/>his reception last night</ab>

	<pb facs="liv_002285_0003" n="0003"/>
<lb/><p rend="no-indent">that he might lose a
<lb/>deal of money &amp; do
<lb/>no good. I therefore
<lb/>advised caution
<lb/>in dealing with the
<lb/><term type="people">Portuguese</term>. This
<lb/>advice he has
<lb/>taken in good spirit
<lb/>and now asks me
<lb/>to tell him what
<lb/>salary outfit
<lb/>passage money &amp;c
<lb/>ought to be given
<lb/>to a man who
<lb/>has been <supplied cert="high">an</supplied> <term type="occupation">agent</term> for
<lb/><orgName><term type="nationality">British</term> &amp; <choice><abbr>F.</abbr><expan cert="high"><term type="nationality">Foreign</term></expan></choice> Bible <!-- Adrian, it's not letting me use bibl tag for Bible here...any suggestions? HB --><!-- I don't see a way to fix this other than removing the <orgName> tag, so we have to choose one or the other. I've left as is, but added a comment for bibl. AW --><!-- bibl: Bible -->
<lb/>Society</orgName> who <w>propo<supplied cert="high">se</supplied></w>
<lb/>to settle at <placeName><settlement type="town">Loanda</settlement></placeName></p>
<lb/>
<lb/><cb/><ab>Everybody was there &amp; <persName>D<hi rend="sup underline">r</hi> Beke</persName>
<lb/><unclear cert="low">He</unclear> would be source of the <placeName><geogName type="river">Nile</geogName></placeName> man</ab>
<!-- alternatively, there might be a metamark just before the ampersand intended to bring in part or all of the 2nd line. So it would then read "Everybody was there who would be source of the Nile man & Dr Beke" AM --><!-- Doesn't look like it to me. Let's leave as is. AW -->

	<pb facs="liv_002285_0004" n="0004"/>
<lb/><p rend="no-indent">I advise him now
<lb/>to apply to <persName>M<hi rend="sup">r</hi> Silva</persName>
<lb/>through your elder
<lb/>and tell him that
<lb/>I <choice><sic>dont</sic><corr>don't</corr></choice> know <w>any<supplied>-</supplied>
<lb break="no"/>thing</w> of <choice><sic><persName>Silva</persName>s</sic><corr><persName>Silva</persName>'s</corr></choice> religious
<lb/>feelings but that
<lb/>the <term type="people">Portuguese</term>
<lb/>generally have very
<lb/>weak religious
<lb/>convictions and
<lb/>I have given him
<lb/><choice><sic><persName>M<hi rend="sup">r</hi> Brodie</persName>s</sic><corr><persName>M<hi rend="sup">r</hi> Brodie</persName>'s</corr></choice> card
<lb/>with the assurance
<lb/>that he will have
<lb/><term type="faith">Christian</term> sympathy
<lb/>with him. The
<lb/>card is gone and <!-- I think this continues onto the vertical text on p1 AM --><!-- Seems likely and is a typical Livingstone practice. AW -->
</p>

	<pb facs="liv_002285_0005" n="0005"/>
<ab>
<address>
<addrLine/><persName>Rev<hi rend="sup">d</hi> D<hi rend="sup underline">r</hi> Hamilton</persName>
    <addrLine/><space extent="3" unit="chars"/><placeName>48 Euston Square</placeName>
</address>
    <lb/><space extent="2" unit="chars"/><persName>D<hi rend="sup">r</hi> <choice><abbr>L</abbr><expan>Livingstone</expan></choice></persName> <!-- on same line there is an illlegible squiggle underneath the address AM --><!-- Looks like an "N" to me, but we can leave it untranscribed. AW -->
</ab>
            </div>
        </body>
    </text>

</TEI>
