<?xml version="1.0" encoding="UTF-8"?>
<?xml-model href="http://livingstoneonline.github.io/LEAP-ODD/leap.rng" type="application/xml" schematypens="http://relaxng.org/ns/structure/1.0"?>
<?xml-model href="http://livingstoneonline.github.io/LEAP-ODD/leap.rng" type="application/xml" schematypens="http://purl.oclc.org/dsdl/schematron"?>
 <?xml-stylesheet href="http://livingstoneonline.github.io/LEAP-XSLT/transcription.xsl" type="text/xsl"?>
 <!--Converted from a TEI P4 XML file to the LEAP TEI P5 Schema by James Cummings on 2015-03-02--><!--TEI encoding revised and standardized by Adrian S. Wisnicki, 2015-2016-->
         <TEI xmlns="http://www.tei-c.org/ns/1.0" xml:id="liv_002327">
	<teiHeader>
		<fileDesc>
			<titleStmt>
				<title>Letter to John Murray III</title>
                <title type="alternative">Letter to John Murray III, 3 June 1865</title>
				<author xml:id="DL">Livingstone, David, 1813-1873</author>
			</titleStmt>
			<publicationStmt>
				<authority>Livingstone Online</authority>
				<pubPlace>London</pubPlace>
				<date>2008-11-06</date>
				<publisher>Wellcome Centre for the History of Medicine, UCL</publisher>
				<idno type="LEAP-ID">liv_002327</idno>
			</publicationStmt>
			<sourceDesc>
				<bibl xml:id="shelfmark">National Library of Scotland; MS. 42421, ff. 74-75</bibl>
				<bibl xml:id="ccnumber">Letters, 1735</bibl>
				<bibl xml:id="recipient"><persName>Murray, John III, 1808-1892</persName></bibl>
				<bibl xml:id="date"><date when="1865-06-03">3 June 1865</date></bibl>
				<bibl xml:id="where">Burnbank Road, Hamilton</bibl>
			</sourceDesc>
		</fileDesc>
		<profileDesc>
			<langUsage>
				<language ident="en">English</language>
			</langUsage>
			<handNotes>
				<handNote xml:id="hand01">Scribe: Unknown</handNote>
			</handNotes>
		</profileDesc>
		<revisionDesc>
			<change>
				<date>2008-11-06</date>
				<name xml:id="CO">Caroline Overy</name>Initial Transcription by Caroline Overy
			</change>
			<change>
				<date>2008-11-18</date>
				<name xml:id="CL">Chris Lawrence</name>Proof by Chris Lawrence
			</change>
		</revisionDesc>
	</teiHeader>

	<text>
		<body xml:lang="en">
			<div>

	<pb n="0001" facs="liv_002327_0001"/><!--pb/@n='74r'-->
				<lb/><p><space extent="1" unit="chars"/>Burnbank Road</p>
				<lb/><p rend="center"><space extent="2" unit="chars"/><placeName>Hamilton</placeName></p>
				<lb/><p rend="center"><space extent="1" unit="words"/><space extent="1" unit="chars"/>3 June 1865</p>
<lb/>
<lb/><p rend="no-indent">My Dear <persName>M<hi rend="sup">r</hi> Murray</persName></p>
				<lb/><p><space extent="3" unit="chars"/>In reference to 
<lb/>the plan of giving 
<lb/>some copies to 
<lb/>Friends how 
<lb/>many do you 
<lb/>propose to be 
<lb/>so disposed of? 
<lb/>And as I have a 
<lb/>little time now 
<lb/>that my mother 

	<pb n="0002" facs="liv_002327_0002"/><!--pb/@n='74v'-->
<lb/>lingers, would it be 
<lb/>worth while to 
<lb/>write an autographic 
<lb/>with comp<hi rend="sup">ts</hi><!-- Expand this abbreviation? --> or 
<lb/>other words to be 
<lb/>pasted inside - 
<lb/>some people like 
<lb/>the autograph - 
<lb/>It might please 
<lb/>them &amp; not hurt 
<lb/>me.</p>
				<lb/><p rend="no-indent"><space extent="2" unit="chars"/>I am &amp;c</p>
<lb/><p rend="no-indent">David Livingstone</p>

	<pb n="0003" facs="liv_002327_0003"/><!--pb/@n='75r'-->
<lb/><p rend="no-indent">You might be able 
<lb/>to suggest some 
<lb/>men who would 
<lb/>take it kind of us 
<lb/>and make the 
<lb/>work known. 
<lb/>I know <persName>Spurgeon</persName><reg>,</reg>
<lb/><persName>Newman</persName><reg>,</reg><persName>Hall</persName><reg>,</reg>
<lb/><persName>Binney</persName> - <persName>Whewell</persName><reg>,</reg>
<lb/><persName>Sedgwick</persName> &amp;c.</p>
			
</div>
		</body>
	</text></TEI>