<?xml version="1.0" encoding="UTF-8"?>
<?xml-model href="http://livingstoneonline.github.io/LEAP-ODD/leap.rng" type="application/xml" schematypens="http://relaxng.org/ns/structure/1.0"?>
<?xml-model href="http://livingstoneonline.github.io/LEAP-ODD/leap.rng" type="application/xml" schematypens="http://purl.oclc.org/dsdl/schematron"?>
 <?xml-stylesheet href="http://livingstoneonline.github.io/LEAP-XSLT/transcription.xsl" type="text/xsl"?>
 <!--Converted from a TEI P4 XML file to the LEAP TEI P5 Schema by James Cummings on 2015-03-02--><!--TEI encoding revised and standardized by Adrian S. Wisnicki, 2015-2016-->
         <TEI xmlns="http://www.tei-c.org/ns/1.0" xml:id="liv_002299">
	<teiHeader>
		<fileDesc>
			<titleStmt>
				<title>Letter to John Kirk 2</title>
                <title type="alternative">Letter to John Kirk 2, 13 May 1865</title>
				<author xml:id="DL">Livingstone, David, 1813-1873</author>
			</titleStmt>
			<publicationStmt>
				<authority>Livingstone Online</authority>
				<pubPlace>London</pubPlace>
				<date>2008-01-28</date>
				<publisher>Wellcome Centre for the History of Medicine, UCL</publisher>
				<idno type="LEAP-ID">liv_002299</idno>
			</publicationStmt>
			<sourceDesc>
				<bibl xml:id="shelfmark">National Library of Scotland; Acc. 9942, ff. 24r-27v</bibl>
				<bibl xml:id="ccnumber">Letters, 1711</bibl>
				<bibl xml:id="recipient"><persName>Kirk, John 2, 1832-1922</persName></bibl>
				<bibl xml:id="date"><date when="1865-05-13">13 May 1865</date></bibl>
				<bibl xml:id="where">8 Dover St., London</bibl>
			</sourceDesc>
		</fileDesc>
		<profileDesc>
			<langUsage>
				<language ident="en">English</language>
			</langUsage>
			<handNotes>
				<handNote xml:id="hand01">Scribe: Unknown</handNote>
			</handNotes>
		</profileDesc>
		<revisionDesc>
			<change>
				<date>2008-01-28</date>
				<name xml:id="SM">Sharon Messenger</name>Initial Transcription by Sharon Messenger
			</change>
			<change>
				<date>2008-04-05</date>
				<name xml:id="CL">Chris Lawrence</name>Proof by Chris Lawrence
			</change>
		</revisionDesc>
	</teiHeader>

	<text>
		<body xml:lang="en">
			<div>

	<pb n="0001" facs="liv_002299_0001"/><!--pb/@n='24r'-->
<addSpan spanTo="#p24r-01" place="marginleft"><!--addSpan/@place='left hand margin fols. 24r 24v'--></addSpan>
<lb/><p rend="no-indent">the warm stream of humanity 
<lb/>chilling all who came near them.</p><anchor xml:id="p24r-01"/>
				<lb/><p rend="center"><placeName>8 Dover St</placeName></p>
				<lb/><p rend="center"><space extent="3" unit="chars"/><placeName>London</placeName></p>
				<lb/><p rend="center"><space extent="1" unit="words"/><space extent="1" unit="chars"/>13 May</p> 
<lb/><p rend="right">1865 </p>
<lb/><p rend="no-indent">My Dear <persName>Kirk</persName></p>
				<lb/><p><space extent="3" unit="chars"/><persName>Agnes</persName> won<reg>'</reg>t 
<lb/>undertake the selection 
<lb/>of a vignette so I 
<lb/>must do the best 
<lb/>I can. <choice><reg>Y</reg><orig>y</orig></choice>ou remember 
<lb/>a sphex which 
<lb/>used to kill tsetse 
<lb/>a long bodied rakish 
<lb/>craft of an insect<reg>.</reg>
<lb/>I don<reg>'</reg>t know its 
<lb/>native name but </p>

	<pb n="0002" facs="liv_002299_0002"/><!--pb/@n='24v'-->
<addSpan spanTo="#p24v-01" place="marginleft"><!--addSpan/@place='left hand margin'--></addSpan>
<lb/><p rend="no-indent">They have £17000 yet! </p><anchor xml:id="p24v-01"/> 
<lb/><p rend="no-indent"><persName>Oswell</persName> called today 
<lb/>and he thought of it<reg>.</reg>
<lb/>I shall take the 
<lb/>scroll to <persName>Murray</persName>
<lb/>on Monday <w>Morn-
<lb break="no"/>ing</w> &amp; see what he 
<lb/>thinks. I set <persName>Waller</persName>
<lb/>to draw a man 
<lb/>in a slave stick &amp; 
<lb/>the slave trader 
<lb/>holding the end 
<lb/><figure><!--<graphic style="display:block" url="LETT1843-1.gif"/>--><figDesc/></figure> with a gun in his hand<reg>.</reg>
<lb/>The sewing would 
<lb/>be better see if you </p>

	<pb n="0003" facs="liv_002299_0003"/><!--pb/@n='25r'-->
<addSpan spanTo="#p25r-01" place="marginleft"><!--addSpan/@place='left hand margin fols 25r 25v'--></addSpan>
<lb/><p rend="no-indent"><persName>Agnes</persName> sends kind regards &amp; 
<lb/>thanks for the offer of a ticket<reg>.</reg></p><anchor xml:id="p25r-01"/>
<lb/><p rend="no-indent">can<reg>'</reg>t light on something 
<lb/>better. We have a 
<lb/>birds eye view of 
<lb/>the falls as a 
<w>Front-<lb break="no"/>ispiece</w> - from one 
<lb/>I sent home in 1860<reg>.</reg>
<lb/>Palms however are 
<lb/>home manufacture 
<lb/>It gives a good idea 
<lb/>of them. </p>
<lb/><p><persName>Waller</persName> called with 
<lb/><persName>Alington</persName> yesterday 
<lb/>the latter would 
<lb/>like to go with me 
<lb/>and I believe pay 
<lb/>his own expenses 
<lb/>as he did with 
<lb/>the mission. He is </p>

	<pb n="0004" facs="liv_002299_0004"/><!--pb/@n='25v'-->
<addSpan spanTo="#p25v-01" place="marginleft"><!--addSpan/@place='left hand margin fols 25r 25v'--></addSpan>
<lb/><p rend="no-indent"><choice><reg>A</reg><orig>a</orig></choice>nd so do I to your mother. Hoping 
<lb/>she is better<reg>.</reg> I am &amp;c <persName>David Livingstone</persName></p><anchor xml:id="p25v-01"/>
<lb/><p rend="no-indent">a good fellow - 
<lb/>knows a little Zulu from 
<lb/>going into Panda's 
<lb/>country. I told him 
<lb/>what we have for 
<lb/>the whole thing<reg>.</reg>
<lb/>£500 from F. O. 
<lb/>£500 from RGS 
<lb/>and £1000 from 
<lb/>a private friend. 
<lb/>I would rather go 
<lb/>alone than take 
<lb/>any one untried<reg>.</reg>
<lb/>I suffered too much 
<lb/>from <persName>Bedingfield</persName>
<lb/>&amp; co. I would be 
<lb/>delighted if we could 
<lb/>be together but I fear 

	<pb n="0005" facs="liv_002299_0005"/><!--pb/@n='26r'-->
<lb/>the money won<reg>'</reg>t 
<lb/>reach a salary<reg>.</reg>
<lb/>Could <persName>Lord Dalhousie</persName>
<lb/>not manage a salary 
<lb/>for you<reg>?</reg> - I mean 
<lb/>to go up <placeName>Rovuma</placeName>
<lb/>to where we turned 
<lb/>in boats - Make 
<lb/><placeName>Ndonde's</placeName> a depot 
<lb/>for goods - Not 
<lb/>many for I don<reg>'</reg>t 
<lb/>mean to waste 
<lb/>men as <persName>Speke</persName> &amp; 
<lb/><persName>Burton</persName> did. <choice><reg>N</reg><orig>n</orig></choice>or 
<lb/>go in grande array 
<lb/>twenty or twenty 
<lb/>five Indians <persName>Sir 
<lb/>Bartle Frere</persName> told me 
<lb/>that they were <gap extent="1" unit="words" agent="damage"/>

	<pb n="0006" facs="liv_002299_0006"/><!--pb/@n='26v'-->
<lb/>faithful - I would 
<lb/>not bring them into 
<lb/>contact with 
<w>Zanzibar-<lb break="no"/>ites</w> at all. Then go 
<lb/>up along <placeName>Rovuma</placeName>
<lb/>westwards of whom 
<lb/>we heard as good &amp; 
<lb/>having many buffaloes 
<lb/>in their country - then 
<lb/>get into communication 
<lb/>with the Mazitu if 
<lb/>they are still further 
<lb/>west - and if they 
<lb/>are to the South go 
<lb/>among the Manganja 
<lb/>who are great 
<lb/>elephant hunters about 

	<pb n="0007" facs="liv_002299_0007"/><!--pb/@n='27'-->
<lb/><placeName>Bemba</placeName> and work 
<lb/>quietly west. </p>
<lb/><p>We were always in 
<lb/>too great a hurry 
<lb/>last expedition<reg>.</reg> I 
<lb/>would have more 
<lb/>time &amp; get better 
<lb/>acquainted with 
<lb/>the natives and 
<lb/>try to give them 
<lb/>some idea of our 
<lb/>objects as we go 
<lb/>along. </p>
<lb/><p>I told <persName>Alington</persName> that 
<lb/>I would take tea 
<lb/>coffee &amp; flour to last 
<lb/>a long time but not 
<lb/>much else - &amp; that 

	<pb n="0008" facs="liv_002299_0008"/><!--pb/@n='27v'-->
<lb/>he might think about it<reg>.</reg></p>
<lb/><p>What do you say to a 
<lb/>talk with <persName>L<hi rend="sup">d</hi> Dalhousie</persName>
<lb/>about it? I shall be 
<lb/>here till 23<hi rend="sup">d</hi>. </p>
<lb/><p>Thanks for the 
<lb/>information about 
<lb/>poor <persName>Baikie</persName>. It is 
<lb/>very sad. I did not 
<lb/>quite believe <persName>May<reg>'</reg>s</persName> stories<reg>.</reg></p>
<lb/><p rend="no-indent">Of course I shall keep 
<lb/>it secret but it does 
<lb/>appear sad, and enough 
<lb/>to discourage the F.O. 
<lb/>altogether. </p>
<lb/><p rend="no-indent"><persName>Rowley</persName> talked 2 hours 
<lb/>yesterday. <persName>Waller</persName> called 
<lb/>the anthropologists 
<lb/>Icebergs floating down </p>

			
</div>
		</body>
	</text></TEI>