<?xml version="1.0" encoding="UTF-8"?>
<?xml-model href="http://livingstoneonline.github.io/LEAP-ODD/leap.rng" type="application/xml" schematypens="http://relaxng.org/ns/structure/1.0"?>
<?xml-model href="http://livingstoneonline.github.io/LEAP-ODD/leap.rng" type="application/xml" schematypens="http://purl.oclc.org/dsdl/schematron"?>
 <?xml-stylesheet href="http://livingstoneonline.github.io/LEAP-XSLT/transcription.xsl" type="text/xsl"?>
 <!--Converted from a TEI P4 XML file to the LEAP TEI P5 Schema by James Cummings on 2015-03-02--><!--TEI encoding revised and standardized by Adrian S. Wisnicki, 2015-2016-->
         <TEI xmlns="http://www.tei-c.org/ns/1.0" xml:id="liv_002231">
	<teiHeader>
		<fileDesc>
			<titleStmt>
				<title>Letter to John Murray III</title>
                <title type="alternative">Letter to John Murray III, 21 March 1865</title>
				<author xml:id="DL">Livingstone, David, 1813-1873</author>
			</titleStmt>
			<publicationStmt>
				<authority>Livingstone Online</authority>
				<pubPlace>London</pubPlace>
				<date>2008-11-06</date>
				<publisher>Wellcome Centre for the History of Medicine, UCL</publisher>
				<idno type="LEAP-ID">liv_002231</idno>
			</publicationStmt>
			<sourceDesc>
				<bibl xml:id="shelfmark">National Library of Scotland; MS. 42421, ff. 57r-58v</bibl>
				<bibl xml:id="ccnumber">Letters, 1645</bibl>
				<bibl xml:id="recipient"><persName>Murray, John III, 1808-1892</persName></bibl>
				<bibl xml:id="date"><date when="1865-03-21">21 March 1865</date></bibl>
				<bibl xml:id="where">Newstead Abbey</bibl>
			</sourceDesc>
		</fileDesc>
		<profileDesc>
			<langUsage>
				<language ident="en">English</language>
			</langUsage>
			<handNotes>
				<handNote xml:id="hand01">Scribe: Unknown</handNote>
			</handNotes>
		</profileDesc>
		<revisionDesc>
			<change>
				<date>2008-11-06</date>
				<name xml:id="CO">Caroline Overy</name>Initial Transcription by Caroline Overy
			</change>
		</revisionDesc>
	</teiHeader>

	<text>
		<body xml:lang="en">
			<div>

	<pb n="0001" facs="liv_002231_0001"/><!--pb/@n='57r'-->
				<lb/><p rend="center"><space extent="1" unit="words"/><space extent="1" unit="chars"/>21<hi rend="sup">st</hi> March</p><!--printed letterhead--><!--
<p rend="right">NEWSTEAD ABBEY</p>
<p rend="right">MANSFIELD</p>
<p rend="right">NOTTS</p>
--><!--end of printed letterhead-->
<lb/>
<lb/>
<lb/><p rend="no-indent">My Dear <persName>M<hi rend="sup underline">r</hi> Murray</persName></p>
				<lb/><p><space extent="3" unit="chars"/>Today I send your 
<lb/>friend - pages 13-28 
<lb/>&amp; 29-44 3<hi rend="sup underline">d</hi> Revise 
<lb/>These are all 
<w>con-<lb break="no"/>tinuous</w> narrative 
<lb/>chapters &amp; contents 
<lb/>of D<hi rend="sup underline">o</hi><reg>.</reg> They are 
<lb/>revised by himself 
<lb/>and contain all 
<lb/>mine too - so I 
<lb/>think all that is 
<lb/>required with them 
<lb/>is to see that the 

	<pb n="0002" facs="liv_002231_0002"/><!--pb/@n='57v'-->
<lb/>printer puts all 
<lb/>needed corrections 
<lb/>in &amp; if these are 
<lb/>all off my mind
<lb/>then I will send 
<lb/><hi rend="underline">continuous</hi> narrative 
<lb/>all through. First 
<lb/>Revises I shall 
<lb/>send to <persName>Clowes</persName>
<lb/>but as a great 
<lb/>deal is in 2<hi rend="sup">nd</hi> &amp; 
<lb/>3<hi rend="sup underline">d</hi> these I will 
<lb/>send to you to be 
<lb/>as these are to be 
<lb/>plus the present 
<lb/>corrections out of 

	<pb n="0003" facs="liv_002231_0003"/><!--pb/@n='58r'-->
<lb/>hand. If all your 
<lb/>workmen are as 
<lb/>troublesome to you 
<lb/>as I am then 
<lb/>your life is a 
<lb/>burden to you. 
<lb/>I sent a lot of the 
<lb/>beginning part 
<lb/>to you yesterday 
<lb/>&amp; think that 
<lb/>probably the parcel 
<lb/>contains what 
<lb/>your friend 
<lb/>wants. But 
<lb/>in case of omission 
<lb/>I send today 2<hi rend="sup">d</hi>
<lb/>Revise up to page 48. 

	<pb n="0004" facs="liv_002231_0004"/><!--pb/@n='58v'-->
<lb/>A good friend of mine 
<lb/>to whom I shewed 
<lb/>the introduction 
<lb/>thought that a line 
<lb/>such as that in the 
<lb/>2<hi rend="sup">d</hi> page was necessary 
<lb/>I asked him to put 
<lb/>in his idea, and he 
<lb/>did it in the line 
<lb/>which I refer to, 
<lb/>and as it is quite 
<lb/>true, it might be 
<lb/>inserted. If however 
<lb/>it is too late never 
<lb/>mind. I mention 
<lb/>it simply because 
<lb/>it is true &amp; some 
<lb/>might expect it. <!--no ending--></p>
			
</div>
		</body>
	</text></TEI>