<?xml version="1.0" encoding="UTF-8"?>

<?xml-model href="http://livingstoneonline.github.io/LEAP-ODD/leap.rng" type="application/xml" schematypens="http://relaxng.org/ns/structure/1.0"?>
<?xml-model href="http://livingstoneonline.github.io/LEAP-ODD/leap.rng" type="application/xml" schematypens="http://purl.oclc.org/dsdl/schematron"?>
 <?xml-stylesheet href="http://livingstoneonline.github.io/LEAP-XSLT/transcription.xsl" type="text/xsl"?>
 <!--Converted from a TEI P4 XML file to the LEAP TEI P5 Schema by James Cummings on 2015-03-02--><!--TEI encoding revised and standardized by Adrian S. Wisnicki, 2015-2016-->
         <TEI xmlns="http://www.tei-c.org/ns/1.0" xml:id="liv_002233">
	<teiHeader>
		<fileDesc>
			<titleStmt>
				<title>Letter to John Murray III</title>
                <title type="alternative">Letter to John Murray III, 23 March 1865</title>
				<author xml:id="DL">Livingstone, David, 1813-1873</author>
			</titleStmt>
			<publicationStmt>
				<authority>Livingstone Online</authority>
				<pubPlace>London</pubPlace>
				<date>2008-11-11</date>
				<publisher>Wellcome Centre for the History of Medicine, UCL</publisher>
				<idno type="LEAP-ID">liv_002233</idno>
			</publicationStmt>
			<sourceDesc>
				<bibl xml:id="shelfmark">National Library of Scotland; MS. 42421, ff. 59r-61v</bibl>
				<bibl xml:id="ccnumber">Letters, 1647</bibl>
				<bibl xml:id="recipient"><persName>Murray, John III, 1808-1892</persName></bibl>
				<bibl xml:id="date"><date when="1865-03-23">23 March 1865</date></bibl>
				<bibl xml:id="where">[Newstead Abbey?]</bibl>
			</sourceDesc>
		</fileDesc>
		<profileDesc>
			<langUsage>
				<language ident="en">English</language>
			</langUsage>
			<handNotes>
				<handNote xml:id="hand01">Scribe: Unknown</handNote>
			</handNotes>
		</profileDesc>
		<revisionDesc>
			<change>
				<date>2008-11-11</date>
				<name xml:id="CO">Caroline Overy</name>Initial Transcription by Caroline Overy
			</change>
			<change>
				<date>2008-11-18</date>
				<name xml:id="CL">Chris Lawrence</name>Proof by Chris Lawrence
			</change>
		</revisionDesc>
	</teiHeader>

	<text>
		<body xml:lang="en">
			<div>

	<pb n="0001" facs="liv_002233_0001"/><!--pb/@n='59r'-->
				<lb/><p rend="center"><space extent="3" unit="chars"/>23 March 1865</p><!--printed letterhead--><!--
<p rend="right">NEWSTEAD ABBEY</p>
<p rend="right">MANSFIELD</p>
<p rend="right">NOTTS</p>
--><!--printed letterhead ends here-->
<lb/>
<lb/><p rend="no-indent">My Dear <persName>M<hi rend="sup">r</hi> Murray</persName></p>
<lb/><p rend="no-indent">Many thanks for 
<lb/>your offer of a 
<lb/>book - I have no 
<lb/>copy &amp; should 
<lb/>like to have one.
<lb/><persName>M<hi rend="sup underline">r</hi>Webb</persName> offered 
<lb/>to get one for <persName>M<hi rend="underline">r</hi>
<lb/>Moffat</persName> but it 
<lb/>seems to have 
<lb/>gone out of his 
<lb/>head so you 

	<pb n="0002" facs="liv_002233_0002"/><!--pb/@n='59v'-->
<lb/>better send one to <persName>D<hi rend="sup">r</hi>
<lb/>Tidman</persName> writing 
<lb/>in it from whom 
<lb/>it is sent. Thanks 
<lb/>for <persName>Tylor</persName>. It contains 
<lb/>nothing worth men
<lb/>tioning on the point 
<lb/>the flint or stone 
<lb/>implements referred 
<lb/>to being comparatively 
<lb/>modern. That, 
<lb/>was all <persName>M<hi rend="sup">r</hi> Crawford</persName>
<lb/>had to adduce for 
<lb/>the Stone Age having 
<lb/>been all over the 
<lb/>world. I <choice><sic>recieved</sic><corr>received</corr></choice>
<lb/><!--reference--><persName>Denman</persName> &amp;c too<reg>.</reg>

	<pb n="0003" facs="liv_002233_0003"/><!--pb/@n='60r'-->
<lb/>Today I send you 
<lb/>45 - 56 - 57 - 73 
<lb/>73 - 82 - with 
<lb/>your friends 
<lb/>corrections all 
<lb/>inserted - and 
<lb/>manuscript heads 
<lb/>for chapters XII - XIII 
<lb/>XIV - XV - XVI all 
<lb/>straight. Indian 
<lb/>file but so many 
<lb/>corrections that 
<lb/>I should feel obliged 
<lb/>if it is seen to 
<lb/>that the printer may 
<lb/>put all in. I 
<lb/>think they will 
<lb/>then be perfect 

	<pb n="0004" facs="liv_002233_0004"/><!--pb/@n='60v'-->
<lb/>for the next slip I am to 
<lb/>want from one I 
<lb/>sent to the printer - the 
<lb/>Description of the 
<lb/><placeName>Falls</placeName> - I have your 
<lb/>friend<reg>'</reg>s corrections 
<lb/>for it here - but wait 
<lb/>till I get 83 89 3<hi rend="sup">d</hi>
<lb/>Revise from <persName>Clowes</persName><reg>.</reg>
<lb/>I shall go in at 
<lb/>Manuscript mean
<lb/>while.</p>
<lb/><p>My heart is very 
<lb/>sore for the <term type="tribe">Makololo</term>
<lb/>a letter last night 
<lb/>tells me a complete 
<lb/>smash up such 
<lb/>as we expected 
<lb/>has taken place 

	<pb n="0005" facs="liv_002233_0005"/><!--pb/@n='61r'-->
<lb/>in fact there is now 
<lb/>no <term type="tribe">Makololo</term> tribe 
<lb/><persName>Sekeletu</persName> died - &amp; 
<lb/>they got to fighting 
<lb/>among themselves 
<lb/>then &amp; black 
<lb/>tribes rose - killed 
<lb/>his successor 
<lb/>&amp; dispersed the 
<lb/>remainder who 
<lb/>fled leaving all 
<lb/>their wives &amp; 
<lb/>children. All my 
<lb/>goods which 
<lb/>were kept so 
<lb/>faithfully for 
<lb/>ten years are of 

	<pb n="0006" facs="liv_002233_0006"/><!--pb/@n='61v'-->
<lb/>course gone.</p>
<lb/><p>I send the <del type="strikethrough">pock</del>
<lb/>note book yesterday 
<lb/>and am &amp;c</p>
<lb/><p rend="no-indent">David Livingstone</p>
<lb/><p rend="no-indent">I omitted a 
<lb/>few words only 
<lb/>which seemed 
<lb/>to be the result 
<lb/>of not having 
<lb/>read the whole<reg>.</reg></p>
			
</div>
		</body>
	</text></TEI>