<?xml version="1.0" encoding="UTF-8"?>
<?xml-model href="http://livingstoneonline.github.io/LEAP-ODD/leap.rng" type="application/xml" schematypens="http://relaxng.org/ns/structure/1.0"?>
<?xml-model href="http://livingstoneonline.github.io/LEAP-ODD/leap.rng" type="application/xml" schematypens="http://purl.oclc.org/dsdl/schematron"?>
 <?xml-stylesheet href="http://livingstoneonline.github.io/LEAP-XSLT/transcription.xsl" type="text/xsl"?>
 <!--Converted from a TEI P4 XML file to the LEAP TEI P5 Schema by James Cummings on 2015-03-02--><!--TEI encoding revised and standardized by Adrian S. Wisnicki, 2015-2016-->
         <TEI xmlns="http://www.tei-c.org/ns/1.0" xml:id="liv_002279"><!-- LP66 -->
	<teiHeader>
		<fileDesc>
			<titleStmt>
				<title>Letter to William C. Oswell</title>
                <title type="alternative">Letter to William C. Oswell, [April 1865]</title>
				<author xml:id="DL">Livingstone, David, 1813-1873</author>
			</titleStmt>
			<publicationStmt>
				<authority>Livingstone Online</authority>
				<pubPlace>London</pubPlace>
				<date>2005-04-20</date>
				<publisher>Wellcome Centre for the History of Medicine, UCL</publisher>
				<idno type="LEAP-ID">liv_002279</idno>
			</publicationStmt>
			<sourceDesc>
				<bibl xml:id="ccnumber">Letters, 1691</bibl>
				<bibl xml:id="recipient"><persName>Oswell, William C., 1818-1893</persName></bibl>
				<bibl xml:id="date"><date when="1865-04-01">[April 1865]</date></bibl>
				<bibl xml:id="where">[Newstead Abbey]</bibl>
				<bibl xml:id="shelfmark">Wellcome Institute for the History of Medicine. Library; 7329 66</bibl><!--0000-00-00--><!--Original:Unknown-->
				<bibl xml:id="extent">3 pages</bibl>
			</sourceDesc>
		</fileDesc>
		<revisionDesc>
			<change>
				<date>2005-04-20</date>
				<name xml:id="CO">Caroline Overy</name>Initial Transcription
			</change>
			<change>
				<date>2006-02-14</date>
				<name xml:id="JB">Janet Browne</name>first proof
			</change>
			<change>
				<date>2006-02-21</date>
				<name xml:id="CL">Chris Lawrence</name>second proof
			</change>
			<change>
				<date>2006-03-01</date>
				<name xml:id="SM">Sharon Messenger</name>final proof
			</change>
		</revisionDesc>
	</teiHeader>

	<text>
		<body>
			<div>

	<pb n="0001" facs="liv_002279_0001"/><!--pb/@n='1'-->
<!--Hand 01 61 top left--><!--hand 02 63318 top right-->
<lb/><p>One Oclock Monday</p>
<lb/>
<lb/><p rend="no-indent">My Dear Oswell</p>
<lb/><p>I sent some 
<lb/>of the last sheets 
<lb/>an hour ago 
<lb/>&amp; now enclose 
<lb/>a request if you 
<lb/>can find time 
<lb/>for it and if 
<lb/>you do tell me 
<lb/>how many 
<lb/>sheets or pages 
<lb/>you want for 

	<pb n="0002" facs="liv_002279_0002"/><!--pb/@n='2'-->
<lb/>the whole of the 
<lb/>contents. Each 
<lb/>chapter is to be 
<lb/>represented by 
<lb/><hi rend="underline">two lines</hi> only</p>
<lb/><p>Will you try? 
<lb/>and oblige</p>
				<lb/><p rend="no-indent"><space extent="2" unit="chars"/>Yours ever</p>
<lb/><p rend="no-indent">David Livingstone</p>

	<pb n="0003" facs="liv_002279_0003"/><!--pb/@n='3'-->
<!--<note type="editorial" anchored="true"> note in different hand</note>-->
<!--Hand 03-->
<lb/><p rend="no-indent">"African stagnation from 
<lb/>same cause as that of other 
<lb/>nations - &amp; W.C.O</p>
			
</div>
		</body>
	</text></TEI>