<?xml version="1.0" encoding="UTF-8"?>
<?xml-model href="http://livingstoneonline.github.io/LEAP-ODD/leap.rng" type="application/xml" schematypens="http://relaxng.org/ns/structure/1.0"?>
<?xml-model href="http://livingstoneonline.github.io/LEAP-ODD/leap.rng" type="application/xml" schematypens="http://purl.oclc.org/dsdl/schematron"?>
 <?xml-stylesheet href="http://livingstoneonline.github.io/LEAP-XSLT/transcription.xsl" type="text/xsl"?>
 <!--Converted from a TEI P4 XML file to the LEAP TEI P5 Schema by James Cummings on 2015-03-02--><!--TEI encoding revised and standardized by Adrian S. Wisnicki, 2015-2016-->
         <TEI xmlns="http://www.tei-c.org/ns/1.0" xml:id="liv_002325">
	<teiHeader>
		<fileDesc>
			<titleStmt>
				<title>Letter to Arthur Tidman</title>
                <title type="alternative">Letter to Arthur Tidman, 2 June 1865</title>
				<author xml:id="DL">Livingstone, David, 1813-1873</author>
			</titleStmt>
			<publicationStmt>
				<authority>Livingstone Online</authority>
				<pubPlace>London</pubPlace>
				<date>2009-05-19</date>
				<publisher>Wellcome Centre for the History of Medicine, UCL</publisher>
				<idno type="LEAP-ID">liv_002325</idno>
			</publicationStmt>
			<sourceDesc>
				<bibl xml:id="shelfmark">University of London. School of Oriental and African Studies; CWM/LMS/Livingstone Wooden Box, item 114C</bibl>
				<bibl xml:id="ccnumber">Letters, 1733</bibl>
				<bibl xml:id="recipient"><persName>Tidman, Arthur, 1792-1868</persName></bibl>
				<bibl xml:id="date"><date when="1865-06-02">2 June 1865</date></bibl>
				<bibl xml:id="where">Burnbank Road, Hamilton</bibl>
			</sourceDesc>
		</fileDesc>
		<profileDesc>
			<langUsage>
				<language ident="en">English</language>
			</langUsage>
			<handNotes>
				<handNote xml:id="hand01">Scribe: Unknown</handNote>
			</handNotes>
		</profileDesc>
		<revisionDesc>
			<change>
				<date>2009-05-19</date>
				<name xml:id="SM">Sharon Messenger</name>Letter foliated by Sharon Messenger
			</change>
			<change>
				<date>2009-06-11</date>
				<name xml:id="CL">Chris Lawrence</name>Proofed by Chris
			</change>
		</revisionDesc>
	</teiHeader>

	<text>
		<body xml:lang="en">
			<div>

	<pb n="0001" facs="liv_002325_0001"/><!--pb/@n='1r'-->
				<lb/><p rend="no-indent"><space extent="2" unit="chars"/><placeName>Burnbank Road</placeName></p>
				<lb/><p><space extent="1" unit="chars"/><placeName>Hamilton</placeName> 2<hi rend="sup underline">d</hi> June </p>
				<lb/><p><space extent="1" unit="words"/><space extent="3" unit="chars"/>1865. </p>
<lb/>
<lb/><p rend="no-indent">Dear <persName>D<hi rend="sup underline">r</hi> Tidman</persName></p>
				<lb/><p><space extent="2" unit="chars"/><persName>D<hi rend="sup underline">r</hi> J. C. Meller</persName>
<lb/>who was surgeon 
<lb/>of the Pioneer while 
<lb/>that vessel was 
<lb/>under my charge, 
<lb/>is going out to 
<lb/><placeName>Madagascar</placeName> on 
<lb/>the 8<hi rend="sup underline">th</hi> current, 
<lb/>as Consul in 
<lb/>that Island. 

	<pb n="0002" facs="liv_002325_0002"/><!--pb/@n='1v'-->
<lb/>He has been there 
<lb/>for a short time 
<lb/>and saw <persName>M<hi rend="sup underline">r</hi> Ellis</persName>
<lb/>at the capital. 
<lb/>He always behaved 
<lb/>in a very kind 
<lb/>way to the 
<w>Mission-<lb break="no"/>aries</w> under <persName>bishop 
<lb/>Mackenzie,</persName> and 
<lb/>I think would be 
<lb/>disposed to treat 
<lb/>your missionaries 
<lb/>in <placeName>Madagascar</placeName>
<lb/>in the same way. </p>

	<pb n="0003" facs="liv_002325_0003"/><!--pb/@n='2r'-->
<lb/><p rend="no-indent">If you would like 
<lb/>to call upon him 
<lb/>his address is </p>
				<lb/><p rend="no-indent"><space extent="2" unit="chars"/><placeName>48 Queen Anne St.</placeName></p>
<lb/><p><placeName>Cavendish Square</placeName></p>
<lb/><p rend="no-indent">and it might dispose 
<lb/>him to regard your 
<lb/>friends there with 
<lb/>favour in case 
<lb/>of their requiring 
<lb/>his medical or 
<lb/>other services. 
<lb/>As he has some 
<lb/>little respect for 
<lb/>me as his old 
<lb/>chief, I have ventured 

	<pb n="0004" facs="liv_002325_0004"/><!--pb/@n='2v'-->
<lb/>to recommend him 
<lb/>to take the same kind 
<lb/>interest into <placeName><w>Mada-<lb break="no"/>gascar,</w></placeName> as he did 
<lb/>in the <placeName>Shire</placeName><w>mission-<lb break="no"/>aries,</w> and I said 
<lb/>that I would mention 
<lb/>his going out to 
<lb/>you<reg>.</reg></p>
				<lb/><p rend="no-indent"><space extent="3" unit="chars"/>Ever yours </p>
<lb/><p rend="no-indent"><persName>David Livingstone</persName></p>
			
</div>
		</body>
	</text></TEI>