<?xml version="1.0" encoding="UTF-8"?>
<?xml-model href="http://livingstoneonline.github.io/LEAP-ODD/leap.rng" type="application/xml" schematypens="http://relaxng.org/ns/structure/1.0"?>
<?xml-model href="http://livingstoneonline.github.io/LEAP-ODD/leap.rng" type="application/xml" schematypens="http://purl.oclc.org/dsdl/schematron"?>
 <?xml-stylesheet href="http://livingstoneonline.github.io/LEAP-XSLT/transcription.xsl" type="text/xsl"?>
 <!--Converted from a TEI P4 XML file to the LEAP TEI P5 Schema by James Cummings on 2015-03-02--><!--TEI encoding revised and standardized by Adrian S. Wisnicki, 2015-2016-->
         <TEI xmlns="http://www.tei-c.org/ns/1.0" xml:id="liv_002213"><!-- LP57 -->
	<teiHeader>
		<fileDesc>
			<titleStmt>
				<title>Letter to John Richardson</title>
                <title type="alternative">Letter to John Richardson, 2 March 1865</title>
				<author xml:id="DL">Livingstone, David, 1813-1873</author>
			</titleStmt>
			<publicationStmt>
				<authority>Livingstone Online</authority>
				<pubPlace>London</pubPlace>
				<date>2005-05-04</date>
				<publisher>Wellcome Centre for the History of Medicine, UCL</publisher>
				<idno type="LEAP-ID">liv_002213</idno>
			</publicationStmt>
			<sourceDesc>
				<bibl xml:id="ccnumber">Letters, 1628</bibl>
				<bibl xml:id="recipient"><persName>Richardson, John, 1787-1865</persName></bibl>
				<bibl xml:id="date"><date when="1865-03-02">2 March 1865</date></bibl>
				<bibl xml:id="where">Newstead Abbey</bibl>
				<bibl xml:id="shelfmark">Wellcome Institute for the History of Medicine. Library; 7329 57</bibl><!--1865-03-02--><!--Original:1865-03-02-->
				<bibl xml:id="extent">4 pages</bibl>
				<listPerson>
					<person xml:id="d1e65">
						<note type="rendNote">Sir John Richardson (1787-1865), Arctic explorer and naturalist. He was surgeon and naturalist on Lt. (later Sir) John Franklin\'s first two Arctic expeditions and, in 1847, led one of the search expeditions for Franklin. His published works include &lt;i&gt;Fauna Boreali-Americana&lt;/i&gt; (1829-37) and &lt;i&gt;The polar regions&lt;/i&gt; (1861).</note>
					</person>
					<person xml:id="d1e189">
						<note type="rendNote">Sir John Richardson (1787-1865), Arctic explorer and naturalist. He was surgeon and naturalist on Lt. (later Sir) John Franklin\'s first two Arctic expeditions and, in 1847, led one of the search expeditions for Franklin. His published works include &lt;i&gt;Fauna Boreali-Americana&lt;/i&gt; (1829-37) and &lt;i&gt;The polar regions&lt;/i&gt; (1861).</note>
					</person>
				</listPerson>
			</sourceDesc>
		</fileDesc>
		<revisionDesc>
			<change>
				<date>2005-05-04</date>
				<name xml:id="SM">Sharon Messenger</name>Initial Transcription
			</change>
			<change>
				<date>2006-02-20</date>
				<name xml:id="JB">Janet Browne</name>first proof
			</change>
			<change>
				<date>2006-03-02</date>
				<name xml:id="CO">Caroline Overy</name>final proof
			</change>
		</revisionDesc>
	</teiHeader>

	<text>
		<body>
			<div>

	<pb n="0001" facs="liv_002213_0001"/><!--pb/@n='1'-->
<!--Hand 01 50 top left--><!--Hand 02 64761 top right-->
<lb/><p rend="right">2 March 1865</p><!-- printed embossed address on paper <p rend="right"><placeName rend="Newstead Abbey, Nottinghamshire, originally an Augustinian priory founded by Henry II in about 1170. It was the home of the poet Lord Byron and sold by him in 1818. In 1861, it was purchased by William Frederick Webb (1829-1899), a big-game hunter, who Livingstone had met in 1850. Livingstone stayed at Newstead Abbey in 1864-65. (C&amp;C 249">NEWSTEAD ABBEY</placeName>,</p>
<p rend="right"><placeName>MANSFIELD.</placeName>.</p>
<p rend="right"><placeName>NOTTS.</placeName> <lb/></p>--><!--end of printed address-->
<lb/>
<lb/>
<lb/><p rend="no-indent">My Dear <persName ref="#d1e65">Sir John</persName></p>
<lb/><p>I thank you 
<lb/>very much for kindly 
<lb/>writing about the 
<lb/>trees in the <choice><sic>Artic</sic><corr>Arctic</corr></choice>
<lb/>regions putting 
<lb/>forth fresh leaves 
<lb/>while the roots 
<lb/>are still hard frozen. 
<lb/>This putting forth 
<lb/>of new buds &amp; 
<lb/>leaves while the 

	<pb n="0002" facs="liv_002213_0002"/><!--pb/@n='2'-->
<lb/>the roots can draw 
<lb/>no moisture is the 
<lb/>only part to which 
<lb/>I refer - but as it 
<lb/>is not essential 
<lb/>to the statement 
<lb/>that your name 
<lb/>be mentioned I 
<lb/>shall omit it. 
<lb/>I did not like to 
<lb/>mention your 
<lb/>name without 
<lb/>letting you know 
<lb/>beforehand.</p>

	<pb n="0003" facs="liv_002213_0003"/><!--pb/@n='3'-->
<lb/><p rend="no-indent">We had begun to 
<lb/>think in this 
<lb/>quarter that the 
<lb/><choice><sic>Artic</sic><corr>Arctic</corr></choice> climate had 
<lb/>come thus far 
<lb/>south - didn't 
<lb/>actually blame 
<lb/>the Admiralty 
<lb/>for some mistake 
<lb/>in the gulph 
<lb/>stream but 
<lb/>thought the 
<lb/>weather atrocious</p>
<lb/><p rend="no-indent">I hope you have 
<lb/>been enjoying 

	<pb n="0004" facs="liv_002213_0004"/><!--pb/@n='4'-->
<lb/><!-- MJH - changed to '4' from '3' --> good health through 
<lb/>it all and am 
<lb/>very Truly Yours</p>
<lb/><p rend="no-indent"><persName>David <surname>Livingstone</surname></persName></p>
<lb/><p rend="no-indent">To</p>
<lb/><p rend="no-indent"><persName ref="#d1e189">Sir John <surname>Richardson</surname></persName></p>
			
</div>
		</body>
	</text></TEI>