<?xml version="1.0" encoding="UTF-8"?>
<?xml-model href="http://livingstoneonline.github.io/LEAP-ODD/leap.rng" type="application/xml" schematypens="http://relaxng.org/ns/structure/1.0"?>
<?xml-model href="http://livingstoneonline.github.io/LEAP-ODD/leap.rng" type="application/xml" schematypens="http://purl.oclc.org/dsdl/schematron"?>
 <?xml-stylesheet href="http://livingstoneonline.github.io/LEAP-XSLT/transcription.xsl" type="text/xsl"?>
 <!--Converted from a TEI P4 XML file to the LEAP TEI P5 Schema by James Cummings on 2015-03-02--><!--TEI encoding revised and standardized by Adrian S. Wisnicki, 2015-2016-->
         <TEI xmlns="http://www.tei-c.org/ns/1.0" xml:id="liv_002132"><!-- LP52 -->
	<teiHeader>
		<fileDesc>
			<titleStmt>
				<title>Letter to James Atlay</title>
                <title type="alternative">Letter to James Atlay, 6 December 1864</title>
				<author xml:id="DL">Livingstone, David, 1813-1873</author>
			</titleStmt>
			<publicationStmt>
				<authority>Livingstone Online</authority>
				<pubPlace>London</pubPlace>
				<date>2005-05-10</date>
				<publisher>Wellcome Centre for the History of Medicine, UCL</publisher>
				<idno type="LEAP-ID">liv_002132</idno>
			</publicationStmt>
			<sourceDesc>
				<bibl xml:id="ccnumber">Letters, 1551</bibl>
				<bibl xml:id="recipient"><persName>Atlay, James, 1817-1894</persName></bibl>
				<bibl xml:id="date"><date when="1864-12-06">6 December 1864</date></bibl>
				<bibl xml:id="where">Newstead Abbey</bibl>
				<bibl xml:id="shelfmark">Wellcome Institute for the History of Medicine. Library; 7329 52</bibl><!--1864-12-06--><!--Original:1864-12-06-->
				<bibl xml:id="extent">4 pages</bibl>
			</sourceDesc>
		</fileDesc>
		<revisionDesc>
			<change>
				<date>2005-05-10</date>
				<name xml:id="SM">Sharon Messenger</name>Initial Transcription
			</change>
			<change>
				<date>2006-02-14</date>
				<name xml:id="JB">Janet Browne</name>first proof
			</change>
			<change>
				<date>2006-02-22</date>
				<name xml:id="CL">Chris lawrence</name>second proof
			</change>
			<change>
				<date>2005-03-02</date>
				<name xml:id="CO">Caroline Overy</name>final proof
			</change>
		</revisionDesc>
	</teiHeader>

	<text>
		<body>
			<div>

	<pb n="0001" facs="liv_002132_0001"/><!--pb/@n='1'-->
<!--Hand 01 45 top left--><!--Hand 02 64763 top right--><!--headed paper, printed italics<p rend="center">Newstead Abbey,</p>
<p rend="center">Mansfield, Notts.</p>--><!--end of headed type-->
<lb/><p rend="right">6 <choice><abbr>Dec<hi rend="sup underline">r</hi></abbr><expan>December</expan></choice> 1864</p>
<lb/><p>Dear Sir</p>
<lb/><p>I thank you 
<lb/>very much for 
<lb/>the kindly feeling 
<lb/>which prompted 
<lb/>you to invite me 
<lb/>to a missionary 
<lb/>meeting at Leeds, 
<lb/>but I had previously 
<lb/>declined to make 
<lb/>any public 

	<pb n="0002" facs="liv_002132_0002"/><!--pb/@n='2'-->
<lb/>appearance there 
<lb/>not from any 
<lb/>dislike to the place 
<lb/>or people but 
<lb/>on account of 
<lb/>wishing to spend 
<lb/>my time at home 
<lb/>in a work which 
<lb/>I hope may do 
<lb/>more good than 
<lb/>could be expected 
<lb/>from my stammering 
<lb/>tongue. I wish to 
<lb/>let it be known 
<lb/>to the public how our 

	<pb n="0003" facs="liv_002132_0003"/><!--pb/@n='3'-->
<lb/>efforts have been 
<lb/>baffled by the slave 
<lb/>trading Portuguese 
<lb/>and the book ought 
<lb/>to have been finished 
<lb/>by this time and 
<lb/>the author away 
<lb/>again. So I am 
<lb/>sure you will 
<lb/>kindly excuse me</p>
<lb/><p>You could not 
<lb/>have loved bishop 
<lb/>Mackenzie more 
<lb/>than I did. I had 
<lb/>him in the Pioneer 
<lb/>some six months 

	<pb n="0004" facs="liv_002132_0004"/><!--pb/@n='4'-->
<lb/>&amp; the more he was 
<lb/>known the better he 
<lb/>was liked. I deeply 
<lb/>grieve that his 
<lb/>mission has been 
<lb/>suspended for I 
<lb/>have no doubt but that 
<lb/>in time he would 
<lb/>have changed the 
<lb/>state of the country</p>
<lb/><p>With a kind salutation</p>
<lb/><p rend="center">I am &amp;c</p>
<lb/><p>David Livingstone</p>
<lb/><p><choice><abbr>Rev<hi rend="sup underline">d</hi></abbr><expan>Reverend</expan> </choice><choice><abbr>D<hi rend="sup underline">r</hi></abbr><expan>Doctor</expan></choice> Atley</p>
			
</div>
		</body>
	</text></TEI>