<?xml version="1.0" encoding="UTF-8"?>
<?xml-model href="http://livingstoneonline.github.io/LEAP-ODD/leap.rng" type="application/xml" schematypens="http://relaxng.org/ns/structure/1.0"?>
<?xml-model href="http://livingstoneonline.github.io/LEAP-ODD/leap.rng" type="application/xml" schematypens="http://purl.oclc.org/dsdl/schematron"?>
 <?xml-stylesheet href="http://livingstoneonline.github.io/LEAP-XSLT/transcription.xsl" type="text/xsl"?>
 <!--Converted from a TEI P4 XML file to the LEAP TEI P5 Schema by James Cummings on 2015-03-02--><!--TEI encoding revised and standardized by Adrian S. Wisnicki, 2015-2016-->
         <TEI xmlns="http://www.tei-c.org/ns/1.0" xml:id="liv_002236">
	<teiHeader>
		<fileDesc>
			<titleStmt>
				<title>Letter to John Kirk 2</title>
                <title type="alternative">Letter to John Kirk 2, 24 March 1865</title>
				<author xml:id="DL">Livingstone, David, 1813-1873</author>
			</titleStmt>
			<publicationStmt>
				<authority>Livingstone Online</authority>
				<pubPlace>London</pubPlace>
				<date>2008-01-28</date>
				<publisher>Wellcome Centre for the History of Medicine, UCL</publisher>
				<idno type="LEAP-ID">liv_002236</idno>
			</publicationStmt>
			<sourceDesc>
				<bibl xml:id="shelfmark">National Library of Scotland; Acc. 9942, ff. 18r-20v</bibl>
				<bibl xml:id="ccnumber">Letters, 1650</bibl>
				<bibl xml:id="recipient"><persName>Kirk, John 2, 1832-1922</persName></bibl>
				<bibl xml:id="date"><date when="1865-03-24">24 March 1865</date></bibl>
				<bibl xml:id="where">Newstead Abbey</bibl>
			</sourceDesc>
		</fileDesc>
		<profileDesc>
			<langUsage>
				<language ident="en">English</language>
			</langUsage>
			<handNotes>
				<handNote xml:id="hand01">Scribe: Unknown</handNote>
			</handNotes>
		</profileDesc>
		<revisionDesc>
			<change>
				<date>2008-01-28</date>
				<name xml:id="SM">Sharon Messenger</name>Initial Transcription by Sharon Messenger
			</change>
			<change>
				<date>2008-04-11</date>
				<name xml:id="CL">Chris Lawrence</name>Proofed by Chris Lawrence
			</change>
		</revisionDesc>
	</teiHeader>

	<text>
		<body xml:lang="en">
			<div>

	<pb n="0001" facs="liv_002236_0001"/><!--pb/@n='18r'-->
<addSpan spanTo="#p18r-01" place="marginleft"><!--addSpan/@place='left hand margin'--></addSpan>
<lb/><p rend="no-indent">Have you <persName>Capt<hi rend="sup">n</hi> Grant<reg>'</reg>s</persName> address? </p><anchor xml:id="p18r-01"/>
<lb/><p rend="right">24 March 1865 </p>
<lb/>
<lb/><p rend="no-indent">My Dear <persName>Kirk</persName></p>
<lb/><p>I feel very much 
<lb/>annoyed at the 
<lb/>refusal to print 
<lb/>your reply. They 
<lb/>ought to have refused 
<lb/><persName>Peters</persName> too, but this 
<lb/>knuckling down to 
<lb/>the Germans shews 
<lb/>them to be no great 
<lb/>things themselves<reg>.</reg>
<lb/>There is an immense 
<lb/>deal of "claw me &amp; 
<lb/>I<reg>'</reg>ll claw you" with 
<lb/>bowing to Germans 

	<pb n="0002" facs="liv_002236_0002"/><!--pb/@n='18v'-->
<lb/>immaculate conceptions<reg>.</reg>
<lb/>I have fired a shot 
<lb/>at the thing "kaia" 
<lb/>but had "a grave 
<lb/><placeName>Berlin</placeName> professor" 
<lb/>till last revise &amp; I 
<lb/>put out Berlin. I 
<lb/>enclose a proof 
<lb/>that you may see<reg>.</reg></p>
<lb/><p>Dry cupping has 
<lb/>been tried, it has 
<lb/>made the skin looser 
<lb/>and I think straightened 
<lb/>the leg but it is still to 
<lb/>
a certain degree locked<reg>.</reg>
<lb/>In speaking tonight 
<lb/>they both urged that 
<lb/>you should press 
<lb/><persName>Lord Dalhousie</persName>

	<pb n="0003" facs="liv_002236_0003"/><!--pb/@n='19r'-->
<lb/>now that the 
<w>Parlia-<lb break="no"/>ment</w> is going to be 
<lb/>dissolved to ask 
<lb/>for a Consulate - a 
<lb/>definite promise in 
<lb/>black &amp; white. They 
<lb/>will do anything 
<lb/>for an influential 
<lb/>man like him. It 
<lb/>is only by pressing 
<lb/>that anything can 
<lb/>be got. You know 
<lb/>him I suppose - 
<lb/>If you think that 
<lb/>I would do any 
<lb/>good give me his 
<lb/>address and I could 
<lb/>write him at the same 
<lb/>time or send my </p>

	<pb n="0004" facs="liv_002236_0004"/><!--pb/@n='19v'-->
<addSpan spanTo="#p19v-01" place="marginleft"><!--addSpan/@place='left hand margin'--></addSpan>
<lb/><p rend="no-indent">And I am to get no salary </p><anchor xml:id="p19v-01"/>
<lb/><p rend="no-indent">letter to you if you 
<lb/>think a reference to 
<lb/>me would help. The 
<lb/>way my brother got his 
<lb/>was not through me 
<lb/>except indirectly &amp; 
<lb/>so that I would not 
<lb/>be blate to apply 
<lb/>for another - I think 
<lb/>that really it is high 
<lb/>time that pressure 
<lb/>should be applied 
<lb/>for it is evident to 
<lb/>me <persName>M<hi rend="sup underline">r</hi> Wild</persName> having 
<lb/>spoken to <persName>Sir Roderick</persName>
<lb/>that after he had 
<lb/>reported what I 
<lb/>said to <persName>Lord Russell</persName>
<lb/>his Lordship must 

	<pb n="0005" facs="liv_002236_0005"/><!--pb/@n='20r'-->
<lb/>have said "See what <persName>Sir 
<lb/>Roderick</persName> says first"<reg>.</reg></p>
<lb/><p>Suppose you put the 
<lb/>case fairly to <persName>Lord 
<lb/>Dalhousie
</persName> - "no consulate 
<lb/>on the whole 900 
<lb/>miles of coast which 
<lb/>the Portuguese claim - 
<lb/>nor <add place="above">on</add> an equal line 
<lb/>of <placeName>Madagascar</placeName>
<lb/>where slaving is 
<lb/>going on &amp;c &amp;c. </p>
<lb/><p>The Comoro consulate 
<lb/>being a mere nothing 
<lb/>&amp; the <placeName>Zanzibar</placeName> one 
<lb/>having too much 
<lb/>to do - then the 
<lb/>scientific results 
<lb/>to be expected besides 

	<pb n="0006" facs="liv_002236_0006"/><!--pb/@n='20v'-->
<lb/>the consulate having 
<lb/>by a vote of the Lords 
<lb/>being insisted on 
<lb/>but at <unclear cert="low"><placeName>Benn-batouk 
<lb/>-bay</placeName></unclear> this would be 
<lb/>accomplished 
<lb/>without the 
<w>Govern-<lb break="no"/>ment</w> being forced 
<lb/>to follow the vote &amp;c 
<lb/>anything that will 
<lb/>make a good case 
<lb/>if fairly in <persName>Lord 
<lb/>Dalhousie<reg>'</reg>s</persName> head 
<lb/>would I feel sure 
<lb/>help you, and so 
<lb/>many people app<gap extent="4" unit="chars" agent="damage"/>
<lb/>that unless pressure 
<lb/>is put on nothing 
<lb/>will be done - </p>
<lb/><p>I am &amp;c <persName>David Livingstone</persName></p>  
			
</div>
		</body>
	</text></TEI>