<?xml version="1.0" encoding="UTF-8"?>
<?xml-model href="http://livingstoneonline.github.io/LEAP-ODD/leap.rng" type="application/xml" schematypens="http://relaxng.org/ns/structure/1.0"?>
<?xml-model href="http://livingstoneonline.github.io/LEAP-ODD/leap.rng" type="application/xml" schematypens="http://purl.oclc.org/dsdl/schematron"?>
 <?xml-stylesheet href="http://livingstoneonline.github.io/LEAP-XSLT/transcription.xsl" type="text/xsl"?>
 <!--Converted from a TEI P4 XML file to the LEAP TEI P5 Schema by James Cummings on 2015-03-02--><!--TEI encoding revised and standardized by Adrian S. Wisnicki, 2015-2016-->
         <TEI xmlns="http://www.tei-c.org/ns/1.0" xml:id="liv_002188">
	<teiHeader>
		<fileDesc>
			<titleStmt>
				<title>Letter to Charles A. Alington</title>
                <title type="alternative">Letter to Charles A. Alington, 11 February 1865</title>
				<author xml:id="DL">Livingstone, David, 1813-1873</author>
			</titleStmt>
			<publicationStmt>
				<authority>Livingstone Online</authority>
				<pubPlace>London</pubPlace>
				<date>2007-08-01</date>
				<publisher>Wellcome Centre for the History of Medicine, UCL</publisher>
				<idno type="LEAP-ID">liv_002188</idno>
			</publicationStmt>
			<sourceDesc>
				<bibl xml:id="shelfmark">National Library of Scotland; MS. 3651, ff. 83-84</bibl>
				<bibl xml:id="ccnumber">Letters, 1604</bibl>
				<bibl xml:id="recipient"><persName>Alington, Charles A., ?-1899</persName></bibl>
				<bibl xml:id="date"><date when="1865-02-11">11 February 1865</date></bibl>
				<bibl xml:id="where">Newstead Abbey</bibl>
			</sourceDesc>
		</fileDesc>
		<profileDesc>
			<langUsage>
				<language ident="en">English</language>
			</langUsage>
			<handNotes>
				<handNote xml:id="hand01">Scribe: Unknown</handNote>
			</handNotes>
		</profileDesc>
		<revisionDesc>
			<change>
				<date>2007-08-01</date>
				<name xml:id="SM">Sharon Messenger</name>Initial Transcription by Sharon Messenger
			</change>
			<change>
				<date>2007-03-04</date>
				<name xml:id="CL">Chris Lawrence</name>Proof by Chris Lawrence
			</change>
		</revisionDesc>
	</teiHeader>

	<text>
		<body xml:lang="en">
			<div>

	<pb n="0001" facs="liv_002188_0001"/><!--pb/@n='1'-->
<lb/><p rend="right">11 Feby 1865 </p>
<lb/>
<lb/><p rend="no-indent">My Dear <persName>M<hi rend="sup underline">r</hi> Alington</persName></p>
<lb/><p>The box referred to 
<lb/>in your note is 
<lb/>probably one of four 
<lb/>sent away from 
<lb/><placeName>Mozambique</placeName> without 
<lb/>any address by the 
<lb/>late <persName>M<hi rend="sup underline">r</hi> Burrup</persName>. 
<lb/>They belonged to <persName>D<hi rend="sup underline">r</hi>
<lb/>Kirk</persName> and they were 
<lb/>entrusted to M<hi rend="sup underline">r</hi> Rae 

	<pb n="0002" facs="liv_002188_0002"/><!--pb/@n='2'-->
<lb/>and to be addressed 
<lb/>by him at <placeName>Quillimane</placeName>
<lb/>he had neglected to do 
<lb/>so &amp; <persName>M<hi rend="sup underline">r</hi> Burrup</persName>
<lb/>finding them after
<lb/>wards at <placeName>Mosambique</placeName>
<lb/>sent them off some 
<lb/>where<reg>.</reg></p>
<lb/><p>After communicating 
<lb/>with the Admiralty 
<lb/>I think you had 
<lb/>better send it to the 
<lb/>"<placeName>Royal Botanic 
<lb/>Gardens</placeName>" <placeName>Kew</placeName>
<lb/><placeName>London</placeName>
<lb/><choice><reg>A</reg><orig>a</orig></choice>nd I shall write 

	<pb n="0003" facs="liv_002188_0003"/><!--pb/@n='3'-->
<lb/>to have it identified 
<lb/>Address it please to 
<lb/><persName>D<hi rend="sup underline">r</hi> J. D. Hooker</persName>, there. 
<lb/>By attending to this 
<lb/>you will much 
<lb/>oblige. Yours ever </p>
<lb/><p rend="no-indent"><persName>David Livingstone</persName></p>
<lb/><p>I think I told you 
<lb/>that I am going 
<lb/>out again as soon 
<lb/>as this book is out<reg>.</reg></p>
<lb/><p rend="no-indent">Did you hear of any 
<lb/>other boxes belong to 
<lb/>the expedition? 
<lb/><persName>M<hi rend="sup underline">r</hi> Young</persName> brought 

	<pb n="0004" facs="liv_002188_0004"/><!--pb/@n='4'-->
<lb/>all <persName>Thornton<reg>'</reg>s</persName> boxes 
<lb/>in his charge &amp; 
<lb/>reported them to me 
<lb/>as safe at <placeName>Portsmouth</placeName>
<lb/>long ago<reg>.</reg></p>
			
</div>
		</body>
	</text></TEI>