<?xml version="1.0" encoding="UTF-8"?>
<?xml-model href="http://livingstoneonline.github.io/LEAP-ODD/leap.rng" type="application/xml" schematypens="http://relaxng.org/ns/structure/1.0"?>
<?xml-model href="http://livingstoneonline.github.io/LEAP-ODD/leap.rng" type="application/xml" schematypens="http://purl.oclc.org/dsdl/schematron"?>
 <?xml-stylesheet href="http://livingstoneonline.github.io/LEAP-XSLT/transcription.xsl" type="text/xsl"?>
 <!--Converted from a TEI P4 XML file to the LEAP TEI P5 Schema by James Cummings on 2015-03-02--><!--TEI encoding revised and standardized by Adrian S. Wisnicki, 2015-2016-->
         <TEI xmlns="http://www.tei-c.org/ns/1.0" xml:id="liv_002140">
	<teiHeader>
		<fileDesc>
			<titleStmt>
				<title>Letter to John Murray III</title>
                <title type="alternative">Letter to John Murray III, 15 December 1864</title>
				<author xml:id="DL">Livingstone, David, 1813-1873</author>
			</titleStmt>
			<publicationStmt>
				<authority>Livingstone Online</authority>
				<pubPlace>London</pubPlace>
				<date>2008-11-19</date>
				<publisher>Wellcome Centre for the History of Medicine, UCL</publisher>
				<idno type="LEAP-ID">liv_002140</idno>
			</publicationStmt>
			<sourceDesc>
				<bibl xml:id="shelfmark">National Library of Scotland; MS. 42421, ff. 29r-30v</bibl>
				<bibl xml:id="ccnumber">Letters, 1558</bibl>
				<bibl xml:id="recipient"><persName>Murray, John III, 1808-1892</persName></bibl>
				<bibl xml:id="date"><date when="1864-12-15">15 December 1864</date></bibl>
				<bibl xml:id="where">Newstead Abbey</bibl>
			</sourceDesc>
		</fileDesc>
		<profileDesc>
			<langUsage>
				<language ident="en">English</language>
			</langUsage>
			<handNotes>
				<handNote xml:id="hand01">Scribe: Unknown</handNote>
			</handNotes>
		</profileDesc>
		<revisionDesc>
			<change>
				<date>2008-11-19</date>
				<name xml:id="CO">Caroline Overy</name>Initial Transcription by Caroline Overy
			</change>
			<change>
				<date>2008-11-22</date>
				<name xml:id="CL">Chris Lawrence</name>Proof by Chris Lawrence
			</change>
		</revisionDesc>
	</teiHeader>

	<text>
		<body xml:lang="en">
			<div>

	<pb n="0001" facs="liv_002140_0001"/><!--pb/@n='29r'-->
<!--printed letterhead--><!--
<p rend="center">NEWSTEAD ABBEY</p>
<p rend="center">MANSFIELD</p>
<p rend="center">NOTTS</p>
--><!--printed letterhead ends here-->
<lb/><p rend="right">15 Dec<hi rend="sup underline">r</hi> 1864</p>
<lb/><p rend="no-indent">My Dear <persName>M<hi rend="sup">r</hi> Murray</persName></p>
<lb/><p><persName>M<hi rend="sup underline">r</hi> &amp; M<hi rend="sup underline">rs</hi> Charles 
<lb/>Livingstone</persName> will 
<lb/>call on you to 
<lb/>try and arrange 
<lb/>about the book 
<lb/>in America - and 
<lb/>you know my 
<lb/>mind on that 
<lb/>so well I need 
<lb/>not say more 

	<pb n="0002" facs="liv_002140_0002"/><!--pb/@n='29v'-->
<lb/>than that if the 
<lb/>matter can be 
<lb/>put so that <persName>M<hi rend="sup underline">rs</hi> L.</persName>
<lb/>would get the 
<lb/>profits in America 
<lb/>I shall be glad. 
<lb/>The <persName>Harpers</persName> seem 
<lb/>to think that they 
<lb/>have a sort of 
<lb/>prescriptive right 
<lb/>to it. This <persName>M<hi rend="sup underline">rs</hi> L.</persName>
<lb/>found in 
<w>correspond-<lb break="no"/>ing</w> with them. 
<lb/>She consulted 
<lb/>an American 

	<pb n="0003" facs="liv_002140_0003"/><!--pb/@n='30r'-->
<lb/>lawyer &amp; he gave 
<lb/>a sort of form to 
<lb/>be filled up - I have 
<lb/>done so but it 
<lb/>looks so unlike 
<lb/>our legal documents 
<lb/>I fear it won<reg>'t</reg> do<reg>.</reg>
<lb/><choice><reg>T</reg><orig>t</orig></choice>he lawyer also 
<lb/>advised a deed 
<lb/>of gift to 
<w>circum-<lb break="no"/>vent</w> the sharpers 
<lb/>by a second line 
<lb/>of circumvallation 
<lb/>like - It seems that 
<lb/>no one pirated 
<lb/>the whole book 

	<pb n="0004" facs="liv_002140_0004"/><!--pb/@n='30v'-->
<lb/>from the Harpers save 
<lb/>one man with an 
<lb/>abridgement so it 
<lb/>may not be a losing 
<lb/>speculation to him 
<lb/>who gets it. 
<w>Green-<lb break="no"/>backs</w> will do for <persName>M<hi rend="sup underline">rs</hi>
<lb/>L.</persName> if they are only in 
<lb/>quantities so that 
<lb/>objection won<reg>'</reg>t stand<reg>.</reg>
<lb/>I know how very 
<lb/>busy you are at 
<lb/>present but beg 
<lb/>your patient help 
<lb/>in this case - I am &amp;c 
<lb/>David Livingstone</p>
			
</div>
		</body>
	</text></TEI>