<?xml version="1.0" encoding="UTF-8"?>
<?xml-model href="http://livingstoneonline.github.io/LEAP-ODD/leap.rng" type="application/xml" schematypens="http://relaxng.org/ns/structure/1.0"?>
<?xml-model href="http://livingstoneonline.github.io/LEAP-ODD/leap.rng" type="application/xml" schematypens="http://purl.oclc.org/dsdl/schematron"?>
 <?xml-stylesheet href="http://livingstoneonline.github.io/LEAP-XSLT/transcription.xsl" type="text/xsl"?>
 <!--Converted from a TEI P4 XML file to the LEAP TEI P5 Schema by James Cummings on 2015-03-02--><!--TEI encoding revised and standardized by Adrian S. Wisnicki, 2015-2016-->
         <TEI xmlns="http://www.tei-c.org/ns/1.0" xml:id="liv_002200">
	<teiHeader>
		<fileDesc>
			<titleStmt>
				<title>Letter to John Murray III</title>
                <title type="alternative">Letter to John Murray III, 20 February 1865</title>
				<author xml:id="DL">Livingstone, David, 1813-1873</author>
			</titleStmt>
			<publicationStmt>
				<authority>Livingstone Online</authority>
				<pubPlace>London</pubPlace>
				<date>2008-11-04</date>
				<publisher>Wellcome Centre for the History of Medicine, UCL</publisher>
				<idno type="LEAP-ID">liv_002200</idno>
			</publicationStmt>
			<sourceDesc>
				<bibl xml:id="shelfmark">National Library of Scotland; MS. 42421, ff. 40r-42v</bibl>
				<bibl xml:id="ccnumber">Letters, 1616</bibl>
				<bibl xml:id="recipient"><persName>Murray, John III, 1808-1892</persName></bibl>
				<bibl xml:id="date"><date when="1865-02-20">20 February 1865</date></bibl>
				<bibl xml:id="where">Newstead Abbey</bibl>
			</sourceDesc>
		</fileDesc>
		<profileDesc>
			<langUsage>
				<language ident="en">English</language>
			</langUsage>
			<handNotes>
				<handNote xml:id="hand01">Scribe: Unknown</handNote>
			</handNotes>
		</profileDesc>
		<revisionDesc>
			<change>
				<date>2008-11-04</date>
				<name xml:id="CO">Caroline Overy</name>Initial Transcription by Caroline Overy
			</change>
			<change>
				<date>2008-11-15</date>
				<name xml:id="CL">Chris Lawrence</name>Proof by Chris Lawrence
			</change>
		</revisionDesc>
	</teiHeader>

	<text>
		<body xml:lang="en">
			<div>

	<pb n="0001" facs="liv_002200_0001"/><!--pb/@n='40r'-->
<lb/><p rend="right">20 February</p>
<lb/><p rend="right"><space extent="1" unit="words"/>1865</p><!--printed letterhead--><!--
<p rend="right">Newstead Abbey</p>
<p rend="right">Mansfield</p>
<p rend="right">Notts</p>
--><!--end of printed letterhead-->
<lb/>
<lb/><p rend="no-indent">My Dear <persName>M<hi rend="sup underline">r</hi> Murray</persName></p>
<lb/><p>Will you be 
<lb/>kind enough to 
<lb/>give <persName>M<hi rend="sup underline">r</hi> Waller</persName>
<lb/>an introduction 
<lb/>to the artist-? He 
<lb/>will be able to 
<lb/>give him a 
<lb/>suggestion and 
<lb/>supposing he is 
<lb/>not a cantankerous 
<lb/>cove he will 

	<pb n="0002" facs="liv_002200_0002"/><!--pb/@n='40v'-->
<lb/>be <choice><sic>benefitted</sic><corr>benefited</corr></choice>. What 
<lb/>I meant particularly 
<lb/>is the end of the 
<lb/>fish basket which 
<lb/>I find has not 
<lb/>the zig zag opening 
<lb/>it ought to possess<reg>.</reg></p>
<lb/><p>I had to put a 
<lb/>great deal into the 
<lb/>III chapter which 
<lb/>will cause a 
<lb/>little delay but 
<lb/>when I get that 
<lb/>back <unclear cert="low">paging</unclear> the 

	<pb n="0003" facs="liv_002200_0003"/><!--pb/@n='41r'-->
<lb/>rest will go on 
<lb/>very quickly. <persName>Prof. 
<lb/>Owen</persName> I am glad 
<lb/>to hear is delighted 
<lb/>with the first 
<lb/>forty or fifty pages<reg>.</reg>
<lb/>He says it will be 
<lb/>like household 
<lb/>words - a bit of 
<lb/>butter no 
<w>un-<lb break="no"/>acceptable</w> to me in 
<lb/>my work though 
<lb/>I ought not to 
<lb/>appear to feel it<reg>.</reg></p>
<lb/><p>As I am done 

	<pb n="0004" facs="liv_002200_0004"/><!--pb/@n='41v'-->
<lb/>with these first 
<lb/>forty pages or so 
<lb/>will you be sending 
<lb/>them to <persName>M<hi rend="sup underline">rs</hi> L</persName> in 
<lb/><placeName>Boston</placeName> or will 
<lb/>you wait a little<reg>.</reg>
<lb/>Waller has written 
<lb/>a paper for 
<w>Mac-<lb break="no"/>millan</w> which I 
<lb/>have seen in Proof<reg>.</reg></p>
<lb/><p rend="center">I am &amp;c</p>
<lb/><p rend="center">David Livingstone</p>

	<pb n="0005" facs="liv_002200_0005"/><!--pb/@n='42r'-->
<lb/><p rend="no-indent">P.S.</p>
<lb/><p rend="no-indent">What I have said 
<lb/>about your friends 
<lb/>assistance may  
<lb/>not be clear. 
<lb/>For the reasons you assign it 
<lb/>will be of great 
<lb/>value. Oswell 
<lb/>is not in the 
<lb/>way. The want 
<lb/>of a part about 
<lb/>Kebrabasa has 
<lb/>confused me 
<lb/>and I think the 

	<pb n="0006" facs="liv_002200_0006"/><!--pb/@n='42v'-->
<lb/>printer will be 
<lb/>swearing. I was 
<lb/>on the point of 
<lb/>removing to town 
<lb/>to be near him 
<lb/>but my friends 
<lb/>here won<reg>'</reg>t let 
<lb/>me.</p>
<lb/><p rend="no-indent">17a-32a are a 
<lb/>3<hi rend="sup">d</hi> Revise - the 
<lb/>4<hi rend="sup">th</hi> revise which 
<lb/>I sent to Oswell 
<lb/>yesterday does 
<lb/>not come beyond 
<lb/>17a - so this may 
<lb/>be considered as 
<lb/>supplementary the corrected 
<lb/>copy by <unclear cert="low">friend</unclear></p>
			
</div>
		</body>
	</text></TEI>