<?xml version="1.0" encoding="UTF-8"?>
<?xml-model href="http://livingstoneonline.github.io/LEAP-ODD/leap.rng" type="application/xml" schematypens="http://relaxng.org/ns/structure/1.0"?>
<?xml-model href="http://livingstoneonline.github.io/LEAP-ODD/leap.rng" type="application/xml" schematypens="http://purl.oclc.org/dsdl/schematron"?>
 <?xml-stylesheet href="http://livingstoneonline.github.io/LEAP-XSLT/transcription.xsl" type="text/xsl"?>
 <!--Converted from a TEI P4 XML file to the LEAP TEI P5 Schema by James Cummings on 2015-03-02--><!--TEI encoding revised and standardized by Adrian S. Wisnicki, 2015-2016-->
         <TEI xmlns="http://www.tei-c.org/ns/1.0" xml:id="liv_002247">
	<teiHeader>
		<fileDesc>
			<titleStmt>
				<title>Letter to [John Murray III]</title>
                <title type="alternative">Letter to [John Murray III], 1 April 1865</title>
				<author xml:id="DL">Livingstone, David, 1813-1873</author>
			</titleStmt>
			<publicationStmt>
				<authority>Livingstone Online</authority>
				<pubPlace>London</pubPlace>
				<date>2008-11-11</date>
				<publisher>Wellcome Centre for the History of Medicine, UCL</publisher>
				<idno type="LEAP-ID">liv_002247</idno>
			</publicationStmt>
			<sourceDesc>
				<bibl xml:id="shelfmark">National Library of Scotland; MS. 42421, ff. 67r-68v</bibl>
				<bibl xml:id="ccnumber">Letters, 1661</bibl>
				<bibl xml:id="recipient"><persName>Murray, John III, 1808-1892</persName></bibl>
				<bibl xml:id="date"><date when="1865-04-01">1 April 1865</date></bibl>
				<bibl xml:id="where">Newstead Abbey</bibl>
			</sourceDesc>
		</fileDesc>
		<profileDesc>
			<langUsage>
				<language ident="en">English</language>
			</langUsage>
			<handNotes>
				<handNote xml:id="hand01">Scribe: Unknown</handNote>
			</handNotes>
		</profileDesc>
		<revisionDesc>
			<change>
				<date>2008-11-11</date>
				<name xml:id="CO">Caroline Overy</name>Initial Transcription by Caroline Overy
			</change>
		</revisionDesc>
	</teiHeader>

	<text>
		<body xml:lang="en">
			<div>

	<pb n="0001" facs="liv_002247_0001"/><!--pb/@n='67r'-->
<lb/><p rend="right">1 April 1865</p>
<lb/>
<lb/><p rend="no-indent"><choice><reg>A</reg><orig>a</orig></choice>ppropriate to the 
<lb/>day, I made a 
<lb/>great mistake 
<lb/>in sending manu
<lb/>script headings 
<lb/>to I think XIV 
<lb/>XV &amp; XVI Chaps 
<lb/>and here I find 
<lb/>that I have them 
<lb/>in type - don<reg>'</reg>t 
<lb/>know how I 
<lb/>overlooked them<reg>.</reg>

	<pb n="0002" facs="liv_002247_0002"/><!--pb/@n='67v'-->
<lb/>I send them stuck 
<lb/>to 83 page though 
<lb/>I fear they are April 
<lb/>fools<reg>.</reg></p>
<lb/><p>I send also 83-101 
<lb/>final revise and 
<lb/>paged matter 81-144 
<lb/>corrected &amp; trusting 
<lb/>the printer will not 
<lb/>overlook the errata 
<lb/>noted<reg>.</reg></p>
<lb/><p> I send also the 
<lb/>proof of the <placeName>Falls</placeName>
<lb/>and think that 
<lb/>the artist has 

	<pb n="0003" facs="liv_002247_0003"/><!--pb/@n='68r'-->
<lb/>done very well indeed 
<lb/>with them - If he 
<lb/>could make the 
<lb/>part I have marked 
<lb/>thus look <figure><!--<graphic style="float:right" url="LETT1074-1.gif"/>--><figDesc/></figure>
<lb/>perpendicular 
<lb/><unclear cert="low">rock</unclear>. It would be 
<lb/>better as the chasm 
<lb/>is so prolonged 
<lb/>but I don<reg>'</reg>t know 
<lb/>what can be done 
<lb/>on the block -</p>
<lb/><p>Referring to the 
<lb/>woodcut on page 95 
<lb/>I wish our artist 
<lb/>friend had been 
<lb/>married to the 

	<pb n="0004" facs="liv_002247_0004"/><!--pb/@n='68v'-->
<lb/>pig faced lady and 
<lb/>the divorce court 
<lb/>abolished, but I 
<lb/>suppose he could 
<lb/>not alter it after 
<lb/>the face was on the block.</p>
<lb/><p rend="no-indent">I sent <!--reference--><persName>Denman</persName> &amp; 
<lb/><persName>Clapperton</persName> this 
<w>morn-<lb break="no"/>ing</w> with many 
<lb/>thanks and am &amp;c</p>
<lb/><p>David Livingstone</p>
			
</div>
		</body>
	</text></TEI>