<?xml version="1.0" encoding="UTF-8"?>
<?xml-model href="http://livingstoneonline.github.io/LEAP-ODD/leap.rng" type="application/xml" schematypens="http://relaxng.org/ns/structure/1.0"?>
<?xml-model href="http://livingstoneonline.github.io/LEAP-ODD/leap.rng" type="application/xml" schematypens="http://purl.oclc.org/dsdl/schematron"?>
 <?xml-stylesheet href="http://livingstoneonline.github.io/LEAP-XSLT/transcription.xsl" type="text/xsl"?>
 <!--Converted from a TEI P4 XML file to the LEAP TEI P5 Schema by James Cummings on 2015-03-02--><!--TEI encoding revised and standardized by Adrian S. Wisnicki, 2015-2016-->
         <TEI xmlns="http://www.tei-c.org/ns/1.0" xml:id="liv_002239">
	<teiHeader>
		<fileDesc>
			<titleStmt>
				<title>Letter to John Murray III</title>
                <title type="alternative">Letter to John Murray III, 25 March 1865</title>
				<author xml:id="DL">Livingstone, David, 1813-1873</author>
			</titleStmt>
			<publicationStmt>
				<authority>Livingstone Online</authority>
				<pubPlace>London</pubPlace>
				<date>2008-11-11</date>
				<publisher>Wellcome Centre for the History of Medicine, UCL</publisher>
				<idno type="LEAP-ID">liv_002239</idno>
			</publicationStmt>
			<sourceDesc>
				<bibl xml:id="shelfmark">National Library of Scotland; MS. 42421, ff. 63r-64v</bibl>
				<bibl xml:id="ccnumber">Letters, 1653</bibl>
				<bibl xml:id="recipient"><persName>Murray, John III, 1808-1892</persName></bibl>
				<bibl xml:id="date"><date when="1865-03-25">25 March 1865</date></bibl>
				<bibl xml:id="where">Newstead Abbey</bibl>
			</sourceDesc>
		</fileDesc>
		<profileDesc>
			<langUsage>
				<language ident="en">English</language>
			</langUsage>
			<handNotes>
				<handNote xml:id="hand01">Scribe: Unknown</handNote>
			</handNotes>
		</profileDesc>
		<revisionDesc>
			<change>
				<date>2008-11-11</date>
				<name xml:id="CO">Caroline Overy</name>Initial Transcription by Caroline Overy
			</change>
			<change>
				<date>2008-11-18</date>
				<name xml:id="CL">Chris Lawrence</name>Proof by Chris Lawrence
			</change>
		</revisionDesc>
	</teiHeader>

	<text>
		<body xml:lang="en">
			<div>

	<pb n="0001" facs="liv_002239_0001"/><!--pb/@n='63r'-->
<lb/><p rend="right">25 March 1865</p><!--printed letterhead--><!--<p rend="right">NEWSTEAD ABBEY</p>
<p rend="right">MANSFIELD</p>
<p rend="right">NOTTS</p>
--><!--printed letterhead ends here-->
<lb/>
<lb/><p rend="no-indent">My Dear <persName>M<hi rend="sup underline">r</hi> Murray</persName></p>
<lb/><p>Sheet B which I 
<lb/>return today must be 
<lb/>perfect except two 
<lb/>words in page 12.
<lb/><hi rend="underline">I was the Skipper</hi>
<lb/>I keep one copy of 
<lb/>6<hi rend="sup underline">th</hi> Revise for reference<reg>.</reg></p>
<lb/><p>A doubt has arisen 
<lb/>in my mind whether 
<lb/>I pointed out in 
<lb/>page 35a that the two 
<lb/>lines at the beginning 
<lb/>of the chapter should 
<lb/>be transferred to 

	<pb n="0002" facs="liv_002239_0002"/><!--pb/@n='63v'-->
<lb/>middle of 28<hi rend="sup underline">th</hi> line of 
<lb/>page 35a - the lines 
<lb/>begin with "The steamer 
<lb/>returned  from the bar &amp;c<reg>.</reg></p>
<lb/><p rend="no-indent">Again page 54 which I 
<lb/>enclose <add place="above">corrected</add> lies on 
<lb/>my mind.</p>
<lb/><p rend="no-indent">Again on page 50 
<lb/>I think the name of the 
<lb/>stream is wrong &amp; I 
<lb/>leave it out but insert 
<lb/>in the slip <del type="strikethrough">two and the</del> a date 
<lb/>and place filed by 
<lb/>astronomical observation.</p>

	<pb n="0003" facs="liv_002239_0003"/><!--pb/@n='64r'-->
<lb/><p rend="no-indent">I send appendix 
<lb/>that it may be seen 
<lb/>what is the Archbishop<reg>'</reg>s 
<lb/>and what is mine 
<lb/>&amp; quotation marks 
<lb/>put in where 
<lb/>needed<reg>.</reg></p>
<lb/><p rend="no-indent">The corrections or 
<lb/>additions sent 
<lb/>I think have been 
<lb/>put in very 
<lb/>nicely. I should 
<lb/>like <persName>Owen</persName> to see 
<lb/>about the elephants 
<lb/>between pages 70 &amp; 80 
<lb/>I think<reg>.</reg></p>

	<pb n="0004" facs="liv_002239_0004"/><!--pb/@n='64v'-->
<lb/><p rend="no-indent">I have <choice><sic>recieved</sic><corr>received</corr></choice>
<lb/>pages 83 &amp; 89 &amp; will 
<lb/>soon have them 
<lb/>ready<reg>.</reg></p>
<lb/><p>I am &amp;c</p>
<lb/><p rend="no-indent">David Livingstone</p>
			
</div>
		</body>
	</text></TEI>