<?xml version="1.0" encoding="UTF-8"?>
<?xml-model href="http://livingstoneonline.github.io/LEAP-ODD/leap.rng" type="application/xml" schematypens="http://relaxng.org/ns/structure/1.0"?>
<?xml-model href="http://livingstoneonline.github.io/LEAP-ODD/leap.rng" type="application/xml" schematypens="http://purl.oclc.org/dsdl/schematron"?>
 <?xml-stylesheet href="http://livingstoneonline.github.io/LEAP-XSLT/transcription.xsl" type="text/xsl"?>
 <!--Converted from a TEI P4 XML file to the LEAP TEI P5 Schema by James Cummings on 2015-03-02--><!--TEI encoding revised and standardized by Adrian S. Wisnicki, 2015-2016-->
         <TEI xmlns="http://www.tei-c.org/ns/1.0" xml:id="liv_002203">
	<teiHeader>
		<fileDesc>
			<titleStmt>
				<title>Letter to John Murray III</title>
                <title type="alternative">Letter to John Murray III, 24 February 1865</title>
				<author xml:id="DL">Livingstone, David, 1813-1873</author>
			</titleStmt>
			<publicationStmt>
				<authority>Livingstone Online</authority>
				<pubPlace>London</pubPlace>
				<date>2008-11-04</date>
				<publisher>Wellcome Centre for the History of Medicine, UCL</publisher>
				<idno type="LEAP-ID">liv_002203</idno>
			</publicationStmt>
			<sourceDesc>
				<bibl xml:id="shelfmark">National Library of Scotland; MS. 42421, ff. 43r-44v</bibl>
				<bibl xml:id="ccnumber">Letters, 1619</bibl>
				<bibl xml:id="recipient"><persName>Murray, John III, 1808-1892</persName></bibl>
				<bibl xml:id="date"><date when="1865-02-24">24 February 1865</date></bibl>
				<bibl xml:id="where">Newstead Abbey</bibl>
			</sourceDesc>
		</fileDesc>
		<profileDesc>
			<langUsage>
				<language ident="en">English</language>
			</langUsage>
			<handNotes>
				<handNote xml:id="hand01">Scribe: Unknown</handNote>
			</handNotes>
		</profileDesc>
		<revisionDesc>
			<change>
				<date>2008-11-04</date>
				<name xml:id="CO">Caroline Overy</name>Initial Transcription by Caroline Overy
			</change>
			<change>
				<date>2008-11-15</date>
				<name xml:id="CL">Chris Lawrence</name>Proof by Chris Lawrence
			</change>
		</revisionDesc>
	</teiHeader>

	<text>
		<body xml:lang="en">
			<div>

	<pb n="0001" facs="liv_002203_0001"/><!--pb/@n='43r'-->
<!--printed letterhead--><!--
<p rend="center">Newstead Abbey,</p>
<p rend="center">Mansfield, Notts.</p>
--><!--printed letterhead ends here-->
<lb/><p rend="center">24 Feb<hi rend="sup">y</hi> 1865</p>
<lb/><p rend="no-indent">My Dear <persName>M<hi rend="sup underline">r</hi> Murray</persName></p>
<lb/><p>Your friend 
<lb/>makes a good 
<lb/>many corrections 
<lb/>which make the 
<lb/>matters spoken of 
<lb/>in some cases 
<lb/>much clearer<reg>.</reg>
<lb/>I had sent off the 
<lb/>proofs of the 
<lb/>parts he corrects 

	<pb n="0002" facs="liv_002203_0002"/><!--pb/@n='43v'-->
<lb/>corrected and now 
<lb/>send these to <persName>M<hi rend="sup underline">r</hi> Clowes</persName>
<lb/>with a note at the 
<lb/>top requesting him 
<lb/>to incorporate the 
<lb/>new corrections 
<lb/>with those previously 
<lb/>sent. I found it 
<lb/>necessary to make 
<lb/>considerable additions 
<lb/>to the account of 
<lb/>Kebrabasa as a 
<lb/><persName>M<hi rend="sup underline">r</hi> Stewart</persName> in "Good 
<lb/>words" said that 
<lb/>I had not been 
<lb/>examined from 
<lb/>end to end - and 

	<pb n="0003" facs="liv_002203_0003"/><!--pb/@n='44r'-->
<lb/>that was done at 
<lb/>no little toil and 
<lb/>pain. When that 
<lb/>part comes back 
<lb/>I have fair sailing 
<lb/>but am a little 
<lb/>dazed<reg>.</reg></p>
<lb/><p>I enclose a 
<lb/>letter from <persName>M<hi rend="sup">rs</hi> L</persName>
<lb/>which I enclose 
<lb/>that you may see 
<lb/>exactly what she 
<lb/>says - 1<hi rend="sup">st</hi> &amp; 2<hi rend="sup">nd</hi> pages 
<lb/>are what you 
<lb/>require to look at 
<lb/>chiefly - the Yankees 
<lb/>have married 
<lb/>me in one part 

	<pb n="0004" facs="liv_002203_0004"/><!--pb/@n='44v'-->
<lb/>at <placeName>Constantinople</placeName><reg>.</reg></p>
<lb/><p rend="center">I am &amp;c</p>
<lb/><p>David Livingstone</p>
			
</div>
		</body>
	</text></TEI>