<?xml version="1.0" encoding="UTF-8"?>
<?xml-model href="http://livingstoneonline.github.io/LEAP-ODD/leap.rng" type="application/xml" schematypens="http://relaxng.org/ns/structure/1.0"?>
<?xml-model href="http://livingstoneonline.github.io/LEAP-ODD/leap.rng" type="application/xml" schematypens="http://purl.oclc.org/dsdl/schematron"?>
 <?xml-stylesheet href="http://livingstoneonline.github.io/LEAP-XSLT/transcription.xsl" type="text/xsl"?>
 <!--Converted from a TEI P4 XML file to the LEAP TEI P5 Schema by James Cummings on 2015-03-02--><!--TEI encoding revised and standardized by Adrian S. Wisnicki, 2015-2016-->
         <TEI xmlns="http://www.tei-c.org/ns/1.0" xml:id="liv_002199">
	<teiHeader>
		<fileDesc>
			<titleStmt>
				<title>Letter to John Murray III</title>
                <title type="alternative">Letter to John Murray III, 18 February 1865</title>
				<author xml:id="DL">Livingstone, David, 1813-1873</author>
			</titleStmt>
			<publicationStmt>
				<authority>Livingstone Online</authority>
				<pubPlace>London</pubPlace>
				<date>2008-11-04</date>
				<publisher>Wellcome Centre for the History of Medicine, UCL</publisher>
				<idno type="LEAP-ID">liv_002199</idno>
			</publicationStmt>
			<sourceDesc>
				<bibl xml:id="shelfmark">National Library of Scotland; MS. 42421, ff. 38r-38v</bibl>
				<bibl xml:id="ccnumber">Letters, 1615</bibl>
				<bibl xml:id="recipient"><persName>Murray, John III, 1808-1892</persName></bibl>
				<bibl xml:id="date"><date when="1865-02-18">18 February 1865</date></bibl>
				<bibl xml:id="where">Newstead Abbey</bibl>
			</sourceDesc>
		</fileDesc>
		<profileDesc>
			<langUsage>
				<language ident="en">English</language>
			</langUsage>
			<handNotes>
				<handNote xml:id="hand01">Scribe: Unknown</handNote>
			</handNotes>
		</profileDesc>
		<revisionDesc>
			<change>
				<date>2008-11-04</date>
				<name xml:id="CO">Caroline Overy</name>Initial Transcription by Caroline Overy
			</change>
			<change>
				<date>2008-11-15</date>
				<name xml:id="CL">Chris Lawrence</name>Proof by Chris Lawrence
			</change>
		</revisionDesc>
	</teiHeader>

	<text>
		<body xml:lang="en">
			<div>

	<pb n="0001" facs="liv_002199_0001"/><!--pb/@n='38r'-->
<!--printed letterhead--><!--<p rend="center">Newstead Abbey,</p>
<p rend="center">Mansfield, Notts.</p>
--><!--printed letterhead ends here-->
<lb/><p rend="center">18<hi rend="sup underline">th</hi> Feb / 65</p>
<lb/>
<lb/><p rend="no-indent">My Dear <persName>M<hi rend="sup underline">r</hi> Murray</persName></p>
<lb/><p>The body &amp; tubes 
<lb/>are made of wood 
<lb/>and the covering 
<lb/>only of leather 
<lb/><figure><!--<graphic style="float:left" url="LETT1743-1.gif"/>--><figDesc/></figure> there another 
<lb/>tube of 
<lb/>clay is 
<lb/>put at the 
<lb/>fire and the two 
<lb/>wooden tubes are 
<lb/>inserted into the 
<lb/>clay one.</p>

	<pb n="0002" facs="liv_002199_0002"/><!--pb/@n='38v'-->
<lb/><p rend="no-indent">The picture of the 
<lb/>Pandanoos is 
<lb/>I think very well 
<lb/>done. I send off 
<lb/>today to <persName>Clowes</persName>
<lb/>up to 714 of 
<lb/>manuscript - I 
<lb/>have still the 
<lb/>last <placeName>Nyassa</placeName>
<lb/>journey &amp; voyage 
<lb/>to <placeName>Bombay</placeName> the 
<lb/>latter will be short<reg>.</reg></p>
<lb/><p rend="center">Ever yours</p>
<lb/><p rend="center">David Livingstone</p>
			
</div>
		</body>
	</text></TEI>