<?xml version="1.0" encoding="UTF-8"?>
<?xml-model href="http://livingstoneonline.github.io/LEAP-ODD/leap.rng" type="application/xml" schematypens="http://relaxng.org/ns/structure/1.0"?>
<?xml-model href="http://livingstoneonline.github.io/LEAP-ODD/leap.rng" type="application/xml" schematypens="http://purl.oclc.org/dsdl/schematron"?>
 <?xml-stylesheet href="http://livingstoneonline.github.io/LEAP-XSLT/transcription.xsl" type="text/xsl"?>
 <!--Converted from a TEI P4 XML file to the LEAP TEI P5 Schema by James Cummings on 2015-03-02--><!--TEI encoding revised and standardized by Adrian S. Wisnicki, 2015-2016-->
         <TEI xmlns="http://www.tei-c.org/ns/1.0" xml:id="liv_002269"><!-- LP59 -->
	<teiHeader>
		<fileDesc>
			<titleStmt>
				<title>Letter to Robert Cooke</title>
                <title type="alternative">Letter to Robert Cooke, 22 April 1865</title>
				<author xml:id="DL">Livingstone, David, 1813-1873</author>
			</titleStmt>
			<publicationStmt>
				<authority>Livingstone Online</authority>
				<pubPlace>London</pubPlace>
				<date>2005-04-27</date>
				<publisher>Wellcome Centre for the History of Medicine, UCL</publisher>
				<idno type="LEAP-ID">liv_002269</idno>
			</publicationStmt>
			<sourceDesc>
				<bibl xml:id="ccnumber">Letters, 1682</bibl>
				<bibl xml:id="recipient"><persName>Cooke, Robert, ?-1891</persName></bibl>
				<bibl xml:id="date"><date when="1865-04-22">22 April 1865</date></bibl>
				<bibl xml:id="where">Newstead Abbey</bibl>
				<bibl xml:id="shelfmark">Wellcome Institute for the History of Medicine. Library; 7329 59</bibl><!--1865-04-22--><!--Original:1865-04-22-->
				<bibl xml:id="extent">4 pages</bibl>
			</sourceDesc>
		</fileDesc>
		<revisionDesc>
			<change>
				<date>2005-05-16</date>
				<name xml:id="CO">Caroline Overy</name>Initial Transcription
			</change>
			<change>
				<date>2006-02-14</date>
				<name xml:id="JB">Janet Browne</name>first proof
			</change>
			<change>
				<date>2006-02-22</date>
				<name xml:id="CL">Chris Lawrence</name>second proof
			</change>
			<change>
				<date>2006-03-01</date>
				<name xml:id="SM">Sharon Messenger</name>final proof
			</change>
		</revisionDesc>
	</teiHeader>

	<text>
		<body>
			<div>

	<pb n="0001" facs="liv_002269_0001"/><!--pb/@n='1'-->
<!--Hand 01 <p>RELATING TO HIS &quot;NARRATIVE OF AN EXPEDITION TO <lb/>ZAMBESI - 1858/64&quot;</p> across top--><!--Hand 02 52 top left--><!--Hand 03 63007 top right-->
<lb/><p rend="right">22 April 1865</p><!--red printed address on notepaper<p rend="right">NEWSTEAD ABBEY,</p>
<p rend="right">MANSFIELD.</p>
<p rend="right">NOTTS.</p>--><!--end of printed address-->
<lb/><p rend="no-indent">Man Alive - that 
<lb/>terrible 600!! pages 
<lb/>and I have been 
<lb/>toiling like a galley 
<lb/>slave to bring it 
<lb/>up to 450 and 
<lb/>all the while fearing 
<lb/>to think of my 
<lb/>men &amp; steamer 
<lb/>waiting for me 
<lb/>at Bombay &amp; 
<lb/>one of them dead 

	<pb n="0002" facs="liv_002269_0002"/><!--pb/@n='2'-->
<lb/>I have spread it 
<lb/>so evenly over the 
<lb/>whole <hi rend="underline">I don't see</hi>
<lb/>at present what 
<lb/>I can leave out 
<lb/>save the "conclusion" 
<lb/>and "appendix" 
<lb/>I put in a great 
<lb/>many parts with 
<lb/>great care &amp; 
<lb/>thought only to 
<lb/>lengthen it, but 
<lb/>we shall see 
<lb/>what can be 
<lb/>done. I shall 

	<pb n="0003" facs="liv_002269_0003"/><!--pb/@n='3'-->
<lb/>write to Oswell today 
<lb/>about it. Is it 
<lb/>absolutely necessary 
<lb/>to curtail more 
<lb/>than what I have 
<lb/>mentioned. The 
<lb/>"Conclusion" gives 
<lb/>a summary of 
<lb/>results and the 
<lb/>book would be 
<lb/>the better of it</p>
<lb/><p>I shall go up 
<lb/>to town about Tuesday 
<lb/>next, and will 
<lb/>see you about this 
<lb/>which has struck 
<lb/>"me all of a heap" </p>

	<pb n="0004" facs="liv_002269_0004"/><!--pb/@n='4'-->
<lb/><p rend="no-indent">Till then believe me 
<lb/>My Dear Cooke</p>
<lb/><p rend="center"><space extent="2" unit="chars"/>Yours ever</p>
<lb/><p rend="center">David Livingstone</p>
<lb/><p>Speke has 650 pages 
<lb/>or 612 to end of his 
<lb/>narrative. might 
<lb/>not Milton be a little 
<lb/>more sparing with 
<lb/>his <unclear cert="low">Mss</unclear></p>
<lb/><p>Some of the drawings 
<lb/>are Wallers &amp; some 
<lb/>Mellers. I shall tell 
<lb/>you which is which 
<lb/>Have you a receipt for 
<lb/>Baines drawings</p>
			
</div>
		</body>
	</text></TEI>