<?xml version="1.0" encoding="UTF-8"?>
<?xml-model href="http://livingstoneonline.github.io/LEAP-ODD/leap.rng" type="application/xml" schematypens="http://relaxng.org/ns/structure/1.0"?>
<?xml-model href="http://livingstoneonline.github.io/LEAP-ODD/leap.rng" type="application/xml" schematypens="http://purl.oclc.org/dsdl/schematron"?>
 <?xml-stylesheet href="http://livingstoneonline.github.io/LEAP-XSLT/transcription.xsl" type="text/xsl"?>
 <!--Converted from a TEI P4 XML file to the LEAP TEI P5 Schema by James Cummings on 2015-03-02--><!--TEI encoding revised and standardized by Adrian S. Wisnicki, 2015-2016-->
         <TEI xmlns="http://www.tei-c.org/ns/1.0" xml:id="liv_002228">
	<teiHeader>
		<fileDesc>
			<titleStmt>
				<title>Letter to Robert Cooke</title>
                <title type="alternative">Letter to Robert Cooke, 20 March 1865</title>
				<author xml:id="DL">Livingstone, David, 1813-1873</author>
			</titleStmt>
			<publicationStmt>
				<authority>Livingstone Online</authority>
				<pubPlace>London</pubPlace>
				<date>2008-04-14</date>
				<publisher>Wellcome Centre for the History of Medicine, UCL</publisher>
				<idno type="LEAP-ID">liv_002228</idno>
			</publicationStmt>
			<sourceDesc>
				<bibl xml:id="shelfmark">National Library of Scotland; MS. 42421, ff. 53r-56v</bibl>
				<bibl xml:id="ccnumber">Letters, 1642</bibl>
				<bibl xml:id="recipient"><persName>Cooke, Robert, ?-1891</persName></bibl>
				<bibl xml:id="date"><date when="1865-03-20">20 March 1865</date></bibl>
				<bibl xml:id="where">Newstead Abbey</bibl>
			</sourceDesc>
		</fileDesc>
		<profileDesc>
			<langUsage>
				<language ident="en">English</language>
			</langUsage>
			<handNotes>
				<handNote xml:id="hand01">Scribe: Unknown</handNote>
			</handNotes>
		</profileDesc>
		<revisionDesc>
			<change>
				<date>2008-04-14</date>
				<name xml:id="SM">Sharon Messenger</name>Initial Transcription by Sharon Messenger
			</change>
			<change>
				<date>2008-06-15</date>
				<name xml:id="CL">Chris Lawrence</name>Initial Transcription by Chris Lawrence
			</change>
			<change>
				<date>2008-12-01</date>
				<name xml:id="JB">Janet Browne</name>Proofed by Janet Browne
			</change>
		</revisionDesc>
	</teiHeader>

	<text>
		<body xml:lang="en">
			<div>

	<pb n="0001" facs="liv_002228_0001"/><!--pb/@n='53r'-->
<lb/><p rend="right">20 March 1865 </p><!--TRANS: headed notepaper not displayed:
<p rend="right"><placeName>NEWSTEAD ABBEY</placeName>, <lb/><placeName>MANSFIELD</placeName>. <lb/><placeName>NOTTS</placeName>. <lb/></p>
-->
<lb/>
<lb/>
<lb/><p rend="no-indent">My Dear <persName>M<hi rend="sup">r</hi> Cooke</persName></p>
<lb/><p>I send by this days 
<lb/>post the matter 
<lb/>continuous with 
<lb/>p.33a which I sent 
<lb/>yesterday namely 
<lb/>33a - 43a &amp; then 
<lb/>the continuation 
<lb/>of that 43a numbered 
<lb/>1 - 12 &amp;c &amp;c and 
<lb/>will send all 
<lb/>continuously as 
<lb/>quickly as I can 

	<pb n="0002" facs="liv_002228_0002"/><!--pb/@n='53v'-->
<lb/>look over &amp; insert the 
<lb/>additions that any 
<lb/>questions elicit. </p>
<lb/><p>Would <persName>M<hi rend="sup underline">r</hi> Murray's</persName>
<lb/>friend mind looking 
<lb/>over 33a 43a - 
<lb/>hurry it on to the 
<lb/>printer &amp; then see 
<lb/>it properly paged 
<lb/>&amp; out of hand. It 
<lb/>is rather <hi rend="underline">black</hi>
<lb/>from <persName>Prof Owen</persName>
<lb/>&amp; <persName>Oswell<reg>'</reg>s</persName> corrections 
<lb/>and I notice that 
<lb/>all corrections 
<lb/>&amp; commas are 

	<pb n="0003" facs="liv_002228_0003"/><!--pb/@n='54r'-->
<lb/>at times not put in<reg>.</reg>
<lb/>If these are looked 
<lb/>after &amp; the sense 
<lb/>not materially 
<lb/>altered it would 
<lb/>help us on with 
<lb/>double speed - 
<lb/>Want of looking 
<lb/>up <add place="above">if</add> all the corrections 
<lb/>are inserted has 
<lb/>entailed more 
<lb/>labour than 
<lb/>need have been. </p>
<lb/><p>I send also a 
<lb/>first proof I sent 
<lb/>yesterday with 
<lb/>corrections of my 

	<pb n="0004" facs="liv_002228_0004"/><!--pb/@n='54v'-->
<lb/>my own. A word 
<lb/>sometimes left 
<lb/>out as in the case 
<lb/>of "Indigo &amp; Senna 
<lb/>leaves" in one 
<lb/>slip makes it 
<lb/>impossible for 
<lb/>anyone to understand<reg>.</reg>
<lb/>Exchange this now 
<lb/>sent, namely First 
<lb/>proof 201 - 217 for 
<lb/>the same if now 
<lb/>corrected "send it 
<lb/>to <persName>Oswell</persName> - <persName>William 
<lb/>Oswell Esq</persName>. </p>
<lb/><p><placeName><choice><sic>Gronbridge</sic><corr>Groombridge</corr></choice></placeName></p>
<lb/><p><placeName>Tunbridge Wells</placeName><reg>.</reg></p>

	<pb n="0005" facs="liv_002228_0005"/><!--pb/@n='55r'-->
<lb/><p rend="no-indent">I like his corrections 
<lb/>because having 
<lb/>been much 
<lb/>in <placeName>Africa</placeName> he 
<lb/>brings things to 
<lb/>remembrance 
<lb/>that I don't think 
<lb/>of adverting to<reg>.</reg></p>
<lb/><p>The Contents of 
<lb/><add place="above">chapters</add> were once sent 
<lb/>to the Printer but 
<lb/>have been lost 
<lb/>sight of<reg>.</reg> I send 
<lb/>new ones &amp; 
<lb/>all hereafter 

	<pb n="0006" facs="liv_002228_0006"/><!--pb/@n='55v'-->
<lb/>to be sent will 
<lb/>be to be got 
<lb/>out of hand unless 
<lb/>some obscurity 
<lb/>or want is to 
<lb/>be made clear or 
<lb/>supplied. </p>
<lb/><p>My reason for 
<lb/>writing to you 
<lb/>instead of to 
<lb/><persName>M<hi rend="sup underline">r</hi> Murray</persName> is 
<lb/>to divide the 
<lb/>bother I am to 
<lb/>him. I enclose 

	<pb n="0007" facs="liv_002228_0007"/><!--pb/@n='56r'-->
<lb/>a letter from <persName>M<hi rend="sup underline">r</hi>
<lb/>John Crawford</persName>
<lb/>and I want a 
<lb/>little 
<w>inform-<lb break="no"/>ation</w> about 
<lb/>"stone periods"<reg>.</reg></p>
<lb/><p>Is <persName>Tylor</persName> a 
<lb/>reliable authority 
<lb/>and would 
<lb/>you spare a 
<lb/>minute just 
<lb/>to say where 
<lb/>the African "stone 
<lb/>age" is proved </p>

	<pb n="0008" facs="liv_002228_0008"/><!--pb/@n='56v'-->
<addSpan spanTo="#p56v-01" place="marginleft"><!--addSpan/@place='left hand margin'--></addSpan>
<lb/><p rend="no-indent">The slips are addressed to <persName>M<hi rend="sup">r</hi> Murray</persName></p><anchor xml:id="p56v-01"/>
<lb/><p rend="no-indent">&amp; could you get 
<lb/>me the Examiner<reg>.</reg></p>
<lb/><p>Pray excuse </p>
<lb/><p><persName>David Livingstone</persName></p>
<lb/><p rend="no-indent">I send also wood 
<lb/>cuts - to be inserted 
<lb/>when the matter 
<lb/>is page - your <persName>Milliton</persName>
<lb/>will keep his eye 
<lb/>on the printer that 
<lb/>all the corrections 
<lb/>noted be introduced<reg>.</reg>
<lb/>The rest will all 
<lb/>come to you Indian 
<lb/>file for good as soon 
<lb/>as the reach 2<hi rend="sup">d</hi> Revises </p> 
		 	
</div>
		</body>
	</text></TEI>