<?xml version="1.0" encoding="UTF-8"?>
<?xml-model href="http://livingstoneonline.github.io/LEAP-ODD/leap.rng" type="application/xml" schematypens="http://relaxng.org/ns/structure/1.0"?>
<?xml-model href="http://livingstoneonline.github.io/LEAP-ODD/leap.rng" type="application/xml" schematypens="http://purl.oclc.org/dsdl/schematron"?>
 <?xml-stylesheet href="http://livingstoneonline.github.io/LEAP-XSLT/transcription.xsl" type="text/xsl"?>
 <!--Converted from a TEI P4 XML file to the LEAP TEI P5 Schema by James Cummings on 2015-03-02--><!--TEI encoding revised and standardized by Adrian S. Wisnicki, 2015-2016-->
         <TEI xmlns="http://www.tei-c.org/ns/1.0" xml:id="liv_002256">
	<teiHeader>
		<fileDesc>
			<titleStmt>
				<title>Letter to William F. Webb</title>
                <title type="alternative">Letter to William F. Webb, 6 April 1865</title>
				<author xml:id="DL">Livingstone, David, 1813-1873</author>
			</titleStmt>
			<publicationStmt>
				<authority>Livingstone Online</authority>
				<pubPlace>London</pubPlace>
				<date>2007-06-25</date>
				<publisher>Wellcome Centre for the History of Medicine, UCL</publisher>
				<idno type="LEAP-ID">liv_002256</idno>
			</publicationStmt>
			<sourceDesc>
				<bibl xml:id="shelfmark">National Library of Scotland; MS. 10707, ff. 78-81</bibl>
				<bibl xml:id="ccnumber">Letters, 1670</bibl>
				<bibl xml:id="recipient"><persName>Webb, William F., 1829-1899</persName></bibl>
				<bibl xml:id="date"><date when="1865-04-06">6 April 1865</date></bibl>
				<bibl xml:id="where">Newstead Abbey</bibl>
			</sourceDesc>
		</fileDesc>
		<profileDesc>
			<langUsage>
				<language ident="en">English</language>
			</langUsage>
			<handNotes>
				<handNote xml:id="hand01">Scribe: Unknown</handNote>
			</handNotes>
		</profileDesc>
		<revisionDesc>
			<change>
				<date>2007-06-25</date>
				<name xml:id="SM">Sharon Messenger</name>Initial Transcription by Sharon Messenger
			</change>
			<change>
				<date>2007-05-03</date>
				<name xml:id="CL">Chris Lawrence</name>Proofed by Chris
			</change>
		</revisionDesc>
	</teiHeader>

	<text>
		<body xml:lang="en">
			<div>

	<pb n="0001" facs="liv_002256_0001"/><!--pb/@n='78r'-->
<addSpan spanTo="#p78r-01" place="marginleft"><!--addSpan/@place='left margin of fos. 78r 78v 79r 79v'--></addSpan>
<lb/><p rend="no-indent">We lunch tomorrow with <unclear cert="low">M<hi rend="sup">r</hi>
<lb/>Arkwright</unclear> &amp; then go to see some place 
<lb/>over there</p><anchor xml:id="p78r-01"/>
<lb/><p rend="right">6 April 1865</p><!-- headed notepaper --><!--
<p><placeName>Newstead Abbey <lb/>Mansfield <lb/>Notts <lb/></placeName></p>-->
<lb/>
<lb/><p rend="no-indent">My Dear <persName>Webb</persName></p>
<lb/><p>I am sincerely 
<lb/>glad that no operation 
<lb/>is to be performed 
<lb/>on your knee. I 
<lb/>confess I was very 
<lb/>anxious about 
<lb/>it for it was not 
<lb/>a case of knee 
<lb/>only but of leg &amp; 
<lb/>perhaps more - 
<lb/><persName>Ferguson</persName> must 
<lb/>be a brick - </p>
<lb/><p>My brother in 
<lb/><placeName>America</placeName> tells </p>

	<pb n="0002" facs="liv_002256_0002"/><!--pb/@n='78v'-->
<addSpan spanTo="#p78v-01" place="marginleft"><!--addSpan/@place='left margin of fos. 78r 78v 79r 79v'--></addSpan>
<lb/><p rend="no-indent">Weather delightful!!! Absolutely so 
<lb/>and no mistake</p><anchor xml:id="p78v-01"/>
<lb/><p rend="no-indent">me this morning that he 
<lb/>will do his best to 
<lb/>secure wild rice for 
<lb/>you but it is not to 
<lb/>be had before the fall 
<lb/>of the year. He has 
<lb/>written to a friend near 
<lb/><placeName>Lake Simcoe</placeName> to procure 
<lb/>some from the Indians 
<lb/>who gather it for 
<lb/>their own use in 
<lb/>winter. <choice><reg>A</reg><orig>a</orig></choice>nd also to 
<lb/>a seedsman in 
<lb/><placeName>Lanark</placeName>. When he 
<lb/>was living in 
<lb/><placeName>Lanark</placeName> he says 
<lb/>we had some of it 
<lb/>growing in 
<lb/>shallow places </p>

	<pb n="0003" facs="liv_002256_0003"/><!--pb/@n='79r'-->
<addSpan spanTo="#p79r-01" place="marginleft"><!--addSpan/@place='left margin of fos. 78r 78v 79r 79v'--></addSpan>
<lb/><p rend="no-indent">My <gap extent="1" unit="words" agent="illegible"/>
<lb/>might too - When are you coming?</p><anchor xml:id="p79r-01"/>
<lb/><p rend="no-indent">but the wild ducks 
<lb/>ate it up before it 
<lb/>was ripe. On some 
<lb/>lakes it is very 
<lb/>plentiful, and if 
<lb/>it is to be had at all 
<lb/>this year he will 
<lb/>secure it &amp; send 
<lb/>it to <placeName>Liverpool</placeName> for 
<lb/>you<reg>.</reg></p>
<lb/><p>I mention this 
<lb/>though I know from 
<lb/><persName>Kirk</persName> that you have 
<lb/>got a letter as it 
<lb/>shews that the 
<lb/>ducks are fond of 
<lb/>it - &amp; that he attended 
<lb/>to my request &amp; 
<lb/>will in time secure it<reg>.</reg></p>

	<pb n="0004" facs="liv_002256_0004"/><!--pb/@n='79v'-->
<addSpan spanTo="#p79v-01" place="marginleft"><!--addSpan/@place='left margin of fos. 78r 78v 79r 79v'--></addSpan>
<lb/><p rend="no-indent">children all beautifully well - </p><anchor xml:id="p79v-01"/> 
<lb/><p rend="no-indent"><choice><reg>F</reg><orig>f</orig></choice>ish coming out - 
<lb/>about this size 
<lb/>water getting so warm 
<lb/>that the hands don<reg>'</reg>t 
<lb/>get benumbed in 
<lb/>working in the water 
<lb/>a good many had 
<lb/>died above Reservoir 
<lb/>not a single fish 
<lb/>runs up though 
<lb/>above the "ladder" 
<lb/>it was 50 ° on Sunday 
<lb/>I got a finer gauze 
<lb/>put in the gas 
<lb/>house place to keep 
<lb/>them from going 
<lb/>away till you come 
<lb/>down<reg>.</reg></p>

	<pb n="0005" facs="liv_002256_0005"/><!--pb/@n='80r'-->
<lb/><p rend="no-indent"><choice><reg>T</reg><orig>t</orig></choice>he trout are rising 
<lb/>very much at the 
<lb/>quarry ponds but 
<lb/>they must have 
<lb/>put the eggs back 
<lb/>in themselves. I 
<lb/>should like very 
<lb/>much to dissect 
<lb/>&amp; see, but won<reg>'</reg>t 
<lb/>till you come &amp; 
<lb/>say yes.</p>
<lb/><p>I have a 
<lb/>commission 
<lb/>to all the chiefs 
<lb/>between the Portuguese 
<lb/>&amp; the Pasha of 
<lb/><placeName>Egypt</placeName> &amp; <placeName>Abysinia</placeName></p>

	<pb n="0006" facs="liv_002256_0006"/><!--pb/@n='80v'-->
<addSpan spanTo="#p80v-01" place="marginleft"><!--addSpan/@place='left margin of p.80v'--></addSpan>
<lb/><p rend="no-indent">I have taken it upon me to write &amp; tell 
<lb/><persName>Lord Dalhousie</persName> all about <persName>Kirk</persName><reg>.</reg></p><anchor xml:id="p80v-01"/>
<lb/><p rend="no-indent">and particular care 
<lb/>to say that I have no 
<lb/>salary &amp; no pension 
<lb/>can be claimed. 
<lb/>I mean to live after 
<lb/>they are all dead &amp; 
<lb/>rotten and always 
<lb/>get the petition 
<w>answer-<lb break="no"/>ed</w> so "Give us this 
<lb/>day our daily bread" 
<lb/>I don<reg>'</reg>t mean to 
<lb/>make any howl 
<lb/>about it but with 
<lb/>love to <persName>Olivia</persName> &amp; <persName><unclear cert="low">Mrs</unclear> W</persName></p>
<lb/><p rend="center">I am &amp;c</p>
<lb/><p><persName>David Livingstone</persName></p>
		
</div>
		</body>
	</text></TEI>