<?xml version="1.0" encoding="UTF-8"?>
<?xml-model href="http://livingstoneonline.github.io/LEAP-ODD/leap.rng" type="application/xml" schematypens="http://relaxng.org/ns/structure/1.0"?>
<?xml-model href="http://livingstoneonline.github.io/LEAP-ODD/leap.rng" type="application/xml" schematypens="http://purl.oclc.org/dsdl/schematron"?>
 <?xml-stylesheet href="http://livingstoneonline.github.io/LEAP-XSLT/transcription.xsl" type="text/xsl"?>
 <!--Converted from a TEI P4 XML file to the LEAP TEI P5 Schema by James Cummings on 2015-03-02--><!--TEI encoding revised and standardized by Adrian S. Wisnicki, 2015-2016-->
         <TEI xmlns="http://www.tei-c.org/ns/1.0" xml:id="liv_002192">
	<teiHeader>
		<fileDesc>
			<titleStmt>
				<title>Letter to John Murray III</title>
                <title type="alternative">Letter to John Murray III, 13 February 1865</title>
				<author xml:id="DL">Livingstone, David, 1813-1873</author>
			</titleStmt>
			<publicationStmt>
				<authority>Livingstone Online</authority>
				<pubPlace>London</pubPlace>
				<date>2008-04-02</date>
				<publisher>Wellcome Centre for the History of Medicine, UCL</publisher>
				<idno type="LEAP-ID">liv_002192</idno>
			</publicationStmt>
			<sourceDesc>
				<bibl xml:id="shelfmark">National Library of Scotland; MS. 42421, f. 37</bibl>
				<bibl xml:id="ccnumber">Letters, 1608</bibl>
				<bibl xml:id="recipient"><persName>Murray, John III, 1808-1892</persName></bibl>
				<bibl xml:id="date"><date when="1865-02-13">13 February 1865</date></bibl>
				<bibl xml:id="where">Newstead Abbey</bibl>
			</sourceDesc>
		</fileDesc>
		<profileDesc>
			<langUsage>
				<language ident="en">English</language>
			</langUsage>
			<handNotes>
				<handNote xml:id="hand01">Scribe: Unknown</handNote>
			</handNotes>
		</profileDesc>
		<revisionDesc>
			<change>
				<date>2008-04-02</date>
				<name xml:id="SM">Sharon Messenger</name>Initial Transcription by Sharon Messenger
			</change>
			<change>
				<date>2008-08-12</date>
				<name xml:id="CL">Chris Lawrence</name>Proofed by Chris Lawrence
			</change>
			<change>
				<date>2008-12-01</date>
				<name xml:id="JB">Janet Browne</name>Proofed by Janet Browne
			</change>
		</revisionDesc>
	</teiHeader>

	<text>
		<body xml:lang="en">
			<div>

	<pb n="0001" facs="liv_002192_0001"/><!--pb/@n='37r'-->
<lb/><p><space extent="2" unit="words"/><placeName>Newstead Abbey</placeName></p>
<lb/><p rend="right">13 Feby 1865 </p>
<lb/><p rend="no-indent">My Dear <persName>M<hi rend="sup underline">r</hi> Murray</persName></p>
<lb/><p>Fearing that I could 
<lb/>not make my meaning 
<lb/>clear as to the mode of 
<lb/>putting the poison on the 
<lb/>arrows I got <persName>Waller</persName>
<lb/>to draw the enclosed for a 
<lb/>wood cut. I have the 
<lb/>promise of the paper 
<lb/>by <persName>D<hi rend="sup underline">r</hi> Kirk</persName> &amp; <persName>Prof. Sharpey</persName>
<lb/>on the poison which 
<lb/>is very virulent - gives 
<lb/>an alkaloid like 
<lb/>strychnine which 
<lb/>seems to act by lowering 
<lb/>the pulse - <persName>Kirk</persName> by an 

	<pb n="0002" facs="liv_002192_0002"/><!--pb/@n='37v'-->
<lb/>accident took a little &amp; 
<lb/>it lowered the pulse &amp; 
<lb/>cured him of a cold - the 
<lb/>paper will do for the 
<lb/>appendix. <persName>C Livingstone<reg>'</reg>s</persName>
<lb/>birds &amp; insects are 
<lb/>preparing in British 
<lb/>Museum for the same<reg>.</reg></p>
<lb/><p>I am directed by <persName>M<hi rend="sup underline">rs</hi> Webb</persName>
<lb/>to say something kind to 
<lb/>you for her. So I say 
<lb/>your promise to visit 
<lb/>this <placeName>Newstead</placeName> is not 
<lb/>forgotten for I have several 
<lb/>times been asked if I thought 
<lb/>you would come. We are 
<lb/>to have a large party this 
<lb/>week - My brother is safe 
<lb/>as far as <placeName>Sierra Leone</placeName><reg>.</reg></p>
<lb/><p><persName>David Livingstone</persName></p>
			
</div>
		</body>
	</text></TEI>