<?xml version="1.0" encoding="UTF-8"?>
<?xml-model href="http://livingstoneonline.github.io/LEAP-ODD/leap.rng" type="application/xml" schematypens="http://relaxng.org/ns/structure/1.0"?>
<?xml-model href="http://livingstoneonline.github.io/LEAP-ODD/leap.rng" type="application/xml" schematypens="http://purl.oclc.org/dsdl/schematron"?>
 <?xml-stylesheet href="http://livingstoneonline.github.io/LEAP-XSLT/transcription.xsl" type="text/xsl"?>
 <!--Converted from a TEI P4 XML file to the LEAP TEI P5 Schema by James Cummings on 2015-03-02--><!--TEI encoding revised and standardized by Adrian S. Wisnicki, 2015-2016-->
         <TEI xmlns="http://www.tei-c.org/ns/1.0" xml:id="liv_002091">
	<teiHeader>
		<fileDesc>
			<titleStmt>
				<title>Letter to Joseph D. Hooker</title>
                <title type="alternative">Letter to Joseph D. Hooker, 19 October 1864</title>
				<author xml:id="DL">Livingstone, David, 1813-1873</author>
			</titleStmt>
			<publicationStmt>
				<authority>Livingstone Online</authority>
				<pubPlace>London</pubPlace>
				<date>2008-04-15</date>
				<publisher>Wellcome Centre for the History of Medicine, UCL</publisher>
				<idno type="LEAP-ID">liv_002091</idno>
			</publicationStmt>
			<sourceDesc>
				<bibl xml:id="shelfmark">Royal Botanic Gardens, Kew. Library; Letters to J.D. Hooker, 14, f. 109</bibl>
				<bibl xml:id="ccnumber">Letters, 1512</bibl>
				<bibl xml:id="recipient"><persName>Hooker, Joseph D., 1817-1911</persName></bibl>
				<bibl xml:id="date"><date when="1864-10-19">19 October 1864</date></bibl>
				<bibl xml:id="where">Newstead Abbey</bibl>
			</sourceDesc>
		</fileDesc>
		<profileDesc>
			<langUsage>
				<language ident="en">English</language>
			</langUsage>
			<handNotes>
				<handNote xml:id="hand01">Scribe: Unknown</handNote>
			</handNotes>
		</profileDesc>
		<revisionDesc>
			<change>
				<date>2008-04-15</date>
				<name xml:id="SM">Sharon Messenger</name>Initial Transcription by Sharon Messenger
			</change>
			<change>
				<date>2008-05-08</date>
				<name xml:id="CL">Chris Lawrence</name>Proofed by Chris Lawrence
			</change>
			<change>
				<date>2008-06-28</date>
				<name xml:id="JB">Janet Browne</name>Proofed by Janet Browne
			</change>
		</revisionDesc>
	</teiHeader>

	<text>
		<body xml:lang="en">
			<div>

	<pb n="0001" facs="liv_002091_0001"/><!--pb/@n='109-1'-->
<lb/><p rend="right">19<hi rend="sup underline">th</hi> Oct<hi rend="sup underline">r</hi> 1864 </p>
<lb/>
<lb/><lb/><p rend="no-indent">My Dear <persName>Hooker</persName></p>
<lb/><p>I wrote to <persName>D<hi rend="sup underline">r</hi> Kirk</persName>
<lb/>requesting him to say 
<lb/>if the proposition 
<lb/>made were agreeable 
<lb/>and that I had <del type="strikethrough">a 
<lb/>form of</del> <add place="above">an</add> application 
<lb/>to <persName>Earl Russell</persName>
<lb/>all ready to send 
<lb/>off as soon as I 
<lb/>knew that he 

	<pb n="0002" facs="liv_002091_0002"/><!--pb/@n='109-2'-->
<lb/>was satisfied with 
<lb/>the salary proposed<reg>.</reg>
<lb/>But I sent it to 
<lb/><placeName>Edinburgh</placeName> and 
<lb/>today hearing that 
<lb/>he is gone to <placeName>Kew</placeName>
<lb/>I write to ask 
<lb/>you to ascertain 
<lb/>his mind and 
<lb/>oblige<reg>.</reg> Yours ever </p>
<lb/><p rend="no-indent"><persName>David Livingstone</persName></p>
			
</div>
		</body>
	</text></TEI>