<?xml version="1.0" encoding="UTF-8"?>
<?xml-model href="http://livingstoneonline.github.io/LEAP-ODD/leap.rng" type="application/xml" schematypens="http://relaxng.org/ns/structure/1.0"?>
<?xml-model href="http://livingstoneonline.github.io/LEAP-ODD/leap.rng" type="application/xml" schematypens="http://purl.oclc.org/dsdl/schematron"?>
 <?xml-stylesheet href="http://livingstoneonline.github.io/LEAP-XSLT/transcription.xsl" type="text/xsl"?>
 <!--Converted from a TEI P4 XML file to the LEAP TEI P5 Schema by James Cummings on 2015-03-02--><!--TEI encoding revised and standardized by Adrian S. Wisnicki, 2015-2016-->
         <TEI xmlns="http://www.tei-c.org/ns/1.0" xml:id="liv_002169"><!-- LP54 -->
	<teiHeader>
		<fileDesc>
			<titleStmt>
				<title>Letter to William C. Chapman</title>
                <title type="alternative">Letter to William C. Chapman, 25 January 1865</title>
				<author xml:id="DL">Livingstone, David, 1813-1873</author>
			</titleStmt>
			<publicationStmt>
				<authority>Livingstone Online</authority>
				<pubPlace>London</pubPlace>
				<date>2005-03-10</date>
				<publisher>Wellcome Centre for the History of Medicine, UCL</publisher>
				<idno type="LEAP-ID">liv_002169</idno>
			</publicationStmt>
			<sourceDesc>
				<bibl xml:id="ccnumber">Letters, 1585</bibl>
				<bibl xml:id="recipient"><persName>Chapman, William C., ?-1897</persName></bibl>
				<bibl xml:id="date"><date when="1865-01-25">25 January 1865</date></bibl>
				<bibl xml:id="where">Newstead Abbey</bibl>
				<bibl xml:id="shelfmark">Wellcome Institute for the History of Medicine. Library; 7329 54</bibl><!--1865-01-25--><!--Original:1865-01-25-->
				<bibl xml:id="extent">3 pages</bibl>
			</sourceDesc>
		</fileDesc>
		<revisionDesc>
			<change>
				<date>2005-03-10</date>
				<name xml:id="SM">Sharon Messenger</name>Initial Transcription
			</change>
			<change>
				<date>2006-02-14</date>
				<name xml:id="JB">Janet Browne</name>first proof
			</change>
			<change>
				<date>2006-02-22</date>
				<name xml:id="CL">Chris lawrence</name>second proof
			</change>
			<change>
				<date>2006-03-02</date>
				<name xml:id="CO">Caroline Overy</name>final proof
			</change>
		</revisionDesc>
	</teiHeader>

	<text>
		<body>
			<div>

	<pb n="0001" facs="liv_002169_0001"/><!--pb/@n='1'-->
<!--Hand 01 47 top left--><!--Hand 02 68010 superscript E top right--><!--headed notepaper--><!-- <p rend="center"><hi rend="italic">Newstead Abbey,</hi></p>
<p rend="center"><hi rend="italic">Mansfield, Notts.</hi></p>--><!--end of headed notepaper-->
<lb/><p rend="right">25 <choice><abbr>Jany</abbr><expan>January</expan></choice> 1865</p>
<lb/>
<lb/><p rend="no-indent">My Dear Captain Chapman</p>
<lb/><p>I write a line just 
<lb/>to say Welcome home 
<lb/>again to Old England 
<lb/>and to add I con-
<lb break="no"/>-gratulate you on 
<lb/>your success 
<lb/>with the "America" 
<lb/>I trust you found 
<lb/>M<hi rend="sup underline">rs</hi> C. and all 
<lb/>your friends as 

	<pb n="0002" facs="liv_002169_0002"/><!--pb/@n='2'-->
<lb/>well as you could wish.</p>
<lb/><p>I am in the labour 
<lb/>pains of composing 
<lb/>another book and 
<lb/>will take the 
<lb/>liberty of sending 
<lb/>you a copy as 
<lb/>soon as it is out 
<lb/>as a sort of 
<lb/><unclear cert="high">thank </unclear> offering for 
<lb/>your kindness to 
<lb/>me and to my 

	<pb n="0003" facs="liv_002169_0003"/><!--pb/@n='3'-->
<lb/>"Portuguese servant" 
<lb/>by whom by the way 
<lb/>I was informed 
<lb/>this morning of 
<lb/>your address.</p>
<lb/><p rend="no-indent">With my best 
<lb/>now to your 
<lb/>good lady and 
<lb/>all manner of 
<lb/>good wishes for 
<lb/>your health and 
<lb/>happiness</p>
<lb/><p rend="center">I am &amp;c</p>
<lb/><p rend="no-indent">David Livingstone</p>
			
</div>
		</body>
	</text></TEI>