<?xml version="1.0" encoding="UTF-8"?>
<?xml-model href="http://livingstoneonline.github.io/LEAP-ODD/leap.rng" type="application/xml" schematypens="http://relaxng.org/ns/structure/1.0"?>
<?xml-model href="http://livingstoneonline.github.io/LEAP-ODD/leap.rng" type="application/xml" schematypens="http://purl.oclc.org/dsdl/schematron"?>
 <?xml-stylesheet href="http://livingstoneonline.github.io/LEAP-XSLT/transcription.xsl" type="text/xsl"?>
 <!--Converted from a TEI P4 XML file to the LEAP TEI P5 Schema by James Cummings on 2015-03-02--><!--TEI encoding revised and standardized by Adrian S. Wisnicki, 2015-2016-->
         <TEI xmlns="http://www.tei-c.org/ns/1.0" xml:id="liv_002243">
	<teiHeader>
		<fileDesc>
			<titleStmt>
				<title>Letter to John Murray III</title>
                <title type="alternative">Letter to John Murray III, 31 March 1865</title>
				<author xml:id="DL">Livingstone, David, 1813-1873</author>
			</titleStmt>
			<publicationStmt>
				<authority>Livingstone Online</authority>
				<pubPlace>London</pubPlace>
				<date>2008-11-06</date>
				<publisher>Wellcome Centre for the History of Medicine, UCL</publisher>
				<idno type="LEAP-ID">liv_002243</idno>
			</publicationStmt>
			<sourceDesc>
				<bibl xml:id="shelfmark">National Library of Scotland; MS. 42421, ff. 65r-66v</bibl>
				<bibl xml:id="ccnumber">Letters, 1657</bibl>
				<bibl xml:id="recipient"><persName>Murray, John III, 1808-1892</persName></bibl>
				<bibl xml:id="date"><date when="1865-03-31">31 March 1865</date></bibl>
				<bibl xml:id="where">Newstead Abbey</bibl>
			</sourceDesc>
		</fileDesc>
		<profileDesc>
			<langUsage>
				<language ident="en">English</language>
			</langUsage>
			<handNotes>
				<handNote xml:id="hand01">Scribe: Unknown</handNote>
			</handNotes>
		</profileDesc>
		<revisionDesc>
			<change>
				<date>2008-11-06</date>
				<name xml:id="CO">Caroline Overy</name>Initial Transcription by Caroline Overy
			</change>
			<change>
				<date>2008-11-18</date>
				<name xml:id="CL">Chris Lawrence</name>Proof by Chris Lawrence
			</change>
		</revisionDesc>
	</teiHeader>

	<text>
		<body xml:lang="en">
			<div>

	<pb n="0001" facs="liv_002243_0001"/><!--pb/@n='65r'-->
<lb/><p rend="right">31 March 1865</p><!--printed letterhead--><!--
<p rend="right">NEWSTEAD ABBEY</p>
<p rend="right">MANSFIELD</p>
<p rend="right">NOTTS</p>
--><!--printed letterhead ends here-->
<lb/><p>My Dear <persName>M<hi rend="sup underline">r</hi> Murray</persName></p>
<lb/>
<lb/><p rend="no-indent">I have been thinking 
<lb/>it might be well to take 
<lb/>all about the Oxford 
<lb/>and Cambridge Mission 
<lb/>and put it into one 
<lb/>chapter and Head it 
<lb/>O &amp; C. Mission &amp;c<reg>.</reg>
<lb/>Would that be better 
<lb/>than having it 
<lb/>mixed up as it 
<lb/>now is. I have 
<lb/>given <persName>Bishop 

	<pb n="0002" facs="liv_002243_0002"/><!--pb/@n='65v'-->
<lb/>Mackenzie</persName> high com
<lb/>mendation for 
<lb/>goodness of heart 
<lb/>&amp; earnest devotion 
<lb/>to his work as I think 
<lb/>he deserves it, but 
<lb/>I am at a loss what to 
<lb/>say about <persName>Tozer</persName><reg>.</reg>
<lb/>It won<reg>'</reg>t do to say 
<lb/>he is a good pious 
<lb/>donkey. I am at the 
<lb/>conclusion now 
<lb/>a sort of recounting 
<lb/>of results and telling 
<lb/>what I think about 
<lb/>Missions squadron &amp;c<reg>.</reg>

	<pb n="0003" facs="liv_002243_0003"/><!--pb/@n='66r'-->
<lb/>I think the frontispiece 
<lb/>very good. If the 
<lb/>3<hi rend="sup">d</hi> crack were 
<lb/>drawn a little more 
<lb/>to the right it would 
<lb/>be better. <persName>Baines</persName>
<lb/>certainly did not 
<lb/>go over there - </p>
<lb/><p>When you have 
<lb/>done with the 
<lb/>paintings I shall 
<lb/>write a note of 
<lb/>thanks to <persName>M<hi rend="sup underline">r</hi> Layard</persName><reg>.</reg>
<lb/>It was from his 
<lb/>order that I got 
<lb/>them from A.G.S.</p>

	<pb n="0004" facs="liv_002243_0004"/><!--pb/@n='66v'-->
<lb/><p rend="no-indent"><persName>M<hi rend="sup">r</hi> &amp; M<hi rend="sup underline">rs</hi> Webb</persName> are now 
<lb/>in London for advice 
<lb/>about his knee <placeName>51 Upper 
<lb/>Brook St</placeName><reg>.</reg></p>
			
</div>
		</body>
	</text></TEI>