<?xml version="1.0" encoding="UTF-8"?>
<?xml-model href="http://livingstoneonline.github.io/LEAP-ODD/leap.rng" type="application/xml" schematypens="http://relaxng.org/ns/structure/1.0"?>
<?xml-model href="http://livingstoneonline.github.io/LEAP-ODD/leap.rng" type="application/xml" schematypens="http://purl.oclc.org/dsdl/schematron"?>
 <?xml-stylesheet href="http://livingstoneonline.github.io/LEAP-XSLT/transcription.xsl" type="text/xsl"?>
 <!--Converted from a TEI P4 XML file to the LEAP TEI P5 Schema by James Cummings on 2015-03-02--><!--TEI encoding revised and standardized by Adrian S. Wisnicki, 2015-2016-->
         <TEI xmlns="http://www.tei-c.org/ns/1.0" xml:id="liv_002085">
	<teiHeader>
		<fileDesc>
			<titleStmt>
				<title>Letter to Joseph D. Hooker</title>
                <title type="alternative">Letter to Joseph D. Hooker, 12 October 1864</title>
				<author xml:id="DL">Livingstone, David, 1813-1873</author>
			</titleStmt>
			<publicationStmt>
				<authority>Livingstone Online</authority>
				<pubPlace>London</pubPlace>
				<date>2008-04-15</date>
				<publisher>Wellcome Centre for the History of Medicine, UCL</publisher>
				<idno type="LEAP-ID">liv_002085</idno>
			</publicationStmt>
			<sourceDesc>
				<bibl xml:id="shelfmark">Royal Botanic Gardens, Kew. Library; English Letters, 1865-1900, 92, f. 135</bibl>
				<bibl xml:id="ccnumber">Letters, 1506</bibl>
				<bibl xml:id="recipient"><persName>Hooker, Joseph D., 1817-1911</persName></bibl>
				<bibl xml:id="date"><date when="1864-10-12">12 October 1864</date></bibl>
				<bibl xml:id="where">Newstead Abbey</bibl>
			</sourceDesc>
		</fileDesc>
		<profileDesc>
			<langUsage>
				<language ident="en">English</language>
			</langUsage>
			<handNotes>
				<handNote xml:id="hand01">Scribe: Unknown</handNote>
			</handNotes>
		</profileDesc>
		<revisionDesc>
			<change>
				<date>2008-04-15</date>
				<name xml:id="SM">Sharon Messenger</name>Initial Transcription by Sharon Messenger
			</change>
			<change>
				<date>2008-05-03</date>
				<name xml:id="CL">Chris Lawrence</name>Proof by Chris Lawrence
			</change>
			<change>
				<date>2008-06-28</date>
				<name xml:id="JB">Janet Browne</name>Proof by Janet
			</change>
		</revisionDesc>
	</teiHeader>

	<text>
		<body xml:lang="en">
			<div>

	<pb n="0001" facs="liv_002085_0001"/><!--pb/@n='135-1'-->
<!--CODIC: printed letterhead no displayed--><!--<p rend="right"><placeName>Newstead Abbey</placeName> <lb/><placeName>Mansfield, Notts</placeName> </p>-->
<lb/><p rend="right">12 Oct<hi rend="sup underline">r</hi> 1864 </p>
<lb/><p rend="no-indent">My Dear <persName>Hooker</persName></p>
<lb/><p>Absence from 
<lb/><placeName>Clifton</placeName> prevented 
<lb/><persName>Kirk</persName> from answering 
<lb/>before yesterday. </p>
<lb/><p>He is perfectly 
<lb/>satisfied as to <persName>Prof. 
<lb/>Oliver's
</persName> attainments 
<lb/>and suitability for 
<lb/>the work proposed 
<lb/>and after adverting 
<lb/>to the difficulty that 

	<pb n="0002" facs="liv_002085_0002"/><!--pb/@n='135a-2'-->
<lb/>may be found in 
<lb/>recognizing some of 
<lb/>the things given to 
<lb/>the <placeName>British Museum</placeName>
<lb/>and the facilities 
<lb/>you kindly afford 
<lb/>for access to the 
<lb/>collection he <w>con
<lb break="no"/>-cludes</w>
<lb/>"You can form a 
<lb/>better idea than I 
<lb/>whether the Govern<hi rend="sup">t</hi>
<lb/>is likely to grant 
<lb/>such a proposal 
<lb/>as that made by 
<lb/><persName>D<hi rend="sup underline">r</hi> Hooker</persName>. Unless 

	<pb n="0003" facs="liv_002085_0003"/><!--pb/@n='135a-3'-->
<lb/>something of the sort 
<lb/>were done I do not see 
<lb/>that a four years 
<lb/>unpaid job would 
<lb/>suit me"<reg>.</reg></p>
<lb/><p>I would have sent 
<lb/>the letter but it 
<w>con-<lb break="no"/>tains</w> other matters. 
<lb/>I conclude though 
<lb/>he does not say so 
<lb/>that he would 
<lb/>engage in the work 
<lb/>if he had his Expedition 
<lb/>pay and perhaps 
<lb/>I had better write 
<lb/>to <persName>Lord Russell</persName> to 
<lb/>that effect. 

	<pb n="0004" facs="liv_002085_0004"/><!--pb/@n='135-4'-->
<lb/>Could you in a sentence 
<lb/>or two tell me how 
<lb/>I ought to put it to 
<lb/><persName>Earl Russell</persName>? &amp; 
<lb/>oblige Yours Ever </p>
<lb/><p rend="no-indent"><persName>David Livingstone</persName></p>
<lb/>
<lb/><p rend="no-indent">On after thought I 
<lb/>enclose the whole 
<lb/><space extent="2" unit="chars"/>letter </p>
			
</div>
		</body>
	</text></TEI>