<?xml version="1.0" encoding="UTF-8"?>
<?xml-model href="http://livingstoneonline.github.io/LEAP-ODD/leap.rng" type="application/xml" schematypens="http://relaxng.org/ns/structure/1.0"?>
<?xml-model href="http://livingstoneonline.github.io/LEAP-ODD/leap.rng" type="application/xml" schematypens="http://purl.oclc.org/dsdl/schematron"?>
 <?xml-stylesheet href="http://livingstoneonline.github.io/LEAP-XSLT/transcription.xsl" type="text/xsl"?>
 <!--Converted from a TEI P4 XML file to the LEAP TEI P5 Schema by James Cummings on 2015-03-02--><!--TEI encoding revised and standardized by Adrian S. Wisnicki, 2015-2016-->
         <TEI xmlns="http://www.tei-c.org/ns/1.0" xml:id="liv_002066"><!-- LP48 -->
	<teiHeader>
		<fileDesc>
			<titleStmt>
				<title>Letter to Mrs. [?] Williamson</title>
                <title type="alternative">Letter to Mrs. [?] Williamson, 18, 19 September 1864</title>
				<author xml:id="DL">Livingstone, David, 1813-1873</author>
			</titleStmt>
			<publicationStmt>
				<authority>Livingstone Online</authority>
				<pubPlace>London</pubPlace>
				<date>2005-05-10</date>
				<publisher>Wellcome Centre for the History of Medicine, UCL</publisher>
				<idno type="LEAP-ID">liv_002066</idno>
			</publicationStmt>
			<sourceDesc>
				<bibl xml:id="ccnumber">Letters, 1487</bibl>
				<bibl xml:id="recipient"><persName>Williamson, Mrs.</persName></bibl>
				<bibl xml:id="date"><date from="1864-09-18" to="1864-09-19">18, 19 September 1864</date></bibl>
				<bibl xml:id="where">Bath</bibl>
				<bibl xml:id="shelfmark">Wellcome Institute for the History of Medicine. Library; 7329 48</bibl><!--1864-09-18--><!--Original:1864-09-18-->
				<bibl xml:id="extent">3 pages</bibl>
			</sourceDesc>
		</fileDesc>
		<revisionDesc>
			<change>
				<date>2005-05-10</date>
				<name xml:id="SM">Sharon Messenger</name>Initial Transcription
			</change>
			<change>
				<date>2006-02-14</date>
				<name xml:id="JB">Janet Browne</name>second proof
			</change>
			<change>
				<date>2005-02-27</date>
				<name xml:id="CO">Caroline Overy</name>final proof
			</change>
		</revisionDesc>
	</teiHeader>

	<text>
		<body>
			<div>

	<pb n="0001" facs="liv_002066_0001"/><!--pb/@n='1'-->
<!-- hand 01 41 top left--><!-- hand 02 63381 top right--><!-- hand 03 Livingstone top left-->
<lb/><p rend="center">Bath</p>
<lb/><p rend="right">18<hi rend="sup underline">th</hi> <choice><abbr>Sept<hi rend="sup underline">r</hi></abbr><expan>September</expan></choice> 1864</p>
<lb/>
<lb/><p rend="no-indent">My Dear M<hi rend="sup underline">rs</hi> Williamson</p>
<lb/><p>It gave me great 
<lb/>pleasure to <choice><sic>recieve</sic><corr>receive</corr></choice> a 
<lb/>letter from you 
<lb/>some time ago. 
<lb/>It was laid aside 
<lb/>to be answered but 
<lb/>I never have been 
<lb/>able. I now seize 
<lb/>a moment just 
<lb/>to say thank you 
<lb/>for I am in the 
<lb/>throes getting ready 

	<pb n="0002" facs="liv_002066_0002"/><!--pb/@n='2'-->
<lb/>a speech to be delivered 
<lb/>this evening in the 
<lb/>theatre. I never 
<lb/>was intended for a 
<lb/>public speaker &amp; 
<lb/>never like to hear 
<lb/>myself speaking so 
<lb/>you may judge 
<lb/>I am not in a 
<lb/>proper frame of 
<lb/>mind for answering 
<lb/>a lady's letter</p>
<lb/><p>The limited time 
<lb/>I have to spend at 
<lb/>home &amp; some 
<lb/>work I have to do 
<lb/>prevent my 

	<pb n="0003" facs="liv_002066_0003"/><!--pb/@n='3'-->
<lb/>acceptance of your 
<lb/>very kind invitation 
<lb/>but I beg that 
<lb/>you will present 
<lb/>my warmest sal-
<lb break="no"/>-utations to your 
<lb/>husband and our 
<lb/>young friend</p>
<lb/><p>I am &amp;c</p>
<lb/><p rend="no-indent">David Livingstone</p>
<lb/><p rend="no-indent"><!---added next day-->19<hi rend="sup underline">th</hi> the speech was 
<lb/>got through somehow <gap extent="1" unit="lines" agent="damage"/>

	<pb n="0004" facs="liv_002066_0004"/><!--pb/@n='4'-->
<lb/>you but want of time 
<lb/>as I must work as 
<lb/>much as I can now 
<lb/>my steamer being out 
<lb/>at Bombay &amp; seven 
<lb/>black men waiting 
<lb/>for me. I know Sir 
<lb/>John Richardson &amp; 
<lb/>would be glad to meet him 
<lb/>anywhere. I have that 
<lb/>pleasure this evening 
<lb/>at D<hi rend="sup underline">r</hi> Watson's.</p>
<lb/><p rend="no-indent">Begging that you 
<lb/>will kindly excuse 
<lb/>me. I am &amp;c. <gap extent="1" unit="lines" agent="damage"/>
<lb/><!--signature cut off--></p>
			
</div>
		</body>
	</text></TEI>