<?xml version="1.0" encoding="UTF-8"?>
<?xml-model href="http://livingstoneonline.github.io/LEAP-ODD/leap.rng" type="application/xml" schematypens="http://relaxng.org/ns/structure/1.0"?>
<?xml-model href="http://livingstoneonline.github.io/LEAP-ODD/leap.rng" type="application/xml" schematypens="http://purl.oclc.org/dsdl/schematron"?>
 <?xml-stylesheet href="http://livingstoneonline.github.io/LEAP-XSLT/transcription.xsl" type="text/xsl"?>
 <!--Converted from a TEI P4 XML file to the LEAP TEI P5 Schema by James Cummings on 2015-03-02--><!--TEI encoding revised and standardized by Adrian S. Wisnicki, 2015-2016-->
         <TEI xmlns="http://www.tei-c.org/ns/1.0" xml:id="liv_001825">
	<teiHeader>
		<fileDesc>
			<titleStmt>
				<title>Letter to John Washington</title>
                <title type="alternative">Letter to John Washington, 4 September 1862</title>
				<author xml:id="DL">Livingstone, David, 1813-1873</author>
			</titleStmt>
			<publicationStmt>
				<authority>Livingstone Online</authority>
				<pubPlace>London</pubPlace>
				<date>2009-08-25</date>
				<publisher>Wellcome Centre for the History of Medicine, UCL</publisher>
				<idno type="LEAP-ID">liv_001825</idno>
			</publicationStmt>
			<sourceDesc>
				<bibl xml:id="shelfmark">National Museum of the Royal Navy (Great Britain); MSS. 120</bibl>
				<bibl xml:id="ccnumber">Letters, 1271</bibl>
				<bibl xml:id="recipient"><persName>Washington, John, 1800-1863</persName></bibl>
				<bibl xml:id="date"><date when="1862-09-04">4 September 1862</date></bibl>
				<bibl xml:id="where">Johanna</bibl>
			</sourceDesc>
		</fileDesc>
		<profileDesc>
			<langUsage>
				<language ident="en">English</language>
			</langUsage>
			<handNotes>
				<handNote xml:id="hand01">Scribe: Unknown</handNote>
			</handNotes>
		</profileDesc>
		<revisionDesc>
			<change>
				<date>2009-08-25</date>
				<name xml:id="SM">Sharon Messenger</name>Initial Transcription by Sharon Messenger
			</change>
			<change>
				<date>2009-09-23</date>
				<name xml:id="CL">Chris Lawrence</name>First Proof by Chris Lawrence
			</change>
		</revisionDesc>
	</teiHeader>

	<text>
		<body xml:lang="en">
			<div>

	<pb n="0001" facs="liv_001825_0001"/><!--pb/@n='1'-->
<lb/><p rend="right"><placeName>Johanna</placeName> 4<hi rend="sup underline">th</hi> Sept<hi rend="sup underline">r</hi> 1862 </p>
<lb/>
<lb/><p rend="no-indent">Dear <persName>Admiral Washington</persName></p>
<lb/><p><space extent="2" unit="words"/>I wrote a note 
<lb/>today advising you that it had 
<lb/>been necessary to draw £50 from 
<lb/><persName>Captain Gardener</persName> of H.M.S. Orestes 
<lb/>but I ought to have said £100 for 
<lb/>I found that I had to pay the 
<lb/>late Johanna crew of six men 
<lb/>£115-8 for 15 months service. 
<lb/><choice><reg>T</reg><orig>t</orig></choice>hen having engaged 10 new 
<lb/>hands at the same rate, namely 
<lb/>28 shillings per month and £2 or 
<lb/>£3 more per annum to the 
<lb/>headman of the party I had to give 
<lb/>2 months advance or  £28. 
<lb/>Then I had to buy paint oil &amp; 
<lb/>turpentine - pitch to caulk the 
<lb/><choice><sic>vessell</sic><corr>vessel</corr></choice> fresh meat &amp; vegetables 
<lb/>about £23 <add place="above">&amp; advances to the men</add> and had only 
<lb/>£100 from the admiral to do 
<lb/>all this with. <choice><reg>T</reg><orig>t</orig></choice>he full particulars 
<lb/>will be sent in next year<reg>'</reg>s 
<lb/>account. I only wish to advise 

	<pb n="0002" facs="liv_001825_0002"/><!--pb/@n='2'-->
<lb/>you of the £100 and as this is to 
<lb/>be sent by way of <placeName>Mayotta</placeName> - the 
<lb/>other by <placeName>Mauritius</placeName> I may repeat 
<lb/>that we have come here on our 
<lb/>way to <placeName>Rovuma</placeName> to spend 
<lb/>the months between this and 
<lb/>the flood of December in boat 
<lb/>exploration of that river. We 
<lb/>were obliged to come with our 
<lb/>Johanna men and to get others<reg>.</reg>
<lb/>Three whites are sent to the 
<lb/>flag ship. One <persName>Charles Neale</persName>
<lb/>to be invalided home - all 
<lb/>good men but frequently sick<reg>.</reg>
<lb/>We shall leave <placeName>Rovuma</placeName>
<lb/>about the beginning of Dec<hi rend="sup underline">r</hi>
<lb/>for this &amp; <placeName>Zambesi</placeName> and 
<lb/>I hope to report success to you<reg>.</reg>
<lb/>I need say nothing to you 
<lb/>about our anxiety to get an 
<lb/>outlet of our own to <placeName>Lake 
<lb/>Nyassa</placeName>. </p>
<lb/><p><persName>John Pennell</persName><placeName>Lead<hi rend="sup">g</hi> St<hi rend="sup">r</hi></placeName>
<lb/>desires to remit (£10) - Ten 

	<pb n="0003" facs="liv_001825_0003"/><!--pb/@n='3'-->
<lb/>pounds to <persName>M<hi rend="sup underline">r</hi> H. Fieldsend</persName></p>
<lb/><p rend="center"><placeName>N<hi rend="sup underline">o</hi> 7 Spa Terrace</placeName></p>
<lb/><p rend="center"><space extent="2" unit="chars"/><placeName>Barnsley</placeName></p>
<lb/><p rend="center"><space extent="2" unit="words"/><placeName>Yorkshire.</placeName></p>
<lb/><p><choice><reg>T</reg><orig>t</orig></choice>he money to be drawn at the 
<lb/>excise office there as there is no 
<lb/>bank<reg>.</reg> I hope it may be convenient 
<lb/>to oblige him as he is a very well 
<lb/>behaved man. </p>
<lb/><p>We are at present all in very 
<lb/>good health. <choice><reg>T</reg><orig>t</orig></choice>he Orestes tows 
<lb/>us over to <placeName>Rovuma</placeName> that 
<lb/>being in his way. Our despatches 
<lb/>go to <placeName>Mauritus</placeName> by him 
<lb/>this may come sooner to hand<reg>.</reg>
<lb/>Lady Nyassa is launched &amp; 
<lb/>in charge of <persName>Macleod</persName> &amp; <persName>Reid</persName>
<lb/>at <placeName>Shupanga</placeName><reg>.</reg></p>
<lb/><p rend="center"><space extent="1" unit="words"/>I am Dear Sir </p>
<lb/><p rend="center"><space extent="2" unit="words"/>Most truly yours </p>
<lb/><p rend="center"><persName>David Livingstone</persName></p>
<lb/><p rend="no-indent">Could our letters not come overland 
<lb/>to care of the <persName>Governor of 
<lb/>Mauritius</persName> to be forwarded to <placeName>Johanna</placeName></p>

	<pb n="0004" facs="liv_001825_0004"/><!--pb/@n='4'-->
<lb/><p rend="no-indent">We exchange <persName>David Gwillam</persName>
<lb/>Q<hi rend="sup underline">r</hi> M<hi rend="sup underline">r</hi> for another. His advances 
<lb/>of pay amount to £5 - and 
<lb/>account is to be sent to the 
<lb/>Flag Ship<reg>.</reg></p>
			
</div>
		</body>
	</text></TEI>