<?xml version="1.0" encoding="UTF-8"?>
<?xml-model href="http://livingstoneonline.github.io/LEAP-ODD/leap.rng" type="application/xml" schematypens="http://relaxng.org/ns/structure/1.0"?>
<?xml-model href="http://livingstoneonline.github.io/LEAP-ODD/leap.rng" type="application/xml" schematypens="http://purl.oclc.org/dsdl/schematron"?>
 <?xml-stylesheet href="http://livingstoneonline.github.io/LEAP-XSLT/transcription.xsl" type="text/xsl"?>
 <!--Converted from a TEI P5 XML file to the LEAP TEI P5 Schema by James Cummings on 2015-03-02--><!--TEI encoding revised and standardized by Adrian S. Wisnicki, 2015-2016-->
         <TEI xmlns="http://www.tei-c.org/ns/1.0" xml:id="liv_002052">
	<teiHeader>
		<fileDesc>
			<titleStmt>
				<title>Letter to [Edward D. Young?]</title>
                <title type="alternative">Letter to [Edward D. Young?], 29 August 1864</title>
				<author xml:id="DL">Livingstone, David, 1813-1873</author>
			</titleStmt>
			<publicationStmt>
				<authority>Livingstone Online</authority>
				<pubPlace>London, UK</pubPlace>
				<publisher>University College London</publisher>
				<date>2012</date>
				<idno type="LEAP-ID">liv_002052</idno>
			</publicationStmt>
			<sourceDesc>
				<bibl xml:id="shelfmark">Bodleian Library. Weston Library; Waller MSS. Afr. s. 16.1, f. 73</bibl>
				<bibl xml:id="ccnumber">Letters, 1474</bibl>
				<bibl xml:id="recipient"><persName>Young, Edward D., 1831-1896</persName></bibl>
				<bibl xml:id="date"><date when="1864-08-29">29 August 1864</date></bibl>
				<bibl xml:id="where">Hamilton</bibl>
			</sourceDesc>
		</fileDesc>
		<profileDesc>
			<langUsage>
				<language ident="en">English</language>
			</langUsage>
		</profileDesc>
		<revisionDesc>
			<change>
				<date>2011-12-17</date>
				<name xml:id="HFB">Heather F. Ball</name> initial transcription and XML encoding.
            
			</change>
			<change>
				<date>2011-12-20</date>
				<name xml:id="AW">Adrian S. Wisnicki</name> proofreading.
            
			</change>
		</revisionDesc>
	</teiHeader>

	<text>
		<body>
			<div>

	<pb n="0001" facs="liv_002052_0001"><!--pb/@n='73r'--></pb>

<lb/><p><placeName><settlement type="town">Hamilton</settlement></placeName> <date when="1864-08-30"><del>30</del></date> <date when="1864-08-29"><add place="inline">29</add> <choice><abbr>Aug.</abbr><expan>August</expan></choice>
<lb/><space extent="3" unit="words"/>1864</date></p>
<lb/>
<lb/><p rend="no-indent">Dear Sir</p>
<lb/><p>I did not
<lb/><choice><sic>recieve</sic><corr>receive</corr></choice> yours of <date when="1864-08-20">20<hi rend="sup underline">th</hi></date>
<lb/>till my return from
<lb/><placeName><region>The Highlands</region></placeName> the day
<lb/>before yesterday -</p>
<lb/><p>I return to <placeName><settlement type="city">London</settlement></placeName>
<lb/>in the course of a
<lb/>few days and will
<lb/>be very happy to
<lb/>go with the <persName>Adrmiral</persName>
<lb/>at any time he
<lb/>chooses to the Admirally
<lb/>on your account</p>

	<pb n="0002" facs="liv_002052_0002"><!--pb/@n='73v'--></pb>
<lb/><p rend="no-indent">The Paymaster of the
<lb/><placeName><settlement type="town">Seringapatam</settlement></placeName> having
<lb/>neglected to send home
<lb/>the papers containing
<lb/>the deductions for
<lb/>slops &amp;c prevented
<lb/>the other men getting
<lb/>their pay as soon
<lb/>as they otherwise
<lb/>might have done -
<lb/>I gave certificates
<lb/>from memory
<lb/>for all hands - Your
<w><lb break="no"/>-self</w> included before
<lb/>my departure fro<supplied cert="high">m</supplied></p>
			
</div>
		</body>
	</text></TEI>