<?xml version="1.0" encoding="UTF-8"?>
<?xml-model href="http://livingstoneonline.github.io/LEAP-ODD/leap.rng" type="application/xml" schematypens="http://relaxng.org/ns/structure/1.0"?>
<?xml-model href="http://livingstoneonline.github.io/LEAP-ODD/leap.rng" type="application/xml" schematypens="http://purl.oclc.org/dsdl/schematron"?>
 <?xml-stylesheet href="http://livingstoneonline.github.io/LEAP-XSLT/transcription.xsl" type="text/xsl"?>
 <!--Converted from a TEI P4 XML file to the LEAP TEI P5 Schema by James Cummings on 2015-03-02--><!--TEI encoding revised and standardized by Adrian S. Wisnicki, 2015-2016-->
         <TEI xmlns="http://www.tei-c.org/ns/1.0" xml:id="liv_002076">
	<teiHeader>
		<fileDesc>
			<titleStmt>
				<title>Letter to John Murray III</title>
                <title type="alternative">Letter to John Murray III, 30 September 1864</title>
				<author xml:id="DL">Livingstone, David, 1813-1873</author>
			</titleStmt>
			<publicationStmt>
				<authority>Livingstone Online</authority>
				<pubPlace>London</pubPlace>
				<date>2008-11-17</date>
				<publisher>Wellcome Centre for the History of Medicine, UCL</publisher>
				<idno type="LEAP-ID">liv_002076</idno>
			</publicationStmt>
			<sourceDesc>
				<bibl xml:id="shelfmark">National Library of Scotland; MS. 42421, ff. 9r-10v</bibl>
				<bibl xml:id="ccnumber">Letters, 1497</bibl>
				<bibl xml:id="recipient"><persName>Murray, John III, 1808-1892</persName></bibl>
				<bibl xml:id="date"><date when="1864-09-30">30 September 1864</date></bibl>
				<bibl xml:id="where">Newstead Abbey</bibl>
			</sourceDesc>
		</fileDesc>
		<profileDesc>
			<langUsage>
				<language ident="en">English</language>
			</langUsage>
			<handNotes>
				<handNote xml:id="hand01">Scribe: Unknown</handNote>
			</handNotes>
		</profileDesc>
		<revisionDesc>
			<change>
				<date>2008-11-17</date>
				<name xml:id="SM">Sharon Messenger</name>Initial Transcription by Sharon Messenger
			</change>
			<change>
				<date>2008-11-26</date>
				<name xml:id="CL">Chris Lawrence</name>Proof by Chris Lawrence
			</change>
		</revisionDesc>
	</teiHeader>

	<text>
		<body xml:lang="en">
			<div>

	<pb n="0001" facs="liv_002076_0001"/><!--pb/@n='9r'-->
<lb/><p rend="right"> 30 Sept<hi rend="sup underline">r</hi> 1864 
<lb/><!-- headed notepaper --></p>
<lb/>
<lb/>
<lb/><p rend="no-indent">My Dear <persName>M<hi rend="sup underline">r</hi> Murray</persName></p>
<lb/><p>You remember 
<lb/><persName>Captain Henry Need</persName>
<lb/>who lent us his 
<lb/>portfolio of drawings 
<lb/>made on the <placeName>West 
<lb/>Coast</placeName> &amp; whom 
<lb/>you pronounced 
<lb/>to have a real 
<lb/>artistic eye. Well 
<lb/>he is near to this 
<lb/>and very infirm 

	<pb n="0002" facs="liv_002076_0002"/><!--pb/@n='9v'-->
<lb/>nothing would delight 
<lb/>him more than 
<lb/>doing any drawing 
<lb/>we need - that indeed 
<lb/>is the only thing 
<lb/>he can do now. So 
<lb/>when you have 
<lb/>decided on what 
<lb/>you like please 
<lb/>send them down 
<lb/>and he will make 
<lb/>any combination 
<lb/>of them you may 
<lb/>suggest. <choice><reg>T</reg><orig>t</orig></choice>he 

	<pb n="0003" facs="liv_002076_0003"/><!--pb/@n='10r'-->
<lb/>lip ring ladies who 
<lb/>were mentioned 
<lb/>by my brother might 
<lb/>be done by him if 
<lb/>you think it 
<lb/>advisable<reg>.</reg></p>
<lb/><p rend="no-indent"><persName>M<hi rend="sup underline">rs</hi> Webb</persName> &amp; her husband 
<lb/>would have been 
<lb/>better pleased if 
<lb/>I had reported 
<lb/>that you were 
<lb/>coming here soon. </p>
<lb/><p>I write this 
<lb/>morning to <persName>M<hi rend="sup">r</hi>
<lb/>Conyingham</persName> of the 

	<pb n="0004" facs="liv_002076_0004"/><!--pb/@n='10v'-->
<lb/>Foreign Office for 
<lb/>the blue books in 
<lb/>which my despatches 
<lb/>are - if he complies 
<lb/>&amp; sends them to you 
<lb/>please do send them 
<lb/>by Rail down to 
<lb/><placeName>Newstead</placeName> which is 
<lb/>a private station 
<lb/>and oblige yours &amp;c. </p>
<lb/><p rend="no-indent"><persName>David Livingstone</persName></p>
			
</div>
		</body>
	</text></TEI>