<?xml version="1.0" encoding="UTF-8"?>
<?xml-model href="http://livingstoneonline.github.io/LEAP-ODD/leap.rng" type="application/xml" schematypens="http://relaxng.org/ns/structure/1.0"?>
<?xml-model href="http://livingstoneonline.github.io/LEAP-ODD/leap.rng" type="application/xml" schematypens="http://purl.oclc.org/dsdl/schematron"?>
 <?xml-stylesheet href="http://livingstoneonline.github.io/LEAP-XSLT/transcription.xsl" type="text/xsl"?>
 <!--Converted from a TEI P4 XML file to the LEAP TEI P5 Schema by James Cummings on 2015-03-02--><!--TEI encoding revised and standardized by Adrian S. Wisnicki, 2015-2016-->
         <TEI xmlns="http://www.tei-c.org/ns/1.0" xml:id="liv_002056">
	<teiHeader>
		<fileDesc>
			<titleStmt>
				<title>Letter to John Kirk 2</title>
                <title type="alternative">Letter to John Kirk 2, 1 September 1864</title>
				<author xml:id="DL">Livingstone, David, 1813-1873</author>
			</titleStmt>
			<publicationStmt>
				<authority>Livingstone Online</authority>
				<pubPlace>London</pubPlace>
				<date>2008-01-17</date>
				<publisher>Wellcome Centre for the History of Medicine, UCL</publisher>
				<idno type="LEAP-ID">liv_002056</idno>
			</publicationStmt>
			<sourceDesc>
				<bibl xml:id="shelfmark">National Library of Scotland; Acc. 9942, ff. 3r-4v</bibl>
				<bibl xml:id="ccnumber">Letters, 1478</bibl>
				<bibl xml:id="recipient"><persName>Kirk, John 2, 1832-1922</persName></bibl>
				<bibl xml:id="date"><date when="1864-09-01">1 September 1864</date></bibl>
				<bibl xml:id="where">Hamilton</bibl>
			</sourceDesc>
		</fileDesc>
		<profileDesc>
			<langUsage>
				<language ident="en">English</language>
			</langUsage>
			<handNotes>
				<handNote xml:id="hand01">Scribe: Unknown</handNote>
			</handNotes>
		</profileDesc>
		<revisionDesc>
			<change>
				<date>2008-01-17</date>
				<name xml:id="SM">Sharon Messenger</name>Initial Transcription by Sharon Messenger
			</change>
			<change>
				<date>2008-04-05</date>
				<name xml:id="CL">Chris Lawrencer</name>Proof by Chris Lawrence
			</change>
		</revisionDesc>
	</teiHeader>

	<text>
		<body xml:lang="en">
			<div>

	<pb n="0001" facs="liv_002056_0001"/><!--pb/@n='3r'-->
<lb/><p><space extent="1" unit="words"/><placeName>Hamilton</placeName></p>
<lb/><p rend="center"><space extent="2" unit="words"/>1<hi rend="sup underline">st</hi> Sept<hi rend="sup underline">r</hi></p>
<lb/><p rend="right"><space extent="1" unit="words"/>1864 </p>
<lb/>
<lb/><p rend="no-indent">My Dear <persName>D<hi rend="sup underline">r</hi> Kirk</persName></p>
<lb/><p>I am glad to 
<lb/>hear that you are enjoying 
<lb/>yourself so famously<reg>.</reg>
<lb/>I too had a turn in 
<lb/>the Highlands by 
<lb/><placeName>Staffa</placeName> &amp; <placeName>Iona</placeName> &amp; <placeName>Ulva</placeName>
<lb/>&amp; <placeName>Mull</placeName>. <choice><reg>T</reg><orig>t</orig></choice>he weather 
<lb/>was delightful and 
<lb/>my native air 
<lb/>quite set me up 
<lb/>again. I got a free 
<lb/>passage &amp; a ticket 

	<pb n="0002" facs="liv_002056_0002"/><!--pb/@n='3v'-->
<lb/>"at any time to &amp; from 
<lb/>any place" See what 
<lb/>it is to come from 
<lb/>such ancestors - ! 
<lb/>My ancestral Hall 
<lb/>presents walls only 
<lb/>which have never 
<lb/>been high &amp; the corn 
<lb/>patches were small 
<lb/>but I was glad I saw 
<lb/>it. I had a very 
<lb/>delightful trip 
<lb/>and today have 
<lb/>sat down to my 
<lb/>speech<reg>,</reg> the thought 
<lb/>of which always 
<lb/>brings a cold shiver 

	<pb n="0003" facs="liv_002056_0003"/><!--pb/@n='4r'-->
<lb/>over me. I shall say 
<lb/>that you will be there 
<lb/>&amp; hold forth on the 
<lb/>botany &amp; natural 
<lb/>history - Shall I? </p>
<lb/><p>I intended to have 
<lb/>gone into Syme's 
<lb/>hands ere now 
<lb/>but don<reg>'</reg>t like 
<lb/>to get my infirmities 
<lb/>put into the News 
<lb/>papers. The bleeding 
<lb/>has stopped &amp; I 
<lb/>feel very well. 
<lb/><persName>Syme</persName> said that he 
<lb/>believed it was a 
<lb/>mistake to think 
<lb/>the haemorrhoids 

	<pb n="0004" facs="liv_002056_0004"/><!--pb/@n='4v'-->
<lb/>relieved the portal 
<lb/>system. I know 
<lb/>it relieved headache 
<lb/>in me often - 
<lb/><persName>Thomas</persName> is much 
<lb/>better and at Young<reg>'</reg>s<reg>.</reg> 
<lb/>I am going to <placeName>Bath</placeName>
<lb/>of course - Worse 
<lb/>luck. <choice><reg>T</reg><orig>t</orig></choice>he Portuguese 
<lb/>Duprat &amp; Laviadio 
<lb/>have been at <persName>Waller</persName>
<lb/>pumping him as to 
<lb/>whether I shall be at 
<lb/>Bath. <persName>Waller</persName> says now 
<lb/>for shot grape &amp; 
<lb/>cannister - <persName>Rowley</persName>
<lb/>wanted Wikatani &amp; 
<lb/>Chuma home from 
<lb/><placeName>Bombay</placeName> to lionaze with 
<lb/>them<reg>.</reg> Ever &amp;c <persName>David Livingstone</persName></p>
			
</div>
		</body>
	</text></TEI>