<?xml version="1.0" encoding="UTF-8"?>
<?xml-model href="http://livingstoneonline.github.io/LEAP-ODD/leap.rng" type="application/xml" schematypens="http://relaxng.org/ns/structure/1.0"?>
<?xml-model href="http://livingstoneonline.github.io/LEAP-ODD/leap.rng" type="application/xml" schematypens="http://purl.oclc.org/dsdl/schematron"?>
 <?xml-stylesheet href="http://livingstoneonline.github.io/LEAP-XSLT/transcription.xsl" type="text/xsl"?>
 <!--Converted from a TEI P4 XML file to the LEAP TEI P5 Schema by James Cummings on 2015-03-02--><!--TEI encoding revised and standardized by Adrian S. Wisnicki, 2015-2016-->
         <TEI xmlns="http://www.tei-c.org/ns/1.0" xml:id="liv_002075"><!-- LP49 -->
	<teiHeader>
		<fileDesc>
			<titleStmt>
				<title>Letter to George L. Conyngham</title>
                <title type="alternative">Letter to George L. Conyngham, 30 September 1864</title>
				<author xml:id="DL">Livingstone, David, 1813-1873</author>
			</titleStmt>
			<publicationStmt>
				<authority>Livingstone Online</authority>
				<pubPlace>London</pubPlace>
				<date>2005-05-10</date>
				<publisher>Wellcome Centre for the History of Medicine, UCL</publisher>
				<idno type="LEAP-ID">liv_002075</idno>
			</publicationStmt>
			<sourceDesc>
				<bibl xml:id="ccnumber">Letters, 1496</bibl>
				<bibl xml:id="recipient"><persName>Conyngham, George L., ?-1866</persName></bibl>
				<bibl xml:id="date"><date when="1864-09-30">30 September 1864</date></bibl>
				<bibl xml:id="where">Newstead Abbey</bibl>
				<bibl xml:id="shelfmark">Wellcome Institute for the History of Medicine. Library; 7329 49</bibl><!--1864-09-30--><!--Original:1864-09-30-->
				<bibl xml:id="extent">4 pages</bibl>
			</sourceDesc>
		</fileDesc>
		<revisionDesc>
			<change>
				<date>2005-05-10</date>
				<name xml:id="SM">Sharon Messenger</name>Initial Transcription
			</change>
			<change>
				<date>2006-02-14</date>
				<name xml:id="JB">Janet Browne</name>first proof
			</change>
			<change>
				<date>2006-02-22</date>
				<name xml:id="CL">Chris lawrence</name>second proof
			</change>
			<change>
				<date>2006-03-02</date>
				<name xml:id="CO">Caroline Overy</name>final proof
			</change>
		</revisionDesc>
	</teiHeader>

	<text>
		<body>
			<div>

	<pb n="0001" facs="liv_002075_0001"/><!--pb/@n='1'-->
<!--Hand 01 42 top left--><!--Hand 02 63008 top right-->
<lb/><p rend="center">30 <choice><abbr>Sep<hi rend="sup underline">t</hi></abbr><expan>September</expan></choice> 1864</p><!--red printed letterhead--><!--<p rend="right">NEWSTEAD ABBEY,</p>
<p rend="right">MANSFIELD.</p>
<p rend="right">NOTTS.</p>
--><!--end of printed letterhead-->
<lb/>
<lb/>
<lb/><p rend="no-indent">My Dear M<hi rend="sup underline">r</hi> <choice><sic>Conyingham</sic><corr>Conyngham</corr></choice></p>
<lb/><p>Could you 
<lb/>favour me with the 
<lb/>Blue books in 
<lb/>which my Despatches 
<lb/>are printed. I have 
<lb/>an idea that I 
<lb/>ought to have <choice><sic>recieved</sic><corr>received</corr></choice>
<lb/>them but did not. 
<lb/>I wish them them as 
<lb/>the information 

	<pb n="0002" facs="liv_002075_0002"/><!--pb/@n='2'-->
<lb/>being already in 
<lb/>print may save 
<lb/>my pen running 
<lb/>over the same words 
<lb/>the third time for 
<lb/>I both wrote &amp; copied 
<lb/>them in Africa. </p>
<lb/><p rend="no-indent">I am here compiling 
<lb/>a narrative of our 
<lb/>doings during the 
<lb/>last six years. It 
<lb/>is a quiet beautiful 
<lb/>spot where Byron 
<lb/>lived and M<hi rend="underline">r</hi> Webb 

	<pb n="0003" facs="liv_002075_0003"/><!--pb/@n='3'-->
<lb/>the present possessor 
<lb/>of Newstead Abbey 
<lb/>is an African 
<lb/>friend of mine. I 
<lb/>wish <hi rend="underline"><!--double underlined-->you</hi> to know 
<lb/>where I am but 
<lb/>not to be known 
<lb/>generally for all the 
<lb/>mad people of the 
<lb/>country write to 
<lb/>me evidently thinking 
<lb/>that I am one of 
<lb/>themselves. If you 
<lb/>can oblige me 
<lb/>with the Blue books 

	<pb n="0004" facs="liv_002075_0004"/><!--pb/@n='4'-->
<lb/>I know you will with 
<lb/>your accustomed 
<lb/>kindness comply. 
<lb/>Please send them either 
<lb/>to Murray's - Albemarle <choice><abbr>St</abbr><expan>Street</expan></choice>
<lb/>or by Rail to Newstead 
<lb/>which Newstead is 
<lb/>a private station on 
<lb/>the way to Mansfield 
<lb/>and you will confer 
<lb/>a favour on your 
<lb/>obliged servant</p>
<lb/><p>David Livingstone</p>
<lb/><p rend="no-indent">All the shells of the Lake 
<lb/>were quite new &amp; so were 
<lb/>the fishes. I hope you 
<lb/>have recovered your shells</p>
			
</div>
		</body>
	</text></TEI>