<?xml version="1.0" encoding="UTF-8"?>
<?xml-model href="http://livingstoneonline.github.io/LEAP-ODD/leap.rng" type="application/xml" schematypens="http://relaxng.org/ns/structure/1.0"?>
<?xml-model href="http://livingstoneonline.github.io/LEAP-ODD/leap.rng" type="application/xml" schematypens="http://purl.oclc.org/dsdl/schematron"?>
 <?xml-stylesheet href="http://livingstoneonline.github.io/LEAP-XSLT/transcription.xsl" type="text/xsl"?>
 <!--Converted from a TEI P5 XML file to the LEAP TEI P5 Schema by James Cummings on 2015-03-02--><!--TEI encoding revised and standardized by Adrian S. Wisnicki, 2015-2016-->
         <TEI xmlns="http://www.tei-c.org/ns/1.0" xml:id="liv_002037">
	<teiHeader>
		<fileDesc>
			<titleStmt>
				<title>Letter to Horace Waller</title>
                <title type="alternative">Letter to Horace Waller, 4 August 1864</title>
				<author xml:id="DL">Livingstone, David, 1813-1873</author>
			</titleStmt>
			<publicationStmt>
				<authority>Livingstone Online</authority>
				<pubPlace>London, UK</pubPlace>
				<publisher>University College London</publisher>
				<date>2012</date>
				<idno type="LEAP-ID">liv_002037</idno>
			</publicationStmt>
			<sourceDesc>
				<bibl xml:id="shelfmark">Bodleian Library. Weston Library; Waller MSS. Afr. s. 16.1, ff. 69-70</bibl>
				<bibl xml:id="ccnumber">Letters, 1459</bibl>
				<bibl xml:id="recipient"><persName>Waller, Horace, 1833-1896</persName></bibl>
				<bibl xml:id="date"><date when="1864-08-04">4 August 1864</date></bibl>
				<bibl xml:id="where">Hamilton</bibl>
			</sourceDesc>
		</fileDesc>
		<profileDesc>
			<langUsage>
				<language ident="en">English</language>
			</langUsage>
		</profileDesc>
		<revisionDesc>
			<change>
				<date>2011-12-09</date>
				<name xml:id="AJS">A.J. Schmitz</name> initial transcription and XML encoding.
            
			</change>
			<change>
				<date>2012-05-05</date>
				<name xml:id="JM">Jared McDonald</name> proofreading.
            
			</change>
			<change>
				<date>2012-07-01</date>
				<name xml:id="HFB">Heather F. Ball</name> XML editing.
            
			</change>
			<change>
				<date>2012-09-09</date>
				<name xml:id="AW">Adrian S. Wisnicki</name> XML editing.
            
			</change>
		</revisionDesc>
	</teiHeader>

	<text>
		<body>
			<div>

	<pb n="0001" facs="liv_002037_0001"><!--pb/@n='69r'--></pb>
<lb/><p rend="right"><placeName>Hamilton</placeName> <date when="1864-08-04">4<hi rend="sup underline">th</hi> <choice><abbr>Aug</abbr><expan>August</expan></choice>
<lb/><space extent="2" unit="words"/>1864</date></p>
<lb/>
<lb/><p rend="no-indent">Dear <persName><choice><abbr>HW</abbr><expan>Horace Waller</expan></choice></persName></p>
<lb/><p rend="no-indent">All right --- 
<lb/><persName><choice><abbr>Col.</abbr><expan>Colonel</expan></choice> Sabine</persName>'s box goes 
<lb/>to him of course 
<lb/>he being the owner</p>
<lb/><p>Boys better 
<lb/>where they are - 
<lb/>Tell Miss <persName>Mackenzie</persName>
<lb/>that I shall call 
<lb/>as soon as I can 

	<pb n="0002" facs="liv_002037_0002"><!--pb/@n='69v'--></pb>
<lb/><persName>M<hi rend="sup underline">s</hi> Halcome</persName> idem - 
<lb/>- Not at present 
<lb/>- Thanks</p>
<lb/><p rend="no-indent">Thus have I 
<lb/>imitated the fast 
<lb/>young man style 
<lb/>though faintly 
<lb/>but under your 
<lb/>judicious training 
<lb/>I may improve</p>
<lb/><p><choice><abbr>Tl</abbr><expan>Truly</expan></choice> Yours</p>
<lb/><p rend="center"><persName><choice><abbr>DL.</abbr><expan>David Livingstone</expan></choice></persName></p>

	<pb n="0003" facs="liv_002037_0003"><!--pb/@n='70r'--></pb><!-- Page completely blank HB 7/1/12 -->

	<pb n="0004" facs="liv_002037_0004"><!--pb/@n='70v'--></pb><!-- Page blank except for bleedthrough from 69v HB 7/1/12 -->
			
</div>
		</body>
	</text></TEI>