<?xml version="1.0" encoding="UTF-8"?>
<?xml-model href="http://livingstoneonline.github.io/LEAP-ODD/leap.rng" type="application/xml" schematypens="http://relaxng.org/ns/structure/1.0"?>
<?xml-model href="http://livingstoneonline.github.io/LEAP-ODD/leap.rng" type="application/xml" schematypens="http://purl.oclc.org/dsdl/schematron"?>
 <?xml-stylesheet href="http://livingstoneonline.github.io/LEAP-XSLT/transcription.xsl" type="text/xsl"?>
 <!--Converted from a TEI P4 XML file to the LEAP TEI P5 Schema by James Cummings on 2015-03-02--><!--TEI encoding revised and standardized by Adrian S. Wisnicki, 2015-2016-->
         <TEI xmlns="http://www.tei-c.org/ns/1.0" xml:id="liv_002071">
	<teiHeader>
		<fileDesc>
			<titleStmt>
				<title>Letter to John Murray III</title>
                <title type="alternative">Letter to John Murray III, 24 September 1864</title>
				<author xml:id="DL">Livingstone, David, 1813-1873</author>
			</titleStmt>
			<publicationStmt>
				<authority>Livingstone Online</authority>
				<pubPlace>London</pubPlace>
				<date>2008-11-12</date>
				<publisher>Wellcome Centre for the History of Medicine, UCL</publisher>
				<idno type="LEAP-ID">liv_002071</idno>
			</publicationStmt>
			<sourceDesc>
				<bibl xml:id="shelfmark">National Library of Scotland; MS. 42421, ff. 7r-8v</bibl>
				<bibl xml:id="ccnumber">Letters, 1492</bibl>
				<bibl xml:id="recipient"><persName>Murray, John III, 1808-1892</persName></bibl>
				<bibl xml:id="date"><date when="1864-09-24">24 September 1864</date></bibl>
				<bibl xml:id="where">Clifton</bibl>
			</sourceDesc>
		</fileDesc>
		<profileDesc>
			<langUsage>
				<language ident="en">English</language>
			</langUsage>
			<handNotes>
				<handNote xml:id="hand01">Scribe: Unknown</handNote>
			</handNotes>
		</profileDesc>
		<revisionDesc>
			<change>
				<date>2008-11-12</date>
				<name xml:id="CO">Caroline Overy</name>Initial Transcription by Caroline Overy
			</change>
			<change>
				<date>2008-11-22</date>
				<name xml:id="CL">Chris Lawrence</name>Proof by Chris Lawrence
			</change>
		</revisionDesc>
	</teiHeader>

	<text>
		<body xml:lang="en">
			<div>

	<pb n="0001" facs="liv_002071_0001"/><!--pb/@n='7r'-->
<lb/><p rend="right">Clifton 24<hi rend="sup underline">th</hi> Sep<hi rend="sup underline">r</hi></p>
<lb/><p rend="right"><space extent="2" unit="words"/>1864</p>
<lb/>
<lb/><p rend="no-indent">My Dear <persName>M<hi rend="sup underline">r</hi> Murray </persName></p>
<lb/><p>I hoped to have 
<lb/>called on you on <choice><reg>M</reg><orig>m</orig></choice>onday 
<lb/>next but am detained 
<lb/>to visit <persName>Lord Taunton</persName>. 
<lb/>Immediately after that 
<lb/>say on Wednesday 
<lb/>I proceed to <placeName>Newstead 
<lb/>Abbey</placeName> - Mansfield 
<lb/>to begin work in 
<lb/>earnest. <persName>M<hi rend="sup underline">r</hi> Webb</persName>
<lb/>the proprietor sent 
<lb/>an invitation to me 
<lb/>at <placeName>Bombay</placeName> to 

	<pb n="0002" facs="liv_002071_0002"/><!--pb/@n='7v'-->
<lb/>make that my head 
<lb/>quarters - and having 
<lb/>declined for various 
<lb/>reasons he overruled 
<lb/>them all, so I go - but 
<lb/>will call on you first. 
<lb/>I write now to ask 
<lb/>you to get some paper 
<lb/>for me. I like it 
<lb/>smooth for when 
<lb/>the pen glides over 
<lb/>it I get on much 
<lb/>more quickly. I 
<lb/>have written a good 
<lb/>many despatches 
<lb/>at different times 

	<pb n="0003" facs="liv_002071_0003"/><!--pb/@n='8r'-->
<lb/>and possess copies 
<lb/>would they do if 
<lb/>interlined with fuller 
<lb/>information to save 
<lb/>labour - or would it 
<lb/>be better to write all 
<lb/>out afresh<reg>?</reg></p>
<lb/><p><persName><choice><reg>M</reg><orig>m</orig></choice>y brother</persName> has 
<lb/>his journal ready 
<lb/>but wishes to get 
<lb/>the profits in America. 
<lb/>30<reg>,</reg>000 copies of 
<lb/>the last work were 
<lb/>sold there. I don<reg>'</reg>t see 
<lb/>how this can be 
<lb/>managed for it 
<lb/>would not be true 

	<pb n="0004" facs="liv_002071_0004"/><!--pb/@n='8v'-->
<lb/>that his journal would be 
<lb/>my work - but I am 
<lb/>very willing to aid him 
<lb/>if I honestly can. I 
<lb/>meant to talk to you 
<lb/>about this. You need 
<lb/>not write - he is now 
<lb/>in London &amp; may 
<lb/>possibly call on you. 
<lb/>I got over the Bath affair 
<lb/>after many a cold <hi rend="underline">shiver</hi>
<lb/>in the mere prospect of it - 
<lb/>and am as well as 
<lb/>could be expected. After 
<lb/>all my labour pains 
<lb/>the sense brought forth 
<lb/>was very different from 
<lb/>the report given to the Reporters 
<lb/>but it seemed to please and 
<lb/>so I am &amp;c David Livingstone</p>
			
</div>
		</body>
	</text></TEI>