<?xml version="1.0" encoding="UTF-8"?>
<?xml-model href="http://livingstoneonline.github.io/LEAP-ODD/leap.rng" type="application/xml" schematypens="http://relaxng.org/ns/structure/1.0"?>
<?xml-model href="http://livingstoneonline.github.io/LEAP-ODD/leap.rng" type="application/xml" schematypens="http://purl.oclc.org/dsdl/schematron"?>
 <?xml-stylesheet href="http://livingstoneonline.github.io/LEAP-XSLT/transcription.xsl" type="text/xsl"?>
 <!--Converted from a TEI P4 XML file to the LEAP TEI P5 Schema by James Cummings on 2015-03-02--><!--TEI encoding revised and standardized by Adrian S. Wisnicki, 2015-2016-->
         <TEI xmlns="http://www.tei-c.org/ns/1.0" xml:id="liv_002081"><!-- LP50 -->
	<teiHeader>
		<fileDesc>
			<titleStmt>
				<title>Letter to Unknown</title>
                <title type="alternative">Letter to Unknown, 7 October 1864</title>
				<author xml:id="DL">Livingstone, David, 1813-1873</author>
			</titleStmt>
			<publicationStmt>
				<authority>Livingstone Online</authority>
				<pubPlace>London</pubPlace>
				<date>2005-05-16</date>
				<publisher>Wellcome Centre for the History of Medicine, UCL</publisher>
				<idno type="LEAP-ID">liv_002081</idno>
			</publicationStmt>
			<sourceDesc>
				<bibl xml:id="ccnumber">Letters, 1502</bibl>
				<bibl xml:id="recipient">Unknown</bibl>
				<bibl xml:id="date"><date when="1864-10-07">7 October 1864</date></bibl>
				<bibl xml:id="where">Newstead Abbey</bibl>
				<bibl xml:id="shelfmark">Wellcome Institute for the History of Medicine. Library; 7329 50</bibl><!--1864-10-07--><!--Original:1864-10-07-->
				<bibl xml:id="extent">4 pages</bibl>
			</sourceDesc>
		</fileDesc>
		<revisionDesc>
			<change>
				<date>2005-05-16</date>
				<name xml:id="SM">Sharon Messenger</name>Initial Transcription
			</change>
			<change>
				<date>2006-02-14</date>
				<name xml:id="JB">Janet Browne</name>first proof
			</change>
			<change>
				<date>2006-02-22</date>
				<name xml:id="CL">Chris lawrence</name>second proof
			</change>
			<change>
				<date>2006-03-02</date>
				<name xml:id="CO">Caroline Overy</name>final proof
			</change>
		</revisionDesc>
	</teiHeader>

	<text>
		<body>
			<div>

	<pb n="0001" facs="liv_002081_0001"/><!--pb/@n='1'-->
<!--Hand 01 43 top left--><!--Hand 02 56319 top right--><!--Hand 03 unclear pencil note across top lefthand corner--><!--typed letterhead<p rend="right"NEWSTEAD ABBEY,</p>
<p rend="right">MANSFIELD.</p>
<p rend="right">NOTTS.></p>--><!--end of letterhead-->
<lb/><p rend="right">7 <choice><abbr>Oct<hi rend="sup underline">r</hi></abbr><expan>October</expan></choice> 1864</p>
<lb/>
<lb/><p rend="no-indent">My Dear Sir</p>
<lb/><p>Having been 
<lb/>in a hurry to save 
<lb/>the post on Saturday 
<lb/>evening I omitted 
<lb/>to mention what 
<lb/>you particularly 
<lb/>enquired for. The 
<lb/>name of the ship 
<lb/>in which M<hi rend="sup underline">r</hi> Smith 
<lb/>came from Malta 

	<pb n="0002" facs="liv_002081_0002"/><!--pb/@n='2'-->
<lb/>with me in was the 
<lb/>"Ripon" - Captain 
<lb/>Rogers. It would 
<lb/>arrive in Southampton 
<lb/>about the end of 
<lb/>July but he <unclear cert="low">&amp; I</unclear>
<lb/>coming through 
<lb/>France reached 
<lb/>London on the 20<hi rend="sup underline">th</hi>
<lb/>of that month. I 
<lb/>feel positive that 
<lb/>he of Smith &amp; Burry &amp; co 
<lb/>is the man and I 
<lb/>fear also that it is 

	<pb n="0003" facs="liv_002081_0003"/><!--pb/@n='3'-->
<lb/>now too late to com-
<lb break="no"/>-municate with him 
<lb/>about the situation 
<lb/>as I must if possible 
<lb/>be off by the end of 
<lb/>the year.</p>
<lb/><p>You will I hope 
<lb/>excuse the trouble 
<lb/>I have put you to</p>
<lb/><p rend="center">&amp; believe me</p>
<lb/><p rend="center">Most Truly Yours</p>
<lb/><p rend="center">David Livingstone</p>

	<pb n="0004" facs="liv_002081_0004"/><!--pb/@n='4'-->
<lb/><p rend="right">Dav. Livingstone</p>
<lb/><p rend="right">7 Oct 1864</p>
			
</div>
		</body>
	</text></TEI>