<?xml version="1.0" encoding="UTF-8"?>
<?xml-model href="http://livingstoneonline.github.io/LEAP-ODD/leap.rng" type="application/xml" schematypens="http://relaxng.org/ns/structure/1.0"?>
<?xml-model href="http://livingstoneonline.github.io/LEAP-ODD/leap.rng" type="application/xml" schematypens="http://purl.oclc.org/dsdl/schematron"?>
 <?xml-stylesheet href="http://livingstoneonline.github.io/LEAP-XSLT/transcription.xsl" type="text/xsl"?>
 <!--Converted from a TEI P4 XML file to the LEAP TEI P5 Schema by James Cummings on 2015-03-02--><!--TEI encoding revised and standardized by Adrian S. Wisnicki, 2015-2016-->
         <TEI xmlns="http://www.tei-c.org/ns/1.0" xml:id="liv_002064">
	<teiHeader>
		<fileDesc>
			<titleStmt>
				<title>Letter to John Burns</title>
                <title type="alternative">Letter to John Burns, 10 September 1864</title>
				<author xml:id="DL">Livingstone, David, 1813-1873</author>
			</titleStmt>
			<publicationStmt>
				<authority>Livingstone Online</authority>
				<pubPlace>London</pubPlace>
				<date>2007-08-03</date>
				<publisher>Wellcome Centre for the History of Medicine, UCL</publisher>
				<idno type="LEAP-ID">liv_002064</idno>
			</publicationStmt>
			<sourceDesc>
				<bibl xml:id="shelfmark">National Library of Scotland; MS. 10707, ff. 76-77</bibl>
				<bibl xml:id="ccnumber">Letters, 1485</bibl>
				<bibl xml:id="recipient"><persName>Burns, John, 1829-1901</persName></bibl>
				<bibl xml:id="date"><date when="1864-09-10">10 September 1864</date></bibl>
				<bibl xml:id="where">Hamilton</bibl>
			</sourceDesc>
		</fileDesc>
		<profileDesc>
			<langUsage>
				<language ident="en">English</language>
			</langUsage>
			<handNotes>
				<handNote xml:id="hand01">Scribe: Unknown</handNote>
			</handNotes>
		</profileDesc>
		<revisionDesc>
			<change>
				<date>2007-08-03</date>
				<name xml:id="SM">Sharon Messenger</name>Initial Transcription by Sharon Messenger
			</change>
			<change>
				<date>2008-01-02</date>
				<name xml:id="CL">Chris Lawrence</name>First proof
			</change>
			<change>
				<date>2008-02-27</date>
				<name xml:id="JB">Janet Browne</name>second proof
			</change>
		</revisionDesc>
	</teiHeader>

	<text>
		<body xml:lang="en">
			<div>

	<pb n="0001" facs="liv_002064_0001"/><!--pb/@n='76r'-->
<lb/><p><placeName>Hamilton</placeName> 10<hi rend="sup underline">th</hi> Sept<hi rend="sup underline">r</hi></p>
<lb/><p rend="right">1864 </p>
<lb/>
<lb/>
<lb/><p rend="no-indent">My Dear Sir 
<lb/>I return my very 
<lb/>hearty thanks for your 
<lb/>kind invitation to join 
<lb/>the "Gaiter Club." <choice><reg>B</reg><orig>b</orig></choice>ut 
<lb/>I had engaged to go to the 
<lb/>meeting of the British 
<lb/><choice><reg>A</reg><orig>a</orig></choice>ssociation at Bath, 
<lb/>and <add place="above">also</add> arranged to leave 
<lb/>this for the south 
<lb/>on <choice><reg>M</reg><orig>m</orig></choice>onday where I 
<lb/>shall be for two or 
<lb/>three months. I fear 
<lb/>I am thus precluded 
<lb/>from the pleasure of 

	<pb n="0002" facs="liv_002064_0002"/><!--pb/@n='76v'-->
<lb/>attending a meeting 
<lb/>of the members. </p>
<lb/><p>The object of the club 
<lb/>does not appear very 
<lb/>prominently on the face 
<lb/>of the constitution 
<w>con-<lb break="no"/>tained</w> in the pamphlet 
<lb/>for which I have to 
<lb/>thank you - unless 
<lb/>flumina amo silvasque 
<lb/>denotes rollicking 
<lb/>among woods &amp; 
<lb/>waters to which I 
<lb/>have had a strong 
<lb/>propensity ever 
<lb/>since I first opened 
<lb/>my eyes<reg>.</reg></p>

	<pb n="0003" facs="liv_002064_0003"/><!--pb/@n='77r'-->
<lb/><p rend="no-indent">Although I am prevented 
<lb/>from waiting upon 
<lb/>you I very highly 
<lb/>appreciate the 
<lb/>kindly feeling with 
<lb/>which you remembered 
<lb/>my name and am 
<lb/><space extent="1" unit="words"/>yours very cordially </p>
<lb/><p rend="no-indent"><persName>David Livingstone</persName></p>
<lb/>
<lb/>
<lb/><p rend="no-indent"><persName>John Burns Esq.</persName></p>
			
</div>
		</body>
	</text></TEI>