<?xml version="1.0" encoding="UTF-8"?>
<?xml-model href="http://livingstoneonline.github.io/LEAP-ODD/leap.rng" type="application/xml" schematypens="http://relaxng.org/ns/structure/1.0"?>
<?xml-model href="http://livingstoneonline.github.io/LEAP-ODD/leap.rng" type="application/xml" schematypens="http://purl.oclc.org/dsdl/schematron"?>
 <?xml-stylesheet href="http://livingstoneonline.github.io/LEAP-XSLT/transcription.xsl" type="text/xsl"?>
 <!--Converted from a TEI P4 XML file to the LEAP TEI P5 Schema by James Cummings on 2015-03-02--><!--TEI encoding revised and standardized by Adrian S. Wisnicki, 2015-2016-->
         <TEI xmlns="http://www.tei-c.org/ns/1.0" xml:id="liv_001822">
	<teiHeader>
		<fileDesc>
			<titleStmt>
				<title>Letter to John Washington</title>
                <title type="alternative">Letter to John Washington, 2 September 1862</title>
				<author xml:id="DL">Livingstone, David, 1813-1873</author>
			</titleStmt>
			<publicationStmt>
				<authority>Livingstone Online</authority>
				<pubPlace>London</pubPlace>
				<date>2009-08-24</date>
				<publisher>Wellcome Centre for the History of Medicine, UCL</publisher>
				<idno type="LEAP-ID">liv_001822</idno>
			</publicationStmt>
			<sourceDesc>
				<bibl xml:id="shelfmark">National Museum of the Royal Navy (Great Britain); MSS. 120</bibl>
				<bibl xml:id="ccnumber">Letters, 1268</bibl>
				<bibl xml:id="recipient"><persName>Washington, John, 1800-1863</persName></bibl>
				<bibl xml:id="date"><date when="1862-09-02">2 September 1862</date></bibl>
				<bibl xml:id="where">Johanna</bibl>
			</sourceDesc>
		</fileDesc>
		<profileDesc>
			<langUsage>
				<language ident="en">English</language>
			</langUsage>
			<handNotes>
				<handNote xml:id="hand01">Scribe: Unknown</handNote>
			</handNotes>
		</profileDesc>
		<revisionDesc>
			<change>
				<date>2009-08-24</date>
				<name xml:id="SM">Sharon Messenger</name>Initial Transcription by Sharon Messenger
			</change>
			<change>
				<date>2009-10-21</date>
				<name xml:id="CL">Chris Lawrence</name>First Proof by Chris Lawrence
			</change>
		</revisionDesc>
	</teiHeader>

	<text>
		<body xml:lang="en">
			<div>

	<pb n="0001" facs="liv_001822_0001"/><!--pb/@n='1'-->
<lb/><p rend="right"><placeName>Johanna</placeName>, 2 September 1862 </p>
<lb/>
<lb/>
<lb/><p>Dear <persName>Captain Washington</persName></p>
<lb/><p><space extent="2" unit="words"/>We came over to <placeName>Pomory</placeName>
<lb/>in order to get some provisions here 
<lb/>before starting for <placeName>Rovuma</placeName>. <choice><reg>T</reg><orig>t</orig></choice>he fire 
<lb/>bars were burned in the way across, 
<lb/>and we could scarcely get along on 
<lb/>the second half of the way without 
<lb/>stopping every now and then, to get 
<lb/>up steam. <persName>M<hi rend="sup underline">r</hi> Rae</persName> says the fault 
<lb/>lies in the coals being very bad. When 
<lb/>turning round to come into the narrow 
<lb/>entrance of this bay she went so slowly 
<lb/>that we came too near the right hand 
<lb/>point of the reef, and we distinctly heard 
<lb/>her scrape a small portion. <choice><reg>T</reg><orig>t</orig></choice>here 
<lb/>was no concussion but it is probable 
<lb/>that some copper may have been 
<lb/>ripped off as she made 4 inches 
<lb/>more water than usual in 12 hours. 
<lb/>We shall beach her at <placeName>Rovuma</placeName>
<lb/>and put on any plates that may be 
<lb/>off. I write at once that you may 
<lb/>know exactly how matters are. 
<lb/>We ought not to have come here at all 
<lb/>at this season but been content with 
<lb/>what we got at the town<reg>.</reg><placeName>David Livingstone</placeName></p>

	<pb n="0002" facs="liv_001822_0002"/><!--pb/@n='2'-->
<lb/><p rend="no-indent">P.S. though believing it my duty to 
<lb/>give you the worst that can fairly 
<lb/>be said of anything that happens 
<lb/>to us I must add that we had 
<lb/>a heavy sea running all night 
<lb/>and we leaked much more when 
<lb/>steaming than we do now. We 
<lb/>are loose all over and to get 
<lb/>pitch to caulk from <persName>M<hi rend="sup underline">r</hi> Sunley</persName>
<lb/>was the chief reason for our 
<lb/>coming round. </p>
<lb/><p><persName>M<hi rend="sup underline">r</hi> Young</persName> begs to give the 
<lb/>whole of his pay to his wife 
<lb/>instead of £160 as formerly asked 
<lb/>and any store keeping allowance 
<lb/>that you may allow him too. </p>
<lb/><p rend="right"><space extent="1" unit="words"/><persName>D.L.</persName></p>
			
</div>
		</body>
	</text></TEI>